Time,Weather,Temperature,Feels_Like,Wind_Speed
00:00:09,Rain,12,12,8
00:02:09,Rain,12,12,8
00:04:09,Rain,12,12,8
00:06:09,Rain,12,12,8
00:08:09,Rain,12,12,8
00:10:09,Rain,12,12,8
00:12:09,Rain,12,12,8
00:14:08,Rain,12,12,8
00:16:09,Rain,12,12,8
00:18:09,Rain,12,12,8
00:20:08,Rain,12,12,8
00:22:09,Rain,12,12,8
00:24:09,Light Rain,12,12,8
00:26:08,Light Rain,12,12,8
00:28:09,Light Rain,12,12,8
00:30:09,Light Rain,12,12,8
00:32:08,Light Rain,12,12,8
00:34:09,Light Rain,12,12,8
00:36:09,Light Rain,12,12,8
00:38:09,Light Rain,12,12,8
00:40:09,Light Rain,12,12,8
00:42:09,Light Rain,12,12,8
00:44:08,Light Rain,12,12,8
00:46:09,Light Rain,12,12,8
00:48:09,Light Rain,12,12,8
00:50:09,Light Rain,12,12,8
00:52:09,Light Rain,12,12,8
00:54:08,Light Rain,12,12,8
00:56:08,Light Rain,12,12,8
00:58:09,Light Rain,12,12,8
01:00:17,Light Rain,12,12,8
01:02:09,Light Rain,12,12,8
01:04:09,Light Rain,12,12,8
01:06:09,Light Rain,12,12,8
01:08:09,Light Rain,12,12,8
01:10:09,Light Rain,12,12,8
01:12:09,Light Rain,13,13,3
01:14:08,Light Rain,13,13,3
01:16:09,Light Rain,13,13,3
01:18:09,Light Rain,13,13,3
01:20:08,Light Rain,13,13,3
01:22:09,Light Rain,13,13,3
01:24:09,Light Rain,13,13,3
01:26:09,Light Rain,13,13,3
01:28:08,Light Rain,13,13,3
01:30:09,Light Rain,13,13,3
01:32:09,Light Rain,13,13,3
01:34:09,Light Rain,13,13,3
01:36:08,Light Rain,13,13,3
01:38:09,Light Rain,13,13,3
01:40:09,Light Rain,13,13,3
01:42:09,Light Rain,13,13,3
01:44:09,Light Rain,13,13,3
01:46:09,Light Rain,13,13,3
01:48:09,Light Rain,13,13,3
01:50:09,Light Rain,13,13,3
01:52:09,Light Rain,13,13,3
01:54:09,Light Rain,13,13,3
01:56:09,Light Rain,13,13,3
01:58:08,Light Rain,13,13,3
02:00:09,Light Rain,13,13,3
02:02:09,Light Rain,13,13,3
02:04:08,Light Rain,13,13,3
02:06:08,Light Rain,13,13,3
02:08:09,Light Rain,13,13,3
02:10:09,Light Rain,13,13,3
02:12:09,Light Rain,13,13,27
02:14:08,Light Rain,13,13,27
02:16:08,Light Rain,13,13,27
02:18:09,Light Rain,13,13,27
02:20:09,Light Rain,13,13,27
02:22:08,Light Rain,13,13,27
02:24:08,Light Rain,13,13,27
02:26:09,Light Rain,13,13,27
02:28:09,Light Rain,13,13,27
02:30:08,Light Rain,13,13,27
02:32:09,Light Rain,13,13,27
02:34:09,Light Rain,13,13,27
02:36:09,Light Rain,13,13,27
02:38:08,Light Rain,13,13,27
02:40:09,Light Rain,13,13,27
02:42:09,Light Rain,13,13,27
02:44:08,Light Rain,13,13,27
02:46:09,Light Rain,13,13,27
02:48:09,Light Rain,13,13,27
02:50:09,Light Rain,13,13,27
02:52:08,Light Rain,13,13,27
02:54:08,Light Rain,13,13,27
02:56:09,Light Rain,13,13,27
02:58:08,Light Rain,13,13,27
03:00:09,Light Rain,13,13,27
03:02:09,Light Rain,13,13,27
03:04:08,Light Rain,13,13,27
03:06:09,Light Rain,13,13,27
03:08:09,Light Rain,13,13,27
03:10:08,Light Rain,13,13,27
03:12:09,Light Rain,13,13,25
03:14:09,Light Rain,13,13,25
03:16:08,Light Rain,13,13,25
03:18:09,Light Rain,13,13,25
03:20:09,Light Rain,13,13,25
03:22:09,Light Rain,13,13,25
03:24:09,Light Rain,13,13,25
03:26:08,Light Rain,13,13,25
03:28:09,Light Rain,13,13,25
03:30:09,Light Rain,13,13,25
03:32:09,Light Rain,13,13,25
03:34:09,Light Rain,13,13,25
03:36:09,Light Rain,13,13,25
03:38:09,Light Rain,13,13,25
03:40:08,Light Rain,13,13,25
03:42:09,Light Rain,13,13,25
03:44:09,Light Rain,13,13,25
03:46:09,Light Rain,13,13,25
03:48:08,Light Rain,13,13,25
03:50:09,Light Rain,13,13,25
03:52:09,Light Rain,13,13,25
03:54:09,Light Rain,13,13,25
03:56:08,Light Rain,13,13,25
03:58:09,Light Rain,13,13,25
04:00:09,Light Rain,13,13,25
04:02:09,Light Rain,13,13,25
04:04:09,Light Rain,13,13,25
04:06:09,Light Rain,13,13,25
04:08:09,Light Rain,13,13,25
04:10:09,Light Rain,13,13,25
04:12:09,Light Rain,13,13,25
04:14:08,Light Rain,13,13,25
04:16:09,Light Rain,13,13,25
04:18:09,Light Drizzle,15,15,16
04:20:08,Light Drizzle,15,15,16
04:22:09,Light Drizzle,15,15,16
04:24:09,Light Drizzle,15,15,16
04:26:08,Light Drizzle,15,15,16
04:28:09,Light Drizzle,15,15,16
04:30:09,Light Drizzle,15,15,16
04:32:09,Light Drizzle,15,15,16
04:34:08,Light Drizzle,15,15,16
04:36:09,Light Drizzle,15,15,16
04:38:09,Light Drizzle,15,15,16
04:40:08,Light Drizzle,15,15,16
04:42:09,Light Drizzle,15,15,16
04:44:09,Light Drizzle,15,15,16
04:46:08,Light Drizzle,15,15,16
04:48:08,Light Drizzle,15,15,16
04:50:09,Light Drizzle,15,15,16
04:52:09,Light Drizzle,15,15,16
04:54:08,Light Drizzle,15,15,16
04:56:08,Light Drizzle,15,15,16
04:58:09,Light Drizzle,15,15,16
05:00:09,Light Drizzle,15,15,16
05:02:08,Light Drizzle,15,15,16
05:04:09,Light Drizzle,15,15,16
05:06:09,Light Drizzle,15,15,16
05:08:09,Light Drizzle,15,15,16
05:10:09,Light Drizzle,15,15,16
05:12:09,Mostly Cloudy,15,15,12
05:14:08,Mostly Cloudy,15,15,12
05:16:08,Mostly Cloudy,15,15,12
05:18:09,Mostly Cloudy,15,15,12
05:20:09,Mostly Cloudy,15,15,12
05:22:08,Mostly Cloudy,15,15,12
05:24:09,Mostly Cloudy,15,15,12
05:26:09,Mostly Cloudy,15,15,12
05:28:08,Mostly Cloudy,15,15,12
05:30:09,Mostly Cloudy,15,15,12
05:32:09,Mostly Cloudy,15,15,12
05:34:08,Mostly Cloudy,15,15,12
05:36:09,Mostly Cloudy,15,15,12
05:38:08,Mostly Cloudy,15,15,12
05:40:08,Mostly Cloudy,15,15,12
05:42:09,Mostly Cloudy,15,15,12
05:44:09,Mostly Cloudy,15,15,12
05:46:08,Mostly Cloudy,15,15,12
05:48:09,Mostly Cloudy,15,15,12
05:50:09,Mostly Cloudy,15,15,12
05:52:08,Mostly Cloudy,15,15,12
05:54:09,Mostly Cloudy,15,15,12
05:56:09,Mostly Cloudy,15,15,12
05:58:08,Mostly Cloudy,15,15,12
06:00:09,Mostly Cloudy,15,15,12
06:02:09,Mostly Cloudy,15,15,12
06:04:08,Mostly Cloudy,15,15,12
06:06:08,Mostly Cloudy,15,15,12
06:08:09,Mostly Cloudy,15,15,12
06:10:09,Mostly Cloudy,15,15,12
06:12:08,Mostly Cloudy,15,15,12
06:14:09,Mostly Cloudy,15,15,12
06:16:09,Mostly Cloudy,15,15,12
06:18:09,Light Rain,15,15,14
06:20:09,Light Rain,15,15,14
06:22:09,Light Rain,15,15,14
06:24:08,Light Rain,15,15,14
06:26:09,Light Rain,15,15,14
06:28:09,Light Rain,15,15,14
06:30:09,Light Rain,15,15,14
06:32:08,Light Rain,15,15,14
06:34:08,Light Rain,15,15,14
06:36:09,Light Rain,15,15,14
06:38:09,Light Rain,15,15,14
06:40:08,Light Rain,15,15,14
06:42:09,Light Rain,15,15,14
06:44:09,Light Rain,15,15,14
06:46:08,Light Rain,15,15,14
06:48:08,Light Rain,15,15,14
06:50:09,Light Rain,15,15,14
06:52:09,Light Rain,15,15,14
06:54:09,Light Rain,15,15,14
06:56:08,Light Rain,15,15,14
06:58:09,Light Rain,15,15,14
07:00:09,Light Rain,15,15,14
07:02:08,Light Rain,15,15,14
07:04:09,Light Rain,15,15,14
07:06:09,Light Rain,15,15,14
07:08:08,Light Rain,15,15,14
07:10:09,Light Rain,15,15,14
07:12:09,Mostly Cloudy,16,16,24
07:14:08,Mostly Cloudy,16,16,24
07:16:08,Mostly Cloudy,16,16,24
07:18:09,Mostly Cloudy,16,16,24
07:20:08,Mostly Cloudy,16,16,24
07:22:09,Mostly Cloudy,16,16,24
07:24:09,Mostly Cloudy,16,16,24
07:26:09,Mostly Cloudy,16,16,24
07:28:09,Mostly Cloudy,16,16,24
07:30:08,Mostly Cloudy,16,16,24
07:32:09,Mostly Cloudy,16,16,24
07:34:09,Mostly Cloudy,16,16,24
07:36:08,Mostly Cloudy,16,16,24
07:38:08,Mostly Cloudy,16,16,24
07:40:09,Mostly Cloudy,16,16,24
07:42:09,Mostly Cloudy,16,16,24
07:44:09,Mostly Cloudy,16,16,24
07:46:08,Mostly Cloudy,16,16,24
07:48:09,Mostly Cloudy,16,16,16
07:50:09,Mostly Cloudy,16,16,16
07:52:09,Mostly Cloudy,16,16,16
07:54:09,Mostly Cloudy,16,16,16
07:56:09,Mostly Cloudy,16,16,16
07:58:08,Mostly Cloudy,16,16,16
08:00:09,Mostly Cloudy,16,16,16
08:02:09,Mostly Cloudy,16,16,16
08:04:08,Mostly Cloudy,16,16,16
08:06:09,Mostly Cloudy,16,16,16
08:08:09,Mostly Cloudy,16,16,16
08:10:08,Mostly Cloudy,16,16,16
08:12:09,Mostly Cloudy,16,16,20
08:14:09,Mostly Cloudy,16,16,20
08:16:09,Mostly Cloudy,16,16,20
08:18:09,Mostly Cloudy,16,16,20
08:20:08,Mostly Cloudy,16,16,20
08:22:09,Mostly Cloudy,16,16,20
08:24:09,Mostly Cloudy,16,16,20
08:26:08,Mostly Cloudy,16,16,20
08:28:09,Mostly Cloudy,16,16,20
08:30:09,Mostly Cloudy,16,16,20
08:32:09,Mostly Cloudy,16,16,20
08:34:09,Mostly Cloudy,16,16,20
08:36:09,Mostly Cloudy,16,16,20
08:38:09,Mostly Cloudy,16,16,20
08:40:08,Mostly Cloudy,16,16,20
08:42:09,Mostly Cloudy,17,17,22
08:44:08,Mostly Cloudy,17,17,22
08:46:09,Mostly Cloudy,17,17,22
08:48:09,Mostly Cloudy,17,17,22
08:50:09,Mostly Cloudy,17,17,22
08:52:09,Mostly Cloudy,17,17,22
08:54:09,Mostly Cloudy,17,17,22
08:56:08,Mostly Cloudy,17,17,22
08:58:09,Mostly Cloudy,17,17,22
09:00:09,Mostly Cloudy,17,17,22
09:02:09,Mostly Cloudy,17,17,22
09:04:09,Mostly Cloudy,17,17,22
09:06:08,Mostly Cloudy,17,17,22
09:08:09,Mostly Cloudy,17,17,22
09:10:09,Mostly Cloudy,17,17,22
09:12:08,Mostly Cloudy,17,17,22
09:14:09,Mostly Cloudy,17,17,22
09:16:08,Mostly Cloudy,17,17,22
09:18:09,Mostly Cloudy,17,17,25
09:20:09,Mostly Cloudy,17,17,25
09:22:09,Mostly Cloudy,17,17,25
09:24:09,Mostly Cloudy,17,17,25
09:26:09,Mostly Cloudy,17,17,25
09:28:08,Mostly Cloudy,17,17,25
09:30:09,Mostly Cloudy,17,17,25
09:32:09,Mostly Cloudy,17,17,25
09:34:08,Mostly Cloudy,17,17,25
09:36:09,Mostly Cloudy,17,17,25
09:38:09,Mostly Cloudy,17,17,25
09:40:09,Mostly Cloudy,17,17,25
09:42:09,Mostly Cloudy,17,17,28
09:44:08,Mostly Cloudy,17,17,28
09:46:09,Mostly Cloudy,17,17,28
09:48:09,Mostly Cloudy,17,17,28
09:50:08,Mostly Cloudy,17,17,28
09:52:08,Mostly Cloudy,17,17,28
09:54:09,Mostly Cloudy,17,17,28
09:56:09,Mostly Cloudy,17,17,28
09:58:08,Mostly Cloudy,17,17,28
10:00:09,Mostly Cloudy,17,17,28
10:02:09,Mostly Cloudy,17,17,28
10:04:08,Mostly Cloudy,17,17,28
10:06:09,Mostly Cloudy,17,17,28
10:08:09,Mostly Cloudy,17,17,28
10:10:09,Mostly Cloudy,17,17,28
10:12:08,Mostly Cloudy,17,17,28
10:14:09,Mostly Cloudy,17,17,28
10:16:09,Mostly Cloudy,17,17,28
10:18:08,Mostly Cloudy,17,17,25
10:20:09,Mostly Cloudy,17,17,25
10:22:09,Mostly Cloudy,17,17,25
10:24:08,Mostly Cloudy,17,17,25
10:26:09,Mostly Cloudy,17,17,25
10:28:09,Mostly Cloudy,17,17,25
10:30:09,Mostly Cloudy,17,17,25
10:32:09,Mostly Cloudy,17,17,25
10:34:09,Mostly Cloudy,17,17,25
10:36:09,Mostly Cloudy,17,17,25
10:38:09,Mostly Cloudy,17,17,25
10:40:09,Mostly Cloudy,17,17,25
10:42:09,Mostly Cloudy,17,17,24
10:44:08,Mostly Cloudy,17,17,24
10:46:09,Mostly Cloudy,17,17,24
10:48:09,Mostly Cloudy,17,17,24
10:50:08,Mostly Cloudy,17,17,24
10:52:09,Mostly Cloudy,17,17,24
10:54:09,Mostly Cloudy,17,17,24
10:56:08,Mostly Cloudy,17,17,24
10:58:09,Mostly Cloudy,17,17,24
11:00:09,Mostly Cloudy,17,17,24
11:02:09,Mostly Cloudy,17,17,24
11:04:09,Mostly Cloudy,17,17,24
11:06:09,Mostly Cloudy,17,17,24
11:08:08,Mostly Cloudy,17,17,24
11:10:09,Mostly Cloudy,17,17,24
11:12:09,Mostly Cloudy,17,17,24
11:14:08,Mostly Cloudy,17,17,24
11:16:09,Mostly Cloudy,17,17,24
11:18:09,Mostly Cloudy,18,18,25
11:20:09,Mostly Cloudy,18,18,25
11:22:08,Mostly Cloudy,18,18,25
11:24:09,Mostly Cloudy,18,18,25
11:26:09,Mostly Cloudy,18,18,25
11:28:08,Mostly Cloudy,18,18,25
11:30:09,Mostly Cloudy,18,18,25
11:32:09,Mostly Cloudy,18,18,25
11:34:08,Mostly Cloudy,18,18,25
11:36:09,Mostly Cloudy,18,18,25
11:38:09,Mostly Cloudy,18,18,25
11:40:09,Mostly Cloudy,18,18,25
11:42:09,Mostly Cloudy,20,20,27
11:44:09,Mostly Cloudy,20,20,27
11:46:08,Mostly Cloudy,20,20,27
11:48:09,Mostly Cloudy,20,20,27
11:50:09,Mostly Cloudy,20,20,27
11:52:08,Mostly Cloudy,20,20,27
11:54:09,Mostly Cloudy,20,20,27
11:56:08,Mostly Cloudy,20,20,27
11:58:08,Mostly Cloudy,20,20,27
12:00:09,Mostly Cloudy,20,20,27
12:02:09,Mostly Cloudy,20,20,27
12:04:08,Mostly Cloudy,20,20,27
12:06:09,Mostly Cloudy,20,20,27
12:08:09,Mostly Cloudy,20,20,27
12:10:08,Mostly Cloudy,20,20,27
12:12:09,Mostly Cloudy,21,21,32
12:14:08,Mostly Cloudy,21,21,32
12:16:08,Mostly Cloudy,21,21,32
12:18:09,Mostly Cloudy,21,21,32
12:20:09,Mostly Cloudy,21,21,32
12:22:08,Mostly Cloudy,21,21,32
12:24:09,Mostly Cloudy,21,21,32
12:26:08,Mostly Cloudy,21,21,32
12:28:09,Mostly Cloudy,21,21,32
12:30:09,Mostly Cloudy,21,21,32
12:32:09,Mostly Cloudy,21,21,32
12:34:09,Mostly Cloudy,21,21,32
12:36:09,Mostly Cloudy,21,21,32
12:38:09,Mostly Cloudy,21,21,32
12:40:09,Mostly Cloudy,21,21,32
12:42:09,Mostly Cloudy,20,20,32
12:44:09,Mostly Cloudy,20,20,32
12:46:09,Mostly Cloudy,20,20,32
12:48:09,Mostly Cloudy,20,20,32
12:50:08,Mostly Cloudy,20,20,32
12:52:09,Mostly Cloudy,20,20,32
12:54:09,Mostly Cloudy,20,20,32
12:56:09,Mostly Cloudy,20,20,32
12:58:08,Mostly Cloudy,20,20,32
13:00:09,Mostly Cloudy,20,20,32
13:02:09,Mostly Cloudy,20,20,32
13:04:08,Mostly Cloudy,20,20,32
13:06:09,Mostly Cloudy,20,20,32
13:08:09,Mostly Cloudy,20,20,32
13:10:08,Mostly Cloudy,20,20,32
13:12:09,Mostly Cloudy,20,20,27
13:14:09,Mostly Cloudy,20,20,27
13:16:08,Mostly Cloudy,20,20,27
13:18:09,Mostly Cloudy,20,20,27
13:20:08,Mostly Cloudy,20,20,27
13:22:09,Mostly Cloudy,20,20,27
13:24:09,Mostly Cloudy,20,20,27
13:26:09,Mostly Cloudy,20,20,27
13:28:09,Mostly Cloudy,20,20,27
13:30:08,Mostly Cloudy,20,20,27
13:32:09,Mostly Cloudy,20,20,27
13:34:09,Mostly Cloudy,20,20,27
13:36:09,Mostly Cloudy,20,20,27
13:38:09,Mostly Cloudy,20,20,27
13:40:09,Mostly Cloudy,20,20,27
13:42:09,Mostly Cloudy,18,18,24
13:44:08,Mostly Cloudy,18,18,24
13:46:09,Mostly Cloudy,18,18,24
13:48:09,Mostly Cloudy,18,18,24
13:50:08,Mostly Cloudy,18,18,24
13:52:09,Mostly Cloudy,18,18,24
13:54:09,Mostly Cloudy,18,18,24
13:56:08,Mostly Cloudy,18,18,24
13:58:09,Mostly Cloudy,18,18,24
14:00:09,Mostly Cloudy,18,18,24
14:02:09,Mostly Cloudy,18,18,24
14:04:09,Mostly Cloudy,18,18,24
14:06:08,Mostly Cloudy,18,18,24
14:08:08,Mostly Cloudy,18,18,24
14:10:09,Mostly Cloudy,18,18,24
14:12:09,Rain Shower,16,16,25
14:14:08,Rain Shower,16,16,25
14:16:09,Rain Shower,16,16,25
14:18:09,Rain Shower,16,16,25
14:20:08,Rain Shower,16,16,25
14:22:09,Rain Shower,16,16,25
14:24:09,Rain Shower,16,16,25
14:26:09,Rain Shower,16,16,25
14:28:09,Rain Shower,16,16,25
14:30:09,Rain Shower,16,16,25
14:32:09,Rain Shower,16,16,25
14:34:09,Rain Shower,16,16,25
14:36:08,Rain Shower,16,16,25
14:38:09,Rain Shower,16,16,25
14:40:09,Rain Shower,16,16,25
14:42:09,Rain Shower,16,16,25
14:44:09,Rain Shower,16,16,25
14:46:08,Rain Shower,16,16,25
14:48:09,Light Rain Shower,15,15,12
14:50:09,Light Rain Shower,15,15,12
14:52:08,Light Rain Shower,15,15,12
14:54:09,Light Rain Shower,15,15,12
14:56:09,Light Rain Shower,15,15,12
14:58:08,Light Rain Shower,15,15,12
15:00:09,Light Rain Shower,15,15,12
15:02:09,Light Rain Shower,15,15,12
15:04:08,Light Rain Shower,15,15,12
15:06:09,Light Rain Shower,15,15,12
15:08:08,Light Rain Shower,15,15,12
15:10:08,Light Rain Shower,15,15,12
15:12:09,Light Rain Shower,15,15,12
15:14:09,Light Rain Shower,15,15,12
15:16:08,Light Rain Shower,15,15,12
15:18:09,Light Rain Shower,16,16,14
15:20:09,Light Rain Shower,16,16,14
15:22:08,Light Rain Shower,16,16,14
15:24:09,Light Rain Shower,16,16,14
15:26:09,Light Rain Shower,16,16,14
15:28:09,Light Rain Shower,16,16,14
15:30:08,Light Rain Shower,16,16,14
15:32:09,Light Rain Shower,16,16,14
15:34:09,Light Rain Shower,16,16,14
15:36:08,Light Rain Shower,16,16,14
15:38:09,Light Rain Shower,16,16,14
15:40:09,Light Rain Shower,16,16,14
15:42:08,Light Rain Shower,15,15,14
15:44:09,Light Rain Shower,15,15,14
15:46:09,Light Rain Shower,15,15,14
15:48:08,Light Rain Shower,15,15,14
15:50:09,Light Rain Shower,15,15,14
15:52:09,Light Rain Shower,15,15,14
15:54:09,Light Rain Shower,15,15,14
15:56:09,Light Rain Shower,15,15,14
15:58:09,Light Rain Shower,15,15,14
16:00:08,Light Rain Shower,15,15,14
16:02:09,Light Rain Shower,15,15,14
16:04:09,Light Rain Shower,15,15,14
16:06:08,Light Rain Shower,15,15,14
16:08:09,Light Rain Shower,15,15,14
16:10:09,Light Rain Shower,15,15,14
16:12:08,Light Rain Shower,15,15,14
16:14:09,Light Rain Shower,15,15,14
16:16:09,Light Rain Shower,15,15,14
16:18:08,Light Rain Shower,16,16,14
16:20:09,Light Rain Shower,16,16,14
16:22:09,Light Rain Shower,16,16,14
16:24:09,Light Rain Shower,16,16,14
16:26:09,Light Rain Shower,16,16,14
16:28:09,Light Rain Shower,16,16,14
16:30:09,Light Rain Shower,16,16,14
16:32:09,Light Rain Shower,16,16,14
16:34:09,Light Rain Shower,16,16,14
16:36:09,Light Rain Shower,16,16,14
16:38:09,Light Rain Shower,16,16,14
16:40:09,Light Rain Shower,16,16,14
16:42:08,Light Rain Shower,16,16,14
16:44:09,Light Rain Shower,16,16,14
16:46:09,Light Rain Shower,16,16,14
16:48:09,Light Rain Shower,16,16,14
16:50:09,Light Rain Shower,16,16,14
16:52:08,Light Rain Shower,16,16,14
16:54:09,Light Rain Shower,16,16,14
16:56:09,Light Rain Shower,16,16,14
16:58:09,Light Rain Shower,16,16,14
17:00:08,Light Rain Shower,16,16,14
17:02:09,Light Rain Shower,16,16,14
17:04:09,Light Rain Shower,16,16,14
17:06:09,Light Rain Shower,16,16,14
17:08:09,Light Rain Shower,16,16,14
17:10:09,Light Rain Shower,16,16,14
17:12:09,Rain Shower,15,15,12
17:14:08,Rain Shower,15,15,12
17:16:09,Rain Shower,15,15,12
17:18:09,Rain Shower,15,15,12
17:20:08,Rain Shower,15,15,12
17:22:09,Rain Shower,15,15,12
17:24:09,Rain Shower,15,15,12
17:26:09,Rain Shower,15,15,12
17:28:09,Rain Shower,15,15,12
17:30:09,Rain Shower,15,15,12
17:32:08,Rain Shower,15,15,12
17:34:09,Rain Shower,15,15,12
17:36:09,Rain Shower,15,15,12
17:38:09,Rain Shower,15,15,12
17:40:09,Rain Shower,15,15,12
17:42:09,Rain Shower,15,15,12
17:44:09,Rain Shower,15,15,12
17:46:09,Rain Shower,15,15,12
17:48:08,Rain Shower,15,15,12
17:50:09,Rain Shower,15,15,12
17:52:09,Rain Shower,15,15,12
17:54:09,Rain Shower,15,15,12
17:56:09,Rain Shower,15,15,12
17:58:08,Rain Shower,15,15,12
18:00:09,Rain Shower,15,15,12
18:02:09,Rain Shower,15,15,12
18:04:08,Rain Shower,15,15,12
18:06:09,Rain Shower,15,15,12
18:08:09,Rain Shower,15,15,12
18:10:08,Rain Shower,15,15,12
18:12:09,Rain Shower,15,15,12
18:14:09,Rain Shower,15,15,12
18:16:09,Rain Shower,15,15,12
18:18:09,Rain Shower,13,13,4
18:20:09,Rain Shower,13,13,4
18:22:08,Rain Shower,13,13,4
18:24:09,Rain Shower,13,13,4
18:26:09,Rain Shower,13,13,4
18:28:08,Rain Shower,13,13,4
18:30:09,Rain Shower,13,13,4
18:32:09,Rain Shower,13,13,4
18:34:08,Rain Shower,13,13,4
18:36:09,Rain Shower,13,13,4
18:38:09,Rain Shower,13,13,4
18:40:08,Rain Shower,13,13,4
18:42:09,Rain Shower,13,13,4
18:44:09,Rain Shower,13,13,4
18:46:08,Rain Shower,13,13,4
18:48:09,Rain Shower,13,13,4
18:50:09,Rain Shower,13,13,4
18:52:08,Rain Shower,13,13,4
18:54:09,Rain Shower,13,13,4
18:56:09,Rain Shower,13,13,4
18:58:09,Rain Shower,13,13,4
19:00:09,Rain Shower,13,13,4
19:02:08,Rain Shower,13,13,4
19:04:09,Rain Shower,13,13,4
19:06:09,Rain Shower,13,13,4
19:08:08,Rain Shower,13,13,4
19:10:09,Rain Shower,13,13,4
19:12:09,Light Rain Shower,13,13,9
19:14:08,Light Rain Shower,13,13,9
19:16:08,Light Rain Shower,13,13,9
19:18:09,Light Rain Shower,13,13,9
19:20:09,Light Rain Shower,13,13,9
19:22:09,Light Rain Shower,13,13,9
19:24:09,Light Rain Shower,13,13,9
19:26:08,Light Rain Shower,13,13,9
19:28:09,Light Rain Shower,13,13,9
19:30:09,Light Rain Shower,13,13,9
19:32:08,Light Rain Shower,13,13,9
19:34:09,Light Rain Shower,13,13,9
19:36:09,Light Rain Shower,13,13,9
19:38:08,Light Rain Shower,13,13,9
19:40:08,Light Rain Shower,13,13,9
19:42:09,Light Rain Shower,13,13,9
19:44:09,Light Rain Shower,13,13,9
19:46:08,Light Rain Shower,13,13,9
19:48:09,Light Rain Shower,13,13,9
19:50:09,Light Rain Shower,13,13,9
19:52:09,Light Rain Shower,13,13,9
19:54:08,Light Rain Shower,13,13,9
19:56:09,Light Rain Shower,13,13,9
19:58:09,Light Rain Shower,13,13,9
20:00:09,Light Rain Shower,13,13,9
20:02:08,Light Rain Shower,13,13,9
20:04:09,Light Rain Shower,13,13,9
20:06:09,Light Rain Shower,13,13,9
20:08:08,Light Rain Shower,13,13,9
20:10:09,Light Rain Shower,13,13,9
20:12:09,Rain Shower,12,12,3
20:14:08,Rain Shower,12,12,3
20:16:09,Rain Shower,12,12,3
20:18:09,Rain Shower,12,12,3
20:20:08,Rain Shower,12,12,3
20:22:09,Rain Shower,12,12,3
20:24:09,Rain Shower,12,12,3
20:26:08,Rain Shower,12,12,3
20:28:09,Rain Shower,12,12,3
20:30:09,Rain Shower,12,12,3
20:32:08,Rain Shower,12,12,3
20:34:08,Rain Shower,12,12,3
20:36:09,Rain Shower,12,12,3
20:38:09,Rain Shower,12,12,3
20:40:08,Rain Shower,12,12,3
20:42:09,Rain Shower,12,12,3
20:44:09,Rain Shower,12,12,3
20:46:08,Rain Shower,12,12,3
20:48:09,Rain Shower,12,12,3
20:50:09,Rain Shower,12,12,3
20:52:08,Rain Shower,12,12,3
20:54:09,Rain Shower,12,12,3
20:56:09,Rain Shower,12,12,3
20:58:09,Rain Shower,12,12,3
21:00:08,Rain Shower,12,12,3
21:02:09,Rain Shower,12,12,3
21:04:09,Rain Shower,12,12,3
21:06:08,Rain Shower,12,12,3
21:08:08,Rain Shower,12,12,3
21:10:09,Rain Shower,12,12,3
21:12:08,Rain Shower,12,12,3
21:14:09,Rain Shower,12,12,3
21:16:09,Rain Shower,12,12,3
21:18:08,Light Rain Shower,12,12,8
21:20:09,Light Rain Shower,12,12,8
21:22:09,Light Rain Shower,12,12,8
21:24:08,Light Rain Shower,12,12,8
21:26:09,Light Rain Shower,12,12,8
21:28:09,Light Rain Shower,12,12,8
21:30:08,Light Rain Shower,12,12,8
21:32:09,Light Rain Shower,12,12,8
21:34:09,Light Rain Shower,12,12,8
21:36:08,Light Rain Shower,12,12,8
21:38:09,Light Rain Shower,12,12,8
21:40:09,Light Rain Shower,12,12,8
21:42:08,Light Rain Shower,12,12,8
21:44:08,Light Rain Shower,12,12,8
21:46:09,Light Rain Shower,12,12,8
21:48:09,Light Rain Shower,12,12,8
21:50:08,Light Rain Shower,12,12,8
21:52:09,Light Rain Shower,12,12,8
21:54:09,Light Rain Shower,12,12,8
21:56:09,Light Rain Shower,12,12,8
21:58:09,Light Rain Shower,12,12,8
22:00:09,Light Rain Shower,12,12,8
22:02:08,Light Rain Shower,12,12,8
22:04:09,Light Rain Shower,12,12,8
22:06:09,Light Rain Shower,12,12,8
22:08:08,Light Rain Shower,12,12,8
22:10:08,Light Rain Shower,12,12,8
22:12:09,Mist,12,12,16
22:14:09,Mist,12,12,16
22:16:09,Mist,12,12,16
22:18:09,Mist,12,12,16
22:20:09,Mist,12,12,16
22:22:09,Mist,12,12,16
22:24:08,Mist,12,12,16
22:26:09,Mist,12,12,16
22:28:08,Mist,12,12,16
22:30:08,Mist,12,12,16
22:32:09,Mist,12,12,16
22:34:09,Mist,12,12,16
22:36:08,Mist,12,12,16
22:38:09,Mist,12,12,16
22:40:09,Mist,12,12,16
22:42:09,Mist,12,12,16
22:44:08,Mist,12,12,16
22:46:08,Mist,12,12,16
22:48:09,Mist,12,12,16
22:50:08,Mist,12,12,16
22:52:09,Mist,12,12,16
22:54:09,Mist,12,12,16
22:56:08,Mist,12,12,16
22:58:09,Mist,12,12,16
23:00:09,Mist,12,12,16
23:02:09,Mist,12,12,16
23:04:09,Mist,12,12,16
23:06:08,Mist,12,12,16
23:08:09,Mist,12,12,16
23:10:09,Mist,12,12,16
23:12:08,Partly Cloudy,12,12,20
23:14:09,Partly Cloudy,12,12,20
23:16:09,Partly Cloudy,12,12,20
23:18:08,Partly Cloudy,12,12,20
23:20:09,Partly Cloudy,12,12,20
23:22:09,Partly Cloudy,12,12,20
23:24:08,Partly Cloudy,12,12,20
23:26:08,Partly Cloudy,12,12,20
23:28:09,Partly Cloudy,12,12,20
23:30:09,Partly Cloudy,12,12,20
23:32:08,Partly Cloudy,12,12,20
23:34:09,Partly Cloudy,12,12,20
23:36:09,Partly Cloudy,12,12,20
23:38:09,Partly Cloudy,12,12,20
23:40:08,Partly Cloudy,12,12,20
23:42:09,Partly Cloudy,12,12,20
23:44:09,Partly Cloudy,12,12,20
23:46:08,Partly Cloudy,12,12,20
23:48:08,Partly Cloudy,12,12,20
23:50:09,Partly Cloudy,12,12,20
23:52:09,Partly Cloudy,12,12,20
23:54:09,Partly Cloudy,12,12,20
23:56:08,Partly Cloudy,12,12,20
23:58:09,Partly Cloudy,12,12,20
