Time,Weather,Temperature,Feels_Like,Wind_Speed
00:00:09,Mostly Cloudy,11,11,16
00:02:09,Mostly Cloudy,11,11,16
00:04:09,Mostly Cloudy,11,11,16
00:06:08,Mostly Cloudy,11,11,16
00:08:08,Mostly Cloudy,11,11,16
00:10:09,Rain / Windy,11,11,33
00:12:09,Rain / Windy,11,11,33
00:14:09,Rain / Windy,11,11,33
00:16:08,Rain / Windy,11,11,33
00:18:09,Rain / Windy,11,11,33
00:20:09,Rain / Windy,11,11,33
00:22:09,Rain / Windy,11,11,33
00:24:08,Rain / Windy,11,11,33
00:26:09,Rain / Windy,11,11,33
00:28:09,Rain / Windy,11,11,33
00:30:09,Rain / Windy,11,11,33
00:32:08,Rain / Windy,11,11,33
00:34:08,Rain / Windy,11,11,33
00:36:09,Rain / Windy,11,11,33
00:38:09,Rain / Windy,11,11,33
00:40:09,Rain / Windy,11,11,33
00:42:08,Rain / Windy,11,11,33
00:44:09,Rain / Windy,11,11,33
00:46:09,Rain / Windy,11,11,33
00:48:09,Rain / Windy,11,11,33
00:50:08,Rain / Windy,11,11,33
00:52:09,Rain / Windy,11,11,33
00:54:09,Rain / Windy,11,11,33
00:56:09,Rain / Windy,11,11,33
00:58:09,Rain / Windy,11,11,33
01:00:16,Rain / Windy,11,11,33
01:02:09,Rain / Windy,11,11,33
01:04:09,Rain / Windy,11,11,33
01:06:08,Rain / Windy,11,11,33
01:08:08,Rain / Windy,11,11,33
01:10:09,Rain / Windy,11,11,33
01:12:09,Rain / Windy,11,11,33
01:14:09,Rain / Windy,11,11,33
01:16:09,Rain / Windy,11,11,33
01:18:08,Rain / Windy,11,11,33
01:20:09,Rain / Windy,11,11,33
01:22:09,Light Rain / Windy,12,12,37
01:24:09,Light Rain / Windy,12,12,37
01:26:09,Light Rain / Windy,12,12,37
01:28:09,Light Rain / Windy,12,12,37
01:30:08,Light Rain / Windy,12,12,37
01:32:09,Light Rain / Windy,12,12,37
01:34:09,Light Rain / Windy,12,12,37
01:36:09,Light Rain / Windy,12,12,37
01:38:08,Light Rain / Windy,12,12,37
01:40:08,Light Rain / Windy,12,12,37
01:42:09,Light Rain / Windy,12,12,37
01:44:09,Light Rain / Windy,12,12,37
01:46:09,Light Rain / Windy,12,12,37
01:48:08,Light Rain / Windy,12,12,37
01:50:09,Light Rain / Windy,12,12,37
01:52:09,Light Rain / Windy,12,12,37
01:54:08,Light Rain / Windy,12,12,37
01:56:08,Light Rain / Windy,12,12,37
01:58:09,Light Rain / Windy,12,12,37
02:00:09,Light Rain / Windy,12,12,37
02:02:09,Light Rain / Windy,12,12,37
02:04:08,Light Rain / Windy,12,12,37
02:06:08,Light Rain / Windy,12,12,37
02:08:09,Light Rain / Windy,12,12,37
02:10:09,Light Rain / Windy,12,12,37
02:12:09,Light Rain / Windy,12,12,37
02:14:08,Light Rain / Windy,12,12,37
02:16:08,Light Rain / Windy,12,12,33
02:18:09,Light Rain / Windy,12,12,33
02:20:09,Light Rain / Windy,12,12,33
02:22:08,Light Rain / Windy,12,12,33
02:24:09,Light Rain / Windy,12,12,33
02:26:09,Light Rain / Windy,12,12,33
02:28:09,Light Rain / Windy,12,12,33
02:30:09,Light Rain / Windy,12,12,33
02:32:09,Light Rain / Windy,12,12,33
02:34:09,Light Rain / Windy,12,12,33
02:36:09,Light Rain / Windy,12,12,33
02:38:08,Light Rain / Windy,12,12,33
02:40:09,Light Rain / Windy,12,12,33
02:42:09,Light Rain / Windy,12,12,33
02:44:09,Light Rain / Windy,12,12,33
02:46:08,Light Rain / Windy,12,12,33
02:48:09,Light Rain / Windy,12,12,33
02:50:09,Light Rain / Windy,12,12,33
02:52:08,Light Rain / Windy,12,12,33
02:54:09,Light Rain / Windy,12,12,33
02:56:09,Light Rain / Windy,12,12,33
02:58:09,Light Rain / Windy,12,12,33
03:00:08,Light Rain / Windy,12,12,33
03:02:08,Light Rain / Windy,12,12,33
03:04:09,Light Rain / Windy,12,12,33
03:06:08,Light Rain / Windy,12,12,33
03:08:08,Light Rain / Windy,12,12,33
03:10:09,Partly Cloudy,12,12,24
03:12:09,Partly Cloudy,12,12,24
03:14:09,Partly Cloudy,12,12,24
03:16:08,Partly Cloudy,12,12,24
03:18:09,Partly Cloudy,12,12,24
03:20:09,Partly Cloudy,12,12,24
03:22:09,Partly Cloudy,12,12,24
03:24:08,Partly Cloudy,12,12,24
03:26:08,Partly Cloudy,12,12,24
03:28:09,Partly Cloudy,12,12,24
03:30:09,Partly Cloudy,12,12,24
03:32:09,Partly Cloudy,12,12,24
03:34:08,Partly Cloudy,12,12,24
03:36:09,Partly Cloudy,12,12,24
03:38:09,Partly Cloudy,12,12,24
03:40:08,Partly Cloudy,12,12,24
03:42:09,Partly Cloudy,12,12,24
03:44:09,Partly Cloudy,12,12,24
03:46:09,Partly Cloudy,12,12,24
03:48:08,Partly Cloudy,12,12,24
03:50:08,Partly Cloudy,12,12,24
03:52:09,Partly Cloudy,12,12,24
03:54:09,Partly Cloudy,12,12,24
03:56:09,Partly Cloudy,12,12,24
03:58:09,Partly Cloudy,12,12,24
04:00:09,Partly Cloudy,12,12,24
04:02:09,Partly Cloudy,12,12,24
04:04:08,Partly Cloudy,12,12,24
04:06:09,Partly Cloudy,12,12,24
04:08:09,Partly Cloudy,12,12,24
04:10:08,Partly Cloudy,12,12,24
04:12:09,Partly Cloudy,12,12,24
04:14:09,Partly Cloudy,12,12,24
04:16:09,Mostly Cloudy,12,12,25
04:18:09,Mostly Cloudy,12,12,25
04:20:09,Mostly Cloudy,12,12,25
04:22:08,Mostly Cloudy,12,12,25
04:24:09,Mostly Cloudy,12,12,25
04:26:09,Mostly Cloudy,12,12,25
04:28:09,Mostly Cloudy,12,12,25
04:30:09,Mostly Cloudy,12,12,25
04:32:08,Mostly Cloudy,12,12,25
04:34:09,Mostly Cloudy,12,12,25
04:36:09,Mostly Cloudy,12,12,25
04:38:09,Mostly Cloudy,12,12,25
04:40:09,Mostly Cloudy,12,12,25
04:42:09,Mostly Cloudy,12,12,25
04:44:09,Mostly Cloudy,12,12,25
04:46:09,Mostly Cloudy,12,12,25
04:48:08,Mostly Cloudy,12,12,25
04:50:08,Mostly Cloudy,12,12,25
04:52:08,Mostly Cloudy,12,12,25
04:54:09,Mostly Cloudy,12,12,25
04:56:09,Mostly Cloudy,12,12,25
04:58:09,Mostly Cloudy,12,12,25
05:00:09,Mostly Cloudy,12,12,25
05:02:08,Mostly Cloudy,12,12,25
05:04:09,Mostly Cloudy,12,12,25
05:06:09,Mostly Cloudy,12,12,25
05:08:08,Mostly Cloudy,12,12,25
05:10:08,Mostly Cloudy,12,12,25
05:12:09,Mostly Cloudy,12,12,25
05:14:09,Mostly Cloudy,12,12,25
05:16:08,Mostly Cloudy,12,12,25
05:18:09,Mostly Cloudy,12,12,25
05:20:09,Mostly Cloudy,12,12,25
05:22:08,Mostly Cloudy,12,12,25
05:24:09,Mostly Cloudy,12,12,25
05:26:09,Mostly Cloudy,12,12,25
05:28:09,Mostly Cloudy,12,12,25
05:30:09,Mostly Cloudy,12,12,25
05:32:09,Mostly Cloudy,12,12,25
05:34:09,Mostly Cloudy,12,12,25
05:36:08,Mostly Cloudy,12,12,25
05:38:08,Mostly Cloudy,12,12,25
05:40:09,Mostly Cloudy,12,12,25
05:42:08,Mostly Cloudy,12,12,25
05:44:08,Mostly Cloudy,12,12,25
05:46:09,Mostly Cloudy,12,12,25
05:48:08,Mostly Cloudy,12,12,25
05:50:08,Mostly Cloudy,12,12,25
05:52:09,Mostly Cloudy,12,12,25
05:54:08,Mostly Cloudy,12,12,25
05:56:08,Mostly Cloudy,12,12,25
05:58:09,Mostly Cloudy,12,12,25
06:00:09,Mostly Cloudy,12,12,25
06:02:08,Mostly Cloudy,12,12,25
06:04:09,Mostly Cloudy,12,12,25
06:06:09,Mostly Cloudy,12,12,25
06:08:09,Mostly Cloudy,12,12,25
06:10:08,Mostly Cloudy,12,12,25
06:12:08,Mostly Cloudy,12,12,25
06:14:09,Light Rain,11,11,25
06:16:09,Light Rain,11,11,25
06:18:09,Light Rain,11,11,25
06:20:09,Light Rain,11,11,25
06:22:08,Light Rain,11,11,25
06:24:09,Light Rain,11,11,25
06:26:09,Light Rain,11,11,25
06:28:09,Light Rain,11,11,25
06:30:09,Light Rain,11,11,25
06:32:08,Light Rain,11,11,25
06:34:09,Light Rain,11,11,25
06:36:09,Light Rain,11,11,25
06:38:08,Light Rain,11,11,25
06:40:09,Light Rain,11,11,25
06:42:09,Light Rain,11,11,25
06:44:09,Light Rain,11,11,25
06:46:09,Light Rain,11,11,25
06:48:09,Light Rain,11,11,25
06:50:09,Light Rain,11,11,25
06:52:08,Light Rain,11,11,25
06:54:08,Light Rain,11,11,25
06:56:09,Light Rain,11,11,25
06:58:09,Light Rain,11,11,25
07:00:08,Light Rain,11,11,25
07:02:09,Light Rain,11,11,25
07:04:09,Light Rain,11,11,25
07:06:09,Light Rain,11,11,25
07:08:08,Light Rain,11,11,25
07:10:08,Light Rain,11,11,25
07:12:09,Light Rain,11,11,25
07:14:08,Mostly Cloudy,11,11,22
07:16:09,Mostly Cloudy,11,11,22
07:18:09,Mostly Cloudy,11,11,22
07:20:08,Mostly Cloudy,11,11,22
07:22:09,Mostly Cloudy,11,11,22
07:24:08,Mostly Cloudy,11,11,22
07:26:08,Mostly Cloudy,11,11,22
07:28:09,Mostly Cloudy,11,11,22
07:30:09,Mostly Cloudy,11,11,22
07:32:09,Mostly Cloudy,11,11,22
07:34:09,Mostly Cloudy,11,11,22
07:36:09,Mostly Cloudy,11,11,22
07:38:08,Mostly Cloudy,11,11,22
07:40:09,Mostly Cloudy,11,11,22
07:42:09,Mostly Cloudy,11,11,22
07:44:09,Mostly Cloudy,11,11,22
07:46:09,Mostly Cloudy,11,11,22
07:48:09,Mostly Cloudy,11,11,22
07:50:09,Mostly Cloudy,11,11,22
07:52:09,Mostly Cloudy,11,11,22
07:54:09,Mostly Cloudy,11,11,22
07:56:09,Mostly Cloudy,11,11,22
07:58:09,Mostly Cloudy,11,11,22
08:00:09,Mostly Cloudy,11,11,22
08:02:09,Mostly Cloudy,11,11,22
08:04:08,Mostly Cloudy,11,11,22
08:06:08,Mostly Cloudy,11,11,22
08:08:09,Mostly Cloudy,11,11,22
08:10:09,Mostly Cloudy,11,11,22
08:12:08,Mostly Cloudy,12,12,25
08:14:09,Mostly Cloudy,12,12,25
08:16:09,Mostly Cloudy,12,12,25
08:18:08,Mostly Cloudy,12,12,25
08:20:09,Mostly Cloudy,12,12,25
08:22:09,Mostly Cloudy,12,12,25
08:24:09,Mostly Cloudy,12,12,25
08:26:08,Mostly Cloudy,12,12,25
08:28:09,Mostly Cloudy,12,12,25
08:30:09,Mostly Cloudy,12,12,25
08:32:09,Mostly Cloudy,12,12,25
08:34:09,Mostly Cloudy,12,12,25
08:36:09,Mostly Cloudy,12,12,25
08:38:08,Mostly Cloudy,12,12,25
08:40:08,Mostly Cloudy,12,12,25
08:42:08,Mostly Cloudy,12,12,25
08:44:09,Mostly Cloudy,12,12,25
08:46:09,Mostly Cloudy,12,12,25
08:48:09,Mostly Cloudy,12,12,25
08:50:08,Mostly Cloudy,12,12,25
08:52:09,Mostly Cloudy,12,12,25
08:54:09,Mostly Cloudy,12,12,25
08:56:08,Mostly Cloudy,12,12,25
08:58:09,Mostly Cloudy,12,12,25
09:00:09,Mostly Cloudy,12,12,25
09:02:08,Mostly Cloudy,12,12,25
09:04:08,Mostly Cloudy,12,12,25
09:06:09,Mostly Cloudy,12,12,25
09:08:08,Mostly Cloudy,12,12,25
09:10:08,Mostly Cloudy,12,12,25
09:12:09,Mostly Cloudy,12,12,25
09:14:09,Mostly Cloudy,12,12,25
09:16:09,Mostly Cloudy,12,12,25
09:18:09,Mostly Cloudy,12,12,25
09:20:09,Mostly Cloudy,12,12,25
09:22:09,Mostly Cloudy,12,12,25
09:24:09,Mostly Cloudy,12,12,25
09:26:09,Mostly Cloudy,12,12,25
09:28:09,Mostly Cloudy,12,12,25
09:30:08,Mostly Cloudy,12,12,25
09:32:09,Mostly Cloudy,12,12,25
09:34:09,Mostly Cloudy,12,12,25
09:36:08,Mostly Cloudy,12,12,25
09:38:09,Mostly Cloudy,12,12,25
09:40:09,Mostly Cloudy,12,12,25
09:42:08,Mostly Cloudy,12,12,25
09:44:09,Mostly Cloudy,12,12,25
09:46:09,Mostly Cloudy,12,12,25
09:48:08,Mostly Cloudy,12,12,25
09:50:09,Mostly Cloudy,12,12,25
09:52:09,Mostly Cloudy,12,12,25
09:54:08,Mostly Cloudy,12,12,25
09:56:08,Mostly Cloudy,12,12,25
09:58:09,Mostly Cloudy,12,12,25
10:00:09,Mostly Cloudy,12,12,25
10:02:09,Mostly Cloudy,12,12,25
10:04:08,Mostly Cloudy,12,12,25
10:06:09,Mostly Cloudy,12,12,25
10:08:09,Mostly Cloudy,12,12,25
10:10:09,Mostly Cloudy,12,12,28
10:12:08,Mostly Cloudy,12,12,28
10:14:09,Mostly Cloudy,12,12,28
10:16:09,Mostly Cloudy,12,12,28
10:18:08,Mostly Cloudy,12,12,28
10:20:09,Mostly Cloudy,12,12,28
10:22:09,Mostly Cloudy,12,12,28
10:24:08,Mostly Cloudy,12,12,28
10:26:09,Mostly Cloudy,12,12,28
10:28:09,Mostly Cloudy,12,12,28
10:30:08,Mostly Cloudy,12,12,28
10:32:09,Mostly Cloudy,12,12,28
10:34:09,Mostly Cloudy,12,12,28
10:36:09,Mostly Cloudy,12,12,28
10:38:08,Mostly Cloudy,12,12,28
10:40:08,Mostly Cloudy,12,12,28
10:42:09,Mostly Cloudy,12,12,28
10:44:09,Mostly Cloudy,12,12,28
10:46:09,Mostly Cloudy,12,12,28
10:48:09,Mostly Cloudy,12,12,28
10:50:09,Mostly Cloudy,12,12,28
10:52:09,Mostly Cloudy,12,12,28
10:54:09,Mostly Cloudy,12,12,28
10:56:09,Mostly Cloudy,12,12,28
10:58:09,Mostly Cloudy,12,12,28
11:00:08,Mostly Cloudy,12,12,28
11:02:09,Mostly Cloudy,12,12,28
11:04:09,Mostly Cloudy,12,12,28
11:06:09,Mostly Cloudy,12,12,28
11:08:08,Mostly Cloudy,12,12,28
11:10:09,Mostly Cloudy,13,13,22
11:12:09,Mostly Cloudy,13,13,22
11:14:09,Mostly Cloudy,13,13,22
11:16:08,Mostly Cloudy,13,13,22
11:18:09,Mostly Cloudy,13,13,22
11:20:09,Mostly Cloudy,13,13,22
11:22:09,Mostly Cloudy,13,13,22
11:24:09,Mostly Cloudy,13,13,22
11:26:09,Mostly Cloudy,13,13,22
11:28:08,Mostly Cloudy,13,13,22
11:30:09,Mostly Cloudy,13,13,22
11:32:09,Mostly Cloudy,13,13,22
11:34:09,Mostly Cloudy,13,13,22
11:36:08,Mostly Cloudy,13,13,22
11:38:08,Mostly Cloudy,13,13,22
11:40:09,Mostly Cloudy,13,13,22
11:42:09,Mostly Cloudy,13,13,22
11:44:09,Mostly Cloudy,13,13,22
11:46:08,Mostly Cloudy,13,13,22
11:48:09,Mostly Cloudy,13,13,22
11:50:09,Mostly Cloudy,13,13,22
11:52:09,Mostly Cloudy,13,13,22
11:54:08,Mostly Cloudy,13,13,22
11:56:09,Mostly Cloudy,13,13,22
11:58:09,Mostly Cloudy,13,13,22
12:00:09,Mostly Cloudy,13,13,22
12:02:09,Mostly Cloudy,13,13,22
12:04:08,Mostly Cloudy,13,13,22
12:06:09,Mostly Cloudy,13,13,22
12:08:09,Mostly Cloudy,13,13,22
12:10:09,Mostly Cloudy,13,13,22
12:12:08,Mostly Cloudy,13,13,22
12:14:08,Mostly Cloudy,13,13,22
12:16:09,Mostly Cloudy,13,13,22
12:18:09,Mostly Cloudy,13,13,22
12:20:08,Mostly Cloudy,13,13,12
12:22:09,Mostly Cloudy,13,13,12
12:24:09,Mostly Cloudy,13,13,12
12:26:08,Mostly Cloudy,13,13,12
12:28:09,Mostly Cloudy,13,13,12
12:30:09,Mostly Cloudy,13,13,12
12:32:09,Mostly Cloudy,13,13,12
12:34:09,Mostly Cloudy,13,13,12
12:36:09,Mostly Cloudy,13,13,12
12:38:09,Mostly Cloudy,13,13,12
12:40:09,Mostly Cloudy,13,13,12
12:42:09,Mostly Cloudy,13,13,12
12:44:09,Mostly Cloudy,13,13,12
12:46:09,Mostly Cloudy,13,13,12
12:48:09,Mostly Cloudy,13,13,12
12:50:09,Mostly Cloudy,13,13,12
12:52:08,Mostly Cloudy,13,13,12
12:54:09,Mostly Cloudy,13,13,12
12:56:09,Mostly Cloudy,13,13,12
12:58:09,Mostly Cloudy,13,13,12
13:00:09,Mostly Cloudy,13,13,12
13:02:09,Mostly Cloudy,13,13,12
13:04:09,Mostly Cloudy,13,13,12
13:06:08,Mostly Cloudy,13,13,12
13:08:09,Mostly Cloudy,13,13,12
13:10:09,Mostly Cloudy,13,13,12
13:12:08,Mostly Cloudy,13,13,12
13:14:09,Mostly Cloudy,13,13,12
13:16:09,Cloudy,13,13,12
13:18:08,Cloudy,13,13,12
13:20:09,Cloudy,13,13,12
13:22:09,Cloudy,13,13,12
13:24:09,Cloudy,13,13,12
13:26:09,Cloudy,13,13,12
13:28:09,Cloudy,13,13,12
13:30:08,Cloudy,13,13,12
13:32:09,Cloudy,13,13,12
13:34:09,Cloudy,13,13,12
13:36:09,Cloudy,13,13,12
13:38:09,Cloudy,13,13,12
13:40:09,Cloudy,13,13,12
13:42:09,Cloudy,13,13,12
13:44:08,Cloudy,13,13,12
13:46:08,Cloudy,13,13,12
13:48:09,Cloudy,13,13,12
13:50:09,Cloudy,13,13,12
13:52:08,Cloudy,13,13,12
13:54:09,Cloudy,13,13,12
13:56:09,Cloudy,13,13,12
13:58:08,Cloudy,13,13,12
14:00:09,Cloudy,13,13,12
14:02:09,Cloudy,13,13,12
14:04:08,Cloudy,13,13,12
14:06:09,Cloudy,13,13,12
14:08:09,Cloudy,13,13,12
14:10:09,Cloudy,13,13,9
14:12:08,Cloudy,13,13,9
14:14:08,Cloudy,13,13,9
14:16:09,Cloudy,13,13,9
14:18:08,Cloudy,13,13,9
14:20:08,Cloudy,13,13,9
14:22:09,Cloudy,13,13,9
14:24:09,Cloudy,13,13,9
14:26:09,Cloudy,13,13,9
14:28:09,Cloudy,13,13,9
14:30:08,Cloudy,13,13,9
14:32:09,Cloudy,13,13,9
14:34:09,Cloudy,13,13,9
14:36:09,Cloudy,13,13,9
14:38:08,Cloudy,13,13,9
14:40:09,Cloudy,13,13,9
14:42:09,Cloudy,13,13,9
14:44:09,Cloudy,13,13,9
14:46:08,Cloudy,13,13,9
14:48:09,Cloudy,13,13,9
14:50:09,Cloudy,13,13,9
14:52:08,Cloudy,13,13,9
14:54:08,Cloudy,13,13,9
14:56:09,Cloudy,13,13,9
14:58:09,Cloudy,13,13,9
15:00:09,Cloudy,13,13,9
15:02:08,Cloudy,13,13,9
15:04:08,Cloudy,13,13,9
15:06:09,Cloudy,13,13,9
15:08:09,Cloudy,13,13,9
15:10:09,Cloudy,13,13,9
15:12:08,Cloudy,13,13,9
15:14:08,Light Rain,12,12,9
15:16:09,Light Rain,12,12,9
15:18:08,Light Rain,12,12,9
15:20:09,Light Rain,12,12,9
15:22:09,Light Rain,12,12,9
15:24:08,Light Rain,12,12,9
15:26:09,Light Rain,12,12,9
15:28:09,Light Rain,12,12,9
15:30:09,Light Rain,12,12,9
15:32:09,Light Rain,12,12,9
15:34:09,Light Rain,12,12,9
15:36:09,Light Rain,12,12,9
15:38:09,Light Rain,12,12,9
15:40:08,Light Rain,12,12,9
15:42:08,Light Rain,12,12,9
15:44:09,Light Rain,12,12,9
15:46:09,Light Rain,12,12,9
15:48:08,Light Rain,12,12,9
15:50:09,Light Rain,12,12,9
15:52:09,Light Rain,12,12,9
15:54:08,Light Rain,12,12,9
15:56:08,Light Rain,12,12,9
15:58:09,Light Rain,12,12,9
16:00:09,Light Rain,12,12,9
16:02:09,Light Rain,12,12,9
16:04:09,Light Rain,12,12,9
16:06:08,Light Rain,12,12,9
16:08:09,Light Rain,12,12,9
16:10:09,Light Rain,12,12,9
16:12:08,Light Rain,12,12,9
16:14:08,Light Rain,12,12,11
16:16:09,Light Rain,12,12,11
16:18:08,Light Rain,12,12,11
16:20:08,Light Rain,12,12,11
16:22:09,Light Rain,12,12,11
16:24:09,Light Rain,12,12,11
16:26:09,Light Rain,12,12,11
16:28:08,Light Rain,12,12,11
16:30:09,Light Rain,12,12,11
16:32:09,Light Rain,12,12,11
16:34:09,Light Rain,12,12,11
16:36:08,Light Rain,12,12,11
16:38:08,Light Rain,12,12,11
16:40:09,Light Rain,12,12,11
16:42:08,Light Rain,12,12,11
16:44:08,Light Rain,12,12,11
16:46:09,Light Rain,12,12,11
16:48:09,Light Rain,12,12,11
16:50:09,Light Rain,12,12,11
16:52:08,Light Rain,12,12,11
16:54:08,Light Rain,12,12,11
16:56:09,Light Rain,12,12,11
16:58:09,Light Rain,12,12,11
17:00:09,Light Rain,12,12,11
17:02:08,Light Rain,12,12,11
17:04:09,Light Rain,12,12,11
17:06:09,Light Rain,12,12,11
17:08:09,Light Rain,12,12,11
17:10:08,Light Rain,12,12,11
17:12:09,Light Rain,12,12,11
17:14:08,Light Rain,10,10,11
17:16:09,Light Rain,10,10,11
17:18:08,Light Rain,10,10,11
17:20:08,Light Rain,10,10,11
17:22:09,Light Rain,10,10,11
17:24:09,Light Rain,10,10,11
17:26:08,Light Rain,10,10,11
17:28:09,Light Rain,10,10,11
17:30:09,Light Rain,10,10,11
17:32:09,Light Rain,10,10,11
17:34:09,Light Rain,10,10,11
17:36:09,Light Rain,10,10,11
17:38:08,Light Rain,10,10,11
17:40:09,Light Rain,10,10,11
17:42:09,Light Rain,10,10,11
17:44:08,Light Rain,10,10,11
17:46:09,Light Rain,10,10,11
17:48:09,Light Rain,10,10,11
17:50:09,Light Rain,10,10,11
17:52:09,Light Rain,10,10,11
17:54:09,Light Rain,10,10,11
17:56:09,Light Rain,10,10,11
17:58:08,Light Rain,10,10,11
18:00:08,Light Rain,10,10,11
18:02:09,Light Rain,10,10,11
18:04:09,Light Rain,10,10,11
18:06:09,Light Rain,10,10,11
18:08:09,Light Rain,10,10,11
18:10:09,Light Rain,10,10,11
18:12:09,Light Rain,10,10,11
18:14:09,Light Rain,10,10,4
18:16:08,Light Rain,10,10,4
18:18:09,Light Rain,10,10,4
18:20:09,Light Rain,10,10,4
18:22:08,Light Rain,10,10,4
18:24:09,Light Rain,10,10,4
18:26:09,Light Rain,10,10,4
18:28:09,Light Rain,10,10,4
18:30:09,Light Rain,10,10,4
18:32:09,Light Rain,10,10,4
18:34:08,Light Rain,10,10,4
18:36:08,Light Rain,10,10,4
18:38:09,Light Rain,10,10,4
18:40:09,Light Rain,10,10,4
18:42:08,Light Rain,10,10,4
18:44:09,Light Rain,10,10,4
18:46:09,Light Rain,10,10,4
18:48:09,Light Rain,10,10,4
18:50:08,Light Rain,10,10,4
18:52:09,Light Rain,10,10,4
18:54:09,Light Rain,10,10,4
18:56:09,Light Rain,10,10,4
18:58:08,Light Rain,10,10,4
19:00:09,Light Rain,10,10,4
19:02:09,Light Rain,10,10,4
19:04:09,Light Rain,10,10,4
19:06:08,Light Rain,10,10,4
19:08:09,Light Rain,10,10,4
19:10:09,Light Rain,10,10,4
19:12:09,Light Rain,10,10,4
19:14:08,Light Rain,8,7,9
19:16:09,Light Rain,8,7,9
19:18:09,Light Rain,8,7,9
19:20:08,Light Rain,8,7,9
19:22:09,Light Rain,8,7,9
19:24:09,Light Rain,8,7,9
19:26:09,Light Rain,8,7,9
19:28:08,Light Rain,8,7,9
19:30:09,Light Rain,8,7,9
19:32:09,Light Rain,8,7,9
19:34:08,Light Rain,8,7,9
19:36:08,Light Rain,8,7,9
19:38:09,Light Rain,8,7,9
19:40:08,Light Rain,8,7,9
19:42:09,Light Rain,8,7,9
19:44:09,Light Rain,8,7,9
19:46:09,Light Rain,8,7,9
19:48:08,Light Rain,8,7,9
19:50:09,Light Rain,8,7,9
19:52:08,Light Rain,8,7,9
19:54:09,Light Rain,8,7,9
19:56:09,Light Rain,8,7,9
19:58:09,Light Rain,8,7,9
20:00:08,Light Rain,8,7,9
20:02:09,Light Rain,8,7,9
20:04:09,Light Rain,8,7,9
20:06:09,Light Rain,8,7,9
20:08:08,Light Rain,8,7,9
20:10:09,Light Rain,8,7,9
20:12:09,Cloudy,8,7,9
20:14:08,Cloudy,8,7,9
20:16:09,Cloudy,8,7,9
20:18:09,Cloudy,8,7,9
20:20:08,Cloudy,8,7,9
20:22:08,Cloudy,8,7,9
20:24:09,Cloudy,8,7,9
20:26:09,Cloudy,8,7,9
20:28:08,Cloudy,8,7,9
20:30:08,Cloudy,8,7,9
20:32:09,Cloudy,8,7,9
20:34:08,Cloudy,8,7,9
20:36:09,Cloudy,8,7,9
20:38:09,Cloudy,8,7,9
20:40:09,Cloudy,8,7,9
20:42:09,Cloudy,8,7,9
20:44:09,Cloudy,8,7,9
20:46:08,Cloudy,8,7,9
20:48:08,Cloudy,8,7,9
20:50:09,Cloudy,8,7,9
20:52:08,Cloudy,8,7,9
20:54:09,Cloudy,8,7,9
20:56:09,Cloudy,8,7,9
20:58:08,Cloudy,8,7,9
21:00:08,Cloudy,8,7,9
21:02:09,Cloudy,8,7,9
21:04:09,Cloudy,8,7,9
21:06:09,Cloudy,8,7,9
21:08:08,Cloudy,8,7,9
21:10:09,Cloudy,8,7,9
21:12:09,Light Rain,10,10,14
21:14:09,Light Rain,10,10,14
21:16:08,Light Rain,10,10,14
21:18:09,Light Rain,10,10,14
21:20:09,Light Rain,10,10,14
21:22:08,Light Rain,10,10,14
21:24:08,Light Rain,10,10,14
21:26:09,Light Rain,10,10,14
21:28:08,Light Rain,10,10,14
21:30:08,Light Rain,10,10,14
21:32:09,Light Rain,10,10,14
21:34:09,Light Rain,10,10,14
21:36:09,Light Rain,10,10,14
21:38:08,Light Rain,10,10,14
21:40:09,Light Rain,10,10,14
21:42:09,Light Rain,10,10,14
21:44:09,Light Rain,10,10,14
21:46:08,Light Rain,10,10,14
21:48:08,Light Rain,10,10,14
21:50:09,Light Rain,10,10,14
21:52:09,Light Rain,10,10,14
21:54:08,Light Rain,10,10,14
21:56:09,Light Rain,10,10,14
21:58:09,Light Rain,10,10,14
22:00:09,Light Rain,10,10,14
22:02:08,Light Rain,10,10,14
22:04:09,Light Rain,10,10,14
22:06:09,Light Rain,10,10,14
22:08:08,Light Rain,10,10,14
22:10:08,Light Rain,10,10,14
22:12:09,Light Rain,10,10,14
22:14:09,Light Rain,10,10,14
22:16:08,Light Rain,10,10,14
22:18:09,Light Rain,10,10,14
22:20:09,Light Rain,10,10,14
22:22:08,Light Rain,10,10,14
22:24:09,Light Rain,10,10,14
22:26:08,Light Rain,10,10,14
22:28:09,Light Rain,10,10,14
22:30:09,Light Rain,10,10,14
22:32:09,Light Rain,10,10,14
22:34:09,Light Rain,10,10,14
22:36:08,Light Rain,10,10,14
22:38:09,Light Rain,10,10,14
22:40:09,Light Rain,10,10,14
22:42:09,Light Rain,10,10,14
22:44:08,Light Rain,10,10,14
22:46:08,Light Rain,10,10,14
22:48:09,Light Rain,10,10,14
22:50:09,Light Rain,10,10,14
22:52:09,Light Rain,10,10,14
22:54:08,Light Rain,10,10,14
22:56:09,Light Rain,10,10,14
22:58:09,Light Rain,10,10,14
23:00:09,Light Rain,10,10,14
23:02:08,Light Rain,10,10,14
23:04:08,Light Rain,10,10,14
23:06:09,Light Rain,10,10,14
23:08:09,Light Rain,10,10,14
23:10:09,Light Rain,10,10,14
23:12:09,Light Rain,10,10,14
23:14:08,Light Rain,10,10,14
23:16:08,Mostly Cloudy,8,6,20
23:18:09,Mostly Cloudy,8,6,20
23:20:08,Mostly Cloudy,8,6,20
23:22:08,Mostly Cloudy,8,6,20
23:24:09,Mostly Cloudy,8,6,20
23:26:09,Mostly Cloudy,8,6,20
23:28:08,Mostly Cloudy,8,6,20
23:30:09,Mostly Cloudy,8,6,20
23:32:09,Mostly Cloudy,8,6,20
23:34:09,Mostly Cloudy,8,6,20
23:36:08,Mostly Cloudy,8,6,20
23:38:09,Mostly Cloudy,8,6,20
23:40:09,Mostly Cloudy,8,6,20
23:42:08,Mostly Cloudy,8,6,20
23:44:09,Mostly Cloudy,8,6,20
23:46:09,Mostly Cloudy,8,6,20
23:48:09,Mostly Cloudy,8,6,20
23:50:09,Mostly Cloudy,8,6,20
23:52:09,Mostly Cloudy,8,6,20
23:54:08,Mostly Cloudy,8,6,20
23:56:08,Mostly Cloudy,8,6,20
23:58:09,Mostly Cloudy,8,6,20
