Time,Weather,Temperature,Feels_Like,Wind_Speed
00:00:08,Mostly Cloudy,13,13,28
00:02:09,Mostly Cloudy,13,13,28
00:04:09,Mostly Cloudy,13,13,28
00:06:08,Mostly Cloudy,13,13,28
00:08:09,Mostly Cloudy,13,13,28
00:10:09,Mostly Cloudy,13,13,28
00:12:08,Light Rain,13,13,25
00:14:09,Light Rain,13,13,25
00:16:09,Light Rain,13,13,25
00:18:08,Light Rain,13,13,25
00:20:09,Light Rain,13,13,25
00:22:09,Light Rain,13,13,25
00:24:08,Light Rain,13,13,25
00:26:09,Light Rain,13,13,25
00:28:09,Light Rain,13,13,25
00:30:09,Light Rain,13,13,25
00:32:08,Light Rain,13,13,25
00:34:09,Light Rain,13,13,25
00:36:09,Light Rain,13,13,25
00:38:09,Light Rain,13,13,25
00:40:08,Light Rain,13,13,25
00:42:09,Light Rain,13,13,25
00:44:09,Light Rain,13,13,25
00:46:09,Light Rain,13,13,25
00:48:09,Light Rain,13,13,25
00:50:09,Light Rain,13,13,25
00:52:09,Light Rain,13,13,25
00:54:08,Light Rain,13,13,25
00:56:09,Light Rain,13,13,25
00:58:09,Light Rain,13,13,25
01:00:16,Light Rain,13,13,25
01:02:08,Light Rain,13,13,25
01:04:09,Light Rain,13,13,25
01:06:09,Light Rain,13,13,25
01:08:08,Light Rain,13,13,25
01:10:08,Light Rain,13,13,25
01:12:09,Mostly Cloudy,13,13,25
01:14:09,Mostly Cloudy,13,13,25
01:16:08,Mostly Cloudy,13,13,25
01:18:09,Mostly Cloudy,13,13,25
01:20:09,Mostly Cloudy,13,13,25
01:22:09,Mostly Cloudy,13,13,25
01:24:08,Mostly Cloudy,13,13,25
01:26:09,Mostly Cloudy,13,13,25
01:28:09,Mostly Cloudy,13,13,25
01:30:08,Mostly Cloudy,13,13,25
01:32:09,Mostly Cloudy,13,13,25
01:34:09,Mostly Cloudy,13,13,25
01:36:09,Mostly Cloudy,13,13,25
01:38:08,Mostly Cloudy,13,13,25
01:40:09,Mostly Cloudy,13,13,25
01:42:09,Mostly Cloudy,13,13,25
01:44:08,Mostly Cloudy,13,13,25
01:46:08,Mostly Cloudy,13,13,25
01:48:09,Mostly Cloudy,13,13,25
01:50:09,Mostly Cloudy,13,13,25
01:52:08,Mostly Cloudy,13,13,25
01:54:08,Mostly Cloudy,13,13,25
01:56:09,Mostly Cloudy,13,13,25
01:58:09,Mostly Cloudy,13,13,25
02:00:09,Mostly Cloudy,13,13,25
02:02:09,Mostly Cloudy,13,13,25
02:04:09,Mostly Cloudy,13,13,25
02:06:09,Mostly Cloudy,13,13,25
02:08:08,Mostly Cloudy,13,13,25
02:10:09,Mostly Cloudy,13,13,25
02:12:09,Mostly Cloudy,12,12,22
02:14:09,Mostly Cloudy,12,12,22
02:16:08,Mostly Cloudy,12,12,22
02:18:09,Mostly Cloudy,12,12,22
02:20:09,Mostly Cloudy,12,12,22
02:22:09,Mostly Cloudy,12,12,22
02:24:08,Mostly Cloudy,12,12,22
02:26:09,Mostly Cloudy,12,12,22
02:28:09,Mostly Cloudy,12,12,22
02:30:09,Mostly Cloudy,12,12,22
02:32:09,Mostly Cloudy,12,12,22
02:34:09,Mostly Cloudy,12,12,22
02:36:09,Mostly Cloudy,12,12,22
02:38:09,Mostly Cloudy,12,12,22
02:40:09,Mostly Cloudy,12,12,22
02:42:08,Mostly Cloudy,12,12,22
02:44:09,Mostly Cloudy,12,12,22
02:46:09,Mostly Cloudy,12,12,22
02:48:08,Mostly Cloudy,12,12,22
02:50:09,Mostly Cloudy,12,12,22
02:52:09,Mostly Cloudy,12,12,22
02:54:09,Mostly Cloudy,12,12,22
02:56:09,Mostly Cloudy,12,12,22
02:58:09,Mostly Cloudy,12,12,22
03:00:09,Mostly Cloudy,12,12,22
03:02:08,Mostly Cloudy,12,12,22
03:04:09,Mostly Cloudy,12,12,22
03:06:09,Mostly Cloudy,12,12,22
03:08:08,Mostly Cloudy,12,12,22
03:10:09,Mostly Cloudy,12,12,22
03:12:09,Mostly Cloudy,12,12,20
03:14:09,Mostly Cloudy,12,12,20
03:16:08,Mostly Cloudy,12,12,20
03:18:09,Mostly Cloudy,12,12,20
03:20:08,Mostly Cloudy,12,12,20
03:22:08,Mostly Cloudy,12,12,20
03:24:08,Mostly Cloudy,12,12,20
03:26:09,Mostly Cloudy,12,12,20
03:28:09,Mostly Cloudy,12,12,20
03:30:08,Mostly Cloudy,12,12,20
03:32:09,Mostly Cloudy,12,12,20
03:34:09,Mostly Cloudy,12,12,20
03:36:09,Mostly Cloudy,12,12,20
03:38:09,Mostly Cloudy,12,12,20
03:40:09,Mostly Cloudy,12,12,20
03:42:09,Mostly Cloudy,12,12,20
03:44:09,Mostly Cloudy,12,12,20
03:46:09,Mostly Cloudy,12,12,20
03:48:09,Mostly Cloudy,12,12,20
03:50:08,Mostly Cloudy,12,12,20
03:52:09,Mostly Cloudy,12,12,20
03:54:09,Mostly Cloudy,12,12,20
03:56:08,Mostly Cloudy,12,12,20
03:58:09,Mostly Cloudy,12,12,20
04:00:09,Mostly Cloudy,12,12,20
04:02:08,Mostly Cloudy,12,12,20
04:04:09,Mostly Cloudy,12,12,20
04:06:09,Mostly Cloudy,12,12,20
04:08:09,Mostly Cloudy,12,12,20
04:10:08,Mostly Cloudy,12,12,20
04:12:08,Mostly Cloudy,12,12,22
04:14:09,Mostly Cloudy,12,12,22
04:16:09,Mostly Cloudy,12,12,22
04:18:09,Mostly Cloudy,12,12,22
04:20:09,Mostly Cloudy,12,12,22
04:22:09,Mostly Cloudy,12,12,22
04:24:08,Mostly Cloudy,12,12,22
04:26:09,Mostly Cloudy,12,12,22
04:28:09,Mostly Cloudy,12,12,22
04:30:09,Mostly Cloudy,12,12,22
04:32:08,Mostly Cloudy,12,12,22
04:34:09,Mostly Cloudy,12,12,22
04:36:09,Mostly Cloudy,12,12,22
04:38:09,Mostly Cloudy,12,12,22
04:40:08,Mostly Cloudy,12,12,22
04:42:09,Mostly Cloudy,12,12,22
04:44:09,Mostly Cloudy,12,12,22
04:46:08,Mostly Cloudy,12,12,22
04:48:09,Mostly Cloudy,12,12,22
04:50:08,Mostly Cloudy,12,12,22
04:52:09,Mostly Cloudy,12,12,22
04:54:09,Mostly Cloudy,12,12,22
04:56:09,Mostly Cloudy,12,12,22
04:58:08,Mostly Cloudy,12,12,22
05:00:09,Mostly Cloudy,12,12,22
05:02:09,Mostly Cloudy,12,12,22
05:04:09,Mostly Cloudy,12,12,22
05:06:08,Mostly Cloudy,12,12,22
05:08:09,Mostly Cloudy,12,12,22
05:10:09,Mostly Cloudy,12,12,22
05:12:09,Mostly Cloudy,12,12,22
05:14:08,Mostly Cloudy,12,12,22
05:16:09,Mostly Cloudy,12,12,22
05:18:08,Mostly Cloudy,12,12,22
05:20:09,Mostly Cloudy,12,12,22
05:22:09,Mostly Cloudy,12,12,22
05:24:09,Mostly Cloudy,12,12,22
05:26:08,Mostly Cloudy,12,12,22
05:28:09,Mostly Cloudy,12,12,22
05:30:09,Mostly Cloudy,12,12,22
05:32:08,Mostly Cloudy,12,12,22
05:34:08,Mostly Cloudy,12,12,22
05:36:09,Mostly Cloudy,12,12,22
05:38:09,Mostly Cloudy,12,12,22
05:40:08,Mostly Cloudy,12,12,22
05:42:09,Mostly Cloudy,12,12,22
05:44:09,Mostly Cloudy,12,12,22
05:46:09,Mostly Cloudy,12,12,22
05:48:08,Mostly Cloudy,12,12,22
05:50:09,Mostly Cloudy,12,12,22
05:52:09,Mostly Cloudy,12,12,22
05:54:09,Mostly Cloudy,12,12,22
05:56:09,Mostly Cloudy,12,12,22
05:58:09,Mostly Cloudy,12,12,22
06:00:09,Mostly Cloudy,12,12,22
06:02:09,Mostly Cloudy,12,12,22
06:04:09,Mostly Cloudy,12,12,22
06:06:09,Mostly Cloudy,12,12,22
06:08:08,Mostly Cloudy,12,12,22
06:10:08,Mostly Cloudy,12,12,22
06:12:09,Partly Cloudy,12,12,22
06:14:09,Partly Cloudy,12,12,22
06:16:08,Partly Cloudy,12,12,22
06:18:09,Partly Cloudy,12,12,22
06:20:09,Partly Cloudy,12,12,22
06:22:08,Partly Cloudy,12,12,22
06:24:09,Partly Cloudy,12,12,22
06:26:09,Partly Cloudy,12,12,22
06:28:08,Partly Cloudy,12,12,22
06:30:09,Partly Cloudy,12,12,22
06:32:09,Partly Cloudy,12,12,22
06:34:08,Partly Cloudy,12,12,22
06:36:09,Partly Cloudy,12,12,22
06:38:09,Partly Cloudy,12,12,22
06:40:09,Partly Cloudy,12,12,22
06:42:08,Partly Cloudy,12,12,22
06:44:09,Partly Cloudy,12,12,22
06:46:09,Partly Cloudy,12,12,22
06:48:08,Partly Cloudy,12,12,22
06:50:09,Partly Cloudy,12,12,22
06:52:09,Partly Cloudy,12,12,22
06:54:09,Partly Cloudy,12,12,22
06:56:09,Partly Cloudy,12,12,22
06:58:08,Partly Cloudy,12,12,22
07:00:09,Partly Cloudy,12,12,22
07:02:09,Partly Cloudy,12,12,22
07:04:09,Partly Cloudy,12,12,22
07:06:08,Partly Cloudy,12,12,22
07:08:09,Partly Cloudy,12,12,22
07:10:09,Partly Cloudy,12,12,22
07:12:09,Partly Cloudy,12,12,22
07:14:09,Partly Cloudy,12,12,22
07:16:09,Partly Cloudy,12,12,25
07:18:09,Partly Cloudy,12,12,25
07:20:09,Partly Cloudy,12,12,25
07:22:09,Partly Cloudy,12,12,25
07:24:08,Partly Cloudy,12,12,25
07:26:09,Partly Cloudy,12,12,25
07:28:09,Partly Cloudy,12,12,25
07:30:08,Partly Cloudy,12,12,25
07:32:08,Partly Cloudy,12,12,25
07:34:09,Partly Cloudy,12,12,25
07:36:09,Partly Cloudy,12,12,25
07:38:09,Partly Cloudy,12,12,25
07:40:09,Mostly Cloudy,12,12,27
07:42:08,Mostly Cloudy,12,12,27
07:44:09,Mostly Cloudy,12,12,27
07:46:09,Mostly Cloudy,12,12,27
07:48:09,Mostly Cloudy,12,12,27
07:50:09,Mostly Cloudy,12,12,27
07:52:09,Mostly Cloudy,12,12,27
07:54:09,Mostly Cloudy,12,12,27
07:56:08,Mostly Cloudy,12,12,27
07:58:09,Mostly Cloudy,12,12,27
08:00:09,Mostly Cloudy,12,12,27
08:02:08,Mostly Cloudy,12,12,27
08:04:08,Mostly Cloudy,12,12,27
08:06:09,Mostly Cloudy,12,12,27
08:08:09,Mostly Cloudy,12,12,27
08:10:08,Mostly Cloudy,12,12,27
08:12:09,Mostly Cloudy,12,12,27
08:14:09,Mostly Cloudy,12,12,27
08:16:08,Mostly Cloudy,12,12,27
08:18:09,Mostly Cloudy,12,12,27
08:20:08,Mostly Cloudy,12,12,27
08:22:09,Mostly Cloudy,12,12,27
08:24:09,Mostly Cloudy,12,12,27
08:26:09,Mostly Cloudy,12,12,27
08:28:08,Mostly Cloudy,12,12,27
08:30:09,Mostly Cloudy,12,12,27
08:32:09,Mostly Cloudy,12,12,27
08:34:08,Mostly Cloudy,12,12,27
08:36:09,Mostly Cloudy,12,12,27
08:38:09,Mostly Cloudy,12,12,27
08:40:09,Mostly Cloudy,12,12,27
08:42:09,Mostly Cloudy,12,12,27
08:44:09,Mostly Cloudy,12,12,27
08:46:08,Mostly Cloudy,13,13,32
08:48:09,Mostly Cloudy,13,13,32
08:50:09,Mostly Cloudy,13,13,32
08:52:08,Mostly Cloudy,13,13,32
08:54:09,Mostly Cloudy,13,13,32
08:56:09,Mostly Cloudy,13,13,32
08:58:09,Mostly Cloudy,13,13,32
09:00:09,Mostly Cloudy,13,13,32
09:02:09,Mostly Cloudy,13,13,32
09:04:08,Mostly Cloudy,13,13,32
09:06:09,Mostly Cloudy,13,13,32
09:08:09,Mostly Cloudy,13,13,32
09:10:09,Mostly Cloudy,13,13,32
09:12:08,Mostly Cloudy,13,13,32
09:14:08,Mostly Cloudy,13,13,32
09:16:09,Mostly Cloudy,13,13,27
09:18:09,Mostly Cloudy,13,13,27
09:20:08,Mostly Cloudy,13,13,27
09:22:08,Mostly Cloudy,13,13,27
09:24:08,Mostly Cloudy,13,13,27
09:26:09,Mostly Cloudy,13,13,27
09:28:09,Mostly Cloudy,13,13,27
09:30:09,Mostly Cloudy,13,13,27
09:32:08,Mostly Cloudy,13,13,27
09:34:09,Mostly Cloudy,13,13,27
09:36:09,Mostly Cloudy,13,13,27
09:38:08,Mostly Cloudy,13,13,27
09:40:08,Mostly Cloudy,13,13,27
09:42:09,Mostly Cloudy,13,13,27
09:44:08,Mostly Cloudy,13,13,27
09:46:09,Mostly Cloudy,13,13,27
09:48:09,Mostly Cloudy,13,13,27
09:50:09,Mostly Cloudy,13,13,27
09:52:08,Mostly Cloudy,15,15,24
09:54:09,Mostly Cloudy,15,15,24
09:56:09,Mostly Cloudy,15,15,24
09:58:09,Mostly Cloudy,15,15,24
10:00:08,Mostly Cloudy,15,15,24
10:02:09,Mostly Cloudy,15,15,24
10:04:09,Mostly Cloudy,15,15,24
10:06:09,Mostly Cloudy,15,15,24
10:08:08,Mostly Cloudy,15,15,24
10:10:09,Mostly Cloudy,15,15,25
10:12:09,Mostly Cloudy,15,15,25
10:14:08,Mostly Cloudy,15,15,25
10:16:08,Mostly Cloudy,15,15,25
10:18:09,Mostly Cloudy,15,15,25
10:20:08,Mostly Cloudy,15,15,25
10:22:09,Mostly Cloudy,15,15,25
10:24:09,Mostly Cloudy,15,15,25
10:26:08,Mostly Cloudy,15,15,25
10:28:08,Mostly Cloudy,15,15,25
10:30:09,Mostly Cloudy,15,15,25
10:32:09,Mostly Cloudy,15,15,25
10:34:09,Mostly Cloudy,15,15,25
10:36:09,Mostly Cloudy,15,15,25
10:38:09,Mostly Cloudy,15,15,25
10:40:08,Mostly Cloudy,15,15,25
10:42:09,Mostly Cloudy,15,15,25
10:44:08,Mostly Cloudy,15,15,25
10:46:08,Mostly Cloudy,15,15,25
10:48:09,Mostly Cloudy,15,15,25
10:50:09,Mostly Cloudy / Windy,16,16,33
10:52:08,Mostly Cloudy / Windy,16,16,33
10:54:09,Mostly Cloudy / Windy,16,16,33
10:56:09,Mostly Cloudy / Windy,16,16,33
10:58:09,Mostly Cloudy / Windy,16,16,33
11:00:08,Mostly Cloudy / Windy,16,16,33
11:02:08,Mostly Cloudy / Windy,16,16,33
11:04:09,Mostly Cloudy / Windy,16,16,33
11:06:09,Mostly Cloudy / Windy,16,16,33
11:08:08,Mostly Cloudy / Windy,16,16,33
11:10:09,Mostly Cloudy / Windy,16,16,33
11:12:09,Mostly Cloudy / Windy,16,16,33
11:14:08,Mostly Cloudy / Windy,17,17,37
11:16:09,Mostly Cloudy / Windy,17,17,37
11:18:09,Mostly Cloudy / Windy,17,17,37
11:20:09,Mostly Cloudy / Windy,17,17,37
11:22:09,Mostly Cloudy / Windy,17,17,37
11:24:09,Mostly Cloudy / Windy,17,17,37
11:26:08,Mostly Cloudy / Windy,17,17,37
11:28:08,Mostly Cloudy / Windy,17,17,37
11:30:09,Mostly Cloudy / Windy,17,17,37
11:32:09,Mostly Cloudy / Windy,17,17,37
11:34:08,Mostly Cloudy / Windy,17,17,37
11:36:08,Mostly Cloudy / Windy,17,17,37
11:38:08,Mostly Cloudy / Windy,17,17,37
11:40:09,Mostly Cloudy / Windy,17,17,37
11:42:09,Mostly Cloudy / Windy,17,17,37
11:44:09,Mostly Cloudy / Windy,17,17,33
11:46:09,Mostly Cloudy / Windy,17,17,33
11:48:09,Mostly Cloudy / Windy,17,17,33
11:50:08,Mostly Cloudy / Windy,17,17,33
11:52:09,Mostly Cloudy / Windy,17,17,33
11:54:09,Mostly Cloudy / Windy,17,17,33
11:56:09,Mostly Cloudy / Windy,17,17,33
11:58:09,Mostly Cloudy / Windy,17,17,33
12:00:09,Mostly Cloudy / Windy,17,17,33
12:02:09,Mostly Cloudy / Windy,17,17,33
12:04:08,Mostly Cloudy / Windy,17,17,33
12:06:09,Mostly Cloudy / Windy,17,17,33
12:08:09,Mostly Cloudy / Windy,17,17,33
12:10:09,Mostly Cloudy / Windy,17,17,33
12:12:08,Mostly Cloudy / Windy,17,17,33
12:14:09,Mostly Cloudy / Windy,17,17,35
12:16:09,Mostly Cloudy / Windy,17,17,35
12:18:09,Mostly Cloudy / Windy,17,17,35
12:20:09,Mostly Cloudy / Windy,17,17,35
12:22:09,Mostly Cloudy / Windy,17,17,35
12:24:09,Mostly Cloudy / Windy,17,17,35
12:26:09,Mostly Cloudy / Windy,17,17,35
12:28:08,Mostly Cloudy / Windy,17,17,35
12:30:08,Mostly Cloudy / Windy,17,17,35
12:32:09,Mostly Cloudy / Windy,17,17,35
12:34:09,Mostly Cloudy / Windy,17,17,35
12:36:08,Mostly Cloudy / Windy,17,17,35
12:38:08,Mostly Cloudy / Windy,17,17,35
12:40:09,Mostly Cloudy / Windy,17,17,35
12:42:09,Mostly Cloudy / Windy,17,17,35
12:44:08,Mostly Cloudy / Windy,13,13,35
12:46:08,Mostly Cloudy / Windy,13,13,35
12:48:09,Mostly Cloudy / Windy,13,13,35
12:50:09,Mostly Cloudy / Windy,13,13,35
12:52:08,Mostly Cloudy / Windy,13,13,35
12:54:08,Mostly Cloudy / Windy,13,13,35
12:56:09,Mostly Cloudy / Windy,13,13,35
12:58:08,Mostly Cloudy / Windy,13,13,35
13:00:08,Mostly Cloudy / Windy,13,13,35
13:02:09,Mostly Cloudy / Windy,13,13,35
13:04:09,Mostly Cloudy / Windy,13,13,35
13:06:09,Mostly Cloudy / Windy,13,13,35
13:08:08,Mostly Cloudy / Windy,13,13,35
13:10:08,Mostly Cloudy / Windy,13,13,35
13:12:09,Mostly Cloudy / Windy,13,13,35
13:14:09,Mostly Cloudy / Windy,16,16,38
13:16:09,Mostly Cloudy / Windy,16,16,38
13:18:08,Mostly Cloudy / Windy,16,16,38
13:20:09,Mostly Cloudy / Windy,16,16,38
13:22:09,Mostly Cloudy / Windy,16,16,38
13:24:08,Mostly Cloudy / Windy,16,16,38
13:26:08,Mostly Cloudy / Windy,16,16,38
13:28:09,Mostly Cloudy / Windy,16,16,38
13:30:09,Mostly Cloudy / Windy,16,16,38
13:32:08,Mostly Cloudy / Windy,16,16,38
13:34:09,Mostly Cloudy / Windy,16,16,38
13:36:09,Mostly Cloudy / Windy,16,16,38
13:38:09,Mostly Cloudy / Windy,16,16,38
13:40:08,Mostly Cloudy / Windy,16,16,38
13:42:09,Mostly Cloudy / Windy,17,17,41
13:44:09,Mostly Cloudy / Windy,17,17,41
13:46:08,Mostly Cloudy / Windy,17,17,41
13:48:09,Mostly Cloudy / Windy,17,17,41
13:50:09,Mostly Cloudy / Windy,17,17,41
13:52:08,Mostly Cloudy / Windy,17,17,41
13:54:09,Mostly Cloudy / Windy,17,17,41
13:56:09,Mostly Cloudy / Windy,17,17,41
13:58:09,Mostly Cloudy / Windy,17,17,41
14:00:08,Mostly Cloudy / Windy,17,17,41
14:02:09,Mostly Cloudy / Windy,17,17,41
14:04:09,Mostly Cloudy / Windy,17,17,41
14:06:08,Mostly Cloudy / Windy,17,17,41
14:08:09,Mostly Cloudy / Windy,17,17,41
14:10:09,Mostly Cloudy / Windy,17,17,41
14:12:08,Mostly Cloudy / Windy,17,17,41
14:14:08,Mostly Cloudy / Windy,17,17,41
14:16:09,Mostly Cloudy / Windy,16,16,38
14:18:08,Mostly Cloudy / Windy,16,16,38
14:20:09,Mostly Cloudy / Windy,16,16,38
14:22:09,Mostly Cloudy / Windy,16,16,38
14:24:08,Mostly Cloudy / Windy,16,16,38
14:26:09,Mostly Cloudy / Windy,16,16,38
14:28:09,Mostly Cloudy / Windy,16,16,38
14:30:09,Mostly Cloudy / Windy,16,16,38
14:32:08,Mostly Cloudy / Windy,16,16,38
14:34:08,Mostly Cloudy / Windy,16,16,38
14:36:09,Mostly Cloudy / Windy,16,16,38
14:38:09,Mostly Cloudy / Windy,16,16,38
14:40:09,Mostly Cloudy / Windy,16,16,38
14:42:09,Mostly Cloudy / Windy,16,16,38
14:44:09,Mostly Cloudy / Windy,16,16,38
14:46:08,Partly Cloudy / Windy,16,16,35
14:48:09,Partly Cloudy / Windy,16,16,35
14:50:09,Partly Cloudy / Windy,16,16,35
14:52:09,Partly Cloudy / Windy,16,16,35
14:54:08,Partly Cloudy / Windy,16,16,35
14:56:09,Partly Cloudy / Windy,16,16,35
14:58:09,Partly Cloudy / Windy,16,16,35
15:00:09,Partly Cloudy / Windy,16,16,35
15:02:08,Partly Cloudy / Windy,16,16,35
15:04:08,Partly Cloudy / Windy,16,16,35
15:06:09,Partly Cloudy / Windy,16,16,35
15:08:08,Partly Cloudy / Windy,16,16,35
15:10:09,Showers in the Vicinity,17,17,37
15:12:09,Showers in the Vicinity,17,17,37
15:14:09,Showers in the Vicinity,17,17,37
15:16:08,Showers in the Vicinity,17,17,37
15:18:09,Showers in the Vicinity,17,17,37
15:20:08,Showers in the Vicinity,17,17,37
15:22:09,Showers in the Vicinity,17,17,37
15:24:09,Showers in the Vicinity,17,17,37
15:26:08,Showers in the Vicinity,17,17,37
15:28:08,Showers in the Vicinity,17,17,37
15:30:09,Showers in the Vicinity,17,17,37
15:32:09,Showers in the Vicinity,17,17,37
15:34:09,Showers in the Vicinity,17,17,37
15:36:09,Showers in the Vicinity,17,17,37
15:38:09,Showers in the Vicinity,17,17,37
15:40:09,Showers in the Vicinity,17,17,37
15:42:08,Showers in the Vicinity,17,17,37
15:44:08,Showers in the Vicinity,17,17,37
15:46:09,Showers in the Vicinity,16,16,38
15:48:09,Showers in the Vicinity,16,16,38
15:50:08,Showers in the Vicinity,16,16,38
15:52:09,Showers in the Vicinity,16,16,38
15:54:09,Showers in the Vicinity,16,16,38
15:56:08,Showers in the Vicinity,16,16,38
15:58:09,Showers in the Vicinity,16,16,38
16:00:09,Showers in the Vicinity,16,16,38
16:02:09,Showers in the Vicinity,16,16,38
16:04:08,Showers in the Vicinity,16,16,38
16:06:09,Showers in the Vicinity,16,16,38
16:08:08,Showers in the Vicinity,16,16,38
16:10:08,Light Rain Shower / Windy,13,13,35
16:12:09,Light Rain Shower / Windy,13,13,35
16:14:09,Light Rain Shower / Windy,13,13,35
16:16:09,Light Rain Shower / Windy,13,13,35
16:18:09,Light Rain Shower / Windy,13,13,35
16:20:09,Light Rain Shower / Windy,13,13,35
16:22:09,Light Rain Shower / Windy,13,13,35
16:24:09,Light Rain Shower / Windy,13,13,35
16:26:08,Light Rain Shower / Windy,13,13,35
16:28:08,Light Rain Shower / Windy,13,13,35
16:30:09,Light Rain Shower / Windy,13,13,35
16:32:09,Light Rain Shower / Windy,13,13,35
16:34:08,Light Rain Shower / Windy,13,13,35
16:36:09,Light Rain Shower / Windy,13,13,35
16:38:09,Light Rain Shower / Windy,13,13,35
16:40:08,Light Rain Shower / Windy,13,13,35
16:42:09,Light Rain Shower / Windy,13,13,35
16:44:09,Light Rain Shower / Windy,13,13,35
16:46:08,Light Rain Shower / Windy,13,13,35
16:48:08,Light Rain Shower / Windy,13,13,35
16:50:09,Light Rain Shower / Windy,13,13,35
16:52:09,Light Rain Shower / Windy,13,13,35
16:54:09,Light Rain Shower / Windy,13,13,35
16:56:09,Light Rain Shower / Windy,13,13,35
16:58:09,Light Rain Shower / Windy,13,13,35
17:00:08,Light Rain Shower / Windy,13,13,35
17:02:09,Light Rain Shower / Windy,13,13,35
17:04:09,Light Rain Shower / Windy,13,13,35
17:06:08,Light Rain Shower / Windy,13,13,35
17:08:08,Light Rain Shower / Windy,13,13,35
17:10:09,Light Rain Shower / Windy,13,13,35
17:12:09,Light Rain Shower / Windy,13,13,35
17:14:08,Light Rain Shower / Windy,13,13,35
17:16:09,Light Rain Shower / Windy,13,13,37
17:18:09,Light Rain Shower / Windy,13,13,37
17:20:08,Light Rain Shower / Windy,13,13,37
17:22:09,Light Rain Shower / Windy,13,13,37
17:24:09,Light Rain Shower / Windy,13,13,37
17:26:08,Light Rain Shower / Windy,13,13,37
17:28:08,Light Rain Shower / Windy,13,13,37
17:30:08,Light Rain Shower / Windy,13,13,37
17:32:09,Light Rain Shower / Windy,13,13,37
17:34:09,Light Rain Shower / Windy,13,13,37
17:36:09,Light Rain Shower / Windy,13,13,37
17:38:09,Light Rain Shower / Windy,13,13,37
17:40:08,Light Rain Shower / Windy,13,13,37
17:42:09,Light Rain Shower / Windy,13,13,37
17:44:09,Light Rain Shower / Windy,13,13,37
17:46:08,Light Rain Shower / Windy,13,13,37
17:48:09,Light Rain Shower / Windy,13,13,37
17:50:09,Light Rain Shower / Windy,13,13,37
17:52:08,Light Rain Shower / Windy,13,13,37
17:54:09,Light Rain Shower / Windy,13,13,37
17:56:09,Light Rain Shower / Windy,13,13,37
17:58:08,Light Rain Shower / Windy,13,13,37
18:00:09,Light Rain Shower / Windy,13,13,37
18:02:09,Light Rain Shower / Windy,13,13,37
18:04:09,Light Rain Shower / Windy,13,13,37
18:06:09,Light Rain Shower / Windy,13,13,37
18:08:09,Light Rain Shower / Windy,13,13,37
18:10:09,Light Rain Shower / Windy,13,13,37
18:12:08,Light Rain Shower / Windy,13,13,37
18:14:09,Light Rain Shower / Windy,13,13,37
18:16:09,Showers in the Vicinity,15,15,28
18:18:08,Showers in the Vicinity,15,15,28
18:20:09,Showers in the Vicinity,15,15,28
18:22:09,Showers in the Vicinity,15,15,28
18:24:08,Showers in the Vicinity,15,15,28
18:26:09,Showers in the Vicinity,15,15,28
18:28:09,Showers in the Vicinity,15,15,28
18:30:09,Showers in the Vicinity,15,15,28
18:32:09,Showers in the Vicinity,15,15,28
18:34:09,Showers in the Vicinity,15,15,28
18:36:09,Showers in the Vicinity,15,15,28
18:38:09,Showers in the Vicinity,15,15,28
18:40:09,Showers in the Vicinity,15,15,28
18:42:08,Showers in the Vicinity,15,15,28
18:44:09,Showers in the Vicinity,15,15,28
18:46:09,Showers in the Vicinity,15,15,28
18:48:09,Showers in the Vicinity,15,15,28
18:50:09,Showers in the Vicinity,15,15,28
18:52:09,Showers in the Vicinity,15,15,28
18:54:08,Showers in the Vicinity,15,15,28
18:56:09,Showers in the Vicinity,15,15,28
18:58:09,Showers in the Vicinity,15,15,28
19:00:09,Showers in the Vicinity,15,15,28
19:02:09,Showers in the Vicinity,15,15,28
19:04:09,Showers in the Vicinity,15,15,28
19:06:08,Showers in the Vicinity,15,15,28
19:08:09,Showers in the Vicinity,15,15,28
19:10:09,Showers in the Vicinity,15,15,28
19:12:08,Mostly Cloudy,12,12,28
19:14:09,Mostly Cloudy,12,12,28
19:16:09,Mostly Cloudy,12,12,28
19:18:08,Mostly Cloudy,12,12,28
19:20:09,Mostly Cloudy,12,12,28
19:22:09,Mostly Cloudy,12,12,28
19:24:08,Mostly Cloudy,12,12,28
19:26:09,Mostly Cloudy,12,12,28
19:28:09,Mostly Cloudy,12,12,28
19:30:09,Mostly Cloudy,12,12,28
19:32:09,Mostly Cloudy,12,12,28
19:34:09,Mostly Cloudy,12,12,28
19:36:09,Mostly Cloudy,12,12,28
19:38:09,Mostly Cloudy,12,12,28
19:40:09,Mostly Cloudy,12,12,28
19:42:08,Mostly Cloudy,12,12,28
19:44:09,Mostly Cloudy,12,12,28
19:46:09,Mostly Cloudy,12,12,28
19:48:09,Mostly Cloudy,12,12,28
19:50:08,Mostly Cloudy,12,12,28
19:52:09,Mostly Cloudy,12,12,28
19:54:09,Mostly Cloudy,12,12,28
19:56:09,Mostly Cloudy,12,12,28
19:58:09,Mostly Cloudy,12,12,28
20:00:09,Mostly Cloudy,12,12,28
20:02:09,Mostly Cloudy,12,12,28
20:04:09,Mostly Cloudy,12,12,28
20:06:09,Mostly Cloudy,12,12,28
20:08:08,Mostly Cloudy,12,12,28
20:10:09,Mostly Cloudy,12,12,28
20:12:09,Partly Cloudy,12,12,27
20:14:09,Partly Cloudy,12,12,27
20:16:08,Partly Cloudy,12,12,27
20:18:09,Partly Cloudy,12,12,27
20:20:09,Partly Cloudy,12,12,27
20:22:08,Partly Cloudy,12,12,27
20:24:09,Partly Cloudy,12,12,27
20:26:09,Partly Cloudy,12,12,27
20:28:09,Partly Cloudy,12,12,27
20:30:08,Partly Cloudy,12,12,27
20:32:08,Partly Cloudy,12,12,27
20:34:09,Partly Cloudy,12,12,27
20:36:08,Partly Cloudy,12,12,27
20:38:08,Partly Cloudy,12,12,27
20:40:09,Partly Cloudy,12,12,27
20:42:09,Partly Cloudy,12,12,27
20:44:08,Partly Cloudy,12,12,27
20:46:08,Partly Cloudy,12,12,27
20:48:09,Partly Cloudy,12,12,27
20:50:09,Partly Cloudy,12,12,27
20:52:08,Partly Cloudy,12,12,27
20:54:09,Partly Cloudy,12,12,27
20:56:08,Partly Cloudy,12,12,27
20:58:08,Partly Cloudy,12,12,27
21:00:09,Partly Cloudy,12,12,27
21:02:09,Partly Cloudy,12,12,27
21:04:08,Partly Cloudy,12,12,27
21:06:09,Partly Cloudy,12,12,27
21:08:09,Partly Cloudy,12,12,27
21:10:09,Partly Cloudy,12,12,27
21:12:09,Partly Cloudy,12,12,27
21:14:09,Partly Cloudy,12,12,27
21:16:08,Partly Cloudy,12,12,24
21:18:09,Partly Cloudy,12,12,24
21:20:09,Partly Cloudy,12,12,24
21:22:09,Partly Cloudy,12,12,24
21:24:08,Partly Cloudy,12,12,24
21:26:08,Partly Cloudy,12,12,24
21:28:09,Partly Cloudy,12,12,24
21:30:09,Partly Cloudy,12,12,24
21:32:09,Partly Cloudy,12,12,24
21:34:08,Partly Cloudy,12,12,24
21:36:09,Partly Cloudy,12,12,24
21:38:09,Partly Cloudy,12,12,24
21:40:08,Partly Cloudy,12,12,24
21:42:09,Partly Cloudy,12,12,24
21:44:09,Partly Cloudy,12,12,24
21:46:08,Partly Cloudy,12,12,24
21:48:08,Partly Cloudy,12,12,24
21:50:09,Partly Cloudy,12,12,24
21:52:09,Partly Cloudy,12,12,24
21:54:08,Partly Cloudy,12,12,24
21:56:09,Partly Cloudy,12,12,24
21:58:09,Partly Cloudy,12,12,24
22:00:08,Partly Cloudy,12,12,24
22:02:09,Partly Cloudy,12,12,24
22:04:09,Partly Cloudy,12,12,24
22:06:09,Partly Cloudy,12,12,24
22:08:09,Partly Cloudy,12,12,24
22:10:09,Partly Cloudy,12,12,24
22:12:09,Partly Cloudy,12,12,24
22:14:09,Partly Cloudy,12,12,24
22:16:08,Mostly Cloudy,12,12,22
22:18:09,Mostly Cloudy,12,12,22
22:20:09,Mostly Cloudy,12,12,22
22:22:09,Mostly Cloudy,12,12,22
22:24:09,Mostly Cloudy,12,12,22
22:26:09,Mostly Cloudy,12,12,22
22:28:08,Mostly Cloudy,12,12,22
22:30:09,Mostly Cloudy,12,12,22
22:32:09,Mostly Cloudy,12,12,22
22:34:09,Mostly Cloudy,12,12,22
22:36:08,Mostly Cloudy,12,12,22
22:38:08,Mostly Cloudy,12,12,22
22:40:09,Mostly Cloudy,12,12,22
22:42:09,Mostly Cloudy,12,12,22
22:44:08,Mostly Cloudy,12,12,22
22:46:09,Mostly Cloudy,12,12,22
22:48:09,Mostly Cloudy,12,12,22
22:50:08,Mostly Cloudy,12,12,22
22:52:09,Mostly Cloudy,12,12,22
22:54:09,Mostly Cloudy,12,12,22
22:56:09,Mostly Cloudy,12,12,22
22:58:09,Mostly Cloudy,12,12,22
23:00:08,Mostly Cloudy,12,12,22
23:02:09,Mostly Cloudy,12,12,22
23:04:09,Mostly Cloudy,12,12,22
23:06:08,Mostly Cloudy,12,12,22
23:08:09,Mostly Cloudy,12,12,22
23:10:09,Mostly Cloudy,12,12,22
23:12:08,Mostly Cloudy,12,12,22
23:14:09,Mostly Cloudy,12,12,22
23:16:09,Mostly Cloudy,12,12,22
23:18:09,Partly Cloudy,11,11,19
23:20:08,Partly Cloudy,11,11,19
23:22:09,Partly Cloudy,11,11,19
23:24:09,Partly Cloudy,11,11,19
23:26:09,Partly Cloudy,11,11,19
23:28:08,Partly Cloudy,11,11,19
23:30:09,Partly Cloudy,11,11,19
23:32:09,Partly Cloudy,11,11,19
23:34:09,Partly Cloudy,11,11,19
23:36:09,Partly Cloudy,11,11,19
23:38:08,Partly Cloudy,11,11,19
23:40:09,Partly Cloudy,11,11,19
23:42:09,Partly Cloudy,11,11,19
23:44:08,Partly Cloudy,11,11,19
23:46:09,Partly Cloudy,11,11,19
23:48:09,Partly Cloudy,11,11,19
23:50:08,Partly Cloudy,11,11,19
23:52:09,Partly Cloudy,11,11,19
23:54:09,Partly Cloudy,11,11,19
23:56:09,Partly Cloudy,11,11,19
23:58:09,Partly Cloudy,11,11,19
