Time,Weather,Temperature,Feels_Like,Wind_Speed
00:00:08,Partly Cloudy,8,7,12
00:02:09,Partly Cloudy,8,7,12
00:04:09,Partly Cloudy,8,7,12
00:06:09,Partly Cloudy,8,7,12
00:08:09,Partly Cloudy,8,7,12
00:10:09,Partly Cloudy,8,7,12
00:12:08,Partly Cloudy,8,6,14
00:14:09,Partly Cloudy,8,6,14
00:16:09,Partly Cloudy,8,6,14
00:18:08,Partly Cloudy,8,6,14
00:20:09,Partly Cloudy,8,6,14
00:22:09,Partly Cloudy,8,6,14
00:24:09,Partly Cloudy,8,6,14
00:26:08,Partly Cloudy,8,6,14
00:28:09,Partly Cloudy,8,6,14
00:30:09,Partly Cloudy,8,6,14
00:32:09,Partly Cloudy,8,6,14
00:34:08,Partly Cloudy,8,6,14
00:36:09,Partly Cloudy,8,6,14
00:38:09,Partly Cloudy,8,6,14
00:40:08,Partly Cloudy,8,6,14
00:42:08,Partly Cloudy,8,6,14
00:44:09,Partly Cloudy,8,6,14
00:46:09,Partly Cloudy,8,6,14
00:48:08,Partly Cloudy,8,6,14
00:50:08,Partly Cloudy,8,6,14
00:52:09,Partly Cloudy,8,6,14
00:54:09,Partly Cloudy,8,6,14
00:56:08,Partly Cloudy,8,6,14
00:58:08,Partly Cloudy,8,6,14
01:00:16,Partly Cloudy,8,6,14
01:02:09,Partly Cloudy,8,6,14
01:04:09,Partly Cloudy,8,6,14
01:06:08,Partly Cloudy,8,6,14
01:08:08,Partly Cloudy,8,6,14
01:10:09,Fair,7,4,12
01:12:09,Fair,7,4,12
01:14:09,Fair,7,4,12
01:16:08,Fair,7,4,12
01:18:09,Fair,7,4,12
01:20:09,Fair,7,4,12
01:22:08,Fair,7,4,12
01:24:08,Fair,7,4,12
01:26:09,Fair,7,4,12
01:28:09,Fair,7,4,12
01:30:08,Fair,7,4,12
01:32:09,Fair,7,4,12
01:34:09,Fair,7,4,12
01:36:09,Fair,7,4,12
01:38:08,Fair,7,4,12
01:40:09,Fair,7,4,12
01:42:09,Fair,7,4,12
01:44:09,Fair,7,4,12
01:46:08,Fair,7,4,12
01:48:09,Fair,7,4,12
01:50:09,Fair,7,4,12
01:52:08,Fair,7,4,12
01:54:09,Fair,7,4,12
01:56:09,Fair,7,4,12
01:58:09,Fair,7,4,12
02:00:09,Fair,7,4,12
02:02:08,Fair,7,4,12
02:04:09,Fair,7,4,12
02:06:09,Fair,7,4,12
02:08:09,Fair,7,4,12
02:10:08,Fair,7,4,12
02:12:08,Fair,7,4,12
02:14:09,Fair,7,4,12
02:16:09,Fair,7,5,14
02:18:09,Fair,7,5,14
02:20:09,Fair,7,5,14
02:22:08,Fair,7,5,14
02:24:09,Fair,7,5,14
02:26:09,Fair,7,5,14
02:28:09,Fair,7,5,14
02:30:08,Fair,7,5,14
02:32:09,Fair,7,5,14
02:34:09,Fair,7,5,14
02:36:09,Fair,7,5,14
02:38:08,Fair,7,5,14
02:40:09,Fair,7,5,14
02:42:08,Fair,7,5,14
02:44:09,Fair,7,5,14
02:46:09,Fair,7,5,14
02:48:08,Fair,7,5,14
02:50:09,Fair,7,5,14
02:52:09,Fair,7,5,14
02:54:08,Fair,7,5,14
02:56:08,Fair,7,5,14
02:58:09,Fair,7,5,14
03:00:09,Fair,7,5,14
03:02:09,Fair,7,5,14
03:04:08,Fair,7,5,14
03:06:09,Fair,7,5,14
03:08:09,Fair,7,5,14
03:10:09,Fair,7,5,19
03:12:09,Fair,7,5,19
03:14:09,Fair,7,5,19
03:16:08,Fair,7,5,19
03:18:09,Fair,7,5,19
03:20:09,Fair,7,5,19
03:22:08,Fair,7,5,19
03:24:09,Fair,7,5,19
03:26:09,Fair,7,5,19
03:28:08,Fair,7,5,19
03:30:09,Fair,7,5,19
03:32:09,Fair,7,5,19
03:34:09,Fair,7,5,19
03:36:09,Fair,7,5,19
03:38:08,Fair,7,5,19
03:40:09,Fair,7,5,19
03:42:09,Fair,7,5,19
03:44:09,Fair,7,5,19
03:46:09,Fair,7,5,19
03:48:09,Fair,7,5,19
03:50:09,Fair,7,5,19
03:52:09,Fair,7,5,19
03:54:09,Fair,7,5,19
03:56:08,Fair,7,5,19
03:58:08,Fair,7,5,19
04:00:09,Fair,7,5,19
04:02:09,Fair,7,5,19
04:04:09,Fair,7,5,19
04:06:08,Fair,7,5,19
04:08:08,Fair,7,5,19
04:10:09,Fair,7,5,19
04:12:08,Fair,7,5,19
04:14:08,Fair,7,5,19
04:16:09,Mostly Cloudy,7,4,22
04:18:09,Mostly Cloudy,7,4,22
04:20:08,Mostly Cloudy,7,4,22
04:22:09,Mostly Cloudy,7,4,22
04:24:09,Mostly Cloudy,7,4,22
04:26:08,Mostly Cloudy,7,4,22
04:28:08,Mostly Cloudy,7,4,22
04:30:09,Mostly Cloudy,7,4,22
04:32:09,Mostly Cloudy,7,4,22
04:34:08,Mostly Cloudy,7,4,22
04:36:09,Mostly Cloudy,7,4,22
04:38:09,Mostly Cloudy,7,4,22
04:40:08,Mostly Cloudy,7,4,22
04:42:09,Mostly Cloudy,7,4,22
04:44:09,Mostly Cloudy,7,4,22
04:46:09,Mostly Cloudy,7,4,22
04:48:08,Mostly Cloudy,7,4,22
04:50:09,Mostly Cloudy,7,4,22
04:52:09,Mostly Cloudy,7,4,22
04:54:08,Mostly Cloudy,7,4,22
04:56:08,Mostly Cloudy,7,4,22
04:58:09,Mostly Cloudy,7,4,22
05:00:09,Mostly Cloudy,7,4,22
05:02:09,Mostly Cloudy,7,4,22
05:04:08,Mostly Cloudy,7,4,22
05:06:09,Mostly Cloudy,7,4,22
05:08:09,Mostly Cloudy,7,4,22
05:10:09,Mostly Cloudy,7,4,22
05:12:08,Mostly Cloudy,7,4,22
05:14:09,Mostly Cloudy,7,4,22
05:16:09,Partly Cloudy,8,6,20
05:18:08,Partly Cloudy,8,6,20
05:20:08,Partly Cloudy,8,6,20
05:22:09,Partly Cloudy,8,6,20
05:24:09,Partly Cloudy,8,6,20
05:26:09,Partly Cloudy,8,6,20
05:28:08,Partly Cloudy,8,6,20
05:30:09,Partly Cloudy,8,6,20
05:32:09,Partly Cloudy,8,6,20
05:34:08,Partly Cloudy,8,6,20
05:36:09,Partly Cloudy,8,6,20
05:38:09,Partly Cloudy,8,6,20
05:40:08,Partly Cloudy,8,6,20
05:42:09,Partly Cloudy,8,6,20
05:44:09,Partly Cloudy,8,6,20
05:46:08,Partly Cloudy,8,6,20
05:48:09,Partly Cloudy,8,6,20
05:50:09,Partly Cloudy,8,6,20
05:52:09,Partly Cloudy,8,6,20
05:54:08,Partly Cloudy,8,6,20
05:56:09,Partly Cloudy,8,6,20
05:58:09,Partly Cloudy,8,6,20
06:00:09,Partly Cloudy,8,6,20
06:02:09,Partly Cloudy,8,6,20
06:04:08,Partly Cloudy,8,6,20
06:06:09,Partly Cloudy,8,6,20
06:08:09,Partly Cloudy,8,6,20
06:10:09,Partly Cloudy,10,10,20
06:12:09,Partly Cloudy,10,10,20
06:14:09,Partly Cloudy,10,10,20
06:16:09,Partly Cloudy,10,10,20
06:18:08,Partly Cloudy,10,10,20
06:20:09,Partly Cloudy,10,10,20
06:22:09,Partly Cloudy,10,10,20
06:24:08,Partly Cloudy,10,10,20
06:26:09,Partly Cloudy,10,10,20
06:28:09,Partly Cloudy,10,10,20
06:30:09,Partly Cloudy,10,10,20
06:32:08,Partly Cloudy,10,10,20
06:34:08,Partly Cloudy,10,10,20
06:36:09,Partly Cloudy,10,10,20
06:38:09,Partly Cloudy,10,10,20
06:40:09,Partly Cloudy,10,10,20
06:42:08,Partly Cloudy,10,10,20
06:44:09,Partly Cloudy,10,10,20
06:46:09,Partly Cloudy,10,10,20
06:48:08,Partly Cloudy,10,10,20
06:50:09,Partly Cloudy,10,10,20
06:52:09,Partly Cloudy,10,10,20
06:54:09,Partly Cloudy,10,10,20
06:56:08,Partly Cloudy,10,10,20
06:58:09,Partly Cloudy,10,10,20
07:00:09,Partly Cloudy,10,10,20
07:02:09,Partly Cloudy,10,10,20
07:04:09,Partly Cloudy,10,10,20
07:06:08,Partly Cloudy,10,10,20
07:08:08,Partly Cloudy,10,10,20
07:10:09,Partly Cloudy,10,10,20
07:12:09,Partly Cloudy,10,10,20
07:14:08,Partly Cloudy,10,10,20
07:16:08,Partly Cloudy,11,11,24
07:18:09,Partly Cloudy,11,11,24
07:20:09,Partly Cloudy,11,11,24
07:22:09,Partly Cloudy,11,11,24
07:24:09,Partly Cloudy,11,11,24
07:26:09,Partly Cloudy,11,11,24
07:28:08,Partly Cloudy,11,11,24
07:30:09,Partly Cloudy,11,11,24
07:32:09,Partly Cloudy,11,11,24
07:34:09,Partly Cloudy,11,11,24
07:36:08,Partly Cloudy,11,11,24
07:38:08,Partly Cloudy,11,11,24
07:40:08,Partly Cloudy,11,11,24
07:42:09,Partly Cloudy,11,11,24
07:44:09,Partly Cloudy,11,11,24
07:46:09,Partly Cloudy,11,11,24
07:48:08,Partly Cloudy,11,11,24
07:50:08,Partly Cloudy,11,11,24
07:52:09,Partly Cloudy,11,11,24
07:54:09,Partly Cloudy,11,11,24
07:56:09,Partly Cloudy,11,11,24
07:58:09,Partly Cloudy,11,11,24
08:00:08,Partly Cloudy,11,11,24
08:02:09,Partly Cloudy,11,11,24
08:04:09,Partly Cloudy,11,11,24
08:06:09,Partly Cloudy,11,11,24
08:08:08,Partly Cloudy,11,11,24
08:10:09,Partly Cloudy,11,11,24
08:12:09,Partly Cloudy,11,11,24
08:14:09,Partly Cloudy,11,11,24
08:16:08,Partly Cloudy,11,11,24
08:18:09,Partly Cloudy,11,11,24
08:20:09,Partly Cloudy,11,11,24
08:22:08,Partly Cloudy,11,11,24
08:24:09,Partly Cloudy,11,11,24
08:26:09,Partly Cloudy,11,11,24
08:28:08,Partly Cloudy,11,11,24
08:30:09,Partly Cloudy,11,11,24
08:32:09,Partly Cloudy,11,11,24
08:34:09,Partly Cloudy,11,11,24
08:36:08,Partly Cloudy,11,11,24
08:38:09,Partly Cloudy,11,11,24
08:40:09,Partly Cloudy,11,11,24
08:42:09,Partly Cloudy,11,11,24
08:44:09,Partly Cloudy,11,11,24
08:46:08,Partly Cloudy,11,11,24
08:48:09,Partly Cloudy,11,11,24
08:50:09,Partly Cloudy,11,11,24
08:52:09,Partly Cloudy,11,11,24
08:54:08,Partly Cloudy,11,11,24
08:56:09,Partly Cloudy,11,11,24
08:58:09,Partly Cloudy,11,11,24
09:00:09,Partly Cloudy,11,11,24
09:02:09,Partly Cloudy,11,11,24
09:04:08,Partly Cloudy,11,11,24
09:06:08,Partly Cloudy,11,11,24
09:08:09,Partly Cloudy,11,11,24
09:10:09,Partly Cloudy,11,11,24
09:12:09,Partly Cloudy,11,11,24
09:14:08,Partly Cloudy,11,11,24
09:16:09,Mostly Cloudy,12,12,27
09:18:09,Mostly Cloudy,12,12,27
09:20:08,Mostly Cloudy,12,12,27
09:22:08,Mostly Cloudy,12,12,27
09:24:09,Mostly Cloudy,12,12,27
09:26:09,Mostly Cloudy,12,12,27
09:28:09,Mostly Cloudy,12,12,27
09:30:08,Mostly Cloudy,12,12,27
09:32:08,Mostly Cloudy,12,12,27
09:34:09,Mostly Cloudy,12,12,27
09:36:09,Mostly Cloudy,12,12,27
09:38:09,Mostly Cloudy,12,12,27
09:40:08,Mostly Cloudy,12,12,27
09:42:08,Mostly Cloudy,12,12,27
09:44:09,Mostly Cloudy,12,12,27
09:46:09,Mostly Cloudy,12,12,27
09:48:08,Mostly Cloudy,12,12,27
09:50:08,Mostly Cloudy,12,12,27
09:52:09,Mostly Cloudy,12,12,27
09:54:09,Mostly Cloudy,12,12,27
09:56:08,Mostly Cloudy,12,12,27
09:58:08,Mostly Cloudy,12,12,27
10:00:09,Mostly Cloudy,12,12,27
10:02:09,Mostly Cloudy,12,12,27
10:04:08,Mostly Cloudy,12,12,27
10:06:08,Mostly Cloudy,12,12,27
10:08:08,Mostly Cloudy,12,12,27
10:10:09,Mostly Cloudy,12,12,27
10:12:09,Mostly Cloudy,12,12,27
10:14:08,Mostly Cloudy,12,12,25
10:16:09,Mostly Cloudy,12,12,25
10:18:09,Mostly Cloudy,12,12,25
10:20:08,Mostly Cloudy,12,12,25
10:22:09,Mostly Cloudy,12,12,25
10:24:09,Mostly Cloudy,12,12,25
10:26:09,Mostly Cloudy,12,12,25
10:28:08,Mostly Cloudy,12,12,25
10:30:08,Mostly Cloudy,12,12,25
10:32:08,Mostly Cloudy,12,12,25
10:34:09,Mostly Cloudy,12,12,25
10:36:09,Mostly Cloudy,12,12,25
10:38:08,Mostly Cloudy,12,12,25
10:40:09,Mostly Cloudy,12,12,25
10:42:09,Mostly Cloudy,12,12,25
10:44:09,Mostly Cloudy,12,12,25
10:46:09,Mostly Cloudy,12,12,25
10:48:09,Mostly Cloudy,12,12,25
10:50:09,Mostly Cloudy,12,12,25
10:52:09,Mostly Cloudy,12,12,25
10:54:08,Mostly Cloudy,12,12,25
10:56:09,Mostly Cloudy,12,12,25
10:58:09,Mostly Cloudy,12,12,25
11:00:08,Mostly Cloudy,12,12,25
11:02:09,Mostly Cloudy,12,12,25
11:04:09,Mostly Cloudy,12,12,25
11:06:09,Mostly Cloudy,12,12,25
11:08:08,Mostly Cloudy,12,12,25
11:10:09,Mostly Cloudy,12,12,25
11:12:09,Partly Cloudy,12,12,24
11:14:09,Partly Cloudy,12,12,24
11:16:08,Partly Cloudy,12,12,24
11:18:09,Partly Cloudy,12,12,24
11:20:09,Partly Cloudy,12,12,24
11:22:08,Partly Cloudy,12,12,24
11:24:08,Partly Cloudy,12,12,24
11:26:09,Partly Cloudy,12,12,24
11:28:09,Partly Cloudy,12,12,24
11:30:08,Partly Cloudy,12,12,24
11:32:09,Partly Cloudy,12,12,24
11:34:09,Partly Cloudy,12,12,24
11:36:08,Partly Cloudy,12,12,24
11:38:08,Partly Cloudy,12,12,24
11:40:09,Partly Cloudy,12,12,24
11:42:09,Partly Cloudy,12,12,24
11:44:09,Partly Cloudy,12,12,24
11:46:09,Partly Cloudy,12,12,24
11:48:09,Partly Cloudy,12,12,24
11:50:08,Partly Cloudy,12,12,24
11:52:09,Partly Cloudy,12,12,24
11:54:09,Partly Cloudy,12,12,24
11:56:08,Partly Cloudy,12,12,24
11:58:08,Partly Cloudy,12,12,24
12:00:09,Partly Cloudy,12,12,24
12:02:09,Partly Cloudy,12,12,24
12:04:08,Partly Cloudy,12,12,24
12:06:09,Partly Cloudy,12,12,24
12:08:09,Partly Cloudy,12,12,24
12:10:08,Partly Cloudy,12,12,24
12:12:08,Partly Cloudy,12,12,24
12:14:09,Partly Cloudy,12,12,24
12:16:09,Partly Cloudy,12,12,24
12:18:09,Partly Cloudy,16,16,22
12:20:09,Partly Cloudy,16,16,22
12:22:09,Partly Cloudy,16,16,22
12:24:08,Partly Cloudy,16,16,22
12:26:09,Partly Cloudy,16,16,22
12:28:09,Partly Cloudy,16,16,22
12:30:08,Partly Cloudy,16,16,22
12:32:09,Partly Cloudy,16,16,22
12:34:09,Partly Cloudy,16,16,22
12:36:09,Partly Cloudy,16,16,22
12:38:09,Partly Cloudy,16,16,22
12:40:08,Partly Cloudy,16,16,22
12:42:09,Partly Cloudy,16,16,22
12:44:09,Partly Cloudy,16,16,22
12:46:08,Partly Cloudy,16,16,22
12:48:09,Partly Cloudy,16,16,22
12:50:09,Partly Cloudy,16,16,22
12:52:09,Partly Cloudy,16,16,22
12:54:08,Partly Cloudy,16,16,22
12:56:08,Partly Cloudy,16,16,22
12:58:09,Partly Cloudy,16,16,22
13:00:09,Partly Cloudy,16,16,22
13:02:09,Partly Cloudy,16,16,22
13:04:08,Partly Cloudy,16,16,22
13:06:09,Partly Cloudy,16,16,22
13:08:09,Partly Cloudy,16,16,22
13:10:08,Partly Cloudy,16,16,22
13:12:09,Light Rain Shower,12,12,24
13:14:09,Light Rain Shower,12,12,24
13:16:09,Light Rain Shower,12,12,24
13:18:09,Light Rain Shower,12,12,24
13:20:09,Light Rain Shower,12,12,24
13:22:08,Light Rain Shower,12,12,24
13:24:08,Light Rain Shower,12,12,24
13:26:09,Light Rain Shower,12,12,24
13:28:09,Light Rain Shower,12,12,24
13:30:09,Light Rain Shower,12,12,24
13:32:09,Light Rain Shower,12,12,24
13:34:09,Light Rain Shower,12,12,24
13:36:08,Light Rain Shower,12,12,24
13:38:08,Light Rain Shower,12,12,24
13:40:09,Light Rain Shower,12,12,24
13:42:09,Light Rain Shower,12,12,24
13:44:09,Light Rain Shower,12,12,24
13:46:08,Light Rain Shower,12,12,24
13:48:09,Light Rain Shower,12,12,24
13:50:09,Light Rain Shower,12,12,24
13:52:09,Light Rain Shower,12,12,24
13:54:09,Light Rain Shower,12,12,24
13:56:09,Light Rain Shower,12,12,24
13:58:08,Light Rain Shower,12,12,24
14:00:08,Light Rain Shower,12,12,24
14:02:09,Light Rain Shower,12,12,24
14:04:09,Light Rain Shower,12,12,24
14:06:09,Light Rain Shower,12,12,24
14:08:08,Light Rain Shower,12,12,24
14:10:09,Light Rain Shower,12,12,24
14:12:09,Mostly Cloudy,13,13,19
14:14:09,Mostly Cloudy,13,13,19
14:16:08,Mostly Cloudy,13,13,19
14:18:09,Mostly Cloudy,13,13,19
14:20:09,Mostly Cloudy,13,13,19
14:22:08,Mostly Cloudy,13,13,19
14:24:09,Mostly Cloudy,13,13,19
14:26:09,Mostly Cloudy,13,13,19
14:28:09,Mostly Cloudy,13,13,19
14:30:08,Mostly Cloudy,13,13,19
14:32:08,Mostly Cloudy,13,13,19
14:34:09,Mostly Cloudy,13,13,19
14:36:09,Mostly Cloudy,13,13,19
14:38:08,Mostly Cloudy,13,13,19
14:40:09,Mostly Cloudy,13,13,19
14:42:09,Mostly Cloudy,13,13,19
14:44:08,Mostly Cloudy,13,13,19
14:46:09,Mostly Cloudy,13,13,19
14:48:09,Mostly Cloudy,13,13,19
14:50:08,Mostly Cloudy,13,13,19
14:52:09,Mostly Cloudy,13,13,19
14:54:09,Mostly Cloudy,13,13,19
14:56:09,Mostly Cloudy,13,13,19
14:58:09,Mostly Cloudy,13,13,19
15:00:08,Mostly Cloudy,13,13,19
15:02:09,Mostly Cloudy,13,13,19
15:04:09,Mostly Cloudy,13,13,19
15:06:08,Mostly Cloudy,13,13,19
15:08:09,Mostly Cloudy,13,13,19
15:10:09,Mostly Cloudy,13,13,19
15:12:08,Mostly Cloudy,13,13,19
15:14:09,Mostly Cloudy,13,13,19
15:16:09,Mostly Cloudy,13,13,19
15:18:09,Light Rain Shower,15,15,25
15:20:09,Light Rain Shower,15,15,25
15:22:09,Light Rain Shower,15,15,25
15:24:09,Light Rain Shower,15,15,25
15:26:09,Light Rain Shower,15,15,25
15:28:09,Light Rain Shower,15,15,25
15:30:09,Light Rain Shower,15,15,25
15:32:08,Light Rain Shower,15,15,25
15:34:08,Light Rain Shower,15,15,25
15:36:08,Light Rain Shower,15,15,25
15:38:09,Light Rain Shower,15,15,25
15:40:09,Light Rain Shower,15,15,25
15:42:09,Light Rain Shower,15,15,25
15:44:08,Light Rain Shower,15,15,25
15:46:09,Light Rain Shower,15,15,25
15:48:09,Light Rain Shower,15,15,25
15:50:09,Light Rain Shower,15,15,25
15:52:09,Light Rain Shower,15,15,25
15:54:09,Light Rain Shower,15,15,25
15:56:08,Light Rain Shower,15,15,25
15:58:09,Light Rain Shower,15,15,25
16:00:09,Light Rain Shower,15,15,25
16:02:08,Light Rain Shower,15,15,25
16:04:09,Light Rain Shower,15,15,25
16:06:09,Light Rain Shower,15,15,25
16:08:09,Light Rain Shower,15,15,25
16:10:08,Mostly Cloudy,13,13,20
16:12:09,Mostly Cloudy,13,13,20
16:14:09,Mostly Cloudy,13,13,20
16:16:09,Mostly Cloudy,13,13,20
16:18:08,Mostly Cloudy,13,13,20
16:20:09,Mostly Cloudy,13,13,20
16:22:09,Mostly Cloudy,13,13,20
16:24:09,Mostly Cloudy,13,13,20
16:26:09,Mostly Cloudy,13,13,20
16:28:09,Mostly Cloudy,13,13,20
16:30:09,Mostly Cloudy,13,13,20
16:32:08,Mostly Cloudy,13,13,20
16:34:08,Mostly Cloudy,13,13,20
16:36:08,Mostly Cloudy,13,13,20
16:38:09,Mostly Cloudy,13,13,20
16:40:09,Mostly Cloudy,13,13,20
16:42:08,Mostly Cloudy,13,13,20
16:44:09,Mostly Cloudy,13,13,20
16:46:09,Mostly Cloudy,13,13,20
16:48:09,Mostly Cloudy,13,13,20
16:50:09,Mostly Cloudy,13,13,20
16:52:09,Mostly Cloudy,13,13,20
16:54:09,Mostly Cloudy,13,13,20
16:56:09,Mostly Cloudy,13,13,20
16:58:09,Mostly Cloudy,13,13,20
17:00:08,Mostly Cloudy,13,13,20
17:02:09,Mostly Cloudy,13,13,20
17:04:09,Mostly Cloudy,13,13,20
17:06:08,Mostly Cloudy,13,13,20
17:08:08,Mostly Cloudy,13,13,20
17:10:09,Mostly Cloudy,13,13,20
17:12:09,Mostly Cloudy,13,13,20
17:14:09,Mostly Cloudy,13,13,20
17:16:08,Mostly Cloudy,15,15,19
17:18:09,Mostly Cloudy,15,15,19
17:20:09,Mostly Cloudy,15,15,19
17:22:08,Mostly Cloudy,15,15,19
17:24:08,Mostly Cloudy,15,15,19
17:26:09,Mostly Cloudy,15,15,19
17:28:09,Mostly Cloudy,15,15,19
17:30:09,Mostly Cloudy,15,15,19
17:32:08,Mostly Cloudy,15,15,19
17:34:08,Mostly Cloudy,15,15,19
17:36:08,Mostly Cloudy,15,15,19
17:38:09,Mostly Cloudy,15,15,19
17:40:09,Mostly Cloudy,15,15,19
17:42:08,Mostly Cloudy,15,15,19
17:44:09,Mostly Cloudy,15,15,19
17:46:09,Mostly Cloudy,15,15,19
17:48:09,Mostly Cloudy,15,15,19
17:50:09,Mostly Cloudy,15,15,19
17:52:08,Mostly Cloudy,15,15,19
17:54:09,Mostly Cloudy,15,15,19
17:56:09,Mostly Cloudy,15,15,19
17:58:09,Mostly Cloudy,15,15,19
18:00:08,Mostly Cloudy,15,15,19
18:02:08,Mostly Cloudy,15,15,19
18:04:09,Mostly Cloudy,15,15,19
18:06:09,Mostly Cloudy,15,15,19
18:08:09,Mostly Cloudy,15,15,19
18:10:08,Mostly Cloudy,13,13,14
18:12:09,Mostly Cloudy,13,13,14
18:14:09,Mostly Cloudy,13,13,14
18:16:08,Mostly Cloudy,13,13,14
18:18:09,Mostly Cloudy,13,13,14
18:20:09,Mostly Cloudy,13,13,14
18:22:08,Mostly Cloudy,13,13,14
18:24:09,Mostly Cloudy,13,13,14
18:26:09,Mostly Cloudy,13,13,14
18:28:09,Mostly Cloudy,13,13,14
18:30:09,Mostly Cloudy,13,13,14
18:32:09,Mostly Cloudy,13,13,14
18:34:08,Mostly Cloudy,13,13,14
18:36:08,Mostly Cloudy,13,13,14
18:38:09,Mostly Cloudy,13,13,14
18:40:09,Mostly Cloudy,13,13,14
18:42:09,Mostly Cloudy,13,13,14
18:44:08,Mostly Cloudy,13,13,14
18:46:08,Mostly Cloudy,13,13,14
18:48:09,Mostly Cloudy,13,13,14
18:50:09,Mostly Cloudy,13,13,14
18:52:09,Mostly Cloudy,13,13,14
18:54:09,Mostly Cloudy,13,13,14
18:56:09,Mostly Cloudy,13,13,14
18:58:08,Mostly Cloudy,13,13,14
19:00:09,Mostly Cloudy,13,13,14
19:02:09,Mostly Cloudy,13,13,14
19:04:08,Mostly Cloudy,13,13,14
19:06:09,Mostly Cloudy,13,13,14
19:08:09,Light Rain,12,12,16
19:10:09,Light Rain,12,12,16
19:12:08,Light Rain,12,12,16
19:14:09,Light Rain,12,12,16
19:16:09,Light Rain,12,12,16
19:18:09,Light Rain,12,12,16
19:20:08,Light Rain,12,12,16
19:22:09,Light Rain,12,12,16
19:24:09,Light Rain,12,12,16
19:26:08,Light Rain,12,12,16
19:28:09,Light Rain,12,12,16
19:30:09,Light Rain,12,12,16
19:32:09,Light Rain,12,12,16
19:34:09,Light Rain,12,12,16
19:36:08,Light Rain,12,12,16
19:38:09,Light Rain,12,12,16
19:40:09,Light Rain,12,12,16
19:42:09,Light Rain,12,12,16
19:44:09,Light Rain,12,12,16
19:46:08,Light Rain,12,12,16
19:48:09,Light Rain,12,12,16
19:50:09,Light Rain,12,12,16
19:52:08,Light Rain,12,12,16
19:54:09,Light Rain,12,12,16
19:56:09,Light Rain,12,12,16
19:58:09,Light Rain,12,12,16
20:00:09,Light Rain,12,12,16
20:02:08,Light Rain,12,12,16
20:04:09,Light Rain,12,12,16
20:06:08,Light Rain,12,12,16
20:08:09,Light Rain,12,12,16
20:10:09,Light Rain,12,12,16
20:12:09,Light Rain,12,12,16
20:14:09,Light Rain,12,12,16
20:16:08,Light Rain,11,11,19
20:18:09,Light Rain,11,11,19
20:20:08,Light Rain,11,11,19
20:22:08,Light Rain,11,11,19
20:24:09,Light Rain,11,11,19
20:26:09,Light Rain,11,11,19
20:28:08,Light Rain,11,11,19
20:30:09,Light Rain,11,11,19
20:32:09,Light Rain,11,11,19
20:34:09,Light Rain,11,11,19
20:36:08,Light Rain,11,11,19
20:38:08,Light Rain,11,11,19
20:40:09,Light Rain,11,11,19
20:42:09,Light Rain,11,11,19
20:44:08,Light Rain,11,11,19
20:46:08,Light Rain,11,11,19
20:48:09,Light Rain,11,11,19
20:50:08,Light Rain,11,11,19
20:52:08,Light Rain,11,11,19
20:54:09,Light Rain,11,11,19
20:56:09,Light Rain,11,11,19
20:58:08,Light Rain,11,11,19
21:00:08,Light Rain,11,11,19
21:02:09,Light Rain,11,11,19
21:04:09,Light Rain,11,11,19
21:06:08,Light Rain,11,11,19
21:08:08,Light Rain,11,11,19
21:10:09,Light Rain,11,11,19
21:12:09,Light Rain,11,11,19
21:14:09,Light Rain,10,10,9
21:16:09,Light Rain,10,10,9
21:18:09,Light Rain,10,10,9
21:20:09,Light Rain,10,10,9
21:22:08,Light Rain,10,10,9
21:24:08,Light Rain,10,10,9
21:26:09,Light Rain,10,10,9
21:28:09,Light Rain,10,10,9
21:30:08,Light Rain,10,10,9
21:32:09,Light Rain,10,10,9
21:34:09,Light Rain,10,10,9
21:36:09,Light Rain,10,10,9
21:38:09,Light Rain,10,10,9
21:40:09,Light Rain,10,10,9
21:42:09,Light Rain,10,10,9
21:44:08,Light Rain,10,10,9
21:46:09,Light Rain,10,10,9
21:48:09,Light Rain,10,10,9
21:50:08,Light Rain,10,10,9
21:52:09,Light Rain,10,10,9
21:54:09,Light Rain,10,10,9
21:56:08,Light Rain,10,10,9
21:58:08,Light Rain,10,10,9
22:00:09,Light Rain,10,10,9
22:02:09,Light Rain,10,10,9
22:04:08,Light Rain,10,10,9
22:06:08,Light Rain,10,10,9
22:08:09,Light Rain,10,10,9
22:10:09,Light Rain,10,10,9
22:12:09,Light Rain,10,10,14
22:14:08,Light Rain,10,10,14
22:16:09,Light Rain,10,10,14
22:18:09,Light Rain,10,10,14
22:20:08,Light Rain,10,10,14
22:22:08,Light Rain,10,10,14
22:24:09,Light Rain,10,10,14
22:26:09,Light Rain,10,10,14
22:28:09,Light Rain,10,10,14
22:30:08,Light Rain,10,10,14
22:32:09,Light Rain,10,10,14
22:34:09,Light Rain,10,10,14
22:36:09,Light Rain,10,10,14
22:38:09,Light Rain,10,10,14
22:40:08,Light Rain,10,10,14
22:42:08,Light Rain,10,10,14
22:44:09,Light Rain,10,10,14
22:46:09,Light Rain,10,10,14
22:48:08,Light Rain,10,10,14
22:50:08,Light Rain,10,10,14
22:52:09,Light Rain,10,10,14
22:54:09,Light Rain,10,10,14
22:56:09,Light Rain,10,10,14
22:58:09,Light Rain,10,10,14
23:00:09,Light Rain,10,10,14
23:02:09,Light Rain,10,10,14
23:04:08,Light Rain,10,10,14
23:06:09,Light Rain,10,10,14
23:08:09,Light Rain,10,10,14
23:10:09,Light Rain,10,10,14
23:12:09,Mostly Cloudy,11,11,16
23:14:08,Mostly Cloudy,11,11,16
23:16:09,Mostly Cloudy,11,11,16
23:18:08,Mostly Cloudy,11,11,16
23:20:09,Mostly Cloudy,11,11,16
23:22:09,Mostly Cloudy,11,11,16
23:24:08,Mostly Cloudy,11,11,16
23:26:09,Mostly Cloudy,11,11,16
23:28:09,Mostly Cloudy,11,11,16
23:30:09,Mostly Cloudy,11,11,16
23:32:09,Mostly Cloudy,11,11,16
23:34:09,Mostly Cloudy,11,11,16
23:36:09,Mostly Cloudy,11,11,16
23:38:09,Mostly Cloudy,11,11,16
23:40:08,Mostly Cloudy,11,11,16
23:42:09,Mostly Cloudy,11,11,16
23:44:09,Mostly Cloudy,11,11,16
23:46:09,Mostly Cloudy,11,11,16
23:48:08,Mostly Cloudy,11,11,16
23:50:09,Mostly Cloudy,11,11,16
23:52:09,Mostly Cloudy,11,11,16
23:54:09,Mostly Cloudy,11,11,16
23:56:09,Mostly Cloudy,11,11,16
23:58:08,Mostly Cloudy,11,11,16
