Time,Weather,Temperature,Feels_Like,Wind_Speed
00:00:09,Mostly Cloudy,12,12,9
00:02:09,Mostly Cloudy,12,12,9
00:04:08,Mostly Cloudy,12,12,9
00:06:09,Mostly Cloudy,12,12,9
00:08:09,Mostly Cloudy,12,12,9
00:10:09,Mostly Cloudy,12,12,9
00:12:08,Mostly Cloudy,12,12,9
00:14:09,Mostly Cloudy,12,12,9
00:16:09,Partly Cloudy,10,10,11
00:18:08,Partly Cloudy,10,10,11
00:20:09,Partly Cloudy,10,10,11
00:22:09,Partly Cloudy,10,10,11
00:24:08,Partly Cloudy,10,10,11
00:26:09,Partly Cloudy,10,10,11
00:28:09,Partly Cloudy,10,10,11
00:30:08,Partly Cloudy,10,10,11
00:32:09,Partly Cloudy,10,10,11
00:34:09,Partly Cloudy,10,10,11
00:36:08,Partly Cloudy,10,10,11
00:38:08,Partly Cloudy,10,10,11
00:40:09,Partly Cloudy,10,10,11
00:42:09,Partly Cloudy,10,10,11
00:44:08,Partly Cloudy,10,10,11
00:46:09,Partly Cloudy,10,10,11
00:48:09,Partly Cloudy,10,10,11
00:50:09,Partly Cloudy,10,10,11
00:52:09,Partly Cloudy,10,10,11
00:54:08,Partly Cloudy,10,10,11
00:56:09,Partly Cloudy,10,10,11
00:58:09,Partly Cloudy,10,10,11
01:00:16,Partly Cloudy,10,10,11
01:02:09,Partly Cloudy,10,10,11
01:04:08,Partly Cloudy,10,10,11
01:06:09,Partly Cloudy,10,10,11
01:08:09,Partly Cloudy,10,10,11
01:10:08,Partly Cloudy,10,10,11
01:12:09,Partly Cloudy,10,10,11
01:14:09,Partly Cloudy,10,10,11
01:16:08,Fair,7,6,11
01:18:09,Fair,7,6,11
01:20:09,Fair,7,6,11
01:22:08,Fair,7,6,11
01:24:09,Fair,7,6,11
01:26:09,Fair,7,6,11
01:28:08,Fair,7,6,11
01:30:09,Fair,7,6,11
01:32:09,Fair,7,6,11
01:34:09,Fair,7,6,11
01:36:09,Fair,7,6,11
01:38:09,Fair,7,6,11
01:40:09,Fair,7,6,11
01:42:08,Fair,7,6,11
01:44:09,Fair,7,6,11
01:46:09,Fair,7,6,11
01:48:08,Fair,7,6,11
01:50:09,Fair,7,6,11
01:52:09,Fair,7,6,11
01:54:08,Fair,7,6,11
01:56:08,Fair,7,6,11
01:58:09,Fair,7,6,11
02:00:09,Fair,7,6,11
02:02:08,Fair,7,6,11
02:04:08,Fair,7,6,11
02:06:09,Fair,7,6,11
02:08:09,Fair,7,6,11
02:10:08,Mostly Cloudy,8,7,11
02:12:08,Mostly Cloudy,8,7,11
02:14:09,Mostly Cloudy,8,7,11
02:16:09,Mostly Cloudy,8,7,11
02:18:09,Mostly Cloudy,8,7,11
02:20:09,Mostly Cloudy,8,7,11
02:22:09,Mostly Cloudy,8,7,11
02:24:08,Mostly Cloudy,8,7,11
02:26:09,Mostly Cloudy,8,7,11
02:28:09,Mostly Cloudy,8,7,11
02:30:08,Mostly Cloudy,8,7,11
02:32:09,Mostly Cloudy,8,7,11
02:34:08,Mostly Cloudy,8,7,11
02:36:09,Mostly Cloudy,8,7,11
02:38:09,Mostly Cloudy,8,7,11
02:40:09,Mostly Cloudy,8,7,11
02:42:09,Mostly Cloudy,8,7,11
02:44:09,Mostly Cloudy,8,7,11
02:46:09,Mostly Cloudy,8,7,11
02:48:09,Mostly Cloudy,8,7,11
02:50:08,Mostly Cloudy,8,7,11
02:52:08,Mostly Cloudy,8,7,11
02:54:09,Mostly Cloudy,8,7,11
02:56:09,Mostly Cloudy,8,7,11
02:58:09,Mostly Cloudy,8,7,11
03:00:09,Mostly Cloudy,8,7,11
03:02:08,Mostly Cloudy,8,7,11
03:04:08,Mostly Cloudy,8,7,11
03:06:09,Mostly Cloudy,8,7,11
03:08:09,Mostly Cloudy,8,7,11
03:10:09,Mostly Cloudy,8,7,11
03:12:09,Mostly Cloudy,8,7,11
03:14:09,Mostly Cloudy,8,7,11
03:16:09,Partly Cloudy,8,7,11
03:18:09,Partly Cloudy,8,7,11
03:20:09,Partly Cloudy,8,7,11
03:22:09,Partly Cloudy,8,7,11
03:24:09,Partly Cloudy,8,7,11
03:26:08,Partly Cloudy,8,7,11
03:28:08,Partly Cloudy,8,7,11
03:30:09,Partly Cloudy,8,7,11
03:32:09,Partly Cloudy,8,7,11
03:34:08,Partly Cloudy,8,7,11
03:36:09,Partly Cloudy,8,7,11
03:38:09,Partly Cloudy,8,7,11
03:40:08,Partly Cloudy,8,7,11
03:42:09,Partly Cloudy,8,7,11
03:44:09,Partly Cloudy,8,7,11
03:46:09,Partly Cloudy,8,7,11
03:48:09,Partly Cloudy,8,7,11
03:50:08,Partly Cloudy,8,7,11
03:52:09,Partly Cloudy,8,7,11
03:54:09,Partly Cloudy,8,7,11
03:56:08,Partly Cloudy,8,7,11
03:58:08,Partly Cloudy,8,7,11
04:00:09,Partly Cloudy,8,7,11
04:02:09,Partly Cloudy,8,7,11
04:04:09,Partly Cloudy,8,7,11
04:06:08,Partly Cloudy,8,7,11
04:08:09,Partly Cloudy,8,7,11
04:10:09,Partly Cloudy,8,7,11
04:12:08,Partly Cloudy,8,7,11
04:14:09,Partly Cloudy,8,7,11
04:16:09,Partly Cloudy,7,6,11
04:18:09,Partly Cloudy,7,6,11
04:20:09,Partly Cloudy,7,6,11
04:22:08,Partly Cloudy,7,6,11
04:24:09,Partly Cloudy,7,6,11
04:26:08,Partly Cloudy,7,6,11
04:28:09,Partly Cloudy,7,6,11
04:30:09,Partly Cloudy,7,6,11
04:32:08,Partly Cloudy,7,6,11
04:34:09,Partly Cloudy,7,6,11
04:36:09,Partly Cloudy,7,6,11
04:38:08,Partly Cloudy,7,6,11
04:40:09,Partly Cloudy,7,6,11
04:42:09,Partly Cloudy,7,6,11
04:44:09,Partly Cloudy,7,6,11
04:46:09,Partly Cloudy,7,6,11
04:48:09,Partly Cloudy,7,6,11
04:50:09,Partly Cloudy,7,6,11
04:52:08,Partly Cloudy,7,6,11
04:54:09,Partly Cloudy,7,6,11
04:56:09,Partly Cloudy,7,6,11
04:58:09,Partly Cloudy,7,6,11
05:00:09,Partly Cloudy,7,6,11
05:02:09,Partly Cloudy,7,6,11
05:04:09,Partly Cloudy,7,6,11
05:06:08,Partly Cloudy,7,6,11
05:08:09,Partly Cloudy,7,6,11
05:10:09,Partly Cloudy,7,6,11
05:12:09,Partly Cloudy,7,6,11
05:14:08,Partly Cloudy,7,6,11
05:16:09,Mostly Cloudy,10,10,11
05:18:09,Mostly Cloudy,10,10,11
05:20:08,Mostly Cloudy,10,10,11
05:22:09,Mostly Cloudy,10,10,11
05:24:09,Mostly Cloudy,10,10,11
05:26:08,Mostly Cloudy,10,10,11
05:28:09,Mostly Cloudy,10,10,11
05:30:09,Mostly Cloudy,10,10,11
05:32:08,Mostly Cloudy,10,10,11
05:34:08,Mostly Cloudy,10,10,11
05:36:09,Mostly Cloudy,10,10,11
05:38:09,Mostly Cloudy,10,10,11
05:40:09,Mostly Cloudy,10,10,11
05:42:09,Mostly Cloudy,10,10,11
05:44:09,Mostly Cloudy,10,10,11
05:46:09,Mostly Cloudy,10,10,11
05:48:08,Mostly Cloudy,10,10,11
05:50:09,Mostly Cloudy,10,10,11
05:52:09,Mostly Cloudy,10,10,11
05:54:08,Mostly Cloudy,10,10,11
05:56:09,Mostly Cloudy,10,10,11
05:58:09,Mostly Cloudy,10,10,11
06:00:09,Mostly Cloudy,10,10,11
06:02:09,Mostly Cloudy,10,10,11
06:04:09,Mostly Cloudy,10,10,11
06:06:09,Mostly Cloudy,10,10,11
06:08:09,Mostly Cloudy,10,10,11
06:10:09,Mostly Cloudy,10,10,11
06:12:09,Mostly Cloudy,10,10,11
06:14:08,Mostly Cloudy,10,10,11
06:16:09,Mostly Cloudy,10,10,11
06:18:08,Mostly Cloudy,10,10,11
06:20:09,Mostly Cloudy,10,10,11
06:22:09,Mostly Cloudy,10,10,11
06:24:08,Mostly Cloudy,10,10,11
06:26:08,Mostly Cloudy,10,10,11
06:28:09,Mostly Cloudy,10,10,11
06:30:09,Mostly Cloudy,10,10,11
06:32:08,Mostly Cloudy,10,10,11
06:34:08,Mostly Cloudy,10,10,11
06:36:09,Mostly Cloudy,10,10,11
06:38:09,Mostly Cloudy,10,10,11
06:40:08,Mostly Cloudy,10,10,11
06:42:09,Mostly Cloudy,10,10,11
06:44:09,Mostly Cloudy,10,10,11
06:46:09,Mostly Cloudy,10,10,11
06:48:08,Mostly Cloudy,10,10,11
06:50:09,Mostly Cloudy,10,10,11
06:52:09,Mostly Cloudy,10,10,11
06:54:09,Mostly Cloudy,10,10,11
06:56:09,Mostly Cloudy,10,10,11
06:58:09,Mostly Cloudy,10,10,11
07:00:08,Mostly Cloudy,10,10,11
07:02:09,Mostly Cloudy,10,10,11
07:04:09,Mostly Cloudy,10,10,11
07:06:08,Mostly Cloudy,10,10,11
07:08:09,Mostly Cloudy,10,10,11
07:10:09,Mostly Cloudy,12,12,9
07:12:08,Mostly Cloudy,12,12,9
07:14:09,Mostly Cloudy,12,12,9
07:16:09,Mostly Cloudy,12,12,9
07:18:09,Mostly Cloudy,12,12,9
07:20:09,Mostly Cloudy,12,12,9
07:22:08,Mostly Cloudy,12,12,9
07:24:08,Mostly Cloudy,12,12,9
07:26:09,Mostly Cloudy,12,12,9
07:28:09,Mostly Cloudy,12,12,9
07:30:09,Mostly Cloudy,12,12,9
07:32:09,Mostly Cloudy,12,12,9
07:34:09,Mostly Cloudy,12,12,9
07:36:08,Mostly Cloudy,12,12,9
07:38:09,Mostly Cloudy,12,12,9
07:40:09,Mostly Cloudy,12,12,9
07:42:08,Mostly Cloudy,12,12,9
07:44:09,Mostly Cloudy,12,12,9
07:46:09,Mostly Cloudy,12,12,9
07:48:08,Mostly Cloudy,12,12,9
07:50:09,Mostly Cloudy,12,12,9
07:52:09,Mostly Cloudy,12,12,9
07:54:08,Mostly Cloudy,12,12,9
07:56:08,Mostly Cloudy,12,12,9
07:58:09,Mostly Cloudy,12,12,9
08:00:09,Mostly Cloudy,12,12,9
08:02:09,Mostly Cloudy,12,12,9
08:04:08,Mostly Cloudy,12,12,9
08:06:09,Mostly Cloudy,12,12,9
08:08:09,Mostly Cloudy,12,12,9
08:10:09,Partly Cloudy,13,13,8
08:12:08,Partly Cloudy,13,13,8
08:14:08,Partly Cloudy,13,13,8
08:16:09,Partly Cloudy,13,13,8
08:18:08,Partly Cloudy,13,13,8
08:20:09,Partly Cloudy,13,13,8
08:22:09,Partly Cloudy,13,13,8
08:24:08,Partly Cloudy,13,13,8
08:26:09,Partly Cloudy,13,13,8
08:28:09,Partly Cloudy,13,13,8
08:30:08,Partly Cloudy,13,13,8
08:32:09,Partly Cloudy,13,13,8
08:34:09,Partly Cloudy,13,13,8
08:36:09,Partly Cloudy,13,13,8
08:38:08,Partly Cloudy,13,13,8
08:40:09,Partly Cloudy,13,13,8
08:42:09,Partly Cloudy,13,13,8
08:44:08,Partly Cloudy,13,13,8
08:46:09,Partly Cloudy,13,13,12
08:48:09,Partly Cloudy,13,13,12
08:50:08,Partly Cloudy,13,13,12
08:52:09,Partly Cloudy,13,13,12
08:54:09,Partly Cloudy,13,13,12
08:56:08,Partly Cloudy,13,13,12
08:58:09,Partly Cloudy,13,13,12
09:00:09,Partly Cloudy,13,13,12
09:02:09,Partly Cloudy,13,13,12
09:04:09,Partly Cloudy,13,13,12
09:06:09,Partly Cloudy,13,13,12
09:08:08,Partly Cloudy,13,13,12
09:10:09,Partly Cloudy,13,13,12
09:12:09,Partly Cloudy,13,13,12
09:14:08,Partly Cloudy,13,13,12
09:16:09,Partly Cloudy,15,15,14
09:18:08,Partly Cloudy,15,15,14
09:20:08,Partly Cloudy,15,15,14
09:22:09,Partly Cloudy,15,15,14
09:24:09,Partly Cloudy,15,15,14
09:26:08,Partly Cloudy,15,15,14
09:28:09,Partly Cloudy,15,15,14
09:30:09,Partly Cloudy,15,15,14
09:32:08,Partly Cloudy,15,15,14
09:34:09,Partly Cloudy,15,15,14
09:36:09,Partly Cloudy,15,15,14
09:38:09,Partly Cloudy,15,15,14
09:40:08,Mostly Cloudy,16,16,14
09:42:08,Mostly Cloudy,16,16,14
09:44:09,Mostly Cloudy,16,16,14
09:46:08,Mostly Cloudy,16,16,14
09:48:09,Mostly Cloudy,16,16,14
09:50:09,Mostly Cloudy,16,16,14
09:52:08,Mostly Cloudy,16,16,14
09:54:09,Mostly Cloudy,16,16,14
09:56:09,Mostly Cloudy,16,16,14
09:58:09,Mostly Cloudy,16,16,14
10:00:09,Mostly Cloudy,16,16,14
10:02:09,Mostly Cloudy,16,16,14
10:04:08,Mostly Cloudy,16,16,14
10:06:09,Mostly Cloudy,16,16,14
10:08:09,Mostly Cloudy,16,16,14
10:10:08,Partly Cloudy,16,16,14
10:12:09,Partly Cloudy,16,16,14
10:14:09,Partly Cloudy,16,16,14
10:16:08,Partly Cloudy,16,16,14
10:18:09,Partly Cloudy,16,16,14
10:20:09,Partly Cloudy,16,16,14
10:22:09,Partly Cloudy,16,16,14
10:24:09,Partly Cloudy,16,16,14
10:26:09,Partly Cloudy,16,16,14
10:28:09,Partly Cloudy,16,16,14
10:30:08,Partly Cloudy,16,16,14
10:32:09,Partly Cloudy,16,16,14
10:34:09,Partly Cloudy,16,16,14
10:36:08,Partly Cloudy,16,16,14
10:38:08,Partly Cloudy,16,16,14
10:40:09,Partly Cloudy,16,16,14
10:42:09,Partly Cloudy,16,16,14
10:44:08,Partly Cloudy,16,16,14
10:46:09,Partly Cloudy,16,16,14
10:48:09,Partly Cloudy,16,16,14
10:50:09,Partly Cloudy,16,16,14
10:52:08,Partly Cloudy,16,16,14
10:54:09,Partly Cloudy,16,16,14
10:56:09,Partly Cloudy,16,16,14
10:58:08,Partly Cloudy,16,16,14
11:00:09,Partly Cloudy,16,16,14
11:02:09,Partly Cloudy,16,16,14
11:04:09,Partly Cloudy,16,16,14
11:06:08,Partly Cloudy,16,16,14
11:08:09,Partly Cloudy,16,16,14
11:10:09,Partly Cloudy,16,16,14
11:12:09,Partly Cloudy,16,16,14
11:14:08,Partly Cloudy,16,16,14
11:16:09,Mostly Cloudy,17,17,16
11:18:08,Mostly Cloudy,17,17,16
11:20:09,Mostly Cloudy,17,17,16
11:22:09,Mostly Cloudy,17,17,16
11:24:09,Mostly Cloudy,17,17,16
11:26:09,Mostly Cloudy,17,17,16
11:28:09,Mostly Cloudy,17,17,16
11:30:08,Mostly Cloudy,17,17,16
11:32:08,Mostly Cloudy,17,17,16
11:34:09,Mostly Cloudy,17,17,16
11:36:09,Mostly Cloudy,17,17,16
11:38:09,Mostly Cloudy,17,17,16
11:40:08,Mostly Cloudy,17,17,16
11:42:09,Mostly Cloudy,17,17,16
11:44:09,Mostly Cloudy,17,17,16
11:46:08,Partly Cloudy,17,17,16
11:48:09,Partly Cloudy,17,17,16
11:50:09,Partly Cloudy,17,17,16
11:52:08,Partly Cloudy,17,17,16
11:54:09,Partly Cloudy,17,17,16
11:56:09,Partly Cloudy,17,17,16
11:58:09,Partly Cloudy,17,17,16
12:00:09,Partly Cloudy,17,17,16
12:02:09,Partly Cloudy,17,17,16
12:04:09,Partly Cloudy,17,17,16
12:06:08,Partly Cloudy,17,17,16
12:08:09,Partly Cloudy,17,17,16
12:10:09,Partly Cloudy,17,17,16
12:12:08,Partly Cloudy,17,17,16
12:14:09,Partly Cloudy,17,17,16
12:16:09,Mostly Cloudy,17,17,16
12:18:08,Mostly Cloudy,17,17,16
12:20:09,Mostly Cloudy,17,17,16
12:22:09,Mostly Cloudy,17,17,16
12:24:09,Mostly Cloudy,17,17,16
12:26:09,Mostly Cloudy,17,17,16
12:28:09,Mostly Cloudy,17,17,16
12:30:08,Mostly Cloudy,17,17,16
12:32:09,Mostly Cloudy,17,17,16
12:34:09,Mostly Cloudy,17,17,16
12:36:08,Mostly Cloudy,17,17,16
12:38:09,Mostly Cloudy,17,17,16
12:40:09,Partly Cloudy,17,17,14
12:42:08,Partly Cloudy,17,17,14
12:44:09,Partly Cloudy,17,17,14
12:46:09,Partly Cloudy,17,17,14
12:48:09,Partly Cloudy,17,17,14
12:50:09,Partly Cloudy,17,17,14
12:52:08,Partly Cloudy,17,17,14
12:54:09,Partly Cloudy,17,17,14
12:56:09,Partly Cloudy,17,17,14
12:58:08,Partly Cloudy,17,17,14
13:00:09,Partly Cloudy,17,17,14
13:02:09,Partly Cloudy,17,17,14
13:04:09,Partly Cloudy,17,17,14
13:06:09,Partly Cloudy,17,17,14
13:08:09,Partly Cloudy,17,17,14
13:10:09,Partly Cloudy,17,17,14
13:12:09,Partly Cloudy,17,17,14
13:14:09,Partly Cloudy,17,17,14
13:16:09,Partly Cloudy,17,17,14
13:18:09,Partly Cloudy,17,17,14
13:20:09,Partly Cloudy,17,17,14
13:22:09,Partly Cloudy,17,17,14
13:24:09,Partly Cloudy,17,17,14
13:26:09,Partly Cloudy,17,17,14
13:28:08,Partly Cloudy,17,17,14
13:30:09,Partly Cloudy,17,17,14
13:32:09,Partly Cloudy,17,17,14
13:34:09,Partly Cloudy,17,17,14
13:36:08,Partly Cloudy,17,17,14
13:38:09,Partly Cloudy,17,17,14
13:40:09,Partly Cloudy,17,17,14
13:42:08,Partly Cloudy,17,17,14
13:44:08,Partly Cloudy,17,17,14
13:46:09,Partly Cloudy,17,17,20
13:48:08,Partly Cloudy,17,17,20
13:50:09,Partly Cloudy,17,17,20
13:52:09,Partly Cloudy,17,17,20
13:54:09,Partly Cloudy,17,17,20
13:56:08,Partly Cloudy,17,17,20
13:58:09,Partly Cloudy,17,17,20
14:00:09,Partly Cloudy,17,17,20
14:02:08,Partly Cloudy,17,17,20
14:04:09,Partly Cloudy,17,17,20
14:06:08,Partly Cloudy,17,17,20
14:08:08,Partly Cloudy,17,17,20
14:10:09,Partly Cloudy,17,17,20
14:12:08,Partly Cloudy,17,17,20
14:14:08,Partly Cloudy,17,17,20
14:16:09,Partly Cloudy,18,18,19
14:18:08,Partly Cloudy,18,18,19
14:20:08,Partly Cloudy,18,18,19
14:22:09,Partly Cloudy,18,18,19
14:24:09,Partly Cloudy,18,18,19
14:26:08,Partly Cloudy,18,18,19
14:28:09,Partly Cloudy,18,18,19
14:30:09,Partly Cloudy,18,18,19
14:32:08,Partly Cloudy,18,18,19
14:34:08,Partly Cloudy,18,18,19
14:36:09,Partly Cloudy,18,18,19
14:38:08,Partly Cloudy,18,18,19
14:40:09,Partly Cloudy,20,20,16
14:42:09,Partly Cloudy,20,20,16
14:44:09,Partly Cloudy,20,20,16
14:46:09,Partly Cloudy,20,20,16
14:48:09,Partly Cloudy,20,20,16
14:50:08,Partly Cloudy,20,20,16
14:52:08,Partly Cloudy,20,20,16
14:54:09,Partly Cloudy,20,20,16
14:56:08,Partly Cloudy,20,20,16
14:58:08,Partly Cloudy,20,20,16
15:00:09,Partly Cloudy,20,20,16
15:02:09,Partly Cloudy,20,20,16
15:04:08,Partly Cloudy,20,20,16
15:06:09,Partly Cloudy,20,20,16
15:08:08,Partly Cloudy,20,20,16
15:10:09,Partly Cloudy,20,20,16
15:12:09,Partly Cloudy,20,20,16
15:14:09,Partly Cloudy,20,20,16
15:16:08,Partly Cloudy,20,20,16
15:18:09,Partly Cloudy,20,20,16
15:20:09,Partly Cloudy,20,20,16
15:22:08,Partly Cloudy,20,20,16
15:24:09,Partly Cloudy,20,20,16
15:26:09,Partly Cloudy,20,20,16
15:28:08,Partly Cloudy,20,20,16
15:30:09,Partly Cloudy,20,20,16
15:32:09,Partly Cloudy,20,20,16
15:34:09,Partly Cloudy,20,20,16
15:36:09,Partly Cloudy,20,20,16
15:38:09,Partly Cloudy,20,20,16
15:40:08,Partly Cloudy,20,20,16
15:42:09,Partly Cloudy,20,20,16
15:44:09,Partly Cloudy,20,20,16
15:46:08,Partly Cloudy,20,20,19
15:48:09,Partly Cloudy,20,20,19
15:50:09,Partly Cloudy,20,20,19
15:52:09,Partly Cloudy,20,20,19
15:54:08,Partly Cloudy,20,20,19
15:56:09,Partly Cloudy,20,20,19
15:58:09,Partly Cloudy,20,20,19
16:00:09,Partly Cloudy,20,20,19
16:02:09,Partly Cloudy,20,20,19
16:04:09,Partly Cloudy,20,20,19
16:06:09,Partly Cloudy,20,20,19
16:08:09,Partly Cloudy,20,20,19
16:10:09,Partly Cloudy,20,20,19
16:12:09,Partly Cloudy,20,20,19
16:14:09,Partly Cloudy,20,20,19
16:16:09,Fair,18,18,19
16:18:09,Fair,18,18,19
16:20:09,Fair,18,18,19
16:22:08,Fair,18,18,19
16:24:09,Fair,18,18,19
16:26:09,Fair,18,18,19
16:28:08,Fair,18,18,19
16:30:09,Fair,18,18,19
16:32:09,Fair,18,18,19
16:34:09,Fair,18,18,19
16:36:08,Fair,18,18,19
16:38:09,Fair,18,18,19
16:40:09,Fair,18,18,19
16:42:09,Fair,18,18,19
16:44:08,Fair,18,18,19
16:46:08,Fair,18,18,19
16:48:09,Fair,18,18,19
16:50:09,Fair,18,18,19
16:52:08,Fair,18,18,19
16:54:09,Fair,18,18,19
16:56:09,Fair,18,18,19
16:58:08,Fair,18,18,19
17:00:08,Fair,18,18,19
17:02:09,Fair,18,18,19
17:04:09,Fair,18,18,19
17:06:09,Fair,18,18,19
17:08:09,Fair,18,18,19
17:10:09,Fair,17,17,19
17:12:09,Fair,17,17,19
17:14:09,Fair,17,17,19
17:16:09,Fair,17,17,19
17:18:08,Fair,17,17,19
17:20:09,Fair,17,17,19
17:22:09,Fair,17,17,19
17:24:08,Fair,17,17,19
17:26:09,Fair,17,17,19
17:28:09,Fair,17,17,19
17:30:09,Fair,17,17,19
17:32:09,Fair,17,17,19
17:34:09,Fair,17,17,19
17:36:09,Fair,17,17,19
17:38:09,Fair,17,17,19
17:40:08,Fair,17,17,19
17:42:09,Fair,17,17,19
17:44:09,Fair,17,17,19
17:46:09,Fair,17,17,19
17:48:09,Fair,17,17,19
17:50:09,Fair,17,17,19
17:52:08,Fair,17,17,19
17:54:09,Fair,17,17,19
17:56:09,Fair,17,17,19
17:58:09,Fair,17,17,19
18:00:09,Fair,17,17,19
18:02:09,Fair,17,17,19
18:04:09,Fair,17,17,19
18:06:08,Fair,17,17,19
18:08:09,Fair,17,17,19
18:10:09,Fair,18,18,19
18:12:08,Fair,18,18,19
18:14:09,Fair,18,18,19
18:16:09,Fair,18,18,19
18:18:08,Fair,18,18,19
18:20:09,Fair,18,18,19
18:22:09,Fair,18,18,19
18:24:09,Fair,18,18,19
18:26:09,Fair,18,18,19
18:28:09,Fair,18,18,19
18:30:09,Fair,18,18,19
18:32:09,Fair,18,18,19
18:34:09,Fair,18,18,19
18:36:08,Fair,18,18,19
18:38:08,Fair,18,18,19
18:40:09,Fair,18,18,19
18:42:09,Fair,18,18,19
18:44:08,Fair,18,18,19
18:46:09,Fair,18,18,19
18:48:08,Fair,18,18,19
18:50:09,Fair,18,18,19
18:52:09,Fair,18,18,19
18:54:09,Fair,18,18,19
18:56:09,Fair,18,18,19
18:58:09,Fair,18,18,19
19:00:09,Fair,18,18,19
19:02:09,Fair,18,18,19
19:04:09,Fair,18,18,19
19:06:09,Fair,18,18,19
19:08:09,Fair,18,18,19
19:10:08,Fair,17,17,16
19:12:09,Fair,17,17,16
19:14:09,Fair,17,17,16
19:16:08,Fair,17,17,16
19:18:09,Fair,17,17,16
19:20:09,Fair,17,17,16
19:22:08,Fair,17,17,16
19:24:09,Fair,17,17,16
19:26:09,Fair,17,17,16
19:28:08,Fair,17,17,16
19:30:09,Fair,17,17,16
19:32:09,Fair,17,17,16
19:34:08,Fair,17,17,16
19:36:09,Fair,17,17,16
19:38:09,Fair,17,17,16
19:40:09,Fair,17,17,16
19:42:08,Fair,17,17,16
19:44:09,Fair,17,17,16
19:46:09,Fair,17,17,16
19:48:08,Fair,17,17,16
19:50:08,Fair,17,17,16
19:52:09,Fair,17,17,16
19:54:09,Fair,17,17,16
19:56:08,Fair,17,17,16
19:58:09,Fair,17,17,16
20:00:09,Fair,17,17,16
20:02:08,Fair,17,17,16
20:04:09,Fair,17,17,16
20:06:09,Fair,17,17,16
20:08:08,Fair,17,17,16
20:10:09,Fair,17,17,16
20:12:08,Fair,17,17,16
20:14:08,Fair,17,17,16
20:16:09,Fair,16,16,9
20:18:09,Fair,16,16,9
20:20:08,Fair,16,16,9
20:22:08,Fair,16,16,9
20:24:09,Fair,16,16,9
20:26:09,Fair,16,16,9
20:28:09,Fair,16,16,9
20:30:09,Fair,16,16,9
20:32:08,Fair,16,16,9
20:34:08,Fair,16,16,9
20:36:09,Fair,16,16,9
20:38:09,Fair,16,16,9
20:40:08,Fair,16,16,9
20:42:09,Fair,16,16,9
20:44:09,Fair,16,16,9
20:46:09,Fair,16,16,9
20:48:09,Fair,16,16,9
20:50:09,Fair,16,16,9
20:52:08,Fair,16,16,9
20:54:08,Fair,16,16,9
20:56:09,Fair,16,16,9
20:58:09,Fair,16,16,9
21:00:08,Fair,16,16,9
21:02:09,Fair,16,16,9
21:04:09,Fair,16,16,9
21:06:08,Fair,16,16,9
21:08:09,Fair,16,16,9
21:10:09,Fair,16,16,9
21:12:09,Fair,16,16,9
21:14:08,Fair,16,16,9
21:16:09,Fair,13,13,4
21:18:08,Fair,13,13,4
21:20:09,Fair,13,13,4
21:22:08,Fair,13,13,4
21:24:09,Fair,13,13,4
21:26:09,Fair,13,13,4
21:28:08,Fair,13,13,4
21:30:08,Fair,13,13,4
21:32:09,Fair,13,13,4
21:34:09,Fair,13,13,4
21:36:09,Fair,13,13,4
21:38:09,Fair,13,13,4
21:40:08,Fair,13,13,4
21:42:08,Fair,13,13,4
21:44:09,Fair,13,13,4
21:46:09,Fair,13,13,4
21:48:08,Fair,13,13,4
21:50:08,Fair,13,13,4
21:52:09,Fair,13,13,4
21:54:09,Fair,13,13,4
21:56:08,Fair,13,13,4
21:58:09,Fair,13,13,4
22:00:09,Fair,13,13,4
22:02:08,Fair,13,13,4
22:04:09,Fair,13,13,4
22:06:09,Fair,13,13,4
22:08:08,Fair,13,13,4
22:10:09,Fair,12,12,9
22:12:08,Fair,12,12,9
22:14:08,Fair,12,12,9
22:16:09,Fair,12,12,9
22:18:09,Fair,12,12,9
22:20:09,Fair,12,12,9
22:22:09,Fair,12,12,9
22:24:08,Fair,12,12,9
22:26:08,Fair,12,12,9
22:28:09,Fair,12,12,9
22:30:09,Fair,12,12,9
22:32:09,Fair,12,12,9
22:34:09,Fair,12,12,9
22:36:09,Fair,12,12,9
22:38:09,Fair,12,12,9
22:40:09,Fair,12,12,9
22:42:08,Fair,12,12,9
22:44:09,Fair,12,12,9
22:46:09,Fair,12,12,9
22:48:08,Fair,12,12,9
22:50:09,Fair,12,12,9
22:52:09,Fair,12,12,9
22:54:08,Fair,12,12,9
22:56:08,Fair,12,12,9
22:58:09,Fair,12,12,9
23:00:09,Fair,12,12,9
23:02:08,Fair,12,12,9
23:04:09,Fair,12,12,9
23:06:09,Fair,12,12,9
23:08:09,Fair,12,12,9
23:10:09,Fair,12,12,8
23:12:08,Fair,12,12,8
23:14:09,Fair,12,12,8
23:16:09,Fair,12,12,8
23:18:09,Fair,12,12,8
23:20:09,Fair,12,12,8
23:22:09,Fair,12,12,8
23:24:08,Fair,12,12,8
23:26:09,Fair,12,12,8
23:28:09,Fair,12,12,8
23:30:08,Fair,12,12,8
23:32:08,Fair,12,12,8
23:34:09,Fair,12,12,8
23:36:09,Fair,12,12,8
23:38:08,Fair,12,12,8
23:40:08,Fair,12,12,8
23:42:09,Fair,12,12,8
23:44:09,Fair,12,12,8
23:46:08,Fair,12,12,8
23:48:08,Fair,12,12,8
23:50:09,Fair,12,12,8
23:52:09,Fair,12,12,8
23:54:09,Fair,12,12,8
23:56:08,Fair,12,12,8
23:58:09,Fair,12,12,8
