Time,Weather,Temperature,Feels_Like,Wind_Speed
00:00:09,Fair,10,10,20
00:02:08,Fair,10,10,20
00:04:08,Fair,10,10,20
00:06:09,Fair,10,10,20
00:08:09,Fair,10,10,20
00:10:09,Fair,10,10,20
00:12:08,Fair,10,10,19
00:14:09,Fair,10,10,19
00:16:09,Fair,10,10,19
00:18:08,Fair,10,10,19
00:20:09,Fair,10,10,19
00:22:09,Fair,10,10,19
00:24:08,Fair,10,10,19
00:26:09,Fair,10,10,19
00:28:09,Fair,10,10,19
00:30:09,Fair,10,10,19
00:32:09,Fair,10,10,19
00:34:09,Fair,10,10,19
00:36:08,Fair,10,10,19
00:38:09,Fair,10,10,19
00:40:09,Fair,10,10,19
00:42:09,Fair,10,10,19
00:44:09,Fair,10,10,19
00:46:09,Fair,10,10,19
00:48:09,Fair,10,10,19
00:50:09,Fair,10,10,19
00:52:09,Fair,10,10,19
00:54:09,Fair,10,10,19
00:56:08,Fair,10,10,19
00:58:09,Fair,10,10,19
01:00:17,Fair,10,10,19
01:02:09,Fair,10,10,19
01:04:09,Fair,10,10,19
01:06:08,Fair,10,10,19
01:08:09,Fair,10,10,19
01:10:09,Fair,10,10,19
01:12:09,Partly Cloudy,10,10,20
01:14:08,Partly Cloudy,10,10,20
01:16:09,Partly Cloudy,10,10,20
01:18:09,Partly Cloudy,10,10,20
01:20:08,Partly Cloudy,10,10,20
01:22:09,Partly Cloudy,10,10,20
01:24:09,Partly Cloudy,10,10,20
01:26:09,Partly Cloudy,10,10,20
01:28:09,Partly Cloudy,10,10,20
01:30:08,Partly Cloudy,10,10,20
01:32:09,Partly Cloudy,10,10,20
01:34:09,Partly Cloudy,10,10,20
01:36:08,Partly Cloudy,10,10,20
01:38:09,Partly Cloudy,10,10,20
01:40:09,Partly Cloudy,10,10,20
01:42:08,Partly Cloudy,10,10,20
01:44:09,Partly Cloudy,10,10,20
01:46:09,Partly Cloudy,10,10,20
01:48:09,Partly Cloudy,10,10,20
01:50:08,Partly Cloudy,10,10,20
01:52:09,Partly Cloudy,10,10,20
01:54:09,Partly Cloudy,10,10,20
01:56:08,Partly Cloudy,10,10,20
01:58:09,Partly Cloudy,10,10,20
02:00:09,Partly Cloudy,10,10,20
02:02:08,Partly Cloudy,10,10,20
02:04:08,Partly Cloudy,10,10,20
02:06:09,Partly Cloudy,10,10,20
02:08:09,Partly Cloudy,10,10,20
02:10:09,Partly Cloudy,10,10,20
02:12:09,Mostly Cloudy,10,10,19
02:14:08,Mostly Cloudy,10,10,19
02:16:09,Mostly Cloudy,10,10,19
02:18:09,Mostly Cloudy,10,10,19
02:20:09,Mostly Cloudy,10,10,19
02:22:09,Mostly Cloudy,10,10,19
02:24:09,Mostly Cloudy,10,10,19
02:26:09,Mostly Cloudy,10,10,19
02:28:09,Mostly Cloudy,10,10,19
02:30:09,Mostly Cloudy,10,10,19
02:32:09,Mostly Cloudy,10,10,19
02:34:09,Mostly Cloudy,10,10,19
02:36:08,Mostly Cloudy,10,10,19
02:38:09,Mostly Cloudy,10,10,19
02:40:09,Mostly Cloudy,10,10,19
02:42:08,Mostly Cloudy,10,10,19
02:44:09,Mostly Cloudy,10,10,19
02:46:09,Mostly Cloudy,10,10,19
02:48:09,Mostly Cloudy,10,10,19
02:50:08,Mostly Cloudy,10,10,19
02:52:09,Mostly Cloudy,10,10,19
02:54:09,Mostly Cloudy,10,10,19
02:56:09,Mostly Cloudy,10,10,19
02:58:08,Mostly Cloudy,10,10,19
03:00:09,Mostly Cloudy,10,10,19
03:02:09,Mostly Cloudy,10,10,19
03:04:09,Mostly Cloudy,10,10,19
03:06:09,Mostly Cloudy,10,10,19
03:08:09,Mostly Cloudy,10,10,19
03:10:08,Mostly Cloudy,10,10,19
03:12:09,Mostly Cloudy,10,10,19
03:14:09,Mostly Cloudy,10,10,19
03:16:08,Mostly Cloudy,10,10,19
03:18:09,Mostly Cloudy,8,6,19
03:20:09,Mostly Cloudy,8,6,19
03:22:09,Mostly Cloudy,8,6,19
03:24:08,Mostly Cloudy,8,6,19
03:26:08,Mostly Cloudy,8,6,19
03:28:09,Mostly Cloudy,8,6,19
03:30:09,Mostly Cloudy,8,6,19
03:32:08,Mostly Cloudy,8,6,19
03:34:09,Mostly Cloudy,8,6,19
03:36:09,Mostly Cloudy,8,6,19
03:38:08,Mostly Cloudy,8,6,19
03:40:09,Mostly Cloudy,8,6,19
03:42:09,Mostly Cloudy,8,6,19
03:44:09,Mostly Cloudy,8,6,19
03:46:09,Mostly Cloudy,8,6,19
03:48:09,Mostly Cloudy,8,6,19
03:50:09,Mostly Cloudy,8,6,19
03:52:09,Mostly Cloudy,8,6,19
03:54:08,Mostly Cloudy,8,6,19
03:56:09,Mostly Cloudy,8,6,19
03:58:09,Mostly Cloudy,8,6,19
04:00:09,Mostly Cloudy,8,6,19
04:02:09,Mostly Cloudy,8,6,19
04:04:08,Mostly Cloudy,8,6,19
04:06:09,Mostly Cloudy,8,6,19
04:08:09,Mostly Cloudy,8,6,19
04:10:08,Mostly Cloudy,8,6,19
04:12:08,Mostly Cloudy,8,6,19
04:14:09,Mostly Cloudy,8,6,19
04:16:08,Mostly Cloudy,8,6,19
04:18:09,Mostly Cloudy,8,6,16
04:20:09,Mostly Cloudy,8,6,16
04:22:08,Mostly Cloudy,8,6,16
04:24:09,Mostly Cloudy,8,6,16
04:26:09,Mostly Cloudy,8,6,16
04:28:09,Mostly Cloudy,8,6,16
04:30:08,Mostly Cloudy,8,6,16
04:32:09,Mostly Cloudy,8,6,16
04:34:09,Mostly Cloudy,8,6,16
04:36:09,Mostly Cloudy,8,6,16
04:38:09,Mostly Cloudy,8,6,16
04:40:09,Mostly Cloudy,8,6,16
04:42:08,Mostly Cloudy,8,6,16
04:44:09,Mostly Cloudy,8,6,16
04:46:09,Mostly Cloudy,8,6,16
04:48:09,Mostly Cloudy,8,6,16
04:50:09,Mostly Cloudy,8,6,16
04:52:08,Mostly Cloudy,8,6,16
04:54:09,Mostly Cloudy,8,6,16
04:56:09,Mostly Cloudy,8,6,16
04:58:09,Mostly Cloudy,8,6,16
05:00:08,Mostly Cloudy,8,6,16
05:02:09,Mostly Cloudy,8,6,16
05:04:09,Mostly Cloudy,8,6,16
05:06:08,Mostly Cloudy,8,6,16
05:08:09,Mostly Cloudy,8,6,16
05:10:09,Mostly Cloudy,8,6,16
05:12:09,Mostly Cloudy,8,6,19
05:14:09,Mostly Cloudy,8,6,19
05:16:09,Mostly Cloudy,8,6,19
05:18:08,Mostly Cloudy,8,6,19
05:20:09,Mostly Cloudy,8,6,19
05:22:09,Mostly Cloudy,8,6,19
05:24:08,Mostly Cloudy,8,6,19
05:26:09,Mostly Cloudy,8,6,19
05:28:09,Mostly Cloudy,8,6,19
05:30:09,Mostly Cloudy,8,6,19
05:32:08,Mostly Cloudy,8,6,19
05:34:09,Mostly Cloudy,8,6,19
05:36:09,Mostly Cloudy,8,6,19
05:38:09,Mostly Cloudy,8,6,19
05:40:08,Mostly Cloudy,8,6,19
05:42:09,Mostly Cloudy,8,6,19
05:44:08,Mostly Cloudy,8,6,19
05:46:09,Mostly Cloudy,8,6,19
05:48:09,Mostly Cloudy,8,6,19
05:50:08,Mostly Cloudy,8,6,19
05:52:09,Mostly Cloudy,8,6,19
05:54:09,Mostly Cloudy,8,6,19
05:56:08,Mostly Cloudy,8,6,19
05:58:09,Mostly Cloudy,8,6,19
06:00:09,Mostly Cloudy,8,6,19
06:02:08,Mostly Cloudy,8,6,19
06:04:09,Mostly Cloudy,8,6,19
06:06:09,Mostly Cloudy,8,6,19
06:08:09,Mostly Cloudy,8,6,19
06:10:08,Mostly Cloudy,8,6,19
06:12:09,Partly Cloudy,10,10,22
06:14:09,Partly Cloudy,10,10,22
06:16:08,Partly Cloudy,10,10,22
06:18:09,Partly Cloudy,10,10,22
06:20:08,Partly Cloudy,10,10,22
06:22:09,Partly Cloudy,10,10,22
06:24:09,Partly Cloudy,10,10,22
06:26:09,Partly Cloudy,10,10,22
06:28:08,Partly Cloudy,10,10,22
06:30:08,Partly Cloudy,10,10,22
06:32:09,Partly Cloudy,10,10,22
06:34:09,Partly Cloudy,10,10,22
06:36:08,Partly Cloudy,10,10,22
06:38:09,Partly Cloudy,10,10,22
06:40:09,Partly Cloudy,10,10,22
06:42:08,Partly Cloudy,10,10,22
06:44:09,Partly Cloudy,10,10,22
06:46:09,Partly Cloudy,10,10,22
06:48:09,Partly Cloudy,10,10,22
06:50:09,Partly Cloudy,10,10,22
06:52:08,Partly Cloudy,10,10,22
06:54:09,Partly Cloudy,10,10,22
06:56:09,Partly Cloudy,10,10,22
06:58:09,Partly Cloudy,10,10,22
07:00:08,Partly Cloudy,10,10,22
07:02:09,Partly Cloudy,10,10,22
07:04:09,Partly Cloudy,10,10,22
07:06:09,Partly Cloudy,10,10,22
07:08:08,Partly Cloudy,10,10,22
07:10:09,Partly Cloudy,10,10,22
07:12:09,Partly Cloudy,10,10,22
07:14:08,Partly Cloudy,10,10,22
07:16:09,Partly Cloudy,11,11,16
07:18:09,Partly Cloudy,11,11,16
07:20:08,Partly Cloudy,11,11,16
07:22:09,Partly Cloudy,11,11,16
07:24:09,Partly Cloudy,11,11,16
07:26:09,Partly Cloudy,11,11,16
07:28:08,Partly Cloudy,11,11,16
07:30:09,Partly Cloudy,11,11,16
07:32:09,Partly Cloudy,11,11,16
07:34:09,Partly Cloudy,11,11,16
07:36:08,Partly Cloudy,11,11,16
07:38:09,Partly Cloudy,11,11,16
07:40:09,Partly Cloudy,12,12,20
07:42:08,Partly Cloudy,12,12,20
07:44:08,Partly Cloudy,12,12,20
07:46:09,Partly Cloudy,12,12,20
07:48:08,Partly Cloudy,12,12,20
07:50:08,Partly Cloudy,12,12,20
07:52:09,Partly Cloudy,12,12,20
07:54:09,Partly Cloudy,12,12,20
07:56:08,Partly Cloudy,12,12,20
07:58:09,Partly Cloudy,12,12,20
08:00:09,Partly Cloudy,12,12,20
08:02:09,Partly Cloudy,12,12,20
08:04:09,Partly Cloudy,12,12,20
08:06:08,Partly Cloudy,12,12,20
08:08:09,Partly Cloudy,12,12,20
08:10:09,Partly Cloudy,12,12,20
08:12:09,Partly Cloudy,12,12,20
08:14:08,Partly Cloudy,12,12,20
08:16:08,Partly Cloudy,12,12,20
08:18:09,Partly Cloudy,12,12,20
08:20:08,Partly Cloudy,12,12,20
08:22:08,Partly Cloudy,12,12,20
08:24:09,Partly Cloudy,12,12,20
08:26:09,Partly Cloudy,12,12,20
08:28:09,Partly Cloudy,12,12,20
08:30:09,Partly Cloudy,12,12,20
08:32:08,Partly Cloudy,12,12,20
08:34:09,Partly Cloudy,12,12,20
08:36:09,Partly Cloudy,12,12,20
08:38:08,Partly Cloudy,12,12,20
08:40:09,Partly Cloudy,12,12,20
08:42:08,Partly Cloudy,12,12,20
08:44:09,Partly Cloudy,12,12,20
08:46:09,Mostly Cloudy,12,12,24
08:48:09,Mostly Cloudy,12,12,24
08:50:09,Mostly Cloudy,12,12,24
08:52:09,Mostly Cloudy,12,12,24
08:54:08,Mostly Cloudy,12,12,24
08:56:09,Mostly Cloudy,12,12,24
08:58:09,Mostly Cloudy,12,12,24
09:00:08,Mostly Cloudy,12,12,24
09:02:09,Mostly Cloudy,12,12,24
09:04:09,Mostly Cloudy,12,12,24
09:06:09,Mostly Cloudy,12,12,24
09:08:09,Mostly Cloudy,12,12,24
09:10:08,Mostly Cloudy,12,12,24
09:12:09,Mostly Cloudy,12,12,24
09:14:09,Mostly Cloudy,12,12,24
09:16:08,Mostly Cloudy,13,13,27
09:18:09,Mostly Cloudy,13,13,27
09:20:08,Mostly Cloudy,13,13,27
09:22:08,Mostly Cloudy,13,13,27
09:24:09,Mostly Cloudy,13,13,27
09:26:09,Mostly Cloudy,13,13,27
09:28:08,Mostly Cloudy,13,13,27
09:30:09,Mostly Cloudy,13,13,27
09:32:09,Mostly Cloudy,13,13,27
09:34:09,Mostly Cloudy,13,13,27
09:36:09,Mostly Cloudy,13,13,27
09:38:08,Mostly Cloudy,13,13,27
09:40:09,Mostly Cloudy,13,13,24
09:42:09,Mostly Cloudy,13,13,24
09:44:08,Mostly Cloudy,13,13,24
09:46:09,Mostly Cloudy,13,13,24
09:48:09,Mostly Cloudy,13,13,24
09:50:09,Mostly Cloudy,13,13,24
09:52:09,Mostly Cloudy,13,13,24
09:54:08,Mostly Cloudy,13,13,24
09:56:08,Mostly Cloudy,13,13,24
09:58:08,Mostly Cloudy,13,13,24
10:00:09,Mostly Cloudy,13,13,24
10:02:08,Mostly Cloudy,13,13,24
10:04:09,Mostly Cloudy,13,13,24
10:06:09,Mostly Cloudy,13,13,24
10:08:08,Mostly Cloudy,13,13,24
10:10:09,Mostly Cloudy,13,13,25
10:12:09,Mostly Cloudy,13,13,25
10:14:09,Mostly Cloudy,13,13,25
10:16:09,Mostly Cloudy,13,13,25
10:18:09,Mostly Cloudy,13,13,25
10:20:09,Mostly Cloudy,13,13,25
10:22:08,Mostly Cloudy,13,13,25
10:24:09,Mostly Cloudy,13,13,25
10:26:09,Mostly Cloudy,13,13,25
10:28:09,Mostly Cloudy,13,13,25
10:30:09,Mostly Cloudy,13,13,25
10:32:09,Mostly Cloudy,13,13,25
10:34:09,Mostly Cloudy,13,13,25
10:36:08,Mostly Cloudy,13,13,25
10:38:08,Mostly Cloudy,13,13,25
10:40:09,Light Rain Shower,12,12,24
10:42:09,Light Rain Shower,12,12,24
10:44:08,Light Rain Shower,12,12,24
10:46:09,Light Rain Shower,12,12,24
10:48:08,Light Rain Shower,12,12,24
10:50:09,Light Rain Shower,12,12,24
10:52:09,Light Rain Shower,12,12,24
10:54:08,Light Rain Shower,12,12,24
10:56:09,Light Rain Shower,12,12,24
10:58:09,Light Rain Shower,12,12,24
11:00:08,Light Rain Shower,12,12,24
11:02:09,Light Rain Shower,12,12,24
11:04:09,Light Rain Shower,12,12,24
11:06:09,Light Rain Shower,12,12,24
11:08:09,Light Rain Shower,12,12,24
11:10:09,Light Rain Shower,12,12,24
11:12:08,Light Rain Shower,12,12,24
11:14:08,Light Rain Shower,12,12,24
11:16:09,Partly Cloudy,15,15,25
11:18:09,Partly Cloudy,15,15,25
11:20:08,Partly Cloudy,15,15,25
11:22:09,Partly Cloudy,15,15,25
11:24:09,Partly Cloudy,15,15,25
11:26:08,Partly Cloudy,15,15,25
11:28:08,Partly Cloudy,15,15,25
11:30:09,Partly Cloudy,15,15,25
11:32:08,Partly Cloudy,15,15,25
11:34:09,Partly Cloudy,15,15,25
11:36:09,Partly Cloudy,15,15,25
11:38:08,Partly Cloudy,15,15,25
11:40:08,Partly Cloudy,15,15,25
11:42:09,Partly Cloudy,15,15,25
11:44:09,Partly Cloudy,15,15,25
11:46:09,Mostly Cloudy,15,15,20
11:48:08,Mostly Cloudy,15,15,20
11:50:09,Mostly Cloudy,15,15,20
11:52:09,Mostly Cloudy,15,15,20
11:54:09,Mostly Cloudy,15,15,20
11:56:08,Mostly Cloudy,15,15,20
11:58:09,Mostly Cloudy,15,15,20
12:00:09,Mostly Cloudy,15,15,20
12:02:08,Mostly Cloudy,15,15,20
12:04:09,Mostly Cloudy,15,15,20
12:06:09,Mostly Cloudy,15,15,20
12:08:09,Mostly Cloudy,15,15,20
12:10:09,Light Rain Shower,15,15,22
12:12:09,Light Rain Shower,15,15,22
12:14:09,Light Rain Shower,15,15,22
12:16:09,Light Rain Shower,15,15,22
12:18:09,Light Rain Shower,15,15,22
12:20:09,Light Rain Shower,15,15,22
12:22:09,Light Rain Shower,15,15,22
12:24:08,Light Rain Shower,15,15,22
12:26:09,Light Rain Shower,15,15,22
12:28:09,Light Rain Shower,15,15,22
12:30:09,Light Rain Shower,15,15,22
12:32:08,Light Rain Shower,15,15,22
12:34:08,Light Rain Shower,15,15,22
12:36:09,Light Rain Shower,15,15,22
12:38:09,Light Rain Shower,15,15,22
12:40:08,Mostly Cloudy,15,15,19
12:42:09,Mostly Cloudy,15,15,19
12:44:09,Mostly Cloudy,15,15,19
12:46:08,Mostly Cloudy,15,15,19
12:48:09,Mostly Cloudy,15,15,19
12:50:09,Mostly Cloudy,15,15,19
12:52:09,Mostly Cloudy,15,15,19
12:54:09,Mostly Cloudy,15,15,19
12:56:09,Mostly Cloudy,15,15,19
12:58:08,Mostly Cloudy,15,15,19
13:00:09,Mostly Cloudy,15,15,19
13:02:09,Mostly Cloudy,15,15,19
13:04:08,Mostly Cloudy,15,15,19
13:06:09,Mostly Cloudy,15,15,19
13:08:09,Mostly Cloudy,15,15,19
13:10:08,Mostly Cloudy,15,15,19
13:12:09,Mostly Cloudy,15,15,19
13:14:08,Mostly Cloudy,15,15,19
13:16:09,Light Rain Shower,11,11,20
13:18:09,Light Rain Shower,11,11,20
13:20:09,Light Rain Shower,11,11,20
13:22:09,Light Rain Shower,11,11,20
13:24:08,Light Rain Shower,11,11,20
13:26:08,Light Rain Shower,11,11,20
13:28:09,Light Rain Shower,11,11,20
13:30:09,Light Rain Shower,11,11,20
13:32:09,Light Rain Shower,11,11,20
13:34:09,Light Rain Shower,11,11,20
13:36:08,Light Rain Shower,11,11,20
13:38:09,Light Rain Shower,11,11,20
13:40:09,Mostly Cloudy,13,13,14
13:42:09,Mostly Cloudy,13,13,14
13:44:09,Mostly Cloudy,13,13,14
13:46:09,Mostly Cloudy,13,13,14
13:48:08,Mostly Cloudy,13,13,14
13:50:09,Mostly Cloudy,13,13,14
13:52:09,Mostly Cloudy,13,13,14
13:54:08,Mostly Cloudy,13,13,14
13:56:09,Mostly Cloudy,13,13,14
13:58:09,Mostly Cloudy,13,13,14
14:00:09,Mostly Cloudy,13,13,14
14:02:08,Mostly Cloudy,13,13,14
14:04:09,Mostly Cloudy,13,13,14
14:06:09,Mostly Cloudy,13,13,14
14:08:08,Mostly Cloudy,13,13,14
14:10:09,Light Rain Shower,13,13,20
14:12:09,Light Rain Shower,13,13,20
14:14:08,Light Rain Shower,13,13,20
14:16:09,Light Rain Shower,13,13,20
14:18:08,Light Rain Shower,13,13,20
14:20:08,Light Rain Shower,13,13,20
14:22:08,Light Rain Shower,13,13,20
14:24:09,Light Rain Shower,13,13,20
14:26:08,Light Rain Shower,13,13,20
14:28:08,Light Rain Shower,13,13,20
14:30:09,Light Rain Shower,13,13,20
14:32:09,Light Rain Shower,13,13,20
14:34:09,Light Rain Shower,13,13,20
14:36:09,Light Rain Shower,13,13,20
14:38:09,Light Rain Shower,13,13,20
14:40:09,Light Rain Shower,13,13,20
14:42:09,Light Rain Shower,13,13,20
14:44:09,Light Rain Shower,13,13,20
14:46:09,Light Rain Shower,13,13,20
14:48:09,Light Rain Shower,13,13,20
14:50:08,Light Rain Shower,13,13,20
14:52:09,Light Rain Shower,15,15,14
14:54:09,Light Rain Shower,15,15,14
14:56:08,Light Rain Shower,15,15,14
14:58:09,Light Rain Shower,15,15,14
15:00:09,Light Rain Shower,15,15,14
15:02:09,Light Rain Shower,15,15,14
15:04:08,Light Rain Shower,15,15,14
15:06:09,Light Rain Shower,15,15,14
15:08:09,Light Rain Shower,15,15,14
15:10:08,Light Rain Shower,15,15,14
15:12:09,Light Rain Shower,15,15,14
15:14:08,Light Rain Shower,15,15,14
15:16:08,Light Rain Shower,12,12,19
15:18:09,Light Rain Shower,12,12,19
15:20:09,Light Rain Shower,12,12,19
15:22:09,Light Rain Shower,12,12,19
15:24:09,Light Rain Shower,12,12,19
15:26:08,Light Rain Shower,12,12,19
15:28:09,Light Rain Shower,12,12,19
15:30:09,Light Rain Shower,12,12,19
15:32:09,Light Rain Shower,12,12,19
15:34:08,Light Rain Shower,12,12,19
15:36:09,Light Rain Shower,12,12,19
15:38:09,Light Rain Shower,12,12,19
15:40:08,Light Rain Shower,12,12,19
15:42:09,Light Rain Shower,12,12,19
15:44:09,Light Rain Shower,12,12,19
15:46:08,Fair,16,16,19
15:48:09,Fair,16,16,19
15:50:09,Fair,16,16,19
15:52:09,Fair,16,16,19
15:54:09,Fair,16,16,19
15:56:09,Fair,16,16,19
15:58:09,Fair,16,16,19
16:00:08,Fair,16,16,19
16:02:09,Fair,16,16,19
16:04:09,Fair,16,16,19
16:06:09,Fair,16,16,19
16:08:09,Fair,16,16,19
16:10:09,Mostly Cloudy / Windy,13,13,33
16:12:08,Mostly Cloudy / Windy,13,13,33
16:14:08,Mostly Cloudy / Windy,13,13,33
16:16:09,Mostly Cloudy / Windy,13,13,33
16:18:09,Mostly Cloudy / Windy,13,13,33
16:20:08,Mostly Cloudy / Windy,13,13,33
16:22:09,Mostly Cloudy / Windy,13,13,33
16:24:09,Mostly Cloudy / Windy,13,13,33
16:26:09,Mostly Cloudy / Windy,13,13,33
16:28:09,Mostly Cloudy / Windy,13,13,33
16:30:08,Mostly Cloudy / Windy,13,13,33
16:32:08,Mostly Cloudy / Windy,13,13,33
16:34:09,Mostly Cloudy / Windy,13,13,33
16:36:08,Mostly Cloudy / Windy,13,13,33
16:38:09,Mostly Cloudy / Windy,13,13,33
16:40:09,Mostly Cloudy / Windy,13,13,33
16:42:09,Mostly Cloudy / Windy,13,13,33
16:44:08,Mostly Cloudy / Windy,13,13,33
16:46:09,Mostly Cloudy / Windy,13,13,33
16:48:08,Mostly Cloudy / Windy,13,13,33
16:50:09,Mostly Cloudy / Windy,13,13,33
16:52:09,Mostly Cloudy / Windy,13,13,33
16:54:08,Mostly Cloudy / Windy,13,13,33
16:56:08,Mostly Cloudy / Windy,13,13,33
16:58:09,Mostly Cloudy / Windy,13,13,33
17:00:09,Mostly Cloudy / Windy,13,13,33
17:02:09,Mostly Cloudy / Windy,13,13,33
17:04:08,Mostly Cloudy / Windy,13,13,33
17:06:09,Mostly Cloudy / Windy,13,13,33
17:08:09,Mostly Cloudy / Windy,13,13,33
17:10:08,Mostly Cloudy / Windy,13,13,33
17:12:09,Mostly Cloudy / Windy,13,13,33
17:14:09,Mostly Cloudy / Windy,13,13,33
17:16:08,Light Rain Shower,16,16,27
17:18:09,Light Rain Shower,16,16,27
17:20:09,Light Rain Shower,16,16,27
17:22:08,Light Rain Shower,16,16,27
17:24:09,Light Rain Shower,16,16,27
17:26:09,Light Rain Shower,16,16,27
17:28:09,Light Rain Shower,16,16,27
17:30:09,Light Rain Shower,16,16,27
17:32:09,Light Rain Shower,16,16,27
17:34:09,Light Rain Shower,16,16,27
17:36:08,Light Rain Shower,16,16,27
17:38:09,Light Rain Shower,16,16,27
17:40:09,Light Rain Shower,16,16,27
17:42:09,Light Rain Shower,16,16,27
17:44:08,Light Rain Shower,16,16,27
17:46:09,Light Rain Shower,16,16,27
17:48:09,Light Rain Shower,16,16,27
17:50:08,Light Rain Shower,16,16,27
17:52:08,Light Rain Shower,16,16,27
17:54:09,Light Rain Shower,16,16,27
17:56:09,Light Rain Shower,16,16,27
17:58:09,Light Rain Shower,16,16,27
18:00:08,Light Rain Shower,16,16,27
18:02:09,Light Rain Shower,16,16,27
18:04:09,Light Rain Shower,16,16,27
18:06:08,Light Rain Shower,16,16,27
18:08:08,Light Rain Shower,16,16,27
18:10:09,Light Rain Shower,13,13,24
18:12:09,Light Rain Shower,13,13,24
18:14:08,Light Rain Shower,13,13,24
18:16:09,Light Rain Shower,13,13,24
18:18:09,Light Rain Shower,13,13,24
18:20:08,Light Rain Shower,13,13,24
18:22:08,Light Rain Shower,13,13,24
18:24:09,Light Rain Shower,13,13,24
18:26:09,Light Rain Shower,13,13,24
18:28:08,Light Rain Shower,13,13,24
18:30:09,Light Rain Shower,13,13,24
18:32:09,Light Rain Shower,13,13,24
18:34:08,Light Rain Shower,13,13,24
18:36:08,Light Rain Shower,13,13,24
18:38:09,Light Rain Shower,13,13,24
18:40:09,Light Rain Shower,13,13,24
18:42:09,Light Rain Shower,13,13,24
18:44:09,Light Rain Shower,13,13,24
18:46:09,Light Rain Shower,13,13,24
18:48:08,Light Rain Shower,13,13,24
18:50:09,Light Rain Shower,13,13,24
18:52:09,Light Rain Shower,13,13,24
18:54:08,Light Rain Shower,13,13,24
18:56:09,Light Rain Shower,13,13,24
18:58:09,Light Rain Shower,13,13,24
19:00:08,Light Rain Shower,13,13,24
19:02:08,Light Rain Shower,13,13,24
19:04:09,Light Rain Shower,13,13,24
19:06:09,Light Rain Shower,13,13,24
19:08:09,Light Rain Shower,13,13,24
19:10:09,Light Rain Shower,13,13,24
19:12:08,Light Rain Shower,13,13,24
19:14:09,Light Rain Shower,13,13,24
19:16:09,Mostly Cloudy,12,12,20
19:18:09,Mostly Cloudy,12,12,20
19:20:09,Mostly Cloudy,12,12,20
19:22:08,Mostly Cloudy,12,12,20
19:24:09,Mostly Cloudy,12,12,20
19:26:08,Mostly Cloudy,12,12,20
19:28:09,Mostly Cloudy,12,12,20
19:30:09,Mostly Cloudy,12,12,20
19:32:09,Mostly Cloudy,12,12,20
19:34:08,Mostly Cloudy,12,12,20
19:36:09,Mostly Cloudy,12,12,20
19:38:09,Mostly Cloudy,12,12,20
19:40:08,Mostly Cloudy,12,12,20
19:42:09,Mostly Cloudy,12,12,20
19:44:09,Mostly Cloudy,12,12,20
19:46:09,Mostly Cloudy,12,12,20
19:48:08,Mostly Cloudy,12,12,20
19:50:09,Mostly Cloudy,12,12,20
19:52:09,Mostly Cloudy,12,12,20
19:54:08,Mostly Cloudy,12,12,20
19:56:09,Mostly Cloudy,12,12,20
19:58:09,Mostly Cloudy,12,12,20
20:00:09,Mostly Cloudy,12,12,20
20:02:09,Mostly Cloudy,12,12,20
20:04:09,Mostly Cloudy,12,12,20
20:06:09,Mostly Cloudy,12,12,20
20:08:09,Mostly Cloudy,12,12,20
20:10:09,Mostly Cloudy,12,12,20
20:12:08,Mostly Cloudy,12,12,20
20:14:09,Mostly Cloudy,12,12,19
20:16:08,Mostly Cloudy,12,12,19
20:18:09,Mostly Cloudy,12,12,19
20:20:09,Mostly Cloudy,12,12,19
20:22:08,Mostly Cloudy,12,12,19
20:24:09,Mostly Cloudy,12,12,19
20:26:09,Mostly Cloudy,12,12,19
20:28:08,Mostly Cloudy,12,12,19
20:30:09,Mostly Cloudy,12,12,19
20:32:09,Mostly Cloudy,12,12,19
20:34:09,Mostly Cloudy,12,12,19
20:36:08,Mostly Cloudy,12,12,19
20:38:09,Mostly Cloudy,12,12,19
20:40:09,Mostly Cloudy,12,12,19
20:42:08,Mostly Cloudy,12,12,19
20:44:09,Mostly Cloudy,12,12,19
20:46:09,Mostly Cloudy,12,12,19
20:48:08,Mostly Cloudy,12,12,19
20:50:09,Mostly Cloudy,12,12,19
20:52:09,Mostly Cloudy,12,12,19
20:54:09,Mostly Cloudy,12,12,19
20:56:09,Mostly Cloudy,12,12,19
20:58:08,Mostly Cloudy,12,12,19
21:00:09,Mostly Cloudy,12,12,19
21:02:09,Mostly Cloudy,12,12,19
21:04:09,Mostly Cloudy,12,12,19
21:06:09,Mostly Cloudy,12,12,19
21:08:09,Mostly Cloudy,12,12,19
21:10:08,Mostly Cloudy,12,12,19
21:12:09,Mostly Cloudy,12,12,19
21:14:09,Mostly Cloudy,12,12,14
21:16:08,Mostly Cloudy,12,12,14
21:18:09,Mostly Cloudy,12,12,14
21:20:09,Mostly Cloudy,12,12,14
21:22:09,Mostly Cloudy,12,12,14
21:24:08,Mostly Cloudy,12,12,14
21:26:08,Mostly Cloudy,12,12,14
21:28:09,Mostly Cloudy,12,12,14
21:30:09,Mostly Cloudy,12,12,14
21:32:09,Mostly Cloudy,12,12,14
21:34:09,Mostly Cloudy,12,12,14
21:36:09,Mostly Cloudy,12,12,14
21:38:09,Mostly Cloudy,12,12,14
21:40:08,Mostly Cloudy,12,12,14
21:42:09,Mostly Cloudy,12,12,14
21:44:09,Mostly Cloudy,12,12,14
21:46:09,Mostly Cloudy,12,12,14
21:48:08,Mostly Cloudy,12,12,14
21:50:09,Mostly Cloudy,12,12,14
21:52:09,Mostly Cloudy,12,12,14
21:54:09,Mostly Cloudy,12,12,14
21:56:08,Mostly Cloudy,12,12,14
21:58:09,Mostly Cloudy,12,12,14
22:00:09,Mostly Cloudy,12,12,14
22:02:08,Mostly Cloudy,12,12,14
22:04:09,Mostly Cloudy,12,12,14
22:06:09,Mostly Cloudy,12,12,14
22:08:09,Mostly Cloudy,12,12,14
22:10:09,Mostly Cloudy,12,12,14
22:12:09,Mostly Cloudy,12,12,14
22:14:09,Mostly Cloudy,12,12,8
22:16:08,Mostly Cloudy,12,12,8
22:18:09,Mostly Cloudy,12,12,8
22:20:09,Mostly Cloudy,12,12,8
22:22:08,Mostly Cloudy,12,12,8
22:24:09,Mostly Cloudy,12,12,8
22:26:09,Mostly Cloudy,12,12,8
22:28:08,Mostly Cloudy,12,12,8
22:30:09,Mostly Cloudy,12,12,8
22:32:09,Mostly Cloudy,12,12,8
22:34:08,Mostly Cloudy,12,12,8
22:36:09,Mostly Cloudy,12,12,8
22:38:09,Mostly Cloudy,12,12,8
22:40:08,Mostly Cloudy,12,12,8
22:42:09,Mostly Cloudy,12,12,8
22:44:09,Mostly Cloudy,12,12,8
22:46:09,Mostly Cloudy,12,12,8
22:48:09,Mostly Cloudy,12,12,8
22:50:09,Mostly Cloudy,12,12,8
22:52:08,Mostly Cloudy,12,12,8
22:54:08,Mostly Cloudy,12,12,8
22:56:09,Mostly Cloudy,12,12,8
22:58:08,Mostly Cloudy,12,12,8
23:00:08,Mostly Cloudy,12,12,8
23:02:09,Mostly Cloudy,12,12,8
23:04:09,Mostly Cloudy,12,12,8
23:06:08,Mostly Cloudy,12,12,8
23:08:09,Mostly Cloudy,12,12,8
23:10:09,Mostly Cloudy,12,12,8
23:12:08,Mostly Cloudy,12,12,8
23:14:09,Mostly Cloudy,12,12,8
23:16:09,Mostly Cloudy,12,12,8
23:18:09,Mostly Cloudy,12,12,8
23:20:09,Mostly Cloudy,12,12,8
23:22:08,Mostly Cloudy,12,12,8
23:24:08,Mostly Cloudy,12,12,8
23:26:09,Mostly Cloudy,12,12,8
23:28:09,Mostly Cloudy,12,12,8
23:30:08,Mostly Cloudy,12,12,8
23:32:09,Mostly Cloudy,12,12,8
23:34:09,Mostly Cloudy,12,12,8
23:36:08,Mostly Cloudy,12,12,8
23:38:09,Mostly Cloudy,12,12,8
23:40:09,Mostly Cloudy,12,12,8
23:42:09,Mostly Cloudy,12,12,8
23:44:08,Mostly Cloudy,12,12,8
23:46:09,Mostly Cloudy,12,12,8
23:48:09,Mostly Cloudy,12,12,8
23:50:09,Mostly Cloudy,12,12,8
23:52:09,Mostly Cloudy,12,12,8
23:54:09,Mostly Cloudy,12,12,8
23:56:08,Mostly Cloudy,12,12,8
23:58:09,Mostly Cloudy,12,12,8
