Time,Weather,Temperature,Feels_Like,Wind_Speed
00:00:09,Fair,7,7,4
00:02:09,Fair,7,7,4
00:04:09,Fair,7,7,4
00:06:09,Fair,7,7,4
00:08:09,Fair,7,7,4
00:10:08,Mostly Cloudy,7,7,3
00:12:09,Mostly Cloudy,7,7,3
00:14:09,Mostly Cloudy,7,7,3
00:16:09,Mostly Cloudy,7,7,3
00:18:08,Mostly Cloudy,7,7,3
00:20:09,Mostly Cloudy,7,7,3
00:22:09,Mostly Cloudy,7,7,3
00:24:08,Mostly Cloudy,7,7,3
00:26:09,Mostly Cloudy,7,7,3
00:28:09,Mostly Cloudy,7,7,3
00:30:09,Mostly Cloudy,7,7,3
00:32:09,Mostly Cloudy,7,7,3
00:34:09,Mostly Cloudy,7,7,3
00:36:09,Mostly Cloudy,7,7,3
00:38:09,Mostly Cloudy,7,7,3
00:40:09,Mostly Cloudy,7,7,3
00:42:08,Mostly Cloudy,7,7,3
00:44:08,Mostly Cloudy,7,7,3
00:46:08,Mostly Cloudy,7,7,3
00:48:09,Mostly Cloudy,7,7,3
00:50:09,Mostly Cloudy,7,7,3
00:52:09,Mostly Cloudy,7,7,3
00:54:08,Mostly Cloudy,7,7,3
00:56:09,Mostly Cloudy,7,7,3
00:58:09,Mostly Cloudy,7,7,3
01:00:16,Mostly Cloudy,7,7,3
01:02:08,Mostly Cloudy,7,7,3
01:04:08,Mostly Cloudy,7,7,3
01:06:09,Mostly Cloudy,7,7,3
01:08:09,Mostly Cloudy,7,7,3
01:10:09,Mostly Cloudy,8,8,4
01:12:09,Mostly Cloudy,8,8,4
01:14:09,Mostly Cloudy,8,8,4
01:16:09,Mostly Cloudy,8,8,4
01:18:08,Mostly Cloudy,8,8,4
01:20:08,Mostly Cloudy,8,8,4
01:22:09,Mostly Cloudy,8,8,4
01:24:09,Mostly Cloudy,8,8,4
01:26:09,Mostly Cloudy,8,8,4
01:28:08,Mostly Cloudy,8,8,4
01:30:09,Mostly Cloudy,8,8,4
01:32:09,Mostly Cloudy,8,8,4
01:34:08,Mostly Cloudy,8,8,4
01:36:08,Mostly Cloudy,8,8,4
01:38:09,Mostly Cloudy,8,8,4
01:40:09,Mostly Cloudy,8,8,4
01:42:09,Mostly Cloudy,8,8,4
01:44:09,Mostly Cloudy,8,8,4
01:46:08,Mostly Cloudy,8,8,4
01:48:09,Mostly Cloudy,8,8,4
01:50:09,Mostly Cloudy,8,8,4
01:52:08,Mostly Cloudy,8,8,4
01:54:09,Mostly Cloudy,8,8,4
01:56:09,Mostly Cloudy,8,8,4
01:58:09,Mostly Cloudy,8,8,4
02:00:08,Mostly Cloudy,8,8,4
02:02:09,Mostly Cloudy,8,8,4
02:04:09,Mostly Cloudy,8,8,4
02:06:09,Mostly Cloudy,8,8,4
02:08:08,Mostly Cloudy,8,8,4
02:10:09,Mostly Cloudy,8,8,4
02:12:09,Mostly Cloudy,8,8,4
02:14:09,Mostly Cloudy,8,8,4
02:16:08,Mostly Cloudy,8,7,12
02:18:09,Mostly Cloudy,8,7,12
02:20:08,Mostly Cloudy,8,7,12
02:22:09,Mostly Cloudy,8,7,12
02:24:09,Mostly Cloudy,8,7,12
02:26:09,Mostly Cloudy,8,7,12
02:28:09,Mostly Cloudy,8,7,12
02:30:09,Mostly Cloudy,8,7,12
02:32:09,Mostly Cloudy,8,7,12
02:34:08,Mostly Cloudy,8,7,12
02:36:09,Mostly Cloudy,8,7,12
02:38:09,Mostly Cloudy,8,7,12
02:40:09,Mostly Cloudy,8,7,12
02:42:08,Mostly Cloudy,8,7,12
02:44:09,Mostly Cloudy,8,7,12
02:46:09,Mostly Cloudy,8,7,12
02:48:08,Mostly Cloudy,8,7,12
02:50:08,Mostly Cloudy,8,7,12
02:52:09,Mostly Cloudy,8,7,12
02:54:09,Mostly Cloudy,8,7,12
02:56:09,Mostly Cloudy,8,7,12
02:58:09,Mostly Cloudy,8,7,12
03:00:08,Mostly Cloudy,8,7,12
03:02:08,Mostly Cloudy,8,7,12
03:04:09,Mostly Cloudy,8,7,12
03:06:09,Mostly Cloudy,8,7,12
03:08:08,Mostly Cloudy,8,7,12
03:10:08,Mostly Cloudy,8,7,12
03:12:09,Mostly Cloudy,8,7,12
03:14:09,Mostly Cloudy,8,7,12
03:16:08,Partly Cloudy,8,6,14
03:18:09,Partly Cloudy,8,6,14
03:20:09,Partly Cloudy,8,6,14
03:22:09,Partly Cloudy,8,6,14
03:24:08,Partly Cloudy,8,6,14
03:26:09,Partly Cloudy,8,6,14
03:28:09,Partly Cloudy,8,6,14
03:30:09,Partly Cloudy,8,6,14
03:32:08,Partly Cloudy,8,6,14
03:34:08,Partly Cloudy,8,6,14
03:36:09,Partly Cloudy,8,6,14
03:38:09,Partly Cloudy,8,6,14
03:40:08,Partly Cloudy,8,6,14
03:42:09,Partly Cloudy,8,6,14
03:44:09,Partly Cloudy,8,6,14
03:46:09,Partly Cloudy,8,6,14
03:48:08,Partly Cloudy,8,6,14
03:50:08,Partly Cloudy,8,6,14
03:52:09,Partly Cloudy,8,6,14
03:54:09,Partly Cloudy,8,6,14
03:56:08,Partly Cloudy,8,6,14
03:58:09,Partly Cloudy,8,6,14
04:00:09,Partly Cloudy,8,6,14
04:02:08,Partly Cloudy,8,6,14
04:04:08,Partly Cloudy,8,6,14
04:06:09,Partly Cloudy,8,6,14
04:08:09,Partly Cloudy,8,6,14
04:10:09,Partly Cloudy,8,6,14
04:12:08,Partly Cloudy,8,6,14
04:14:09,Partly Cloudy,8,6,14
04:16:09,Fair,7,5,9
04:18:08,Fair,7,5,9
04:20:09,Fair,7,5,9
04:22:09,Fair,7,5,9
04:24:08,Fair,7,5,9
04:26:08,Fair,7,5,9
04:28:08,Fair,7,5,9
04:30:09,Fair,7,5,9
04:32:09,Fair,7,5,9
04:34:09,Fair,7,5,9
04:36:08,Fair,7,5,9
04:38:08,Fair,7,5,9
04:40:08,Fair,7,5,9
04:42:09,Fair,7,5,9
04:44:09,Fair,7,5,9
04:46:09,Fair,7,5,9
04:48:08,Fair,7,5,9
04:50:08,Fair,7,5,9
04:52:09,Fair,7,5,9
04:54:09,Fair,7,5,9
04:56:08,Fair,7,5,9
04:58:08,Fair,7,5,9
05:00:09,Fair,7,5,9
05:02:09,Fair,7,5,9
05:04:09,Fair,7,5,9
05:06:08,Fair,7,5,9
05:08:09,Fair,7,5,9
05:10:09,Fair,6,3,11
05:12:08,Fair,6,3,11
05:14:09,Fair,6,3,11
05:16:09,Fair,6,3,11
05:18:08,Fair,6,3,11
05:20:09,Fair,6,3,11
05:22:09,Fair,6,3,11
05:24:08,Fair,6,3,11
05:26:09,Fair,6,3,11
05:28:09,Fair,6,3,11
05:30:08,Fair,6,3,11
05:32:09,Fair,6,3,11
05:34:09,Fair,6,3,11
05:36:09,Fair,6,3,11
05:38:09,Fair,6,3,11
05:40:09,Fair,6,3,11
05:42:09,Fair,6,3,11
05:44:08,Fair,6,3,11
05:46:09,Fair,6,3,11
05:48:09,Fair,6,3,11
05:50:08,Fair,6,3,11
05:52:08,Fair,6,3,11
05:54:09,Fair,6,3,11
05:56:09,Fair,6,3,11
05:58:08,Fair,6,3,11
06:00:08,Fair,6,3,11
06:02:09,Fair,6,3,11
06:04:09,Fair,6,3,11
06:06:09,Fair,6,3,11
06:08:08,Fair,6,3,11
06:10:08,Fair,6,6,4
06:12:09,Fair,6,6,4
06:14:09,Fair,6,6,4
06:16:08,Fair,6,6,4
06:18:09,Fair,6,6,4
06:20:09,Fair,6,6,4
06:22:08,Fair,6,6,4
06:24:09,Fair,6,6,4
06:26:09,Fair,6,6,4
06:28:09,Fair,6,6,4
06:30:08,Fair,6,6,4
06:32:08,Fair,6,6,4
06:34:09,Fair,6,6,4
06:36:09,Fair,6,6,4
06:38:09,Fair,6,6,4
06:40:08,Fair,6,6,4
06:42:08,Fair,6,6,4
06:44:09,Fair,6,6,4
06:46:09,Fair,6,6,4
06:48:09,Fair,6,6,4
06:50:08,Fair,6,6,4
06:52:08,Fair,6,6,4
06:54:09,Fair,6,6,4
06:56:09,Fair,6,6,4
06:58:08,Fair,6,6,4
07:00:08,Fair,6,6,4
07:02:09,Fair,6,6,4
07:04:09,Fair,6,6,4
07:06:08,Fair,6,6,4
07:08:08,Fair,6,6,4
07:10:09,Fair,6,6,4
07:12:09,Fair,6,6,4
07:14:09,Fair,6,6,4
07:16:08,Fair,6,2,14
07:18:09,Fair,6,2,14
07:20:08,Fair,6,2,14
07:22:08,Fair,6,2,14
07:24:09,Fair,6,2,14
07:26:09,Fair,6,2,14
07:28:08,Fair,6,2,14
07:30:09,Fair,6,2,14
07:32:09,Fair,6,2,14
07:34:09,Fair,6,2,14
07:36:08,Fair,6,2,14
07:38:09,Fair,6,2,14
07:40:09,Fair,6,2,14
07:42:09,Fair,6,2,14
07:44:08,Fair,6,2,14
07:46:08,Fair,7,4,12
07:48:09,Fair,7,4,12
07:50:09,Fair,7,4,12
07:52:08,Fair,7,4,12
07:54:08,Fair,7,4,12
07:56:09,Fair,7,4,12
07:58:09,Fair,7,4,12
08:00:09,Fair,7,4,12
08:02:09,Fair,7,4,12
08:04:08,Fair,7,4,12
08:06:08,Fair,7,4,12
08:08:09,Fair,7,4,12
08:10:09,Fair,7,4,12
08:12:09,Fair,7,4,12
08:14:09,Fair,7,4,12
08:16:09,Fair,7,6,11
08:18:08,Fair,7,6,11
08:20:08,Fair,7,6,11
08:22:09,Fair,7,6,11
08:24:09,Fair,7,6,11
08:26:09,Fair,7,6,11
08:28:08,Fair,7,6,11
08:30:09,Fair,7,6,11
08:32:09,Fair,7,6,11
08:34:09,Fair,7,6,11
08:36:08,Fair,7,6,11
08:38:09,Fair,7,6,11
08:40:09,Fair,7,6,11
08:42:09,Fair,7,6,11
08:44:08,Fair,7,6,11
08:46:09,Fair,7,6,11
08:48:09,Fair,7,6,11
08:50:08,Fair,8,7,9
08:52:09,Fair,8,7,9
08:54:09,Fair,8,7,9
08:56:08,Fair,8,7,9
08:58:08,Fair,8,7,9
09:00:09,Fair,8,7,9
09:02:09,Fair,8,7,9
09:04:08,Fair,8,7,9
09:06:08,Fair,8,7,9
09:08:09,Fair,8,7,9
09:10:09,Fair,8,7,9
09:12:09,Fair,8,7,9
09:14:08,Fair,10,10,14
09:16:08,Fair,10,10,14
09:18:09,Fair,10,10,14
09:20:08,Fair,10,10,14
09:22:09,Fair,10,10,14
09:24:09,Fair,10,10,14
09:26:08,Fair,10,10,14
09:28:09,Fair,10,10,14
09:30:09,Fair,10,10,14
09:32:09,Fair,10,10,14
09:34:09,Fair,10,10,14
09:36:09,Fair,10,10,14
09:38:09,Fair,10,10,14
09:40:08,Fair,10,10,14
09:42:08,Fair,10,10,14
09:44:09,Fair,11,11,20
09:46:09,Fair,11,11,20
09:48:09,Fair,11,11,20
09:50:08,Fair,11,11,20
09:52:09,Fair,11,11,20
09:54:09,Fair,11,11,20
09:56:09,Fair,11,11,20
09:58:08,Fair,11,11,20
10:00:09,Fair,11,11,20
10:02:09,Fair,11,11,20
10:04:09,Fair,11,11,20
10:06:08,Fair,11,11,20
10:08:08,Fair,11,11,20
10:10:08,Fair,11,11,20
10:12:09,Fair,11,11,20
10:14:08,Fair,11,11,12
10:16:09,Fair,11,11,12
10:18:09,Fair,11,11,12
10:20:08,Fair,11,11,12
10:22:09,Fair,11,11,12
10:24:08,Fair,11,11,12
10:26:09,Fair,11,11,12
10:28:09,Fair,11,11,12
10:30:09,Fair,11,11,12
10:32:08,Fair,11,11,12
10:34:09,Fair,11,11,12
10:36:08,Fair,11,11,12
10:38:08,Fair,11,11,12
10:40:08,Fair,11,11,12
10:42:09,Fair,11,11,12
10:44:09,Fair,12,12,16
10:46:08,Fair,12,12,16
10:48:09,Fair,12,12,16
10:50:09,Fair,12,12,16
10:52:08,Fair,12,12,16
10:54:09,Fair,12,12,16
10:56:09,Fair,12,12,16
10:58:09,Fair,12,12,16
11:00:09,Fair,12,12,16
11:02:09,Fair,12,12,16
11:04:08,Fair,12,12,16
11:06:09,Fair,12,12,16
11:08:09,Fair,12,12,16
11:10:09,Fair,12,12,16
11:12:08,Fair,12,12,16
11:14:08,Fair,12,12,19
11:16:09,Fair,12,12,19
11:18:08,Fair,12,12,19
11:20:08,Fair,12,12,19
11:22:09,Fair,12,12,19
11:24:09,Fair,12,12,19
11:26:09,Fair,12,12,19
11:28:08,Fair,12,12,19
11:30:09,Fair,12,12,19
11:32:08,Fair,12,12,19
11:34:09,Fair,12,12,19
11:36:08,Fair,12,12,19
11:38:08,Fair,12,12,19
11:40:09,Fair,12,12,19
11:42:09,Fair,12,12,19
11:44:08,Fair,12,12,19
11:46:09,Fair,12,12,19
11:48:09,Fair,12,12,19
11:50:09,Fair,12,12,16
11:52:09,Fair,12,12,16
11:54:08,Fair,12,12,16
11:56:09,Fair,12,12,16
11:58:09,Fair,12,12,16
12:00:09,Fair,12,12,16
12:02:08,Fair,12,12,16
12:04:09,Fair,12,12,16
12:06:09,Fair,12,12,16
12:08:09,Fair,12,12,16
12:10:08,Fair,12,12,16
12:12:09,Fair,12,12,16
12:14:09,Fair,12,12,19
12:16:08,Fair,12,12,19
12:18:09,Fair,12,12,19
12:20:09,Fair,12,12,19
12:22:08,Fair,12,12,19
12:24:08,Fair,12,12,19
12:26:08,Fair,12,12,19
12:28:09,Fair,12,12,19
12:30:09,Fair,12,12,19
12:32:08,Fair,12,12,19
12:34:08,Fair,12,12,19
12:36:09,Fair,12,12,19
12:38:09,Fair,12,12,19
12:40:08,Fair,12,12,19
12:42:09,Fair,12,12,19
12:44:09,Fair,12,12,16
12:46:09,Fair,12,12,16
12:48:09,Fair,12,12,16
12:50:09,Fair,12,12,16
12:52:09,Fair,12,12,16
12:54:08,Fair,12,12,16
12:56:08,Fair,12,12,16
12:58:09,Fair,12,12,16
13:00:09,Fair,12,12,16
13:02:09,Fair,12,12,16
13:04:08,Fair,12,12,16
13:06:09,Fair,12,12,16
13:08:09,Fair,12,12,16
13:10:08,Fair,12,12,16
13:12:08,Fair,12,12,16
13:14:08,Mostly Cloudy,12,12,19
13:16:09,Mostly Cloudy,12,12,19
13:18:08,Mostly Cloudy,12,12,19
13:20:08,Mostly Cloudy,12,12,19
13:22:09,Mostly Cloudy,12,12,19
13:24:08,Mostly Cloudy,12,12,19
13:26:08,Mostly Cloudy,12,12,19
13:28:09,Mostly Cloudy,12,12,19
13:30:09,Mostly Cloudy,12,12,19
13:32:09,Mostly Cloudy,12,12,19
13:34:09,Mostly Cloudy,12,12,19
13:36:09,Mostly Cloudy,12,12,19
13:38:09,Mostly Cloudy,12,12,19
13:40:08,Mostly Cloudy,12,12,19
13:42:08,Mostly Cloudy,12,12,19
13:44:09,Mostly Cloudy,12,12,16
13:46:09,Mostly Cloudy,12,12,16
13:48:08,Mostly Cloudy,12,12,16
13:50:08,Mostly Cloudy,12,12,16
13:52:09,Mostly Cloudy,12,12,16
13:54:09,Mostly Cloudy,12,12,16
13:56:08,Mostly Cloudy,12,12,16
13:58:08,Mostly Cloudy,12,12,16
14:00:09,Mostly Cloudy,12,12,16
14:02:09,Mostly Cloudy,12,12,16
14:04:08,Mostly Cloudy,12,12,16
14:06:08,Mostly Cloudy,12,12,16
14:08:09,Mostly Cloudy,12,12,16
14:10:09,Mostly Cloudy,12,12,16
14:12:09,Mostly Cloudy,12,12,16
14:14:09,Mostly Cloudy,12,12,16
14:16:09,Mostly Cloudy,12,12,16
14:18:08,Mostly Cloudy,12,12,16
14:20:08,Mostly Cloudy,12,12,14
14:22:08,Mostly Cloudy,12,12,14
14:24:09,Mostly Cloudy,12,12,14
14:26:09,Mostly Cloudy,12,12,14
14:28:09,Mostly Cloudy,12,12,14
14:30:08,Mostly Cloudy,12,12,14
14:32:09,Mostly Cloudy,12,12,14
14:34:09,Mostly Cloudy,12,12,14
14:36:08,Mostly Cloudy,12,12,14
14:38:08,Mostly Cloudy,12,12,14
14:40:09,Mostly Cloudy,12,12,14
14:42:09,Mostly Cloudy,12,12,14
14:44:09,Mostly Cloudy,12,12,16
14:46:08,Mostly Cloudy,12,12,16
14:48:08,Mostly Cloudy,12,12,16
14:50:09,Mostly Cloudy,12,12,16
14:52:09,Mostly Cloudy,12,12,16
14:54:08,Mostly Cloudy,12,12,16
14:56:09,Mostly Cloudy,12,12,16
14:58:09,Mostly Cloudy,12,12,16
15:00:08,Mostly Cloudy,12,12,16
15:02:08,Mostly Cloudy,12,12,16
15:04:09,Mostly Cloudy,12,12,16
15:06:09,Mostly Cloudy,12,12,16
15:08:09,Mostly Cloudy,12,12,16
15:10:08,Mostly Cloudy,12,12,16
15:12:09,Mostly Cloudy,12,12,16
15:14:09,Mostly Cloudy,12,12,22
15:16:09,Mostly Cloudy,12,12,22
15:18:08,Mostly Cloudy,12,12,22
15:20:09,Mostly Cloudy,12,12,22
15:22:09,Mostly Cloudy,12,12,22
15:24:09,Mostly Cloudy,12,12,22
15:26:08,Mostly Cloudy,12,12,22
15:28:08,Mostly Cloudy,12,12,22
15:30:09,Mostly Cloudy,12,12,22
15:32:09,Mostly Cloudy,12,12,22
15:34:09,Mostly Cloudy,12,12,22
15:36:08,Mostly Cloudy,12,12,22
15:38:08,Partly Cloudy,12,12,19
15:40:09,Partly Cloudy,12,12,19
15:42:09,Partly Cloudy,12,12,19
15:44:08,Partly Cloudy,12,12,19
15:46:08,Partly Cloudy,12,12,19
15:48:09,Partly Cloudy,12,12,19
15:50:09,Partly Cloudy,12,12,19
15:52:09,Partly Cloudy,12,12,19
15:54:08,Partly Cloudy,12,12,19
15:56:09,Partly Cloudy,12,12,19
15:58:08,Partly Cloudy,12,12,19
16:00:08,Partly Cloudy,12,12,19
16:02:09,Partly Cloudy,12,12,19
16:04:08,Partly Cloudy,12,12,19
16:06:08,Partly Cloudy,12,12,19
16:08:09,Partly Cloudy,12,12,19
16:10:09,Partly Cloudy,12,12,19
16:12:09,Partly Cloudy,12,12,19
16:14:08,Mostly Cloudy,10,10,16
16:16:08,Mostly Cloudy,10,10,16
16:18:09,Mostly Cloudy,10,10,16
16:20:09,Mostly Cloudy,10,10,16
16:22:08,Mostly Cloudy,10,10,16
16:24:09,Mostly Cloudy,10,10,16
16:26:09,Mostly Cloudy,10,10,16
16:28:08,Mostly Cloudy,10,10,16
16:30:08,Mostly Cloudy,10,10,16
16:32:09,Mostly Cloudy,10,10,16
16:34:09,Mostly Cloudy,10,10,16
16:36:08,Mostly Cloudy,10,10,16
16:38:08,Mostly Cloudy,10,10,16
16:40:09,Mostly Cloudy,10,10,16
16:42:09,Mostly Cloudy,10,10,16
16:44:09,Mostly Cloudy,10,10,16
16:46:08,Mostly Cloudy,10,10,16
16:48:08,Mostly Cloudy,10,10,16
16:50:08,Mostly Cloudy,10,10,16
16:52:09,Mostly Cloudy,10,10,16
16:54:09,Mostly Cloudy,10,10,16
16:56:08,Mostly Cloudy,10,10,16
16:58:09,Mostly Cloudy,10,10,16
17:00:09,Mostly Cloudy,10,10,16
17:02:09,Mostly Cloudy,10,10,16
17:04:08,Mostly Cloudy,10,10,16
17:06:08,Mostly Cloudy,10,10,16
17:08:08,Mostly Cloudy,10,10,16
17:10:09,Mostly Cloudy,10,10,16
17:12:09,Mostly Cloudy,10,10,16
17:14:09,Mostly Cloudy,8,6,16
17:16:08,Mostly Cloudy,8,6,16
17:18:09,Mostly Cloudy,8,6,16
17:20:09,Mostly Cloudy,8,6,16
17:22:09,Mostly Cloudy,8,6,16
17:24:08,Mostly Cloudy,8,6,16
17:26:08,Mostly Cloudy,8,6,16
17:28:09,Mostly Cloudy,8,6,16
17:30:09,Mostly Cloudy,8,6,16
17:32:09,Mostly Cloudy,8,6,16
17:34:08,Mostly Cloudy,8,6,16
17:36:08,Mostly Cloudy,8,6,16
17:38:09,Mostly Cloudy,8,6,16
17:40:09,Mostly Cloudy,8,6,16
17:42:09,Mostly Cloudy,8,6,16
17:44:08,Mostly Cloudy,8,6,16
17:46:09,Mostly Cloudy,8,6,16
17:48:09,Mostly Cloudy,8,6,16
17:50:09,Mostly Cloudy,8,6,16
17:52:08,Mostly Cloudy,8,6,16
17:54:08,Mostly Cloudy,8,6,16
17:56:09,Mostly Cloudy,8,6,16
17:58:09,Mostly Cloudy,8,6,16
18:00:09,Mostly Cloudy,8,6,16
18:02:09,Mostly Cloudy,8,6,16
18:04:09,Mostly Cloudy,8,6,16
18:06:09,Mostly Cloudy,8,6,16
18:08:08,Mostly Cloudy,8,6,16
18:10:08,Mostly Cloudy,8,6,16
18:12:09,Mostly Cloudy,8,6,16
18:14:09,Mostly Cloudy,7,5,16
18:16:09,Mostly Cloudy,7,5,16
18:18:09,Mostly Cloudy,7,5,16
18:20:08,Mostly Cloudy,7,5,16
18:22:08,Mostly Cloudy,7,5,16
18:24:09,Mostly Cloudy,7,5,16
18:26:09,Mostly Cloudy,7,5,16
18:28:08,Mostly Cloudy,7,5,16
18:30:09,Mostly Cloudy,7,5,16
18:32:09,Mostly Cloudy,7,5,16
18:34:09,Mostly Cloudy,7,5,16
18:36:08,Mostly Cloudy,7,5,16
18:38:09,Mostly Cloudy,7,5,16
18:40:09,Mostly Cloudy,7,5,16
18:42:09,Mostly Cloudy,7,5,16
18:44:08,Mostly Cloudy,7,5,16
18:46:09,Mostly Cloudy,7,5,16
18:48:09,Mostly Cloudy,7,5,16
18:50:09,Mostly Cloudy,7,5,16
18:52:08,Mostly Cloudy,7,5,16
18:54:08,Mostly Cloudy,7,5,16
18:56:09,Mostly Cloudy,7,5,16
18:58:09,Mostly Cloudy,7,5,16
19:00:09,Mostly Cloudy,7,5,16
19:02:08,Mostly Cloudy,7,5,16
19:04:08,Mostly Cloudy,7,5,16
19:06:09,Mostly Cloudy,7,5,16
19:08:09,Mostly Cloudy,7,5,16
19:10:08,Mostly Cloudy,7,5,16
19:12:08,Mostly Cloudy,7,5,16
19:14:08,Mostly Cloudy,7,5,16
19:16:09,Mostly Cloudy,7,5,16
19:18:08,Mostly Cloudy,7,5,16
19:20:08,Mostly Cloudy,7,5,11
19:22:09,Mostly Cloudy,7,5,11
19:24:09,Mostly Cloudy,7,5,11
19:26:09,Mostly Cloudy,7,5,11
19:28:08,Mostly Cloudy,7,5,11
19:30:09,Mostly Cloudy,7,5,11
19:32:09,Mostly Cloudy,7,5,11
19:34:08,Mostly Cloudy,7,5,11
19:36:09,Mostly Cloudy,7,5,11
19:38:09,Mostly Cloudy,7,5,11
19:40:08,Mostly Cloudy,7,5,11
19:42:08,Mostly Cloudy,7,5,11
19:44:09,Mostly Cloudy,7,5,11
19:46:09,Mostly Cloudy,7,5,11
19:48:08,Mostly Cloudy,7,5,11
19:50:09,Mostly Cloudy,7,5,11
19:52:08,Mostly Cloudy,7,5,11
19:54:09,Mostly Cloudy,7,5,11
19:56:09,Mostly Cloudy,7,5,11
19:58:09,Mostly Cloudy,7,5,11
20:00:09,Mostly Cloudy,7,5,11
20:02:09,Mostly Cloudy,7,5,11
20:04:08,Mostly Cloudy,7,5,11
20:06:08,Mostly Cloudy,7,5,11
20:08:09,Mostly Cloudy,7,5,11
20:10:09,Mostly Cloudy,7,5,11
20:12:09,Mostly Cloudy,7,5,11
20:14:08,Mostly Cloudy,7,5,9
20:16:09,Mostly Cloudy,7,5,9
20:18:09,Mostly Cloudy,7,5,9
20:20:08,Mostly Cloudy,7,5,9
20:22:08,Mostly Cloudy,7,5,9
20:24:09,Mostly Cloudy,7,5,9
20:26:09,Mostly Cloudy,7,5,9
20:28:09,Mostly Cloudy,7,5,9
20:30:09,Mostly Cloudy,7,5,9
20:32:08,Mostly Cloudy,7,5,9
20:34:09,Mostly Cloudy,7,5,9
20:36:09,Mostly Cloudy,7,5,9
20:38:09,Mostly Cloudy,7,5,9
20:40:09,Mostly Cloudy,7,5,9
20:42:09,Mostly Cloudy,7,5,9
20:44:09,Mostly Cloudy,7,5,9
20:46:09,Mostly Cloudy,7,5,9
20:48:09,Mostly Cloudy,7,5,9
20:50:09,Mostly Cloudy,7,5,9
20:52:09,Mostly Cloudy,7,5,9
20:54:09,Mostly Cloudy,7,5,9
20:56:09,Mostly Cloudy,7,5,9
20:58:09,Mostly Cloudy,7,5,9
21:00:08,Mostly Cloudy,7,5,9
21:02:09,Mostly Cloudy,7,5,9
21:04:09,Mostly Cloudy,7,5,9
21:06:09,Mostly Cloudy,7,5,9
21:08:08,Mostly Cloudy,7,5,9
21:10:08,Mostly Cloudy,7,5,9
21:12:09,Mostly Cloudy,7,5,9
21:14:09,Fair,6,4,8
21:16:09,Fair,6,4,8
21:18:09,Fair,6,4,8
21:20:09,Fair,6,4,8
21:22:09,Fair,6,4,8
21:24:09,Fair,6,4,8
21:26:09,Fair,6,4,8
21:28:08,Fair,6,4,8
21:30:08,Fair,6,4,8
21:32:08,Fair,6,4,8
21:34:09,Fair,6,4,8
21:36:08,Fair,6,4,8
21:38:09,Fair,6,4,8
21:40:09,Fair,6,4,8
21:42:08,Fair,6,4,8
21:44:08,Fair,6,4,8
21:46:09,Fair,6,4,8
21:48:09,Fair,6,4,8
21:50:08,Fair,6,4,8
21:52:09,Fair,6,4,8
21:54:09,Fair,6,4,8
21:56:09,Fair,6,4,8
21:58:08,Fair,6,4,8
22:00:09,Fair,6,4,8
22:02:09,Fair,6,4,8
22:04:09,Fair,6,4,8
22:06:09,Fair,6,4,8
22:08:08,Fair,6,4,8
22:10:09,Fair,6,4,8
22:12:09,Fair,6,4,8
22:14:08,Fair,6,4,8
22:16:09,Fair,6,4,8
22:18:09,Fair,6,4,8
22:20:09,Fair,6,6,3
22:22:08,Fair,6,6,3
22:24:09,Fair,6,6,3
22:26:09,Fair,6,6,3
22:28:09,Fair,6,6,3
22:30:08,Fair,6,6,3
22:32:08,Fair,6,6,3
22:34:09,Fair,6,6,3
22:36:09,Fair,6,6,3
22:38:09,Fair,6,6,3
22:40:08,Fair,6,6,3
22:42:08,Fair,6,6,3
22:44:09,Fair,6,6,3
22:46:09,Fair,6,6,3
22:48:09,Fair,6,6,3
22:50:08,Fair,6,6,3
22:52:09,Fair,6,6,3
22:54:09,Fair,6,6,3
22:56:09,Fair,6,6,3
22:58:08,Fair,6,6,3
23:00:09,Fair,6,6,3
23:02:09,Fair,6,6,3
23:04:08,Fair,6,6,3
23:06:08,Fair,6,6,3
23:08:08,Fair,6,6,3
23:10:09,Fair,6,6,3
23:12:09,Fair,6,6,3
23:14:09,Fair,6,6,4
23:16:08,Fair,6,6,4
23:18:09,Fair,6,6,4
23:20:09,Fair,6,6,4
23:22:08,Fair,6,6,4
23:24:08,Fair,6,6,4
23:26:09,Fair,6,6,4
23:28:09,Fair,6,6,4
23:30:09,Fair,6,6,4
23:32:08,Fair,6,6,4
23:34:08,Fair,6,6,4
23:36:09,Fair,6,6,4
23:38:09,Fair,6,6,4
23:40:09,Fair,6,6,4
23:42:09,Fair,6,6,4
23:44:09,Fair,6,6,4
23:46:08,Fair,6,6,4
23:48:09,Fair,6,6,4
23:50:09,Fair,6,6,4
23:52:08,Fair,6,6,4
23:54:08,Fair,6,6,4
23:56:09,Fair,6,6,4
23:58:09,Fair,6,6,4
