Time,Weather,Temperature,Feels_Like,Wind_Speed
00:00:08,Mostly Cloudy,12,12,27
00:02:08,Mostly Cloudy,12,12,27
00:04:09,Mostly Cloudy,12,12,27
00:06:09,Mostly Cloudy,12,12,27
00:08:08,Mostly Cloudy,12,12,27
00:10:09,Mostly Cloudy,12,12,27
00:12:09,Mostly Cloudy,12,12,27
00:14:09,Mostly Cloudy,12,12,27
00:16:08,Mostly Cloudy / Windy,11,11,33
00:18:09,Mostly Cloudy / Windy,11,11,33
00:20:09,Mostly Cloudy / Windy,11,11,33
00:22:09,Mostly Cloudy / Windy,11,11,33
00:24:08,Mostly Cloudy / Windy,11,11,33
00:26:09,Mostly Cloudy / Windy,11,11,33
00:28:09,Mostly Cloudy / Windy,11,11,33
00:30:08,Mostly Cloudy / Windy,11,11,33
00:32:09,Mostly Cloudy / Windy,11,11,33
00:34:09,Mostly Cloudy / Windy,11,11,33
00:36:09,Mostly Cloudy / Windy,11,11,33
00:38:08,Mostly Cloudy / Windy,11,11,33
00:40:09,Mostly Cloudy / Windy,11,11,33
00:42:09,Mostly Cloudy / Windy,11,11,33
00:44:09,Mostly Cloudy / Windy,11,11,33
00:46:08,Mostly Cloudy / Windy,11,11,33
00:48:09,Mostly Cloudy / Windy,11,11,33
00:50:09,Mostly Cloudy / Windy,11,11,33
00:52:09,Mostly Cloudy / Windy,11,11,33
00:54:08,Mostly Cloudy / Windy,11,11,33
00:56:09,Mostly Cloudy / Windy,11,11,33
00:58:09,Mostly Cloudy / Windy,11,11,33
01:00:17,Mostly Cloudy / Windy,11,11,33
01:02:08,Mostly Cloudy / Windy,11,11,33
01:04:09,Mostly Cloudy / Windy,11,11,33
01:06:09,Mostly Cloudy / Windy,11,11,33
01:08:09,Mostly Cloudy / Windy,11,11,33
01:10:08,Mostly Cloudy / Windy,12,12,33
01:12:09,Mostly Cloudy / Windy,12,12,33
01:14:09,Mostly Cloudy / Windy,12,12,33
01:16:08,Mostly Cloudy / Windy,12,12,33
01:18:09,Mostly Cloudy / Windy,12,12,33
01:20:09,Mostly Cloudy / Windy,12,12,33
01:22:08,Mostly Cloudy / Windy,12,12,33
01:24:09,Mostly Cloudy / Windy,12,12,33
01:26:09,Mostly Cloudy / Windy,12,12,33
01:28:09,Mostly Cloudy / Windy,12,12,33
01:30:08,Mostly Cloudy / Windy,12,12,33
01:32:09,Mostly Cloudy / Windy,12,12,33
01:34:09,Mostly Cloudy / Windy,12,12,33
01:36:09,Mostly Cloudy / Windy,12,12,33
01:38:09,Mostly Cloudy / Windy,12,12,33
01:40:09,Mostly Cloudy / Windy,12,12,33
01:42:09,Mostly Cloudy / Windy,12,12,33
01:44:09,Mostly Cloudy / Windy,12,12,33
01:46:09,Mostly Cloudy / Windy,12,12,33
01:48:09,Mostly Cloudy / Windy,12,12,33
01:50:09,Mostly Cloudy / Windy,12,12,33
01:52:09,Mostly Cloudy / Windy,12,12,33
01:54:09,Mostly Cloudy / Windy,12,12,33
01:56:09,Mostly Cloudy / Windy,12,12,33
01:58:09,Mostly Cloudy / Windy,12,12,33
02:00:09,Mostly Cloudy / Windy,12,12,33
02:02:09,Mostly Cloudy / Windy,12,12,33
02:04:08,Mostly Cloudy / Windy,12,12,33
02:06:09,Mostly Cloudy / Windy,12,12,33
02:08:09,Mostly Cloudy / Windy,12,12,33
02:10:08,Mostly Cloudy / Windy,12,12,33
02:12:09,Mostly Cloudy / Windy,12,12,33
02:14:09,Mostly Cloudy / Windy,12,12,33
02:16:09,Mostly Cloudy / Windy,12,12,33
02:18:09,Mostly Cloudy / Windy,12,12,33
02:20:09,Mostly Cloudy / Windy,12,12,33
02:22:09,Mostly Cloudy,11,11,27
02:24:08,Mostly Cloudy,11,11,27
02:26:09,Mostly Cloudy,11,11,27
02:28:09,Mostly Cloudy,11,11,27
02:30:09,Mostly Cloudy,11,11,27
02:32:08,Mostly Cloudy,11,11,27
02:34:08,Mostly Cloudy,11,11,27
02:36:09,Mostly Cloudy,11,11,27
02:38:09,Mostly Cloudy,11,11,27
02:40:08,Mostly Cloudy,11,11,27
02:42:09,Mostly Cloudy,11,11,27
02:44:09,Mostly Cloudy,11,11,27
02:52:09,Mostly Cloudy,11,11,27
02:54:09,Mostly Cloudy,11,11,27
02:56:08,Mostly Cloudy,11,11,27
02:58:08,Mostly Cloudy,11,11,27
03:00:09,Mostly Cloudy,11,11,27
03:02:09,Mostly Cloudy,11,11,27
03:04:09,Mostly Cloudy,11,11,27
03:06:08,Mostly Cloudy,11,11,27
03:08:09,Mostly Cloudy,11,11,27
03:10:09,Mostly Cloudy,11,11,27
03:12:08,Mostly Cloudy,11,11,27
03:14:08,Mostly Cloudy,11,11,27
03:16:09,Mostly Cloudy,12,12,32
03:18:08,Mostly Cloudy,12,12,32
03:20:09,Mostly Cloudy,12,12,32
03:22:09,Mostly Cloudy,12,12,32
03:24:08,Mostly Cloudy,12,12,32
03:26:08,Mostly Cloudy,12,12,32
03:28:09,Mostly Cloudy,12,12,32
03:30:09,Mostly Cloudy,12,12,32
03:32:09,Mostly Cloudy,12,12,32
03:34:08,Mostly Cloudy,12,12,32
03:36:09,Mostly Cloudy,12,12,32
03:38:09,Mostly Cloudy,12,12,32
03:40:09,Mostly Cloudy,12,12,32
03:42:08,Mostly Cloudy,12,12,32
03:44:09,Mostly Cloudy,12,12,32
03:46:09,Mostly Cloudy,12,12,32
03:48:09,Mostly Cloudy,12,12,32
03:50:09,Mostly Cloudy,12,12,32
03:52:09,Mostly Cloudy,12,12,32
03:54:09,Mostly Cloudy,12,12,32
03:56:08,Mostly Cloudy,12,12,32
03:58:09,Mostly Cloudy,12,12,32
04:00:09,Mostly Cloudy,12,12,32
04:02:08,Mostly Cloudy,12,12,32
04:04:08,Mostly Cloudy,12,12,32
04:06:09,Mostly Cloudy,12,12,32
04:08:09,Mostly Cloudy,12,12,32
04:10:08,Mostly Cloudy,12,12,32
04:12:08,Mostly Cloudy,12,12,32
04:14:09,Mostly Cloudy,12,12,32
04:16:09,Mostly Cloudy,12,12,32
04:18:09,Mostly Cloudy,12,12,32
04:20:09,Mostly Cloudy,12,12,32
04:22:09,Mostly Cloudy,12,12,32
04:24:08,Mostly Cloudy,12,12,32
04:26:09,Mostly Cloudy,12,12,32
04:28:09,Mostly Cloudy,12,12,32
04:30:08,Mostly Cloudy,12,12,32
04:32:09,Mostly Cloudy,12,12,32
04:34:09,Mostly Cloudy,12,12,32
04:36:09,Mostly Cloudy,12,12,32
04:38:08,Mostly Cloudy,12,12,32
04:40:09,Mostly Cloudy,12,12,32
04:42:09,Mostly Cloudy,12,12,32
04:44:08,Mostly Cloudy,12,12,32
04:46:08,Mostly Cloudy,12,12,32
04:48:09,Mostly Cloudy,12,12,32
04:50:09,Mostly Cloudy,12,12,32
04:52:08,Mostly Cloudy,12,12,32
04:54:09,Mostly Cloudy,12,12,32
04:56:09,Mostly Cloudy,12,12,32
04:58:09,Mostly Cloudy,12,12,32
05:00:08,Mostly Cloudy,12,12,32
05:02:09,Mostly Cloudy,12,12,32
05:04:09,Mostly Cloudy,12,12,32
05:06:09,Mostly Cloudy,12,12,32
05:08:08,Mostly Cloudy,12,12,32
05:10:09,Mostly Cloudy,12,12,32
05:12:09,Mostly Cloudy,12,12,32
05:14:09,Mostly Cloudy,12,12,32
05:16:08,Mostly Cloudy,12,12,32
05:18:09,Mostly Cloudy,12,12,32
05:20:09,Mostly Cloudy,12,12,32
05:22:08,Mostly Cloudy,12,12,32
05:24:08,Mostly Cloudy,12,12,32
05:26:09,Mostly Cloudy,12,12,32
05:28:09,Mostly Cloudy,12,12,32
05:30:09,Mostly Cloudy,12,12,32
05:32:09,Mostly Cloudy,12,12,32
05:34:09,Mostly Cloudy,12,12,32
05:36:09,Mostly Cloudy,12,12,32
05:38:09,Mostly Cloudy,12,12,32
05:40:09,Mostly Cloudy,12,12,32
05:42:08,Mostly Cloudy,12,12,32
05:44:09,Mostly Cloudy,12,12,32
05:46:09,Mostly Cloudy,12,12,32
05:48:09,Mostly Cloudy,12,12,32
05:50:09,Mostly Cloudy,12,12,32
05:52:09,Mostly Cloudy,12,12,32
05:54:08,Mostly Cloudy,12,12,32
05:56:09,Mostly Cloudy,12,12,32
05:58:09,Mostly Cloudy,12,12,32
06:00:09,Mostly Cloudy,12,12,32
06:02:08,Mostly Cloudy,12,12,32
06:04:09,Mostly Cloudy,12,12,32
06:06:09,Mostly Cloudy,12,12,32
06:08:08,Mostly Cloudy,12,12,32
06:10:09,Mostly Cloudy / Windy,12,12,33
06:12:09,Mostly Cloudy / Windy,12,12,33
06:14:09,Mostly Cloudy / Windy,12,12,33
06:16:09,Mostly Cloudy / Windy,12,12,33
06:18:09,Mostly Cloudy / Windy,12,12,33
06:20:08,Mostly Cloudy / Windy,12,12,33
06:22:08,Mostly Cloudy / Windy,12,12,33
06:24:09,Mostly Cloudy / Windy,12,12,33
06:26:09,Mostly Cloudy / Windy,12,12,33
06:28:08,Mostly Cloudy / Windy,12,12,33
06:30:08,Mostly Cloudy / Windy,12,12,33
06:32:09,Mostly Cloudy / Windy,12,12,33
06:34:09,Mostly Cloudy / Windy,12,12,33
06:36:09,Mostly Cloudy / Windy,12,12,33
06:38:09,Mostly Cloudy / Windy,12,12,33
06:40:09,Mostly Cloudy / Windy,12,12,33
06:42:09,Mostly Cloudy / Windy,12,12,33
06:44:08,Mostly Cloudy / Windy,12,12,33
06:46:09,Mostly Cloudy / Windy,12,12,33
06:48:09,Mostly Cloudy / Windy,12,12,33
06:50:09,Mostly Cloudy / Windy,12,12,33
06:52:08,Mostly Cloudy / Windy,12,12,33
06:54:09,Mostly Cloudy / Windy,12,12,33
06:56:09,Mostly Cloudy / Windy,12,12,33
06:58:08,Mostly Cloudy / Windy,12,12,33
07:00:09,Mostly Cloudy / Windy,12,12,33
07:02:09,Mostly Cloudy / Windy,12,12,33
07:04:09,Mostly Cloudy / Windy,12,12,33
07:06:09,Mostly Cloudy / Windy,12,12,33
07:08:09,Mostly Cloudy / Windy,12,12,33
07:10:08,Mostly Cloudy / Windy,12,12,33
07:12:09,Mostly Cloudy / Windy,12,12,33
07:14:09,Mostly Cloudy / Windy,12,12,33
07:16:09,Mostly Cloudy,12,12,32
07:18:09,Mostly Cloudy,12,12,32
07:20:09,Mostly Cloudy,12,12,32
07:22:09,Mostly Cloudy,12,12,32
07:24:08,Mostly Cloudy,12,12,32
07:26:08,Mostly Cloudy,12,12,32
07:28:09,Mostly Cloudy,12,12,32
07:30:09,Mostly Cloudy,12,12,32
07:32:09,Mostly Cloudy,12,12,32
07:34:08,Mostly Cloudy,12,12,32
07:36:09,Mostly Cloudy,12,12,32
07:38:09,Mostly Cloudy,12,12,32
07:40:09,Mostly Cloudy,12,12,32
07:42:08,Mostly Cloudy,12,12,32
07:44:08,Mostly Cloudy,12,12,32
07:46:09,Light Rain / Windy,12,12,35
07:48:09,Light Rain / Windy,12,12,35
07:50:08,Light Rain / Windy,12,12,35
07:52:09,Light Rain / Windy,12,12,35
07:54:09,Light Rain / Windy,12,12,35
07:56:08,Light Rain / Windy,12,12,35
07:58:09,Light Rain / Windy,12,12,35
08:00:09,Light Rain / Windy,12,12,35
08:02:08,Light Rain / Windy,12,12,35
08:04:09,Light Rain / Windy,12,12,35
08:06:09,Light Rain / Windy,12,12,35
08:08:09,Light Rain / Windy,12,12,35
08:10:08,Light Rain / Windy,12,12,35
08:12:09,Light Rain / Windy,12,12,35
08:14:09,Light Rain / Windy,12,12,35
08:16:08,Light Rain / Windy,12,12,35
08:18:09,Light Rain / Windy,12,12,35
08:20:08,Light Rain / Windy,12,12,35
08:22:08,Light Rain / Windy,12,12,35
08:24:09,Light Rain / Windy,12,12,35
08:26:09,Light Rain / Windy,12,12,35
08:28:08,Light Rain / Windy,12,12,35
08:30:09,Light Rain / Windy,12,12,35
08:32:09,Light Rain / Windy,12,12,35
08:34:08,Light Rain / Windy,12,12,35
08:36:09,Light Rain / Windy,12,12,35
08:38:09,Light Rain / Windy,12,12,35
08:40:09,Light Rain / Windy,12,12,35
08:42:08,Light Rain / Windy,12,12,35
08:44:09,Light Rain / Windy,12,12,35
08:46:09,Light Rain / Windy,12,12,33
08:48:08,Light Rain / Windy,12,12,33
08:50:09,Light Rain / Windy,12,12,33
08:52:09,Light Rain / Windy,12,12,33
08:54:08,Light Rain / Windy,12,12,33
08:56:09,Light Rain / Windy,12,12,33
08:58:09,Light Rain / Windy,12,12,33
09:00:08,Light Rain / Windy,12,12,33
09:02:08,Light Rain / Windy,12,12,33
09:04:09,Light Rain / Windy,12,12,33
09:06:09,Light Rain / Windy,12,12,33
09:08:09,Light Rain / Windy,12,12,33
09:10:09,Light Rain / Windy,12,12,33
09:12:09,Light Rain / Windy,12,12,33
09:14:09,Light Rain / Windy,12,12,33
09:16:09,Mostly Cloudy / Windy,13,13,37
09:18:08,Mostly Cloudy / Windy,13,13,37
09:20:09,Mostly Cloudy / Windy,13,13,37
09:22:09,Mostly Cloudy / Windy,13,13,37
09:24:08,Mostly Cloudy / Windy,13,13,37
09:26:08,Mostly Cloudy / Windy,13,13,37
09:28:09,Mostly Cloudy / Windy,13,13,37
09:30:09,Mostly Cloudy / Windy,13,13,37
09:32:08,Mostly Cloudy / Windy,13,13,37
09:34:09,Mostly Cloudy / Windy,13,13,37
09:36:09,Mostly Cloudy / Windy,13,13,37
09:38:08,Mostly Cloudy / Windy,13,13,37
09:40:09,Mostly Cloudy / Windy,13,13,33
09:42:09,Mostly Cloudy / Windy,13,13,33
09:44:08,Mostly Cloudy / Windy,13,13,33
09:46:08,Mostly Cloudy / Windy,13,13,33
09:48:09,Mostly Cloudy / Windy,13,13,33
09:50:09,Mostly Cloudy / Windy,13,13,33
09:52:09,Mostly Cloudy / Windy,13,13,33
09:54:09,Mostly Cloudy / Windy,13,13,33
09:56:09,Mostly Cloudy / Windy,13,13,33
09:58:09,Mostly Cloudy / Windy,13,13,33
10:00:08,Mostly Cloudy / Windy,13,13,33
10:02:09,Mostly Cloudy / Windy,13,13,33
10:04:09,Mostly Cloudy / Windy,13,13,33
10:06:08,Mostly Cloudy / Windy,13,13,33
10:08:08,Mostly Cloudy / Windy,13,13,33
10:10:09,Mostly Cloudy / Windy,13,13,33
10:12:09,Mostly Cloudy / Windy,13,13,33
10:14:09,Mostly Cloudy / Windy,13,13,33
10:16:08,Mostly Cloudy / Windy,13,13,35
10:18:09,Mostly Cloudy / Windy,13,13,35
10:20:09,Mostly Cloudy / Windy,13,13,35
10:22:09,Mostly Cloudy / Windy,13,13,35
10:24:08,Mostly Cloudy / Windy,13,13,35
10:26:08,Mostly Cloudy / Windy,13,13,35
10:28:09,Mostly Cloudy / Windy,13,13,35
10:30:09,Mostly Cloudy / Windy,13,13,35
10:32:08,Mostly Cloudy / Windy,13,13,35
10:34:09,Mostly Cloudy / Windy,13,13,35
10:36:09,Mostly Cloudy / Windy,13,13,35
10:38:09,Mostly Cloudy / Windy,13,13,35
10:40:09,Mostly Cloudy / Windy,13,13,35
10:42:09,Mostly Cloudy / Windy,13,13,35
10:44:09,Mostly Cloudy / Windy,13,13,35
10:46:08,Mostly Cloudy / Windy,13,13,33
10:48:09,Mostly Cloudy / Windy,13,13,33
10:50:09,Mostly Cloudy / Windy,13,13,33
10:52:09,Mostly Cloudy / Windy,13,13,33
10:54:08,Mostly Cloudy / Windy,13,13,33
10:56:09,Mostly Cloudy / Windy,13,13,33
10:58:09,Mostly Cloudy / Windy,13,13,33
11:00:09,Mostly Cloudy / Windy,13,13,33
11:02:09,Mostly Cloudy / Windy,13,13,33
11:04:08,Mostly Cloudy / Windy,13,13,33
11:06:09,Mostly Cloudy / Windy,13,13,33
11:08:09,Mostly Cloudy / Windy,13,13,33
11:10:09,Mostly Cloudy / Windy,13,13,33
11:12:09,Mostly Cloudy / Windy,13,13,33
11:14:09,Mostly Cloudy / Windy,13,13,33
11:16:09,Mostly Cloudy / Windy,13,13,33
11:18:09,Mostly Cloudy / Windy,13,13,33
11:20:09,Mostly Cloudy / Windy,13,13,33
11:22:09,Mostly Cloudy / Windy,13,13,33
11:24:08,Mostly Cloudy / Windy,13,13,33
11:26:09,Mostly Cloudy / Windy,13,13,33
11:28:09,Mostly Cloudy / Windy,13,13,33
11:30:09,Mostly Cloudy / Windy,13,13,33
11:32:08,Mostly Cloudy / Windy,13,13,33
11:34:09,Mostly Cloudy / Windy,13,13,33
11:36:09,Mostly Cloudy / Windy,13,13,33
11:38:09,Mostly Cloudy,16,16,32
11:40:08,Mostly Cloudy,16,16,32
11:42:08,Mostly Cloudy,16,16,32
11:44:09,Mostly Cloudy,16,16,32
11:46:09,Mostly Cloudy,16,16,32
11:48:08,Mostly Cloudy,16,16,32
11:50:09,Mostly Cloudy,16,16,32
11:52:09,Mostly Cloudy,16,16,32
11:54:09,Mostly Cloudy,16,16,32
11:56:09,Mostly Cloudy,16,16,32
11:58:09,Mostly Cloudy,16,16,32
12:00:09,Mostly Cloudy,16,16,32
12:02:08,Mostly Cloudy,16,16,32
12:04:09,Mostly Cloudy,16,16,32
12:06:09,Mostly Cloudy,16,16,32
12:08:09,Mostly Cloudy,16,16,32
12:10:09,Mostly Cloudy,16,16,32
12:12:09,Mostly Cloudy,16,16,32
12:14:09,Mostly Cloudy,16,16,32
12:16:08,Mostly Cloudy / Windy,15,15,33
12:18:09,Mostly Cloudy / Windy,15,15,33
12:20:09,Mostly Cloudy / Windy,15,15,33
12:22:09,Mostly Cloudy / Windy,15,15,33
12:24:09,Mostly Cloudy / Windy,15,15,33
12:26:09,Mostly Cloudy / Windy,15,15,33
12:28:09,Mostly Cloudy / Windy,15,15,33
12:30:08,Mostly Cloudy / Windy,15,15,33
12:32:09,Mostly Cloudy / Windy,15,15,33
12:34:09,Mostly Cloudy / Windy,15,15,33
12:36:08,Mostly Cloudy / Windy,15,15,33
12:38:09,Mostly Cloudy / Windy,15,15,33
12:40:09,Mostly Cloudy / Windy,15,15,33
12:42:08,Mostly Cloudy / Windy,15,15,33
12:44:08,Mostly Cloudy / Windy,15,15,33
12:46:09,Mostly Cloudy,15,15,27
12:48:09,Mostly Cloudy,15,15,27
12:50:09,Mostly Cloudy,15,15,27
12:52:08,Mostly Cloudy,15,15,27
12:54:09,Mostly Cloudy,15,15,27
12:56:09,Mostly Cloudy,15,15,27
12:58:09,Mostly Cloudy,15,15,27
13:00:08,Mostly Cloudy,15,15,27
13:02:09,Mostly Cloudy,15,15,27
13:04:09,Mostly Cloudy,15,15,27
13:06:08,Mostly Cloudy,15,15,27
13:08:09,Mostly Cloudy,15,15,27
13:10:09,Mostly Cloudy,15,15,27
13:12:08,Mostly Cloudy,15,15,27
13:14:08,Mostly Cloudy,15,15,27
13:16:09,Mostly Cloudy,15,15,27
13:18:08,Mostly Cloudy,15,15,27
13:20:09,Mostly Cloudy,15,15,27
13:22:09,Mostly Cloudy,15,15,27
13:24:08,Mostly Cloudy,15,15,27
13:26:09,Mostly Cloudy,15,15,27
13:28:09,Mostly Cloudy,15,15,27
13:30:09,Mostly Cloudy,15,15,27
13:32:09,Mostly Cloudy,15,15,27
13:34:09,Mostly Cloudy,15,15,27
13:36:09,Mostly Cloudy,15,15,27
13:38:09,Mostly Cloudy,15,15,27
13:40:09,Mostly Cloudy,15,15,27
13:42:08,Mostly Cloudy,15,15,27
13:44:09,Mostly Cloudy,15,15,27
13:46:09,Mostly Cloudy,15,15,24
13:48:09,Mostly Cloudy,15,15,24
13:50:08,Mostly Cloudy,15,15,24
13:52:09,Mostly Cloudy,15,15,24
13:54:09,Mostly Cloudy,15,15,24
13:56:09,Mostly Cloudy,15,15,24
13:58:09,Mostly Cloudy,15,15,24
14:00:08,Mostly Cloudy,15,15,24
14:02:09,Mostly Cloudy,15,15,24
14:04:08,Mostly Cloudy,15,15,24
14:06:09,Mostly Cloudy,15,15,24
14:08:09,Light Rain Shower,13,13,27
14:10:09,Light Rain Shower,13,13,27
14:12:08,Light Rain Shower,13,13,27
14:14:09,Light Rain Shower,13,13,27
14:16:09,Light Rain Shower,13,13,27
14:18:09,Light Rain Shower,13,13,27
14:20:09,Light Rain Shower,13,13,27
14:22:08,Light Rain Shower,13,13,27
14:24:09,Light Rain Shower,13,13,27
14:26:09,Light Rain Shower,13,13,27
14:28:09,Light Rain Shower,13,13,27
14:30:09,Light Rain Shower,13,13,27
14:32:09,Light Rain Shower,13,13,27
14:34:08,Light Rain Shower,13,13,27
14:36:08,Light Rain Shower,13,13,27
14:38:09,Mostly Cloudy,13,13,27
14:40:09,Mostly Cloudy,13,13,27
14:42:09,Mostly Cloudy,13,13,27
14:44:09,Mostly Cloudy,13,13,27
14:46:09,Mostly Cloudy,13,13,27
14:48:09,Mostly Cloudy,13,13,27
14:50:08,Mostly Cloudy,13,13,27
14:52:09,Mostly Cloudy,13,13,27
14:54:09,Mostly Cloudy,13,13,27
14:56:09,Mostly Cloudy,13,13,27
14:58:08,Mostly Cloudy,13,13,27
15:00:08,Mostly Cloudy,13,13,27
15:02:09,Mostly Cloudy,13,13,27
15:04:09,Mostly Cloudy,13,13,27
15:06:09,Mostly Cloudy,13,13,27
15:08:09,Mostly Cloudy,13,13,27
15:10:08,Mostly Cloudy,13,13,27
15:12:09,Mostly Cloudy,13,13,27
15:14:09,Mostly Cloudy,13,13,27
15:16:09,Mostly Cloudy,13,13,27
15:18:08,Mostly Cloudy,13,13,27
15:20:08,Mostly Cloudy,15,15,27
15:22:09,Mostly Cloudy,15,15,27
15:24:09,Mostly Cloudy,15,15,27
15:26:09,Mostly Cloudy,15,15,27
15:28:09,Mostly Cloudy,15,15,27
15:30:08,Mostly Cloudy,15,15,27
15:32:09,Mostly Cloudy,15,15,27
15:34:08,Mostly Cloudy,15,15,27
15:36:09,Mostly Cloudy,15,15,27
15:38:09,Mostly Cloudy,15,15,27
15:40:08,Mostly Cloudy,15,15,27
15:42:09,Mostly Cloudy,15,15,27
15:44:09,Mostly Cloudy,15,15,27
15:46:09,Mostly Cloudy,15,15,27
15:48:08,Mostly Cloudy,15,15,27
15:50:08,Mostly Cloudy,15,15,27
15:52:09,Mostly Cloudy,15,15,27
15:54:09,Mostly Cloudy,15,15,27
15:56:08,Mostly Cloudy,15,15,27
15:58:09,Mostly Cloudy,15,15,27
16:00:09,Mostly Cloudy,15,15,27
16:02:08,Mostly Cloudy,15,15,27
16:04:08,Mostly Cloudy,15,15,27
16:06:09,Mostly Cloudy,15,15,27
16:08:09,Mostly Cloudy,15,15,27
16:10:09,Mostly Cloudy,15,15,27
16:12:09,Mostly Cloudy,15,15,28
16:14:09,Mostly Cloudy,15,15,28
16:16:09,Mostly Cloudy,15,15,28
16:18:09,Mostly Cloudy,15,15,28
16:20:08,Mostly Cloudy,15,15,28
16:22:09,Mostly Cloudy,15,15,28
16:24:09,Mostly Cloudy,15,15,28
16:26:08,Mostly Cloudy,15,15,28
16:28:08,Mostly Cloudy,15,15,28
16:30:09,Mostly Cloudy,15,15,28
16:32:08,Mostly Cloudy,15,15,28
16:34:08,Mostly Cloudy,15,15,28
16:36:09,Mostly Cloudy,15,15,28
16:38:09,Mostly Cloudy,15,15,28
16:40:08,Mostly Cloudy,15,15,28
16:42:09,Mostly Cloudy,15,15,28
16:44:09,Mostly Cloudy,15,15,28
16:46:09,Mostly Cloudy,15,15,28
16:48:09,Mostly Cloudy,15,15,28
16:50:09,Mostly Cloudy,15,15,28
16:52:09,Mostly Cloudy,15,15,28
16:54:08,Mostly Cloudy,15,15,28
16:56:09,Mostly Cloudy,15,15,28
16:58:09,Mostly Cloudy,15,15,28
17:00:08,Mostly Cloudy,15,15,28
17:02:09,Mostly Cloudy,15,15,28
17:04:09,Mostly Cloudy,15,15,28
17:06:09,Mostly Cloudy,15,15,28
17:08:09,Mostly Cloudy,15,15,28
17:10:09,Mostly Cloudy,15,15,28
17:12:08,Mostly Cloudy,15,15,28
17:14:09,Mostly Cloudy,15,15,28
17:16:09,Mostly Cloudy,15,15,24
17:18:09,Mostly Cloudy,15,15,24
17:20:09,Mostly Cloudy,15,15,24
17:22:08,Mostly Cloudy,15,15,24
17:24:09,Mostly Cloudy,15,15,24
17:26:09,Mostly Cloudy,15,15,24
17:28:09,Mostly Cloudy,15,15,24
17:30:09,Mostly Cloudy,15,15,24
17:32:09,Mostly Cloudy,15,15,24
17:34:09,Mostly Cloudy,15,15,24
17:36:08,Mostly Cloudy,15,15,24
17:38:08,Mostly Cloudy,15,15,24
17:40:09,Mostly Cloudy,15,15,24
17:42:09,Mostly Cloudy,15,15,24
17:44:08,Mostly Cloudy,15,15,24
17:46:09,Mostly Cloudy,15,15,24
17:48:09,Mostly Cloudy,15,15,24
17:50:09,Mostly Cloudy,15,15,24
17:52:09,Mostly Cloudy,15,15,24
17:54:08,Mostly Cloudy,15,15,24
17:56:09,Mostly Cloudy,15,15,24
17:58:09,Mostly Cloudy,15,15,24
18:00:09,Mostly Cloudy,15,15,24
18:02:08,Mostly Cloudy,15,15,24
18:04:08,Mostly Cloudy,15,15,24
18:06:09,Mostly Cloudy,15,15,24
18:08:09,Mostly Cloudy,15,15,24
18:10:08,Mostly Cloudy,15,15,24
18:12:08,Mostly Cloudy,15,15,24
18:14:09,Mostly Cloudy,15,15,20
18:16:09,Mostly Cloudy,15,15,20
18:18:08,Mostly Cloudy,15,15,20
18:20:09,Mostly Cloudy,15,15,20
18:22:09,Mostly Cloudy,15,15,20
18:24:09,Mostly Cloudy,15,15,20
18:26:09,Mostly Cloudy,15,15,20
18:28:09,Mostly Cloudy,15,15,20
18:30:09,Mostly Cloudy,15,15,20
18:32:09,Mostly Cloudy,15,15,20
18:34:08,Mostly Cloudy,15,15,20
18:36:09,Mostly Cloudy,15,15,20
18:38:09,Mostly Cloudy,15,15,20
18:40:09,Mostly Cloudy,15,15,20
18:42:08,Mostly Cloudy,15,15,20
18:44:09,Mostly Cloudy,15,15,20
18:46:09,Mostly Cloudy,15,15,20
18:48:08,Mostly Cloudy,15,15,20
18:50:08,Mostly Cloudy,15,15,20
18:52:09,Mostly Cloudy,15,15,20
18:54:09,Mostly Cloudy,15,15,20
18:56:08,Mostly Cloudy,15,15,20
18:58:09,Mostly Cloudy,15,15,20
19:00:08,Mostly Cloudy,15,15,20
19:02:09,Mostly Cloudy,15,15,20
19:04:09,Mostly Cloudy,15,15,20
19:06:09,Mostly Cloudy,15,15,20
19:08:08,Mostly Cloudy,15,15,20
19:10:09,Mostly Cloudy,15,15,20
19:12:09,Mostly Cloudy,13,13,19
19:14:09,Mostly Cloudy,13,13,19
19:16:09,Mostly Cloudy,13,13,19
19:18:09,Mostly Cloudy,13,13,19
19:20:08,Mostly Cloudy,13,13,19
19:22:09,Mostly Cloudy,13,13,19
19:24:09,Mostly Cloudy,13,13,19
19:26:08,Mostly Cloudy,13,13,19
19:28:09,Mostly Cloudy,13,13,19
19:30:09,Mostly Cloudy,13,13,19
19:32:09,Mostly Cloudy,13,13,19
19:34:08,Mostly Cloudy,13,13,19
19:36:09,Mostly Cloudy,13,13,19
19:38:08,Mostly Cloudy,13,13,19
19:40:08,Mostly Cloudy,13,13,19
19:42:09,Mostly Cloudy,13,13,19
19:44:09,Mostly Cloudy,13,13,19
19:46:09,Mostly Cloudy,13,13,19
19:48:08,Mostly Cloudy,13,13,19
19:50:08,Mostly Cloudy,13,13,19
19:52:09,Mostly Cloudy,13,13,19
19:54:08,Mostly Cloudy,13,13,19
19:56:09,Mostly Cloudy,13,13,19
19:58:09,Mostly Cloudy,13,13,19
20:00:09,Mostly Cloudy,13,13,19
20:02:09,Mostly Cloudy,13,13,19
20:04:08,Mostly Cloudy,13,13,19
20:06:09,Mostly Cloudy,13,13,19
20:08:09,Mostly Cloudy,13,13,19
20:10:09,Mostly Cloudy,13,13,19
20:12:08,Mostly Cloudy,13,13,19
20:14:08,Mostly Cloudy,13,13,19
20:16:09,Mostly Cloudy,13,13,16
20:18:08,Mostly Cloudy,13,13,16
20:20:09,Mostly Cloudy,13,13,16
20:22:09,Mostly Cloudy,13,13,16
20:24:08,Mostly Cloudy,13,13,16
20:26:08,Mostly Cloudy,13,13,16
20:28:09,Mostly Cloudy,13,13,16
20:30:09,Mostly Cloudy,13,13,16
20:32:08,Mostly Cloudy,13,13,16
20:34:08,Mostly Cloudy,13,13,16
20:36:09,Mostly Cloudy,13,13,16
20:38:09,Mostly Cloudy,13,13,16
20:40:09,Mostly Cloudy,13,13,16
20:42:08,Mostly Cloudy,13,13,16
20:44:09,Mostly Cloudy,13,13,16
20:46:09,Mostly Cloudy,13,13,16
20:48:08,Mostly Cloudy,13,13,16
20:50:09,Mostly Cloudy,13,13,16
20:52:09,Mostly Cloudy,13,13,16
20:54:08,Mostly Cloudy,13,13,16
20:56:09,Mostly Cloudy,13,13,16
20:58:09,Mostly Cloudy,13,13,16
21:00:09,Mostly Cloudy,13,13,16
21:02:08,Mostly Cloudy,13,13,16
21:04:09,Mostly Cloudy,13,13,16
21:06:09,Mostly Cloudy,13,13,16
21:08:08,Mostly Cloudy,13,13,16
21:10:09,Mostly Cloudy,12,12,9
21:12:09,Mostly Cloudy,12,12,9
21:14:08,Mostly Cloudy,12,12,9
21:16:08,Mostly Cloudy,12,12,9
21:18:09,Mostly Cloudy,12,12,9
21:20:08,Mostly Cloudy,12,12,9
21:22:09,Mostly Cloudy,12,12,9
21:24:08,Mostly Cloudy,12,12,9
21:26:09,Mostly Cloudy,12,12,9
21:28:09,Mostly Cloudy,12,12,9
21:30:09,Mostly Cloudy,12,12,9
21:32:09,Mostly Cloudy,12,12,9
21:34:09,Mostly Cloudy,12,12,9
21:36:09,Mostly Cloudy,12,12,9
21:38:09,Mostly Cloudy,12,12,9
21:40:08,Mostly Cloudy,12,12,9
21:42:09,Mostly Cloudy,12,12,9
21:44:09,Mostly Cloudy,12,12,9
21:46:08,Mostly Cloudy,12,12,9
21:48:08,Mostly Cloudy,12,12,9
21:50:09,Mostly Cloudy,12,12,9
21:52:09,Mostly Cloudy,12,12,9
21:54:09,Mostly Cloudy,12,12,9
21:56:09,Mostly Cloudy,12,12,9
21:58:08,Mostly Cloudy,12,12,9
22:00:08,Mostly Cloudy,12,12,9
22:02:09,Mostly Cloudy,12,12,9
22:04:09,Mostly Cloudy,12,12,9
22:06:09,Mostly Cloudy,12,12,9
22:08:08,Mostly Cloudy,12,12,9
22:10:09,Mostly Cloudy,12,12,9
22:12:09,Mostly Cloudy,12,12,9
22:14:09,Mostly Cloudy,12,12,14
22:16:09,Mostly Cloudy,12,12,14
22:18:09,Mostly Cloudy,12,12,14
22:20:09,Mostly Cloudy,12,12,14
22:22:09,Mostly Cloudy,12,12,14
22:24:08,Mostly Cloudy,12,12,14
22:26:09,Mostly Cloudy,12,12,14
22:28:09,Mostly Cloudy,12,12,14
22:30:09,Mostly Cloudy,12,12,14
22:32:08,Mostly Cloudy,12,12,14
22:34:09,Mostly Cloudy,12,12,14
22:36:09,Mostly Cloudy,12,12,14
22:38:09,Mostly Cloudy,12,12,14
22:40:09,Mostly Cloudy,12,12,14
22:42:09,Mostly Cloudy,12,12,14
22:44:08,Mostly Cloudy,12,12,14
22:46:09,Mostly Cloudy,12,12,14
22:48:09,Mostly Cloudy,12,12,14
22:50:09,Mostly Cloudy,12,12,14
22:52:08,Mostly Cloudy,12,12,14
22:54:09,Mostly Cloudy,12,12,14
22:56:09,Mostly Cloudy,12,12,14
22:58:09,Mostly Cloudy,12,12,14
23:00:08,Mostly Cloudy,12,12,14
23:02:09,Mostly Cloudy,12,12,14
23:04:09,Mostly Cloudy,12,12,14
23:06:09,Mostly Cloudy,12,12,14
23:08:09,Mostly Cloudy,12,12,14
23:10:08,Mostly Cloudy,12,12,14
23:12:09,Mostly Cloudy,12,12,14
23:14:09,Mostly Cloudy,12,12,12
23:16:08,Mostly Cloudy,12,12,12
23:18:09,Mostly Cloudy,12,12,12
23:20:09,Mostly Cloudy,12,12,12
23:22:08,Mostly Cloudy,12,12,12
23:24:09,Mostly Cloudy,12,12,12
23:26:09,Mostly Cloudy,12,12,12
23:28:08,Mostly Cloudy,12,12,12
23:30:09,Mostly Cloudy,12,12,12
23:32:09,Mostly Cloudy,12,12,12
23:34:09,Mostly Cloudy,12,12,12
23:36:09,Mostly Cloudy,12,12,12
23:38:08,Mostly Cloudy,12,12,12
23:40:08,Mostly Cloudy,12,12,12
23:42:09,Mostly Cloudy,12,12,12
23:44:09,Mostly Cloudy,12,12,12
23:46:09,Mostly Cloudy,12,12,12
23:48:08,Mostly Cloudy,12,12,12
23:50:09,Mostly Cloudy,12,12,12
23:52:09,Mostly Cloudy,12,12,12
23:54:08,Mostly Cloudy,12,12,12
23:56:08,Mostly Cloudy,12,12,12
23:58:09,Mostly Cloudy,12,12,12
