Time,Weather,Temperature,Feels_Like,Wind_Speed
00:00:09,Mostly Cloudy,12,12,22
00:02:09,Mostly Cloudy,12,12,22
00:04:08,Mostly Cloudy,12,12,22
00:06:09,Mostly Cloudy,12,12,22
00:08:09,Mostly Cloudy,12,12,22
00:10:09,Mostly Cloudy,12,12,22
00:12:09,Light Rain,12,12,20
00:14:08,Light Rain,12,12,20
00:16:09,Light Rain,12,12,20
00:18:09,Light Rain,12,12,20
00:20:08,Light Rain,12,12,20
00:22:09,Light Rain,12,12,20
00:24:09,Light Rain,12,12,20
00:26:08,Light Rain,12,12,20
00:28:09,Light Rain,12,12,20
00:30:09,Light Rain,12,12,20
00:32:09,Light Rain,12,12,20
00:34:08,Light Rain,12,12,20
00:36:08,Light Rain,12,12,20
00:38:09,Light Rain,12,12,20
00:40:09,Light Rain,12,12,20
00:42:08,Light Rain,12,12,20
00:44:09,Light Rain,12,12,20
00:46:09,Light Rain,12,12,20
00:48:09,Light Rain,12,12,20
00:50:09,Light Rain,12,12,20
00:52:09,Light Rain,12,12,20
00:54:09,Light Rain,12,12,20
00:56:08,Light Rain,12,12,20
00:58:09,Light Rain,12,12,20
01:00:17,Light Rain,12,12,20
01:02:09,Light Rain,12,12,20
01:04:08,Light Rain,12,12,20
01:06:09,Light Rain,12,12,20
01:08:09,Light Rain,12,12,20
01:10:08,Light Rain,12,12,20
01:12:08,Mostly Cloudy,12,12,16
01:14:09,Mostly Cloudy,12,12,16
01:16:09,Mostly Cloudy,12,12,16
01:18:09,Mostly Cloudy,12,12,16
01:20:08,Mostly Cloudy,12,12,16
01:22:08,Mostly Cloudy,12,12,16
01:24:09,Mostly Cloudy,12,12,16
01:26:09,Mostly Cloudy,12,12,16
01:28:09,Mostly Cloudy,12,12,16
01:30:08,Mostly Cloudy,12,12,16
01:32:09,Mostly Cloudy,12,12,16
01:34:09,Mostly Cloudy,12,12,16
01:36:09,Mostly Cloudy,12,12,16
01:38:09,Mostly Cloudy,12,12,16
01:40:09,Mostly Cloudy,12,12,16
01:42:09,Mostly Cloudy,12,12,16
01:44:09,Mostly Cloudy,12,12,16
01:46:09,Mostly Cloudy,12,12,16
01:48:09,Mostly Cloudy,12,12,16
01:50:08,Mostly Cloudy,12,12,16
01:52:09,Mostly Cloudy,12,12,16
01:54:09,Mostly Cloudy,12,12,16
01:56:09,Mostly Cloudy,12,12,16
01:58:08,Mostly Cloudy,12,12,16
02:00:09,Mostly Cloudy,12,12,16
02:02:09,Mostly Cloudy,12,12,16
02:04:08,Mostly Cloudy,12,12,16
02:06:09,Mostly Cloudy,12,12,16
02:08:08,Mostly Cloudy,12,12,16
02:10:09,Mostly Cloudy,12,12,16
02:12:09,Light Rain,11,11,14
02:14:08,Light Rain,11,11,14
02:16:09,Light Rain,11,11,14
02:18:09,Light Rain,11,11,14
02:20:08,Light Rain,11,11,14
02:22:09,Light Rain,11,11,14
02:24:09,Light Rain,11,11,14
02:26:08,Light Rain,11,11,14
02:28:09,Light Rain,11,11,14
02:30:09,Light Rain,11,11,14
02:32:09,Light Rain,11,11,14
02:34:09,Light Rain,11,11,14
02:36:09,Light Rain,11,11,14
02:38:09,Light Rain,11,11,14
02:40:09,Light Rain,11,11,14
02:42:08,Light Rain,11,11,14
02:44:09,Light Rain,11,11,14
02:46:09,Light Rain,11,11,14
02:48:08,Light Rain,11,11,14
02:50:09,Light Rain,11,11,14
02:52:09,Light Rain,11,11,14
02:54:08,Light Rain,11,11,14
02:56:09,Light Rain,11,11,14
02:58:09,Light Rain,11,11,14
03:00:08,Light Rain,11,11,14
03:02:09,Light Rain,11,11,14
03:04:09,Light Rain,11,11,14
03:06:09,Light Rain,11,11,14
03:08:08,Light Rain,11,11,14
03:10:09,Light Rain,11,11,14
03:12:09,Partly Cloudy,11,11,20
03:14:08,Partly Cloudy,11,11,20
03:16:09,Partly Cloudy,11,11,20
03:18:08,Partly Cloudy,11,11,20
03:20:08,Partly Cloudy,11,11,20
03:22:09,Partly Cloudy,11,11,20
03:24:09,Partly Cloudy,11,11,20
03:26:09,Partly Cloudy,11,11,20
03:28:08,Partly Cloudy,11,11,20
03:30:09,Partly Cloudy,11,11,20
03:32:09,Partly Cloudy,11,11,20
03:34:08,Partly Cloudy,11,11,20
03:36:09,Partly Cloudy,11,11,20
03:38:09,Partly Cloudy,11,11,20
03:40:08,Partly Cloudy,11,11,20
03:42:09,Partly Cloudy,11,11,20
03:44:09,Partly Cloudy,11,11,20
03:46:08,Partly Cloudy,11,11,20
03:48:09,Partly Cloudy,11,11,20
03:50:09,Partly Cloudy,11,11,20
03:52:09,Partly Cloudy,11,11,20
03:54:08,Partly Cloudy,11,11,20
03:56:09,Partly Cloudy,11,11,20
03:58:09,Partly Cloudy,11,11,20
04:00:09,Partly Cloudy,11,11,20
04:02:08,Partly Cloudy,11,11,20
04:04:09,Partly Cloudy,11,11,20
04:06:08,Partly Cloudy,11,11,20
04:08:09,Partly Cloudy,11,11,20
04:10:09,Partly Cloudy,11,11,20
04:12:09,Mostly Cloudy,11,11,20
04:14:09,Mostly Cloudy,11,11,20
04:16:09,Mostly Cloudy,11,11,20
04:18:09,Mostly Cloudy,11,11,20
04:20:09,Mostly Cloudy,11,11,20
04:22:09,Mostly Cloudy,11,11,20
04:24:08,Mostly Cloudy,11,11,20
04:26:09,Mostly Cloudy,11,11,20
04:28:08,Mostly Cloudy,11,11,20
04:30:08,Mostly Cloudy,11,11,20
04:32:09,Mostly Cloudy,11,11,20
04:34:09,Mostly Cloudy,11,11,20
04:36:08,Mostly Cloudy,11,11,20
04:38:09,Mostly Cloudy,11,11,20
04:40:09,Mostly Cloudy,11,11,20
04:42:09,Mostly Cloudy,11,11,20
04:44:08,Mostly Cloudy,11,11,20
04:46:09,Mostly Cloudy,11,11,20
04:48:09,Mostly Cloudy,11,11,20
04:50:09,Mostly Cloudy,11,11,20
04:52:08,Mostly Cloudy,11,11,20
04:54:09,Mostly Cloudy,11,11,20
04:56:09,Mostly Cloudy,11,11,20
04:58:09,Mostly Cloudy,11,11,20
05:00:08,Mostly Cloudy,11,11,20
05:02:08,Mostly Cloudy,11,11,20
05:04:09,Mostly Cloudy,11,11,20
05:06:09,Mostly Cloudy,11,11,20
05:08:08,Mostly Cloudy,11,11,20
05:10:09,Mostly Cloudy,11,11,20
05:12:09,Mostly Cloudy,11,11,24
05:14:09,Mostly Cloudy,11,11,24
05:16:09,Mostly Cloudy,11,11,24
05:18:09,Mostly Cloudy,11,11,24
05:20:08,Mostly Cloudy,11,11,24
05:22:09,Mostly Cloudy,11,11,24
05:24:09,Mostly Cloudy,11,11,24
05:26:08,Mostly Cloudy,11,11,24
05:28:09,Mostly Cloudy,11,11,24
05:30:09,Mostly Cloudy,11,11,24
05:32:09,Mostly Cloudy,11,11,24
05:34:09,Mostly Cloudy,11,11,24
05:36:09,Mostly Cloudy,11,11,24
05:38:09,Mostly Cloudy,11,11,24
05:40:09,Mostly Cloudy,11,11,24
05:42:08,Mostly Cloudy,11,11,24
05:44:08,Mostly Cloudy,11,11,24
05:46:09,Mostly Cloudy,11,11,24
05:48:09,Mostly Cloudy,11,11,24
05:50:09,Mostly Cloudy,11,11,24
05:52:08,Mostly Cloudy,11,11,24
05:54:09,Mostly Cloudy,11,11,24
05:56:09,Mostly Cloudy,11,11,24
05:58:09,Mostly Cloudy,11,11,24
06:00:08,Mostly Cloudy,11,11,24
06:02:09,Mostly Cloudy,11,11,24
06:04:09,Mostly Cloudy,11,11,24
06:06:09,Mostly Cloudy,11,11,24
06:08:08,Mostly Cloudy,11,11,24
06:10:08,Mostly Cloudy,11,11,24
06:12:09,Mostly Cloudy,11,11,24
06:14:09,Mostly Cloudy,11,11,24
06:16:09,Mostly Cloudy,11,11,24
06:18:08,Mostly Cloudy,11,11,22
06:20:09,Mostly Cloudy,11,11,22
06:22:09,Mostly Cloudy,11,11,22
06:24:08,Mostly Cloudy,11,11,22
06:26:09,Mostly Cloudy,11,11,22
06:28:09,Mostly Cloudy,11,11,22
06:30:08,Mostly Cloudy,11,11,22
06:32:09,Mostly Cloudy,11,11,22
06:34:09,Mostly Cloudy,11,11,22
06:36:08,Mostly Cloudy,11,11,22
06:38:09,Mostly Cloudy,11,11,22
06:40:09,Mostly Cloudy,11,11,22
06:42:09,Mostly Cloudy,11,11,22
06:44:09,Mostly Cloudy,11,11,22
06:46:09,Mostly Cloudy,11,11,22
06:48:09,Mostly Cloudy,11,11,22
06:50:09,Mostly Cloudy,11,11,22
06:52:09,Mostly Cloudy,11,11,22
06:54:09,Mostly Cloudy,11,11,22
06:56:08,Mostly Cloudy,11,11,22
06:58:09,Mostly Cloudy,11,11,22
07:00:09,Mostly Cloudy,11,11,22
07:02:08,Mostly Cloudy,11,11,22
07:04:09,Mostly Cloudy,11,11,22
07:06:09,Mostly Cloudy,11,11,22
07:08:09,Mostly Cloudy,11,11,22
07:10:08,Mostly Cloudy,11,11,22
07:12:09,Mostly Cloudy,11,11,22
07:14:09,Mostly Cloudy,11,11,22
07:16:09,Mostly Cloudy,11,11,22
07:18:09,Mostly Cloudy,12,12,19
07:20:08,Mostly Cloudy,12,12,19
07:22:09,Mostly Cloudy,12,12,19
07:24:09,Mostly Cloudy,12,12,19
07:26:09,Mostly Cloudy,12,12,19
07:28:08,Mostly Cloudy,12,12,19
07:30:09,Mostly Cloudy,12,12,19
07:32:09,Mostly Cloudy,12,12,19
07:34:08,Mostly Cloudy,12,12,19
07:36:09,Mostly Cloudy,12,12,19
07:38:09,Mostly Cloudy,12,12,19
07:40:08,Mostly Cloudy,12,12,19
07:42:09,Mostly Cloudy,12,12,19
07:44:09,Mostly Cloudy,12,12,19
07:46:09,Mostly Cloudy,12,12,19
07:48:08,Mostly Cloudy,12,12,19
07:50:09,Mostly Cloudy,12,12,19
07:52:08,Mostly Cloudy,12,12,19
07:54:08,Mostly Cloudy,12,12,19
07:56:09,Mostly Cloudy,12,12,19
07:58:09,Mostly Cloudy,12,12,19
08:00:08,Mostly Cloudy,12,12,19
08:02:09,Mostly Cloudy,12,12,19
08:04:09,Mostly Cloudy,12,12,19
08:06:08,Mostly Cloudy,12,12,19
08:08:09,Mostly Cloudy,12,12,19
08:10:09,Mostly Cloudy,12,12,19
08:12:08,Fair,13,13,25
08:14:09,Fair,13,13,25
08:16:09,Fair,13,13,25
08:18:08,Fair,13,13,25
08:20:09,Fair,13,13,25
08:22:09,Fair,13,13,25
08:24:08,Fair,13,13,25
08:26:09,Fair,13,13,25
08:28:08,Fair,13,13,25
08:30:09,Fair,13,13,25
08:32:09,Fair,13,13,25
08:34:08,Fair,13,13,25
08:36:08,Fair,13,13,25
08:38:09,Fair,13,13,25
08:40:09,Fair,13,13,25
08:42:08,Fair,13,13,25
08:44:09,Fair,13,13,25
08:46:09,Fair,13,13,25
08:48:09,Fair,13,13,25
08:50:09,Fair,13,13,25
08:52:09,Fair,13,13,25
08:54:09,Fair,13,13,25
08:56:08,Fair,13,13,25
08:58:09,Fair,13,13,25
09:00:09,Fair,13,13,25
09:02:08,Fair,13,13,25
09:04:09,Fair,13,13,25
09:06:09,Fair,13,13,25
09:08:08,Fair,13,13,25
09:10:08,Fair,13,13,25
09:12:09,Partly Cloudy,13,13,22
09:14:09,Partly Cloudy,13,13,22
09:16:09,Partly Cloudy,13,13,22
09:18:09,Partly Cloudy,13,13,22
09:20:09,Partly Cloudy,13,13,22
09:22:09,Partly Cloudy,13,13,22
09:24:08,Partly Cloudy,13,13,22
09:26:08,Partly Cloudy,13,13,22
09:28:09,Partly Cloudy,13,13,22
09:30:09,Partly Cloudy,13,13,22
09:32:08,Partly Cloudy,13,13,22
09:34:09,Partly Cloudy,13,13,22
09:36:09,Partly Cloudy,13,13,22
09:38:09,Partly Cloudy,13,13,22
09:40:09,Partly Cloudy,13,13,22
09:42:09,Partly Cloudy,13,13,22
09:44:09,Partly Cloudy,13,13,22
09:46:09,Partly Cloudy,13,13,22
09:48:08,Partly Cloudy,13,13,22
09:50:09,Partly Cloudy,13,13,22
09:52:09,Partly Cloudy,13,13,22
09:54:08,Partly Cloudy,13,13,22
09:56:09,Partly Cloudy,13,13,22
09:58:09,Partly Cloudy,13,13,22
10:00:08,Partly Cloudy,13,13,22
10:02:09,Partly Cloudy,13,13,22
10:04:09,Partly Cloudy,13,13,22
10:06:08,Partly Cloudy,13,13,22
10:08:09,Partly Cloudy,13,13,22
10:10:09,Partly Cloudy,13,13,22
10:12:08,Mostly Cloudy,15,15,14
10:14:09,Mostly Cloudy,15,15,14
10:16:09,Mostly Cloudy,15,15,14
10:18:08,Mostly Cloudy,15,15,14
10:20:09,Mostly Cloudy,15,15,14
10:22:09,Mostly Cloudy,15,15,14
10:24:08,Mostly Cloudy,15,15,14
10:26:09,Mostly Cloudy,15,15,14
10:28:09,Mostly Cloudy,15,15,14
10:30:09,Mostly Cloudy,15,15,14
10:32:09,Mostly Cloudy,15,15,14
10:34:09,Mostly Cloudy,15,15,14
10:36:08,Mostly Cloudy,15,15,14
10:38:09,Mostly Cloudy,15,15,14
10:40:09,Mostly Cloudy,15,15,14
10:42:09,Mostly Cloudy,15,15,14
10:44:09,Mostly Cloudy,15,15,14
10:46:09,Mostly Cloudy,15,15,14
10:48:08,Mostly Cloudy,15,15,14
10:50:09,Mostly Cloudy,15,15,14
10:52:09,Mostly Cloudy,15,15,14
10:54:08,Mostly Cloudy,15,15,14
10:56:09,Mostly Cloudy,15,15,14
10:58:09,Mostly Cloudy,15,15,14
11:00:08,Mostly Cloudy,15,15,14
11:02:09,Mostly Cloudy,15,15,14
11:04:09,Mostly Cloudy,15,15,14
11:06:09,Mostly Cloudy,15,15,14
11:08:08,Mostly Cloudy,15,15,14
11:10:09,Mostly Cloudy,15,15,14
11:12:09,Mostly Cloudy,15,15,14
11:14:09,Mostly Cloudy,15,15,14
11:16:09,Mostly Cloudy,15,15,14
11:18:09,Light Rain Shower,15,15,16
11:20:08,Light Rain Shower,15,15,16
11:22:09,Light Rain Shower,15,15,16
11:24:09,Light Rain Shower,15,15,16
11:26:08,Light Rain Shower,15,15,16
11:28:08,Light Rain Shower,15,15,16
11:30:09,Light Rain Shower,15,15,16
11:32:09,Light Rain Shower,15,15,16
11:34:08,Light Rain Shower,15,15,16
11:36:09,Light Rain Shower,15,15,16
11:38:08,Light Rain Shower,15,15,16
11:40:08,Light Rain Shower,15,15,16
11:42:09,Light Rain Shower,15,15,16
11:44:09,Light Rain Shower,15,15,16
11:46:08,Light Rain Shower,15,15,16
11:48:09,Light Rain Shower,15,15,16
11:50:09,Light Rain Shower,15,15,16
11:52:08,Light Rain Shower,15,15,16
11:54:09,Light Rain Shower,15,15,16
11:56:08,Light Rain Shower,15,15,16
11:58:08,Light Rain Shower,15,15,16
12:00:09,Light Rain Shower,15,15,16
12:02:09,Light Rain Shower,15,15,16
12:04:08,Light Rain Shower,15,15,16
12:06:09,Light Rain Shower,15,15,16
12:08:09,Light Rain Shower,15,15,16
12:10:08,Light Rain Shower,15,15,16
12:12:09,Light Rain Shower,15,15,16
12:14:09,Light Rain Shower,15,15,16
12:16:08,Light Rain Shower,15,15,16
12:18:09,Light Rain Shower,15,15,16
12:20:08,Light Rain Shower,15,15,16
12:22:09,Light Rain Shower,15,15,16
12:24:09,Light Rain Shower,15,15,16
12:26:09,Light Rain Shower,15,15,16
12:28:09,Light Rain Shower,15,15,16
12:30:09,Light Rain Shower,15,15,16
12:32:08,Light Rain Shower,15,15,16
12:34:09,Light Rain Shower,15,15,16
12:36:09,Light Rain Shower,15,15,16
12:38:09,Light Rain Shower,15,15,16
12:40:09,Light Rain Shower,15,15,16
12:42:09,Light Rain Shower,15,15,16
12:44:09,Light Rain Shower,15,15,16
12:46:09,Light Rain Shower,15,15,16
12:48:09,Light Rain Shower,15,15,16
12:50:08,Light Rain Shower,15,15,16
12:52:09,Light Rain Shower,15,15,16
12:54:09,Light Rain Shower,15,15,16
12:56:09,Light Rain Shower,15,15,16
12:58:08,Light Rain Shower,15,15,16
13:00:09,Light Rain Shower,15,15,16
13:02:09,Light Rain Shower,15,15,16
13:04:08,Light Rain Shower,15,15,16
13:06:08,Light Rain Shower,15,15,16
13:08:09,Light Rain Shower,15,15,16
13:10:08,Light Rain Shower,15,15,16
13:12:09,Light Rain Shower,15,15,16
13:14:09,Light Rain Shower,15,15,16
13:16:09,Light Rain Shower,15,15,16
13:18:09,Mostly Cloudy,16,16,14
13:20:08,Mostly Cloudy,16,16,14
13:22:09,Mostly Cloudy,16,16,14
13:24:09,Mostly Cloudy,16,16,14
13:26:08,Mostly Cloudy,16,16,14
13:28:09,Mostly Cloudy,16,16,14
13:30:09,Mostly Cloudy,16,16,14
13:32:09,Mostly Cloudy,16,16,14
13:34:09,Mostly Cloudy,16,16,14
13:36:09,Mostly Cloudy,16,16,14
13:38:09,Mostly Cloudy,16,16,14
13:40:09,Mostly Cloudy,16,16,14
13:42:09,Mostly Cloudy,16,16,14
13:44:09,Mostly Cloudy,16,16,14
13:46:09,Mostly Cloudy,16,16,14
13:48:09,Mostly Cloudy,16,16,14
13:50:09,Mostly Cloudy,16,16,14
13:52:09,Mostly Cloudy,16,16,14
13:54:09,Mostly Cloudy,16,16,14
13:56:09,Mostly Cloudy,16,16,14
13:58:09,Mostly Cloudy,16,16,14
14:00:09,Mostly Cloudy,16,16,14
14:02:09,Mostly Cloudy,16,16,14
14:04:09,Mostly Cloudy,16,16,14
14:06:09,Mostly Cloudy,16,16,14
14:08:08,Mostly Cloudy,16,16,14
14:10:09,Mostly Cloudy,16,16,14
14:12:09,Partly Cloudy,17,17,19
14:14:08,Partly Cloudy,17,17,19
14:16:08,Partly Cloudy,17,17,19
14:18:09,Partly Cloudy,17,17,19
14:20:09,Partly Cloudy,17,17,19
14:22:08,Partly Cloudy,17,17,19
14:24:09,Partly Cloudy,17,17,19
14:26:08,Partly Cloudy,17,17,19
14:28:09,Partly Cloudy,17,17,19
14:30:09,Partly Cloudy,17,17,19
14:32:08,Partly Cloudy,17,17,19
14:34:09,Partly Cloudy,17,17,19
14:36:09,Partly Cloudy,17,17,19
14:38:09,Partly Cloudy,17,17,19
14:40:08,Partly Cloudy,17,17,19
14:42:08,Partly Cloudy,17,17,19
14:44:09,Partly Cloudy,17,17,19
14:46:08,Partly Cloudy,17,17,19
14:48:09,Partly Cloudy,17,17,19
14:50:09,Partly Cloudy,17,17,19
14:52:08,Partly Cloudy,17,17,19
14:54:08,Partly Cloudy,17,17,19
14:56:09,Partly Cloudy,17,17,19
14:58:09,Partly Cloudy,17,17,19
15:00:08,Partly Cloudy,17,17,19
15:02:09,Partly Cloudy,17,17,19
15:04:09,Partly Cloudy,17,17,19
15:06:08,Partly Cloudy,17,17,19
15:08:09,Partly Cloudy,17,17,19
15:10:09,Partly Cloudy,17,17,19
15:12:09,Light Rain Shower,16,16,19
15:14:08,Light Rain Shower,16,16,19
15:16:09,Light Rain Shower,16,16,19
15:18:08,Light Rain Shower,16,16,19
15:20:09,Light Rain Shower,16,16,19
15:22:08,Light Rain Shower,16,16,19
15:24:08,Light Rain Shower,16,16,19
15:26:09,Light Rain Shower,16,16,19
15:28:09,Light Rain Shower,16,16,19
15:30:08,Light Rain Shower,16,16,19
15:32:09,Light Rain Shower,16,16,19
15:34:09,Light Rain Shower,16,16,19
15:36:09,Light Rain Shower,16,16,19
15:38:08,Light Rain Shower,16,16,19
15:40:09,Light Rain Shower,16,16,19
15:42:09,Light Rain Shower,16,16,19
15:44:08,Light Rain Shower,16,16,19
15:46:09,Light Rain Shower,16,16,19
15:48:09,Light Rain Shower,16,16,19
15:50:09,Light Rain Shower,16,16,19
15:52:09,Light Rain Shower,16,16,19
15:54:09,Light Rain Shower,16,16,19
15:56:08,Light Rain Shower,16,16,19
15:58:09,Light Rain Shower,16,16,19
16:00:09,Mostly Cloudy,17,17,16
16:02:08,Mostly Cloudy,17,17,16
16:04:09,Mostly Cloudy,17,17,16
16:06:08,Mostly Cloudy,17,17,16
16:08:08,Mostly Cloudy,17,17,16
16:10:09,Mostly Cloudy,17,17,16
16:12:09,Mostly Cloudy,17,17,16
16:14:08,Mostly Cloudy,17,17,16
16:16:09,Mostly Cloudy,17,17,16
16:18:09,Mostly Cloudy,17,17,16
16:20:08,Mostly Cloudy,17,17,16
16:22:09,Mostly Cloudy,17,17,16
16:24:09,Mostly Cloudy,17,17,16
16:26:08,Mostly Cloudy,17,17,16
16:28:09,Mostly Cloudy,17,17,16
16:30:09,Mostly Cloudy,17,17,16
16:32:08,Mostly Cloudy,17,17,16
16:34:09,Mostly Cloudy,17,17,16
16:36:09,Mostly Cloudy,17,17,16
16:38:08,Mostly Cloudy,17,17,16
16:40:08,Mostly Cloudy,17,17,16
16:42:09,Mostly Cloudy,17,17,16
16:44:08,Mostly Cloudy,17,17,16
16:46:08,Mostly Cloudy,17,17,16
16:48:09,Mostly Cloudy,17,17,16
16:50:09,Mostly Cloudy,17,17,16
16:52:09,Mostly Cloudy,17,17,16
16:54:09,Mostly Cloudy,17,17,16
16:56:09,Mostly Cloudy,17,17,16
16:58:09,Mostly Cloudy,17,17,16
17:00:09,Mostly Cloudy,17,17,16
17:02:09,Mostly Cloudy,17,17,16
17:04:09,Mostly Cloudy,17,17,16
17:06:09,Mostly Cloudy,17,17,16
17:08:09,Mostly Cloudy,17,17,16
17:10:09,Mostly Cloudy,17,17,16
17:12:09,Mostly Cloudy,17,17,16
17:14:09,Mostly Cloudy,17,17,16
17:16:09,Mostly Cloudy,17,17,16
17:18:09,Mostly Cloudy,17,17,16
17:20:09,Mostly Cloudy,17,17,16
17:22:08,Mostly Cloudy,17,17,16
17:24:09,Mostly Cloudy,17,17,16
17:26:09,Mostly Cloudy,17,17,16
17:28:09,Mostly Cloudy,17,17,16
17:30:08,Mostly Cloudy,17,17,16
17:32:09,Mostly Cloudy,17,17,16
17:34:09,Mostly Cloudy,17,17,16
17:36:08,Mostly Cloudy,17,17,16
17:38:09,Mostly Cloudy,17,17,16
17:40:09,Mostly Cloudy,17,17,16
17:42:08,Mostly Cloudy,17,17,16
17:44:09,Mostly Cloudy,17,17,16
17:46:08,Mostly Cloudy,17,17,16
17:48:09,Mostly Cloudy,17,17,16
17:50:09,Mostly Cloudy,17,17,16
17:52:09,Mostly Cloudy,17,17,16
17:54:08,Mostly Cloudy,17,17,16
17:56:09,Mostly Cloudy,17,17,16
17:58:08,Mostly Cloudy,17,17,16
18:00:09,Mostly Cloudy,17,17,16
18:02:09,Mostly Cloudy,17,17,16
18:04:09,Mostly Cloudy,17,17,16
18:06:08,Mostly Cloudy,17,17,16
18:08:09,Mostly Cloudy,17,17,16
18:10:09,Mostly Cloudy,17,17,16
18:12:08,Partly Cloudy,16,16,16
18:14:09,Partly Cloudy,16,16,16
18:16:08,Partly Cloudy,16,16,16
18:18:09,Partly Cloudy,16,16,16
18:20:09,Partly Cloudy,16,16,16
18:22:09,Partly Cloudy,16,16,16
18:24:09,Partly Cloudy,16,16,16
18:26:09,Partly Cloudy,16,16,16
18:28:09,Partly Cloudy,16,16,16
18:30:09,Partly Cloudy,16,16,16
18:32:08,Partly Cloudy,16,16,16
18:34:09,Partly Cloudy,16,16,16
18:36:09,Partly Cloudy,16,16,16
18:38:09,Partly Cloudy,16,16,16
18:40:09,Partly Cloudy,16,16,16
18:42:09,Partly Cloudy,16,16,16
18:44:08,Partly Cloudy,16,16,16
18:46:08,Partly Cloudy,16,16,16
18:48:09,Partly Cloudy,16,16,16
18:50:09,Partly Cloudy,16,16,16
18:52:08,Partly Cloudy,16,16,16
18:54:09,Partly Cloudy,16,16,16
18:56:09,Partly Cloudy,16,16,16
18:58:09,Partly Cloudy,16,16,16
19:00:08,Partly Cloudy,16,16,16
19:02:09,Partly Cloudy,16,16,16
19:04:09,Partly Cloudy,16,16,16
19:06:09,Partly Cloudy,16,16,16
19:08:09,Partly Cloudy,16,16,16
19:10:08,Partly Cloudy,16,16,16
19:12:09,Light Rain Shower,13,13,12
19:14:08,Light Rain Shower,13,13,12
19:16:09,Light Rain Shower,13,13,12
19:18:09,Light Rain Shower,13,13,12
19:20:08,Light Rain Shower,13,13,12
19:22:09,Light Rain Shower,13,13,12
19:24:09,Light Rain Shower,13,13,12
19:26:09,Light Rain Shower,13,13,12
19:28:09,Light Rain Shower,13,13,12
19:30:08,Light Rain Shower,13,13,12
19:32:09,Light Rain Shower,13,13,12
19:34:09,Light Rain Shower,13,13,12
19:36:08,Light Rain Shower,13,13,12
19:38:09,Light Rain Shower,13,13,12
19:40:09,Light Rain Shower,13,13,12
19:42:09,Light Rain Shower,13,13,12
19:44:09,Light Rain Shower,13,13,12
19:46:08,Light Rain Shower,13,13,12
19:48:09,Light Rain Shower,13,13,12
19:50:09,Light Rain Shower,13,13,12
19:52:08,Light Rain Shower,13,13,12
19:54:09,Light Rain Shower,13,13,12
19:56:09,Light Rain Shower,13,13,12
19:58:08,Light Rain Shower,13,13,12
20:00:09,Light Rain Shower,13,13,12
20:02:09,Light Rain Shower,13,13,12
20:04:09,Light Rain Shower,13,13,12
20:06:08,Light Rain Shower,13,13,12
20:08:09,Light Rain Shower,13,13,12
20:10:08,Light Rain Shower,13,13,12
20:12:09,Mostly Cloudy,13,13,11
20:14:09,Mostly Cloudy,13,13,11
20:16:09,Mostly Cloudy,13,13,11
20:18:09,Mostly Cloudy,13,13,11
20:20:09,Mostly Cloudy,13,13,11
20:22:09,Mostly Cloudy,13,13,11
20:24:09,Mostly Cloudy,13,13,11
20:26:08,Mostly Cloudy,13,13,11
20:28:08,Mostly Cloudy,13,13,11
20:30:09,Mostly Cloudy,13,13,11
20:32:09,Mostly Cloudy,13,13,11
20:34:08,Mostly Cloudy,13,13,11
20:36:08,Mostly Cloudy,13,13,11
20:38:09,Mostly Cloudy,13,13,11
20:40:09,Mostly Cloudy,13,13,11
20:42:09,Mostly Cloudy,13,13,11
20:44:08,Mostly Cloudy,13,13,11
20:46:09,Mostly Cloudy,13,13,11
20:48:09,Mostly Cloudy,13,13,11
20:50:09,Mostly Cloudy,13,13,11
20:52:09,Mostly Cloudy,13,13,11
20:54:09,Mostly Cloudy,13,13,11
20:56:08,Mostly Cloudy,13,13,11
20:58:09,Mostly Cloudy,13,13,11
21:00:09,Mostly Cloudy,13,13,11
21:02:09,Mostly Cloudy,13,13,11
21:04:08,Mostly Cloudy,13,13,11
21:06:08,Mostly Cloudy,13,13,11
21:08:09,Mostly Cloudy,13,13,11
21:10:09,Mostly Cloudy,13,13,11
21:12:09,Mostly Cloudy,12,12,9
21:14:08,Mostly Cloudy,12,12,9
21:16:09,Mostly Cloudy,12,12,9
21:18:09,Mostly Cloudy,12,12,9
21:20:08,Mostly Cloudy,12,12,9
21:22:08,Mostly Cloudy,12,12,9
21:24:09,Mostly Cloudy,12,12,9
21:26:08,Mostly Cloudy,12,12,9
21:28:09,Mostly Cloudy,12,12,9
21:30:09,Mostly Cloudy,12,12,9
21:32:08,Mostly Cloudy,12,12,9
21:34:09,Mostly Cloudy,12,12,9
21:36:08,Mostly Cloudy,12,12,9
21:38:09,Mostly Cloudy,12,12,9
21:40:09,Mostly Cloudy,12,12,9
21:42:08,Mostly Cloudy,12,12,9
21:44:09,Mostly Cloudy,12,12,9
21:46:09,Mostly Cloudy,12,12,9
21:48:09,Mostly Cloudy,12,12,9
21:50:09,Mostly Cloudy,12,12,9
21:52:09,Mostly Cloudy,12,12,9
21:54:09,Mostly Cloudy,12,12,9
21:56:09,Mostly Cloudy,12,12,9
21:58:09,Mostly Cloudy,12,12,9
22:00:08,Mostly Cloudy,12,12,9
22:02:09,Mostly Cloudy,12,12,9
22:04:09,Mostly Cloudy,12,12,9
22:06:08,Mostly Cloudy,12,12,9
22:08:09,Mostly Cloudy,12,12,9
22:10:09,Mostly Cloudy,12,12,9
22:12:09,Mostly Cloudy,12,12,3
22:14:09,Mostly Cloudy,12,12,3
22:16:09,Mostly Cloudy,12,12,3
22:18:09,Mostly Cloudy,12,12,3
22:20:09,Mostly Cloudy,12,12,3
22:22:09,Mostly Cloudy,12,12,3
22:24:08,Mostly Cloudy,12,12,3
22:26:09,Mostly Cloudy,12,12,3
22:28:09,Mostly Cloudy,12,12,3
22:30:09,Mostly Cloudy,12,12,3
22:32:09,Mostly Cloudy,12,12,3
22:34:08,Mostly Cloudy,12,12,3
22:36:08,Mostly Cloudy,12,12,3
22:38:09,Mostly Cloudy,12,12,3
22:40:08,Mostly Cloudy,12,12,3
22:42:08,Mostly Cloudy,12,12,3
22:44:09,Mostly Cloudy,12,12,3
22:46:09,Mostly Cloudy,12,12,3
22:48:08,Mostly Cloudy,12,12,3
22:50:09,Mostly Cloudy,12,12,3
22:52:09,Mostly Cloudy,12,12,3
22:54:08,Mostly Cloudy,12,12,3
22:56:09,Mostly Cloudy,12,12,3
22:58:09,Mostly Cloudy,12,12,3
23:00:09,Mostly Cloudy,12,12,3
23:02:08,Mostly Cloudy,12,12,3
23:04:09,Mostly Cloudy,12,12,3
23:06:09,Mostly Cloudy,12,12,3
23:08:09,Mostly Cloudy,12,12,3
23:10:09,Mostly Cloudy,12,12,3
23:12:08,Mostly Cloudy,12,12,4
23:14:09,Mostly Cloudy,12,12,4
23:16:09,Mostly Cloudy,12,12,4
23:18:08,Mostly Cloudy,12,12,4
23:20:09,Mostly Cloudy,12,12,4
23:22:09,Mostly Cloudy,12,12,4
23:24:08,Mostly Cloudy,12,12,4
23:26:09,Mostly Cloudy,12,12,4
23:28:09,Mostly Cloudy,12,12,4
23:30:08,Mostly Cloudy,12,12,4
23:32:08,Mostly Cloudy,12,12,4
23:34:09,Mostly Cloudy,12,12,4
23:36:09,Mostly Cloudy,12,12,4
23:38:08,Mostly Cloudy,12,12,4
23:40:09,Mostly Cloudy,12,12,4
23:42:09,Mostly Cloudy,12,12,4
23:44:09,Mostly Cloudy,12,12,4
23:46:08,Mostly Cloudy,12,12,4
23:48:08,Mostly Cloudy,12,12,4
23:50:09,Mostly Cloudy,12,12,4
23:52:09,Mostly Cloudy,12,12,4
23:54:08,Mostly Cloudy,12,12,4
23:56:09,Mostly Cloudy,12,12,4
23:58:09,Mostly Cloudy,12,12,4
