Time,Weather,Temperature,Feels_Like,Wind_Speed
00:00:09,Light Drizzle,15,15,9
00:02:09,Light Drizzle,15,15,9
00:04:09,Light Drizzle,15,15,9
00:06:09,Light Drizzle,15,15,9
00:08:09,Light Drizzle,15,15,9
00:10:09,Light Drizzle,15,15,9
00:12:08,Light Drizzle,15,15,9
00:14:09,Light Drizzle,15,15,9
00:16:09,Mostly Cloudy,13,13,4
00:18:09,Mostly Cloudy,13,13,4
00:20:09,Mostly Cloudy,13,13,4
00:22:08,Mostly Cloudy,13,13,4
00:24:09,Mostly Cloudy,13,13,4
00:26:09,Mostly Cloudy,13,13,4
00:28:08,Mostly Cloudy,13,13,4
00:30:09,Mostly Cloudy,13,13,4
00:32:09,Mostly Cloudy,13,13,4
00:34:08,Mostly Cloudy,13,13,4
00:36:09,Mostly Cloudy,13,13,4
00:38:09,Mostly Cloudy,13,13,4
00:40:09,Mostly Cloudy,13,13,4
00:42:09,Mostly Cloudy,13,13,4
00:44:08,Mostly Cloudy,13,13,4
00:46:09,Mostly Cloudy,13,13,4
00:48:09,Mostly Cloudy,13,13,4
00:50:08,Mostly Cloudy,13,13,4
00:52:09,Mostly Cloudy,13,13,4
00:54:09,Mostly Cloudy,13,13,4
00:56:09,Mostly Cloudy,13,13,4
00:58:09,Mostly Cloudy,13,13,4
01:00:17,Mostly Cloudy,13,13,4
01:02:08,Mostly Cloudy,13,13,4
01:04:08,Mostly Cloudy,13,13,4
01:06:09,Mostly Cloudy,13,13,4
01:08:09,Mostly Cloudy,13,13,4
01:10:08,Mostly Cloudy,13,13,4
01:12:09,Cloudy,13,13,8
01:14:08,Cloudy,13,13,8
01:16:08,Cloudy,13,13,8
01:18:09,Cloudy,13,13,8
01:20:08,Cloudy,13,13,8
01:22:08,Cloudy,13,13,8
01:24:09,Cloudy,13,13,8
01:26:09,Cloudy,13,13,8
01:28:08,Cloudy,13,13,8
01:30:09,Cloudy,13,13,8
01:32:09,Cloudy,13,13,8
01:34:08,Cloudy,13,13,8
01:36:08,Cloudy,13,13,8
01:38:09,Cloudy,13,13,8
01:40:08,Cloudy,13,13,8
01:42:09,Cloudy,13,13,8
01:44:09,Cloudy,13,13,8
01:46:08,Cloudy,13,13,8
01:48:09,Cloudy,13,13,8
01:50:09,Cloudy,13,13,8
01:52:08,Cloudy,13,13,8
01:54:09,Cloudy,13,13,8
01:56:09,Cloudy,13,13,8
01:58:08,Cloudy,13,13,8
02:00:09,Cloudy,13,13,8
02:02:09,Cloudy,13,13,8
02:04:08,Cloudy,13,13,8
02:06:09,Cloudy,13,13,8
02:08:09,Cloudy,13,13,8
02:10:08,Cloudy,13,13,8
02:12:08,Cloudy,13,13,8
02:14:09,Cloudy,13,13,8
02:16:09,Cloudy,13,13,8
02:18:09,Cloudy,13,13,4
02:20:09,Cloudy,13,13,4
02:22:08,Cloudy,13,13,4
02:24:09,Cloudy,13,13,4
02:26:09,Cloudy,13,13,4
02:28:09,Cloudy,13,13,4
02:30:08,Cloudy,13,13,4
02:32:09,Cloudy,13,13,4
02:34:09,Cloudy,13,13,4
02:36:08,Cloudy,13,13,4
02:38:08,Cloudy,13,13,4
02:40:09,Cloudy,13,13,4
02:42:09,Cloudy,13,13,4
02:44:08,Cloudy,13,13,4
02:46:08,Cloudy,13,13,4
02:48:09,Cloudy,13,13,4
02:50:09,Cloudy,13,13,4
02:52:08,Cloudy,13,13,4
02:54:08,Cloudy,13,13,4
02:56:09,Cloudy,13,13,4
02:58:09,Cloudy,13,13,4
03:00:08,Cloudy,13,13,4
03:02:08,Cloudy,13,13,4
03:04:09,Cloudy,13,13,4
03:06:09,Cloudy,13,13,4
03:08:08,Cloudy,13,13,4
03:10:09,Mostly Cloudy,13,13,4
03:12:09,Mostly Cloudy,13,13,4
03:14:08,Mostly Cloudy,13,13,4
03:16:09,Mostly Cloudy,13,13,4
03:18:08,Mostly Cloudy,13,13,4
03:20:09,Mostly Cloudy,13,13,4
03:22:09,Mostly Cloudy,13,13,4
03:24:09,Mostly Cloudy,13,13,4
03:26:09,Mostly Cloudy,13,13,4
03:28:08,Mostly Cloudy,13,13,4
03:30:09,Mostly Cloudy,13,13,4
03:32:09,Mostly Cloudy,13,13,4
03:34:09,Mostly Cloudy,13,13,4
03:36:08,Mostly Cloudy,13,13,4
03:38:09,Mostly Cloudy,13,13,4
03:40:09,Mostly Cloudy,13,13,4
03:42:09,Mostly Cloudy,13,13,4
03:44:08,Mostly Cloudy,13,13,4
03:46:09,Mostly Cloudy,13,13,4
03:48:08,Mostly Cloudy,13,13,4
03:50:08,Mostly Cloudy,13,13,4
03:52:09,Mostly Cloudy,13,13,4
03:54:08,Mostly Cloudy,13,13,4
03:56:08,Mostly Cloudy,13,13,4
03:58:09,Mostly Cloudy,13,13,4
04:00:08,Mostly Cloudy,13,13,4
04:02:09,Mostly Cloudy,13,13,4
04:04:09,Mostly Cloudy,13,13,4
04:06:08,Mostly Cloudy,13,13,4
04:08:09,Mostly Cloudy,13,13,4
04:10:08,Mostly Cloudy,13,13,4
04:12:09,Mostly Cloudy,13,13,4
04:14:09,Mostly Cloudy,13,13,3
04:16:09,Mostly Cloudy,13,13,3
04:18:09,Mostly Cloudy,13,13,3
04:20:08,Mostly Cloudy,13,13,3
04:22:09,Mostly Cloudy,13,13,3
04:24:08,Mostly Cloudy,13,13,3
04:26:09,Mostly Cloudy,13,13,3
04:28:09,Mostly Cloudy,13,13,3
04:30:08,Mostly Cloudy,13,13,3
04:32:08,Mostly Cloudy,13,13,3
04:34:09,Mostly Cloudy,13,13,3
04:36:09,Mostly Cloudy,13,13,3
04:38:09,Mostly Cloudy,13,13,3
04:40:09,Mostly Cloudy,13,13,3
04:42:09,Mostly Cloudy,13,13,3
04:44:09,Mostly Cloudy,13,13,3
04:46:09,Mostly Cloudy,13,13,3
04:48:09,Mostly Cloudy,13,13,3
04:50:09,Mostly Cloudy,13,13,3
04:52:08,Mostly Cloudy,13,13,3
04:54:09,Mostly Cloudy,13,13,3
04:56:09,Mostly Cloudy,13,13,3
04:58:09,Mostly Cloudy,13,13,3
05:00:08,Mostly Cloudy,13,13,3
05:02:09,Mostly Cloudy,13,13,3
05:04:09,Mostly Cloudy,13,13,3
05:06:08,Mostly Cloudy,13,13,3
05:08:09,Mostly Cloudy,13,13,3
05:10:09,Mostly Cloudy,13,13,3
05:12:08,Mostly Cloudy,13,13,3
05:14:09,Mostly Cloudy,13,13,3
05:16:09,Mostly Cloudy,13,13,3
05:18:09,Mostly Cloudy,13,13,3
05:20:09,Mostly Cloudy,13,13,3
05:22:09,Mostly Cloudy,13,13,3
05:24:09,Mostly Cloudy,13,13,3
05:26:09,Mostly Cloudy,13,13,3
05:28:09,Mostly Cloudy,13,13,3
05:30:09,Mostly Cloudy,13,13,3
05:32:09,Mostly Cloudy,13,13,3
05:34:09,Mostly Cloudy,13,13,3
05:36:09,Mostly Cloudy,13,13,3
05:38:08,Mostly Cloudy,13,13,3
05:40:09,Mostly Cloudy,13,13,3
05:42:08,Mostly Cloudy,13,13,3
05:44:08,Mostly Cloudy,13,13,3
05:46:09,Mostly Cloudy,13,13,3
05:48:08,Mostly Cloudy,13,13,3
05:50:09,Mostly Cloudy,13,13,3
05:52:09,Mostly Cloudy,13,13,3
05:54:08,Mostly Cloudy,13,13,3
05:56:09,Mostly Cloudy,13,13,3
05:58:09,Mostly Cloudy,13,13,3
06:00:09,Mostly Cloudy,13,13,3
06:02:09,Mostly Cloudy,13,13,3
06:04:09,Mostly Cloudy,13,13,3
06:06:09,Mostly Cloudy,13,13,3
06:08:08,Mostly Cloudy,13,13,3
06:10:08,Mostly Cloudy,13,13,3
06:12:09,Mostly Cloudy,13,13,3
06:14:09,Mostly Cloudy,13,13,3
06:16:09,Mostly Cloudy,13,13,4
06:18:08,Mostly Cloudy,13,13,4
06:20:09,Mostly Cloudy,13,13,4
06:22:08,Mostly Cloudy,13,13,4
06:24:09,Mostly Cloudy,13,13,4
06:26:09,Mostly Cloudy,13,13,4
06:28:09,Mostly Cloudy,13,13,4
06:30:08,Mostly Cloudy,13,13,4
06:32:09,Mostly Cloudy,13,13,4
06:34:09,Mostly Cloudy,13,13,4
06:36:09,Mostly Cloudy,13,13,4
06:38:09,Mostly Cloudy,13,13,4
06:40:08,Mostly Cloudy,13,13,4
06:42:09,Mostly Cloudy,13,13,4
06:44:09,Mostly Cloudy,13,13,4
06:46:08,Mostly Cloudy,13,13,4
06:48:09,Mostly Cloudy,13,13,4
06:50:09,Mostly Cloudy,13,13,4
06:52:08,Mostly Cloudy,13,13,4
06:54:09,Mostly Cloudy,13,13,4
06:56:09,Mostly Cloudy,13,13,4
06:58:08,Mostly Cloudy,13,13,4
07:00:09,Mostly Cloudy,13,13,4
07:02:09,Mostly Cloudy,13,13,4
07:04:09,Mostly Cloudy,13,13,4
07:06:08,Mostly Cloudy,13,13,4
07:08:09,Mostly Cloudy,13,13,4
07:10:09,Mostly Cloudy,13,13,4
07:12:08,Mostly Cloudy,13,13,4
07:14:09,Mostly Cloudy,13,13,4
07:16:09,Mostly Cloudy,13,13,4
07:18:09,Mostly Cloudy,13,13,8
07:20:09,Mostly Cloudy,13,13,8
07:22:08,Mostly Cloudy,13,13,8
07:24:09,Mostly Cloudy,13,13,8
07:26:09,Mostly Cloudy,13,13,8
07:28:08,Mostly Cloudy,13,13,8
07:30:09,Mostly Cloudy,13,13,8
07:32:09,Mostly Cloudy,13,13,8
07:34:09,Mostly Cloudy,13,13,8
07:36:09,Mostly Cloudy,13,13,8
07:38:09,Mostly Cloudy,13,13,8
07:40:09,Mostly Cloudy,13,13,8
07:42:09,Mostly Cloudy,13,13,8
07:44:08,Mostly Cloudy,15,15,8
07:46:09,Mostly Cloudy,15,15,8
07:48:09,Mostly Cloudy,15,15,8
07:50:08,Mostly Cloudy,15,15,8
07:52:09,Mostly Cloudy,15,15,8
07:54:09,Mostly Cloudy,15,15,8
07:56:08,Mostly Cloudy,15,15,8
07:58:09,Mostly Cloudy,15,15,8
08:00:09,Mostly Cloudy,15,15,8
08:02:08,Mostly Cloudy,15,15,8
08:04:09,Mostly Cloudy,15,15,8
08:06:08,Mostly Cloudy,15,15,8
08:08:09,Mostly Cloudy,15,15,8
08:10:09,Mostly Cloudy,15,15,8
08:12:08,Mostly Cloudy,15,15,8
08:14:09,Mostly Cloudy,15,15,8
08:16:09,Mostly Cloudy,15,15,11
08:18:09,Mostly Cloudy,15,15,8
08:20:09,Mostly Cloudy,15,15,11
08:22:08,Mostly Cloudy,15,15,11
08:24:09,Mostly Cloudy,15,15,11
08:26:08,Mostly Cloudy,15,15,11
08:28:08,Mostly Cloudy,15,15,11
08:30:09,Mostly Cloudy,15,15,11
08:32:09,Mostly Cloudy,15,15,11
08:34:08,Mostly Cloudy,15,15,11
08:36:09,Mostly Cloudy,15,15,11
08:38:09,Mostly Cloudy,15,15,11
08:40:08,Mostly Cloudy,15,15,11
08:42:09,Mostly Cloudy,15,15,11
08:44:09,Mostly Cloudy,15,15,11
08:46:08,Mostly Cloudy,15,15,11
08:48:09,Mostly Cloudy,15,15,11
08:50:09,Mostly Cloudy,15,15,11
08:52:09,Mostly Cloudy,15,15,11
08:54:09,Mostly Cloudy,15,15,11
08:56:09,Mostly Cloudy,15,15,11
08:58:09,Mostly Cloudy,15,15,11
09:00:09,Mostly Cloudy,15,15,11
09:02:09,Mostly Cloudy,15,15,11
09:04:08,Mostly Cloudy,15,15,11
09:06:08,Mostly Cloudy,15,15,11
09:08:09,Mostly Cloudy,16,16,12
09:10:09,Mostly Cloudy,16,16,12
09:12:09,Mostly Cloudy,16,16,12
09:14:09,Mostly Cloudy,16,16,12
09:16:08,Mostly Cloudy,16,16,12
09:18:09,Mostly Cloudy,16,16,12
09:20:08,Mostly Cloudy,16,16,12
09:22:09,Mostly Cloudy,16,16,12
09:24:08,Mostly Cloudy,16,16,12
09:26:08,Mostly Cloudy,16,16,12
09:28:09,Mostly Cloudy,16,16,12
09:30:09,Mostly Cloudy,16,16,12
09:32:08,Mostly Cloudy,16,16,12
09:34:09,Mostly Cloudy,16,16,12
09:36:08,Mostly Cloudy,16,16,12
09:38:09,Mostly Cloudy,16,16,12
09:40:09,Mostly Cloudy,17,17,12
09:42:08,Mostly Cloudy,17,17,12
09:44:08,Mostly Cloudy,17,17,12
09:46:09,Mostly Cloudy,16,16,12
09:48:09,Mostly Cloudy,16,16,12
09:50:09,Mostly Cloudy,16,16,12
09:52:09,Mostly Cloudy,17,17,12
09:54:08,Mostly Cloudy,17,17,12
09:56:09,Mostly Cloudy,17,17,12
09:58:09,Mostly Cloudy,17,17,12
10:00:09,Mostly Cloudy,17,17,12
10:02:09,Mostly Cloudy,17,17,12
10:04:09,Mostly Cloudy,17,17,12
10:06:08,Mostly Cloudy,17,17,12
10:08:09,Mostly Cloudy,17,17,12
10:10:09,Mostly Cloudy,17,17,12
10:12:08,Mostly Cloudy,17,17,12
10:14:09,Mostly Cloudy,17,17,12
10:16:09,Mostly Cloudy,16,16,11
10:18:09,Mostly Cloudy,16,16,11
10:20:09,Mostly Cloudy,16,16,11
10:22:08,Mostly Cloudy,16,16,11
10:24:09,Mostly Cloudy,16,16,11
10:26:09,Mostly Cloudy,16,16,11
10:28:09,Mostly Cloudy,16,16,11
10:30:09,Mostly Cloudy,16,16,11
10:32:08,Mostly Cloudy,16,16,11
10:34:09,Mostly Cloudy,16,16,11
10:36:09,Mostly Cloudy,16,16,11
10:38:08,Mostly Cloudy,16,16,11
10:40:09,Mostly Cloudy,16,16,11
10:42:08,Mostly Cloudy,16,16,11
10:44:09,Mostly Cloudy,16,16,11
10:46:09,Mostly Cloudy,17,17,9
10:48:09,Mostly Cloudy,17,17,9
10:50:09,Mostly Cloudy,17,17,9
10:52:08,Mostly Cloudy,17,17,9
10:54:09,Mostly Cloudy,17,17,9
10:56:08,Mostly Cloudy,17,17,9
10:58:08,Mostly Cloudy,17,17,9
11:00:09,Mostly Cloudy,17,17,9
11:02:08,Mostly Cloudy,17,17,9
11:04:09,Mostly Cloudy,17,17,9
11:06:09,Mostly Cloudy,17,17,9
11:08:09,Mostly Cloudy,17,17,9
11:10:09,Mostly Cloudy,17,17,9
11:12:09,Mostly Cloudy,17,17,9
11:14:08,Mostly Cloudy,17,17,9
11:16:08,Mostly Cloudy,17,17,11
11:18:09,Mostly Cloudy,17,17,11
11:20:08,Mostly Cloudy,17,17,11
11:22:09,Mostly Cloudy,17,17,11
11:24:08,Mostly Cloudy,17,17,11
11:26:09,Mostly Cloudy,17,17,11
11:28:09,Mostly Cloudy,17,17,11
11:30:08,Mostly Cloudy,17,17,11
11:32:09,Mostly Cloudy,17,17,11
11:34:09,Mostly Cloudy,17,17,11
11:36:08,Mostly Cloudy,17,17,11
11:38:09,Mostly Cloudy,17,17,11
11:40:09,Mostly Cloudy,17,17,11
11:42:08,Mostly Cloudy,17,17,11
11:44:09,Mostly Cloudy,17,17,11
11:46:09,Mostly Cloudy,17,17,11
11:48:08,Mostly Cloudy,17,17,11
11:50:09,Mostly Cloudy,17,17,11
11:52:09,Mostly Cloudy,17,17,11
11:54:08,Mostly Cloudy,17,17,11
11:56:09,Mostly Cloudy,17,17,11
11:58:09,Mostly Cloudy,17,17,11
12:00:09,Mostly Cloudy,17,17,11
12:02:09,Mostly Cloudy,17,17,11
12:04:09,Mostly Cloudy,17,17,11
12:06:08,Mostly Cloudy,17,17,11
12:08:09,Mostly Cloudy,17,17,11
12:10:09,Mostly Cloudy,17,17,11
12:12:08,Mostly Cloudy,17,17,11
12:14:09,Mostly Cloudy,17,17,11
12:16:09,Mostly Cloudy,17,17,14
12:18:09,Mostly Cloudy,17,17,14
12:20:09,Mostly Cloudy,17,17,14
12:22:08,Mostly Cloudy,17,17,14
12:24:09,Mostly Cloudy,17,17,14
12:26:08,Mostly Cloudy,17,17,14
12:28:08,Mostly Cloudy,17,17,14
12:30:09,Mostly Cloudy,17,17,14
12:32:08,Mostly Cloudy,17,17,14
12:34:09,Mostly Cloudy,17,17,14
12:36:09,Mostly Cloudy,17,17,14
12:38:08,Mostly Cloudy,17,17,14
13:18:09,Partly Cloudy,17,17,12
13:20:09,Partly Cloudy,17,17,12
13:22:09,Partly Cloudy,17,17,12
13:24:09,Partly Cloudy,17,17,12
13:26:09,Partly Cloudy,17,17,12
13:28:08,Partly Cloudy,17,17,12
13:30:09,Partly Cloudy,17,17,12
13:32:09,Partly Cloudy,17,17,12
13:34:08,Partly Cloudy,17,17,12
13:36:08,Partly Cloudy,17,17,12
13:38:09,Partly Cloudy,17,17,12
13:40:08,Partly Cloudy,17,17,12
13:42:09,Partly Cloudy,17,17,12
13:44:09,Partly Cloudy,17,17,12
13:46:08,Partly Cloudy,17,17,12
13:48:09,Partly Cloudy,17,17,12
13:50:09,Partly Cloudy,17,17,12
13:52:08,Partly Cloudy,17,17,12
13:54:09,Partly Cloudy,17,17,12
13:56:09,Partly Cloudy,17,17,12
13:58:08,Partly Cloudy,17,17,12
14:00:09,Partly Cloudy,17,17,12
14:02:09,Partly Cloudy,17,17,12
14:04:08,Partly Cloudy,17,17,12
14:06:09,Partly Cloudy,17,17,12
14:08:09,Partly Cloudy,17,17,12
14:10:08,Partly Cloudy,17,17,12
14:12:09,Partly Cloudy,17,17,12
14:14:09,Partly Cloudy,18,18,12
14:16:08,Partly Cloudy,18,18,12
14:18:09,Partly Cloudy,18,18,12
14:20:08,Partly Cloudy,18,18,12
14:22:08,Partly Cloudy,18,18,12
14:24:09,Partly Cloudy,18,18,12
14:26:08,Partly Cloudy,18,18,12
14:28:09,Partly Cloudy,18,18,12
14:30:09,Partly Cloudy,18,18,12
14:32:09,Partly Cloudy,18,18,12
14:34:09,Partly Cloudy,18,18,12
14:36:09,Partly Cloudy,18,18,12
14:38:09,Partly Cloudy,18,18,12
14:40:08,Partly Cloudy,18,18,12
14:42:09,Partly Cloudy,18,18,12
14:44:09,Mostly Cloudy,18,18,11
14:46:08,Mostly Cloudy,18,18,11
14:48:09,Mostly Cloudy,18,18,11
14:50:09,Mostly Cloudy,18,18,11
14:52:08,Mostly Cloudy,18,18,11
14:54:09,Mostly Cloudy,18,18,11
14:56:09,Mostly Cloudy,18,18,11
14:58:08,Mostly Cloudy,18,18,11
15:00:09,Mostly Cloudy,18,18,11
15:02:09,Mostly Cloudy,18,18,11
15:04:09,Mostly Cloudy,18,18,11
15:06:08,Mostly Cloudy,18,18,11
15:08:09,Mostly Cloudy,18,18,11
15:10:09,Mostly Cloudy,18,18,11
15:12:08,Mostly Cloudy,18,18,12
15:14:09,Mostly Cloudy,18,18,12
15:16:08,Mostly Cloudy,18,18,12
15:18:09,Mostly Cloudy,18,18,12
15:20:08,Mostly Cloudy,18,18,12
15:22:09,Mostly Cloudy,18,18,12
15:24:09,Mostly Cloudy,18,18,12
15:26:08,Mostly Cloudy,18,18,12
15:28:09,Mostly Cloudy,18,18,12
15:30:09,Mostly Cloudy,18,18,12
15:32:08,Mostly Cloudy,18,18,12
15:34:08,Mostly Cloudy,18,18,12
15:36:08,Mostly Cloudy,18,18,12
15:38:09,Mostly Cloudy,18,18,12
15:40:08,Mostly Cloudy,18,18,12
15:42:09,Mostly Cloudy,17,17,12
15:44:09,Mostly Cloudy,17,17,12
15:46:08,Mostly Cloudy,17,17,12
15:48:08,Mostly Cloudy,17,17,12
15:50:09,Mostly Cloudy,17,17,12
15:52:08,Mostly Cloudy,17,17,12
15:54:09,Mostly Cloudy,17,17,12
15:56:09,Mostly Cloudy,17,17,12
15:58:09,Mostly Cloudy,17,17,12
16:00:09,Mostly Cloudy,17,17,12
16:02:09,Mostly Cloudy,17,17,12
16:04:08,Mostly Cloudy,17,17,12
16:06:08,Mostly Cloudy,17,17,12
16:08:09,Mostly Cloudy,17,17,12
16:10:08,Mostly Cloudy,17,17,12
16:18:08,Mostly Cloudy,17,17,14
16:20:09,Mostly Cloudy,17,17,14
16:22:09,Mostly Cloudy,17,17,14
16:24:08,Mostly Cloudy,17,17,14
16:26:09,Mostly Cloudy,17,17,14
16:28:09,Mostly Cloudy,17,17,14
16:30:09,Mostly Cloudy,17,17,14
16:32:08,Mostly Cloudy,17,17,14
16:34:09,Mostly Cloudy,17,17,14
16:36:09,Mostly Cloudy,17,17,14
16:38:08,Mostly Cloudy,17,17,14
16:40:09,Mostly Cloudy,17,17,14
16:42:09,Mostly Cloudy,17,17,14
16:44:09,Mostly Cloudy,17,17,14
16:46:08,Mostly Cloudy,17,17,14
16:48:09,Mostly Cloudy,17,17,14
16:50:09,Mostly Cloudy,17,17,14
16:52:09,Mostly Cloudy,17,17,14
16:54:09,Mostly Cloudy,17,17,14
16:56:08,Mostly Cloudy,17,17,14
16:58:09,Mostly Cloudy,17,17,14
17:00:09,Mostly Cloudy,17,17,14
17:02:09,Mostly Cloudy,17,17,14
17:04:09,Mostly Cloudy,17,17,14
17:06:09,Mostly Cloudy,17,17,14
17:08:09,Mostly Cloudy,17,17,14
17:10:09,Mostly Cloudy,17,17,14
17:12:09,Mostly Cloudy,17,17,8
17:14:09,Mostly Cloudy,17,17,8
17:16:08,Mostly Cloudy,17,17,8
17:18:09,Mostly Cloudy,17,17,8
17:20:09,Mostly Cloudy,17,17,8
17:22:09,Mostly Cloudy,17,17,8
17:24:08,Mostly Cloudy,17,17,8
17:26:09,Mostly Cloudy,17,17,8
17:28:09,Mostly Cloudy,17,17,8
17:30:08,Mostly Cloudy,17,17,8
17:32:09,Mostly Cloudy,17,17,8
17:34:08,Mostly Cloudy,17,17,8
17:36:09,Mostly Cloudy,17,17,8
17:38:08,Mostly Cloudy,17,17,8
17:40:08,Mostly Cloudy,17,17,8
17:42:09,Mostly Cloudy,17,17,8
17:44:09,Mostly Cloudy,17,17,8
17:46:08,Mostly Cloudy,17,17,8
17:48:09,Mostly Cloudy,17,17,8
17:50:08,Mostly Cloudy,17,17,8
17:52:09,Mostly Cloudy,17,17,8
17:54:09,Mostly Cloudy,17,17,8
17:56:08,Mostly Cloudy,17,17,8
17:58:09,Mostly Cloudy,17,17,8
18:00:09,Mostly Cloudy,17,17,8
18:02:09,Mostly Cloudy,17,17,8
18:04:08,Mostly Cloudy,17,17,8
18:06:09,Mostly Cloudy,17,17,8
18:08:09,Mostly Cloudy,17,17,8
18:10:09,Mostly Cloudy,17,17,8
18:12:09,Mostly Cloudy,17,17,12
18:14:08,Mostly Cloudy,17,17,12
18:16:08,Mostly Cloudy,17,17,12
18:18:09,Mostly Cloudy,17,17,12
18:20:09,Mostly Cloudy,17,17,12
18:22:09,Mostly Cloudy,17,17,12
18:24:08,Mostly Cloudy,17,17,12
18:26:09,Mostly Cloudy,17,17,12
18:28:09,Mostly Cloudy,17,17,12
18:30:08,Mostly Cloudy,17,17,12
18:32:09,Mostly Cloudy,17,17,12
18:34:09,Mostly Cloudy,17,17,12
18:36:09,Mostly Cloudy,17,17,12
18:38:09,Mostly Cloudy,17,17,12
18:40:09,Mostly Cloudy,17,17,12
18:42:08,Mostly Cloudy,17,17,12
18:44:09,Mostly Cloudy,17,17,12
18:46:09,Mostly Cloudy,17,17,12
18:48:08,Mostly Cloudy,17,17,12
18:50:09,Mostly Cloudy,17,17,12
18:52:09,Mostly Cloudy,17,17,12
18:54:08,Mostly Cloudy,17,17,12
18:56:09,Mostly Cloudy,17,17,12
18:58:09,Mostly Cloudy,17,17,12
19:00:08,Mostly Cloudy,17,17,12
19:02:09,Mostly Cloudy,17,17,12
19:04:09,Mostly Cloudy,17,17,12
19:06:08,Mostly Cloudy,17,17,12
19:08:09,Mostly Cloudy,17,17,12
19:10:09,Mostly Cloudy,17,17,12
19:12:08,Mostly Cloudy,17,17,11
19:14:09,Mostly Cloudy,17,17,11
19:16:08,Mostly Cloudy,17,17,11
19:18:09,Mostly Cloudy,17,17,11
19:20:09,Mostly Cloudy,17,17,11
19:22:09,Mostly Cloudy,17,17,11
19:24:09,Mostly Cloudy,17,17,11
19:26:09,Mostly Cloudy,17,17,11
19:28:09,Mostly Cloudy,17,17,11
19:30:08,Mostly Cloudy,17,17,11
19:32:09,Mostly Cloudy,17,17,11
19:34:09,Mostly Cloudy,17,17,11
19:36:09,Mostly Cloudy,17,17,11
19:38:08,Mostly Cloudy,17,17,11
19:40:09,Mostly Cloudy,17,17,11
19:42:09,Mostly Cloudy,17,17,11
19:44:09,Mostly Cloudy,17,17,11
19:46:09,Mostly Cloudy,17,17,11
19:48:08,Mostly Cloudy,17,17,11
19:50:09,Mostly Cloudy,17,17,11
19:52:09,Mostly Cloudy,17,17,11
19:54:08,Mostly Cloudy,17,17,11
19:56:09,Mostly Cloudy,17,17,11
19:58:09,Mostly Cloudy,17,17,11
20:00:09,Mostly Cloudy,17,17,11
20:02:09,Mostly Cloudy,17,17,11
20:04:09,Mostly Cloudy,17,17,11
20:06:08,Mostly Cloudy,17,17,11
20:08:09,Mostly Cloudy,17,17,11
20:10:08,Mostly Cloudy,17,17,11
20:12:09,Mostly Cloudy,16,16,9
20:14:08,Mostly Cloudy,16,16,9
20:16:08,Mostly Cloudy,16,16,9
20:18:09,Mostly Cloudy,16,16,9
20:20:09,Mostly Cloudy,16,16,9
20:22:09,Mostly Cloudy,16,16,9
20:24:08,Mostly Cloudy,16,16,9
20:26:09,Mostly Cloudy,16,16,9
20:28:08,Mostly Cloudy,16,16,9
20:30:08,Mostly Cloudy,16,16,9
20:32:09,Mostly Cloudy,16,16,9
20:34:09,Mostly Cloudy,16,16,9
20:36:09,Mostly Cloudy,16,16,9
20:38:08,Mostly Cloudy,16,16,9
20:40:09,Mostly Cloudy,16,16,9
20:42:09,Mostly Cloudy,16,16,9
20:44:08,Mostly Cloudy,16,16,9
20:46:09,Mostly Cloudy,16,16,9
20:48:09,Mostly Cloudy,16,16,9
20:50:09,Mostly Cloudy,16,16,9
20:52:08,Mostly Cloudy,16,16,9
20:54:09,Mostly Cloudy,16,16,9
20:56:09,Mostly Cloudy,16,16,9
20:58:09,Mostly Cloudy,16,16,9
21:00:08,Mostly Cloudy,16,16,9
21:02:09,Mostly Cloudy,16,16,9
21:04:09,Mostly Cloudy,16,16,9
21:06:08,Mostly Cloudy,16,16,9
21:08:09,Mostly Cloudy,16,16,9
21:10:08,Mostly Cloudy,16,16,9
21:12:09,Mostly Cloudy,16,16,9
21:14:09,Mostly Cloudy,16,16,9
21:16:08,Mostly Cloudy,15,15,8
21:18:09,Mostly Cloudy,15,15,8
21:20:08,Mostly Cloudy,15,15,8
21:22:08,Mostly Cloudy,15,15,8
21:24:09,Mostly Cloudy,15,15,8
21:26:09,Mostly Cloudy,15,15,8
21:28:09,Mostly Cloudy,15,15,8
21:30:09,Mostly Cloudy,15,15,8
21:32:08,Mostly Cloudy,15,15,8
21:34:09,Mostly Cloudy,15,15,8
21:36:08,Mostly Cloudy,15,15,8
21:38:08,Mostly Cloudy,15,15,8
21:40:09,Mostly Cloudy,15,15,8
21:42:09,Mostly Cloudy,15,15,8
21:44:08,Mostly Cloudy,15,15,8
21:46:09,Mostly Cloudy,15,15,8
21:48:09,Mostly Cloudy,15,15,8
21:50:09,Mostly Cloudy,15,15,8
21:52:09,Mostly Cloudy,15,15,8
21:54:08,Mostly Cloudy,15,15,8
21:56:08,Mostly Cloudy,15,15,8
21:58:09,Mostly Cloudy,15,15,8
22:00:08,Mostly Cloudy,15,15,8
22:02:09,Mostly Cloudy,15,15,8
22:04:09,Mostly Cloudy,15,15,8
22:06:09,Mostly Cloudy,15,15,8
22:08:08,Mostly Cloudy,15,15,8
22:10:09,Mostly Cloudy,15,15,8
22:12:09,Mostly Cloudy,15,15,8
22:14:08,Mostly Cloudy,15,15,4
22:16:09,Mostly Cloudy,15,15,4
22:18:08,Mostly Cloudy,15,15,4
22:20:08,Mostly Cloudy,15,15,4
22:22:09,Mostly Cloudy,15,15,4
22:24:08,Mostly Cloudy,15,15,4
22:26:09,Mostly Cloudy,15,15,4
22:28:09,Mostly Cloudy,15,15,4
22:30:09,Mostly Cloudy,15,15,4
22:32:08,Mostly Cloudy,15,15,4
22:34:09,Mostly Cloudy,15,15,4
22:36:09,Mostly Cloudy,15,15,4
22:38:09,Mostly Cloudy,15,15,4
22:40:09,Mostly Cloudy,15,15,4
22:42:08,Mostly Cloudy,15,15,4
22:44:08,Mostly Cloudy,15,15,4
22:46:09,Mostly Cloudy,15,15,4
22:48:09,Mostly Cloudy,15,15,4
22:50:08,Mostly Cloudy,15,15,4
22:52:09,Mostly Cloudy,15,15,4
22:54:09,Mostly Cloudy,15,15,4
22:56:09,Mostly Cloudy,15,15,4
22:58:09,Mostly Cloudy,15,15,4
23:00:09,Mostly Cloudy,15,15,4
23:02:08,Mostly Cloudy,15,15,4
23:04:08,Mostly Cloudy,15,15,4
23:06:09,Mostly Cloudy,15,15,4
23:08:09,Mostly Cloudy,15,15,4
23:10:08,Mostly Cloudy,15,15,4
23:12:09,Mostly Cloudy,15,15,3
23:14:09,Mostly Cloudy,15,15,3
23:16:09,Mostly Cloudy,15,15,3
23:18:09,Mostly Cloudy,15,15,3
23:20:09,Mostly Cloudy,15,15,3
23:22:08,Mostly Cloudy,15,15,3
23:24:09,Mostly Cloudy,15,15,3
23:26:09,Mostly Cloudy,15,15,3
23:28:08,Mostly Cloudy,15,15,3
23:30:08,Mostly Cloudy,15,15,3
23:32:09,Mostly Cloudy,15,15,3
23:34:08,Mostly Cloudy,15,15,3
23:36:08,Mostly Cloudy,15,15,3
23:38:09,Mostly Cloudy,15,15,3
23:40:09,Mostly Cloudy,15,15,3
23:42:08,Mostly Cloudy,15,15,3
23:44:09,Mostly Cloudy,15,15,3
23:46:09,Mostly Cloudy,15,15,3
23:48:09,Mostly Cloudy,15,15,3
23:50:08,Mostly Cloudy,15,15,3
23:52:09,Mostly Cloudy,15,15,3
23:54:09,Mostly Cloudy,15,15,3
23:56:09,Mostly Cloudy,15,15,3
23:58:09,Mostly Cloudy,15,15,3
