Time,Weather,Temperature,Feels_Like,Wind_Speed
00:00:08,Fair,18,18,11
00:02:09,Fair,18,18,11
00:04:09,Fair,18,18,11
00:06:08,Fair,18,18,11
00:08:09,Fair,18,18,11
00:10:09,Fair,18,18,11
00:12:08,Fair,20,20,14
00:14:09,Fair,20,20,14
00:16:09,Fair,20,20,14
00:18:08,Fair,20,20,14
00:20:09,Fair,20,20,14
00:22:09,Fair,20,20,14
00:24:08,Fair,20,20,14
00:26:08,Fair,20,20,14
00:28:09,Fair,20,20,14
00:30:09,Fair,20,20,14
00:32:09,Fair,20,20,14
00:34:08,Fair,20,20,14
00:36:09,Fair,20,20,14
00:38:08,Fair,20,20,14
00:40:09,Fair,20,20,14
00:42:09,Fair,20,20,14
00:44:08,Fair,20,20,14
00:46:09,Fair,20,20,14
00:48:09,Fair,20,20,14
00:50:08,Fair,20,20,14
00:52:09,Fair,20,20,14
00:54:09,Fair,20,20,14
00:56:08,Fair,20,20,14
00:58:09,Fair,20,20,14
01:00:17,Fair,20,20,14
01:02:09,Fair,20,20,14
01:04:08,Fair,20,20,14
01:06:08,Fair,20,20,14
01:08:09,Fair,20,20,14
01:10:09,Fair,20,20,14
01:12:08,Partly Cloudy,20,20,9
01:14:09,Partly Cloudy,20,20,9
01:16:09,Partly Cloudy,20,20,9
01:18:08,Fair,20,20,14
01:20:09,Fair,20,20,14
01:22:09,Fair,20,20,14
01:24:08,Partly Cloudy,20,20,9
01:26:09,Partly Cloudy,20,20,9
01:28:08,Partly Cloudy,20,20,9
01:30:09,Partly Cloudy,20,20,9
01:32:08,Partly Cloudy,20,20,9
01:34:09,Partly Cloudy,20,20,9
01:36:09,Partly Cloudy,20,20,9
01:38:08,Partly Cloudy,20,20,9
01:40:09,Partly Cloudy,20,20,9
01:42:09,Partly Cloudy,20,20,9
01:44:09,Partly Cloudy,20,20,9
01:46:09,Partly Cloudy,20,20,9
01:48:09,Partly Cloudy,20,20,9
01:50:09,Partly Cloudy,20,20,9
01:52:08,Partly Cloudy,20,20,9
01:54:09,Partly Cloudy,20,20,9
01:56:09,Partly Cloudy,20,20,9
01:58:09,Partly Cloudy,20,20,9
02:00:09,Partly Cloudy,20,20,9
02:02:09,Partly Cloudy,20,20,9
02:04:09,Partly Cloudy,20,20,9
02:06:09,Partly Cloudy,20,20,9
02:08:09,Partly Cloudy,20,20,9
02:10:09,Partly Cloudy,20,20,9
02:12:08,Partly Cloudy,20,20,9
02:14:09,Partly Cloudy,20,20,9
02:16:09,Partly Cloudy,20,20,9
02:18:08,Partly Cloudy,20,20,28
02:20:09,Partly Cloudy,20,20,28
02:22:09,Partly Cloudy,20,20,28
02:24:09,Partly Cloudy,20,20,28
02:26:08,Partly Cloudy,20,20,28
02:28:08,Partly Cloudy,20,20,28
02:30:09,Partly Cloudy,20,20,28
02:32:09,Partly Cloudy,20,20,28
02:34:08,Partly Cloudy,20,20,28
02:36:09,Partly Cloudy,20,20,28
02:38:09,Partly Cloudy,20,20,28
02:40:09,Partly Cloudy,20,20,28
02:42:09,Partly Cloudy,20,20,28
02:44:08,Partly Cloudy,20,20,28
02:46:08,Partly Cloudy,20,20,28
02:48:09,Partly Cloudy,20,20,28
02:50:09,Partly Cloudy,20,20,28
02:52:08,Partly Cloudy,20,20,28
02:54:09,Partly Cloudy,20,20,28
02:56:09,Partly Cloudy,20,20,28
02:58:09,Partly Cloudy,20,20,28
03:00:09,Partly Cloudy,20,20,28
03:02:08,Partly Cloudy,20,20,28
03:04:09,Partly Cloudy,20,20,28
03:06:09,Partly Cloudy,20,20,28
03:08:08,Partly Cloudy,20,20,28
03:10:09,Partly Cloudy,20,20,28
03:12:09,Mostly Cloudy,20,20,8
03:14:09,Mostly Cloudy,20,20,8
03:16:09,Mostly Cloudy,20,20,8
03:18:08,Mostly Cloudy,20,20,8
03:20:09,Mostly Cloudy,20,20,8
03:22:09,Mostly Cloudy,20,20,8
03:24:09,Mostly Cloudy,20,20,8
03:26:09,Mostly Cloudy,20,20,8
03:28:09,Mostly Cloudy,20,20,8
03:30:09,Mostly Cloudy,20,20,8
03:32:09,Mostly Cloudy,20,20,8
03:34:09,Mostly Cloudy,20,20,8
03:36:09,Mostly Cloudy,20,20,8
03:38:08,Mostly Cloudy,20,20,8
03:40:08,Mostly Cloudy,20,20,8
03:42:09,Mostly Cloudy,20,20,8
03:44:09,Mostly Cloudy,20,20,8
03:46:09,Mostly Cloudy,20,20,8
03:48:09,Mostly Cloudy,20,20,8
03:50:08,Mostly Cloudy,20,20,8
03:52:09,Mostly Cloudy,20,20,8
03:54:09,Mostly Cloudy,20,20,8
03:56:09,Mostly Cloudy,20,20,8
03:58:09,Mostly Cloudy,20,20,8
04:00:09,Mostly Cloudy,20,20,8
04:02:09,Mostly Cloudy,20,20,8
04:04:09,Mostly Cloudy,20,20,8
04:06:08,Mostly Cloudy,20,20,8
04:08:09,Mostly Cloudy,20,20,8
04:10:09,Mostly Cloudy,20,20,8
04:12:09,Mostly Cloudy,20,20,8
04:14:09,Mostly Cloudy,20,20,8
04:16:09,Mostly Cloudy,20,20,8
04:18:08,Mostly Cloudy,18,18,20
04:20:08,Mostly Cloudy,18,18,20
04:22:09,Mostly Cloudy,18,18,20
04:24:09,Mostly Cloudy,18,18,20
04:26:09,Mostly Cloudy,18,18,20
04:28:09,Mostly Cloudy,18,18,20
04:30:09,Mostly Cloudy,18,18,20
04:32:08,Mostly Cloudy,18,18,20
04:34:09,Mostly Cloudy,18,18,20
04:36:09,Mostly Cloudy,18,18,20
04:38:09,Mostly Cloudy,18,18,20
04:40:08,Mostly Cloudy,18,18,20
04:42:09,Mostly Cloudy,18,18,20
04:44:09,Mostly Cloudy,18,18,20
04:46:08,Mostly Cloudy,18,18,20
04:48:09,Mostly Cloudy,18,18,20
04:50:09,Mostly Cloudy,18,18,20
04:52:09,Mostly Cloudy,18,18,20
04:54:08,Mostly Cloudy,18,18,20
04:56:09,Mostly Cloudy,18,18,20
04:58:09,Mostly Cloudy,18,18,20
05:00:09,Mostly Cloudy,18,18,20
05:02:09,Mostly Cloudy,18,18,20
05:04:09,Mostly Cloudy,18,18,20
05:06:09,Mostly Cloudy,18,18,20
05:08:08,Mostly Cloudy,18,18,20
05:10:08,Mostly Cloudy,18,18,20
05:12:09,Mostly Cloudy,18,18,20
05:14:09,Mostly Cloudy,18,18,20
05:16:08,Mostly Cloudy,18,18,20
05:18:09,Mostly Cloudy,18,18,12
05:20:09,Mostly Cloudy,18,18,12
05:22:08,Mostly Cloudy,18,18,12
05:24:09,Mostly Cloudy,18,18,12
05:26:08,Mostly Cloudy,18,18,12
05:28:08,Mostly Cloudy,18,18,12
05:30:09,Mostly Cloudy,18,18,12
05:32:08,Mostly Cloudy,18,18,12
05:34:09,Mostly Cloudy,18,18,12
05:36:09,Mostly Cloudy,18,18,12
05:38:09,Mostly Cloudy,18,18,12
05:40:08,Mostly Cloudy,18,18,12
05:42:09,Mostly Cloudy,18,18,12
05:44:09,Mostly Cloudy,18,18,12
05:46:08,Mostly Cloudy,18,18,12
05:48:08,Mostly Cloudy,18,18,12
05:50:09,Mostly Cloudy,18,18,12
05:52:09,Mostly Cloudy,18,18,12
05:54:08,Mostly Cloudy,18,18,12
05:56:09,Mostly Cloudy,18,18,12
05:58:09,Mostly Cloudy,18,18,12
06:00:08,Mostly Cloudy,18,18,12
06:02:09,Mostly Cloudy,18,18,12
06:04:09,Mostly Cloudy,18,18,12
06:06:08,Mostly Cloudy,18,18,12
06:08:09,Mostly Cloudy,18,18,12
06:10:09,Mostly Cloudy,18,18,12
06:12:09,Light Rain Shower,17,17,12
06:14:08,Light Rain Shower,17,17,12
06:16:09,Light Rain Shower,17,17,12
06:18:09,Light Rain Shower,17,17,12
06:20:08,Light Rain Shower,17,17,12
06:22:09,Light Rain Shower,17,17,12
06:24:09,Light Rain Shower,17,17,12
06:26:09,Light Rain Shower,17,17,12
06:28:09,Light Rain Shower,17,17,12
06:30:09,Light Rain Shower,17,17,12
06:32:09,Light Rain Shower,17,17,12
06:34:09,Light Rain Shower,17,17,12
06:36:08,Light Rain Shower,17,17,12
06:38:09,Light Rain Shower,17,17,12
06:40:09,Light Rain Shower,17,17,12
06:42:09,Light Rain Shower,17,17,12
06:44:09,Light Rain Shower,17,17,12
06:46:08,Light Rain Shower,17,17,12
06:48:09,Light Rain Shower,17,17,12
06:50:09,Light Rain Shower,17,17,12
06:52:08,Light Rain Shower,17,17,12
06:54:09,Light Rain Shower,17,17,12
06:56:09,Light Rain Shower,17,17,12
06:58:09,Light Rain Shower,17,17,12
07:00:08,Light Rain Shower,17,17,12
07:02:09,Light Rain Shower,17,17,12
07:04:09,Light Rain Shower,17,17,12
07:06:09,Light Rain Shower,17,17,12
07:08:09,Light Rain Shower,17,17,12
07:10:09,Light Rain Shower,17,17,12
07:12:08,Light Rain Shower,17,17,12
07:14:09,Light Rain Shower,17,17,12
07:16:09,Light Rain Shower,17,17,12
07:18:08,Mostly Cloudy,18,18,8
07:20:09,Mostly Cloudy,18,18,8
07:22:09,Mostly Cloudy,18,18,8
07:24:08,Mostly Cloudy,18,18,8
07:26:09,Mostly Cloudy,18,18,8
07:28:09,Mostly Cloudy,18,18,8
07:30:08,Mostly Cloudy,18,18,8
07:32:09,Mostly Cloudy,18,18,8
07:34:08,Mostly Cloudy,18,18,8
07:36:08,Mostly Cloudy,18,18,8
07:38:08,Mostly Cloudy,18,18,8
07:40:09,Mostly Cloudy,18,18,8
07:42:09,Mostly Cloudy,18,18,11
07:44:08,Mostly Cloudy,18,18,11
07:46:09,Mostly Cloudy,18,18,11
07:48:09,Mostly Cloudy,18,18,11
07:50:09,Mostly Cloudy,18,18,11
07:52:09,Mostly Cloudy,18,18,11
07:54:08,Mostly Cloudy,18,18,11
07:56:09,Mostly Cloudy,18,18,11
07:58:09,Mostly Cloudy,18,18,11
08:00:09,Mostly Cloudy,18,18,11
08:02:08,Mostly Cloudy,18,18,11
08:04:09,Mostly Cloudy,18,18,11
08:06:09,Mostly Cloudy,18,18,11
08:08:09,Mostly Cloudy,18,18,11
08:10:09,Mostly Cloudy,18,18,11
08:12:09,Mostly Cloudy,18,18,16
08:14:09,Mostly Cloudy,18,18,16
08:16:09,Mostly Cloudy,18,18,16
08:18:08,Mostly Cloudy,18,18,16
08:20:09,Mostly Cloudy,18,18,16
08:22:09,Mostly Cloudy,18,18,16
08:24:08,Mostly Cloudy,18,18,16
08:26:09,Mostly Cloudy,18,18,16
08:28:09,Mostly Cloudy,18,18,16
08:30:08,Mostly Cloudy,18,18,16
08:32:09,Mostly Cloudy,18,18,16
08:34:09,Mostly Cloudy,18,18,16
08:36:08,Mostly Cloudy,18,18,16
08:38:09,Mostly Cloudy,18,18,16
08:40:09,Mostly Cloudy,18,18,16
08:42:08,Light Rain,18,18,9
08:44:09,Light Rain,18,18,9
08:46:09,Light Rain,18,18,9
08:48:09,Light Rain,18,18,9
08:50:09,Light Rain,18,18,9
08:52:09,Light Rain,18,18,9
08:54:08,Light Rain,18,18,9
08:56:09,Light Rain,18,18,9
08:58:09,Light Rain,18,18,9
09:00:08,Light Rain,18,18,9
09:02:09,Light Rain,18,18,9
09:04:09,Light Rain,18,18,9
09:06:08,Light Rain,18,18,9
09:08:09,Light Rain,18,18,9
09:10:09,Light Rain,18,18,9
09:12:08,Light Rain,17,17,9
09:14:09,Light Rain,17,17,9
09:16:09,Light Rain,17,17,9
09:18:08,Light Rain,17,17,9
09:20:09,Light Rain,17,17,9
09:22:08,Light Rain,17,17,9
09:24:09,Light Rain,17,17,9
09:26:09,Light Rain,17,17,9
09:28:08,Light Rain,17,17,9
09:30:08,Light Rain,17,17,9
09:32:09,Light Rain,17,17,9
09:34:09,Light Rain,17,17,9
09:36:09,Light Rain,17,17,9
09:38:09,Light Rain,17,17,9
09:40:09,Light Rain,17,17,9
09:42:09,Light Rain,17,17,11
09:44:08,Light Rain,17,17,11
09:46:09,Light Rain,17,17,11
09:48:09,Light Rain,17,17,11
09:50:09,Light Rain,17,17,11
09:52:09,Light Rain,17,17,11
09:54:09,Light Rain,17,17,11
09:56:09,Light Rain,17,17,11
09:58:09,Light Rain,17,17,11
10:00:09,Light Rain,17,17,11
10:02:09,Light Rain,17,17,11
10:04:09,Light Rain,17,17,11
10:06:08,Light Rain,17,17,11
10:08:09,Light Rain,17,17,11
10:10:09,Light Rain,17,17,11
10:12:08,Light Rain,17,17,11
10:14:09,Light Rain,17,17,11
10:16:09,Light Rain,17,17,11
10:18:09,Light Rain,17,17,9
10:20:09,Light Rain,17,17,9
10:22:08,Light Rain,17,17,9
10:24:09,Light Rain,17,17,9
10:26:09,Light Rain,17,17,9
10:28:08,Light Rain,17,17,9
10:30:09,Light Rain,17,17,9
10:32:09,Light Rain,17,17,9
10:34:09,Light Rain,17,17,9
10:36:09,Light Rain,17,17,9
10:38:08,Light Rain,17,17,9
10:40:09,Light Rain,17,17,9
10:42:09,Light Rain,17,17,4
10:44:08,Light Rain,17,17,4
10:46:09,Light Rain,17,17,4
10:48:09,Light Rain,17,17,4
10:50:08,Light Rain,17,17,4
10:52:09,Light Rain,17,17,4
10:54:09,Light Rain,17,17,4
10:56:09,Light Rain,17,17,4
10:58:08,Light Rain,17,17,4
11:00:09,Light Rain,17,17,4
11:02:08,Light Rain,17,17,4
11:04:08,Light Rain,17,17,4
11:06:09,Light Rain,17,17,4
11:08:08,Light Rain,17,17,4
11:10:08,Light Rain,17,17,4
11:12:09,Light Rain,17,17,11
11:14:09,Light Rain,17,17,11
11:16:09,Light Rain,17,17,11
11:18:09,Light Rain,17,17,11
11:20:08,Light Rain,17,17,11
11:22:09,Light Rain,17,17,11
11:24:09,Light Rain,17,17,11
11:26:08,Light Rain,17,17,11
11:28:09,Light Rain,17,17,11
11:30:09,Light Rain,17,17,11
11:32:08,Light Rain,17,17,11
11:34:09,Light Rain,17,17,11
11:36:09,Light Rain,17,17,11
11:38:08,Light Rain,17,17,11
11:40:09,Light Rain,17,17,11
11:42:09,Light Rain,17,17,9
11:44:09,Light Rain,17,17,9
11:46:09,Light Rain,17,17,9
11:48:09,Light Rain,17,17,9
11:50:08,Light Rain,17,17,9
11:52:09,Light Rain,17,17,9
11:54:09,Light Rain,17,17,9
11:56:09,Light Rain,17,17,9
11:58:09,Light Rain,17,17,9
12:00:09,Light Rain,17,17,9
12:02:09,Light Rain,17,17,9
12:04:08,Light Rain,17,17,9
12:06:09,Light Rain,17,17,9
12:08:08,Light Rain,17,17,9
12:10:09,Light Rain,17,17,9
12:12:09,Light Rain,17,17,9
12:14:08,Light Rain,17,17,9
12:16:08,Light Rain,17,17,9
12:18:09,Mostly Cloudy,17,17,11
12:20:08,Mostly Cloudy,17,17,11
12:22:09,Mostly Cloudy,17,17,11
12:24:09,Mostly Cloudy,17,17,11
12:26:09,Mostly Cloudy,17,17,11
12:28:09,Mostly Cloudy,17,17,11
12:30:08,Mostly Cloudy,17,17,11
12:32:09,Mostly Cloudy,17,17,11
12:34:09,Mostly Cloudy,17,17,11
12:36:09,Mostly Cloudy,17,17,11
12:38:09,Mostly Cloudy,17,17,11
12:40:09,Mostly Cloudy,17,17,11
12:42:09,Mostly Cloudy,18,18,1
12:44:09,Mostly Cloudy,18,18,1
12:46:09,Mostly Cloudy,18,18,1
12:48:09,Mostly Cloudy,18,18,1
12:50:09,Mostly Cloudy,18,18,1
12:52:09,Mostly Cloudy,18,18,1
12:54:08,Mostly Cloudy,18,18,1
12:56:08,Mostly Cloudy,18,18,1
12:58:09,Mostly Cloudy,18,18,1
13:00:09,Mostly Cloudy,18,18,1
13:02:08,Mostly Cloudy,18,18,1
13:04:09,Mostly Cloudy,18,18,1
13:06:09,Mostly Cloudy,18,18,1
13:08:09,Mostly Cloudy,18,18,1
13:10:08,Mostly Cloudy,18,18,1
13:12:09,Mostly Cloudy,20,20,1
13:14:09,Mostly Cloudy,20,20,1
13:16:09,Mostly Cloudy,20,20,1
13:18:08,Mostly Cloudy,20,20,1
13:20:08,Mostly Cloudy,20,20,1
13:22:09,Mostly Cloudy,20,20,1
13:24:09,Mostly Cloudy,20,20,1
13:26:08,Mostly Cloudy,20,20,1
13:28:09,Mostly Cloudy,20,20,1
13:30:08,Mostly Cloudy,20,20,1
13:32:09,Mostly Cloudy,20,20,1
13:34:09,Mostly Cloudy,20,20,1
13:36:08,Mostly Cloudy,20,20,1
13:38:09,Mostly Cloudy,20,20,1
13:40:09,Mostly Cloudy,20,20,1
13:42:08,Mostly Cloudy,20,20,8
13:44:09,Mostly Cloudy,20,20,8
13:46:09,Mostly Cloudy,20,20,8
13:48:08,Mostly Cloudy,20,20,8
13:50:09,Mostly Cloudy,20,20,8
13:52:09,Mostly Cloudy,20,20,8
13:54:08,Mostly Cloudy,20,20,8
13:56:09,Mostly Cloudy,20,20,8
13:58:09,Mostly Cloudy,20,20,8
14:00:08,Mostly Cloudy,20,20,8
14:02:09,Mostly Cloudy,20,20,8
14:04:08,Mostly Cloudy,20,20,8
14:06:09,Mostly Cloudy,20,20,8
14:08:09,Mostly Cloudy,20,20,8
14:10:09,Mostly Cloudy,20,20,8
14:12:08,Mostly Cloudy,20,20,8
14:14:09,Mostly Cloudy,20,20,8
14:16:09,Mostly Cloudy,20,20,8
14:18:08,Light Rain,20,20,12
14:20:09,Light Rain,20,20,12
14:22:08,Light Rain,20,20,12
14:24:09,Light Rain,20,20,12
14:26:09,Light Rain,20,20,12
14:28:09,Light Rain,20,20,12
14:30:08,Light Rain,20,20,12
14:32:09,Light Rain,20,20,12
14:34:09,Light Rain,20,20,12
14:36:09,Light Rain,20,20,12
14:38:09,Light Rain,20,20,12
14:40:09,Light Rain,20,20,12
14:42:08,Mostly Cloudy,18,18,14
14:44:09,Mostly Cloudy,18,18,14
14:46:09,Mostly Cloudy,18,18,14
14:48:08,Mostly Cloudy,18,18,14
14:50:08,Mostly Cloudy,18,18,14
14:52:09,Mostly Cloudy,18,18,14
14:54:09,Mostly Cloudy,18,18,14
14:56:09,Mostly Cloudy,18,18,14
14:58:09,Mostly Cloudy,18,18,14
15:00:08,Mostly Cloudy,18,18,14
15:02:09,Mostly Cloudy,18,18,14
15:04:09,Mostly Cloudy,18,18,14
15:06:09,Mostly Cloudy,18,18,14
15:08:08,Mostly Cloudy,18,18,14
15:10:09,Mostly Cloudy,18,18,14
15:12:09,Mostly Cloudy,18,18,14
15:14:08,Mostly Cloudy,18,18,14
15:16:09,Mostly Cloudy,18,18,14
15:18:09,Mostly Cloudy,18,18,14
15:20:08,Mostly Cloudy,18,18,14
15:22:09,Mostly Cloudy,18,18,14
15:24:09,Mostly Cloudy,18,18,14
15:26:09,Mostly Cloudy,18,18,14
15:28:09,Mostly Cloudy,18,18,14
15:30:09,Mostly Cloudy,18,18,14
15:32:08,Mostly Cloudy,18,18,14
15:34:09,Mostly Cloudy,18,18,14
15:36:09,Mostly Cloudy,18,18,14
15:38:09,Mostly Cloudy,18,18,14
15:40:09,Mostly Cloudy,18,18,14
15:42:09,Mostly Cloudy,18,18,14
15:44:08,Mostly Cloudy,18,18,14
15:46:08,Mostly Cloudy,18,18,14
15:48:09,Mostly Cloudy,18,18,24
15:50:09,Mostly Cloudy,18,18,24
15:52:09,Mostly Cloudy,18,18,24
15:54:08,Mostly Cloudy,18,18,24
15:56:09,Mostly Cloudy,18,18,24
15:58:09,Mostly Cloudy,18,18,24
16:00:09,Mostly Cloudy,18,18,24
16:02:09,Mostly Cloudy,18,18,24
16:04:09,Mostly Cloudy,18,18,24
16:06:08,Mostly Cloudy,18,18,24
16:08:09,Mostly Cloudy,18,18,24
16:10:09,Mostly Cloudy,18,18,24
16:12:09,Mostly Cloudy,18,18,24
16:14:09,Mostly Cloudy,18,18,24
16:16:09,Mostly Cloudy,18,18,24
16:18:09,Mostly Cloudy,18,18,19
16:20:09,Mostly Cloudy,18,18,19
16:22:09,Mostly Cloudy,18,18,19
16:24:08,Mostly Cloudy,18,18,19
16:26:09,Mostly Cloudy,18,18,19
16:28:09,Mostly Cloudy,18,18,19
16:30:09,Mostly Cloudy,18,18,19
16:32:08,Mostly Cloudy,18,18,19
16:34:09,Mostly Cloudy,18,18,19
16:36:08,Mostly Cloudy,18,18,19
16:38:08,Mostly Cloudy,18,18,19
16:40:09,Mostly Cloudy,18,18,19
16:42:09,Mostly Cloudy,18,18,19
16:44:08,Mostly Cloudy,18,18,19
16:46:08,Mostly Cloudy,18,18,19
16:48:09,Mostly Cloudy,18,18,19
16:50:08,Mostly Cloudy,18,18,19
16:52:09,Mostly Cloudy,18,18,19
16:54:09,Mostly Cloudy,18,18,19
16:56:09,Mostly Cloudy,18,18,19
16:58:08,Mostly Cloudy,18,18,19
17:00:09,Mostly Cloudy,18,18,19
17:02:09,Mostly Cloudy,18,18,19
17:04:08,Mostly Cloudy,18,18,19
17:06:08,Mostly Cloudy,18,18,19
17:08:09,Mostly Cloudy,18,18,19
17:10:09,Mostly Cloudy,18,18,19
17:12:09,Light Rain Shower / Windy,17,17,37
17:14:09,Light Rain Shower / Windy,17,17,37
17:16:09,Light Rain Shower / Windy,17,17,37
17:18:09,Light Rain Shower / Windy,17,17,37
17:20:09,Light Rain Shower / Windy,17,17,37
17:22:08,Light Rain Shower / Windy,17,17,37
17:24:09,Light Rain Shower / Windy,17,17,37
17:26:08,Light Rain Shower / Windy,17,17,37
17:28:09,Light Rain Shower / Windy,17,17,37
17:30:09,Light Rain Shower / Windy,17,17,37
17:32:08,Light Rain Shower / Windy,17,17,37
17:34:09,Light Rain Shower / Windy,17,17,37
17:36:09,Light Rain Shower / Windy,17,17,37
17:38:08,Light Rain Shower / Windy,17,17,37
17:40:09,Light Rain Shower / Windy,17,17,37
17:42:09,Light Rain Shower / Windy,17,17,37
17:44:08,Light Rain Shower / Windy,17,17,37
17:46:08,Light Rain Shower / Windy,17,17,37
17:48:09,Light Rain Shower / Windy,17,17,37
17:50:09,Light Rain Shower / Windy,17,17,37
17:52:08,Light Rain Shower / Windy,17,17,37
17:54:09,Light Rain Shower / Windy,17,17,37
17:56:09,Light Rain Shower / Windy,17,17,37
17:58:08,Light Rain Shower / Windy,17,17,37
18:00:08,Light Rain Shower / Windy,17,17,37
18:02:09,Light Rain Shower / Windy,17,17,37
18:04:09,Light Rain Shower / Windy,17,17,37
18:06:08,Light Rain Shower / Windy,17,17,37
18:08:09,Light Rain Shower / Windy,17,17,37
18:10:09,Light Rain Shower / Windy,17,17,37
18:12:09,Light Rain,15,15,25
18:14:08,Light Rain,15,15,25
18:16:08,Light Rain,15,15,25
18:18:09,Light Rain,15,15,25
18:20:08,Light Rain,15,15,25
18:22:09,Light Rain,15,15,25
18:24:09,Light Rain,15,15,25
18:26:08,Light Rain,15,15,25
18:28:09,Light Rain,15,15,25
18:30:09,Light Rain,15,15,25
18:32:08,Light Rain,15,15,25
18:34:09,Light Rain,15,15,25
18:36:09,Light Rain,15,15,25
18:38:08,Light Rain,15,15,25
18:40:09,Light Rain,15,15,25
18:42:09,Light Rain,15,15,25
18:44:09,Light Rain,15,15,25
18:46:08,Light Rain,15,15,25
18:48:09,Light Rain,15,15,25
18:50:09,Light Rain,15,15,25
18:52:08,Light Rain,15,15,25
18:54:09,Light Rain,15,15,25
18:56:09,Light Rain,15,15,25
18:58:09,Light Rain,15,15,25
19:00:08,Light Rain,15,15,25
19:02:09,Light Rain,15,15,25
19:04:09,Light Rain,15,15,25
19:06:09,Light Rain,15,15,25
19:08:09,Light Rain,15,15,25
19:10:09,Light Rain,15,15,25
19:12:08,Light Rain,13,13,27
19:14:09,Light Rain,13,13,27
19:16:09,Light Rain,13,13,27
19:18:09,Light Rain,13,13,27
19:20:09,Light Rain,13,13,27
19:22:08,Light Rain,13,13,27
19:24:08,Light Rain,13,13,27
19:26:09,Light Rain,13,13,27
19:28:09,Light Rain,13,13,27
19:30:08,Light Rain,13,13,27
19:32:09,Light Rain,13,13,27
19:34:09,Light Rain,13,13,27
19:36:09,Light Rain,13,13,27
19:38:08,Light Rain,13,13,27
19:40:09,Light Rain,13,13,27
19:42:09,Light Rain,13,13,27
19:44:09,Light Rain,13,13,27
19:46:09,Light Rain,13,13,27
19:48:09,Light Rain,13,13,27
19:50:09,Light Rain,13,13,27
19:52:09,Light Rain,13,13,27
19:54:08,Light Rain,13,13,27
19:56:09,Light Rain,13,13,27
19:58:09,Light Rain,13,13,27
20:00:09,Light Rain,13,13,27
20:02:09,Light Rain,13,13,27
20:04:08,Light Rain,13,13,27
20:06:09,Light Rain,13,13,27
20:08:09,Light Rain,13,13,27
20:10:09,Light Rain,13,13,27
20:12:09,Light Rain,13,13,27
20:14:09,Light Rain,13,13,27
20:16:08,Light Rain,13,13,27
20:18:09,Light Rain,12,12,20
20:20:08,Light Rain,12,12,20
20:22:09,Light Rain,12,12,20
20:24:09,Light Rain,12,12,20
20:26:08,Light Rain,12,12,20
20:28:08,Light Rain,12,12,20
20:30:09,Light Rain,12,12,20
20:32:09,Light Rain,12,12,20
20:34:08,Light Rain,12,12,20
20:36:09,Light Rain,12,12,20
20:38:09,Light Rain,12,12,20
20:40:08,Light Rain,12,12,20
20:42:09,Light Rain,12,12,20
20:44:09,Light Rain,12,12,20
20:46:08,Light Rain,12,12,20
20:48:08,Light Rain,12,12,20
20:50:09,Light Rain,12,12,20
20:52:09,Light Rain,12,12,20
20:54:08,Light Rain,12,12,20
20:56:09,Light Rain,12,12,20
20:58:09,Light Rain,12,12,20
21:00:08,Light Rain,12,12,20
21:02:09,Light Rain,12,12,20
21:04:08,Light Rain,12,12,20
21:06:09,Light Rain,12,12,20
21:08:08,Light Rain,12,12,20
21:10:09,Light Rain,12,12,20
21:12:09,Mostly Cloudy,12,12,22
21:14:09,Mostly Cloudy,12,12,22
21:16:08,Mostly Cloudy,12,12,22
21:18:09,Mostly Cloudy,12,12,22
21:20:09,Mostly Cloudy,12,12,22
21:22:08,Mostly Cloudy,12,12,22
21:24:09,Mostly Cloudy,12,12,22
21:26:08,Mostly Cloudy,12,12,22
21:28:09,Mostly Cloudy,12,12,22
21:30:09,Mostly Cloudy,12,12,22
21:32:08,Mostly Cloudy,12,12,22
21:34:09,Mostly Cloudy,12,12,22
21:36:09,Mostly Cloudy,12,12,22
21:38:09,Mostly Cloudy,12,12,22
21:40:08,Mostly Cloudy,12,12,22
21:42:09,Mostly Cloudy,12,12,22
21:44:09,Mostly Cloudy,12,12,22
21:46:08,Mostly Cloudy,12,12,22
21:48:09,Mostly Cloudy,12,12,22
21:50:09,Mostly Cloudy,12,12,22
21:52:09,Mostly Cloudy,12,12,22
21:54:08,Mostly Cloudy,12,12,22
21:56:09,Mostly Cloudy,12,12,22
21:58:08,Mostly Cloudy,12,12,22
22:00:09,Mostly Cloudy,12,12,22
22:02:09,Mostly Cloudy,12,12,22
22:04:08,Mostly Cloudy,12,12,22
22:06:09,Mostly Cloudy,12,12,22
22:08:09,Mostly Cloudy,12,12,22
22:10:08,Mostly Cloudy,12,12,22
22:12:09,Partly Cloudy,10,10,12
22:14:09,Partly Cloudy,10,10,12
22:16:08,Partly Cloudy,10,10,12
22:18:09,Partly Cloudy,10,10,12
22:20:08,Partly Cloudy,10,10,12
22:22:09,Partly Cloudy,10,10,12
22:24:09,Partly Cloudy,10,10,12
22:26:09,Partly Cloudy,10,10,12
22:28:09,Partly Cloudy,10,10,12
22:30:09,Partly Cloudy,10,10,12
22:32:09,Partly Cloudy,10,10,12
22:34:09,Partly Cloudy,10,10,12
22:36:09,Partly Cloudy,10,10,12
22:38:08,Partly Cloudy,10,10,12
22:40:09,Partly Cloudy,10,10,12
22:42:09,Partly Cloudy,10,10,12
22:44:09,Partly Cloudy,10,10,12
22:46:08,Partly Cloudy,10,10,12
22:48:09,Partly Cloudy,10,10,12
22:50:09,Partly Cloudy,10,10,12
22:52:08,Partly Cloudy,10,10,12
22:54:09,Partly Cloudy,10,10,12
22:56:09,Partly Cloudy,10,10,12
22:58:08,Partly Cloudy,10,10,12
23:00:09,Partly Cloudy,10,10,12
23:02:09,Partly Cloudy,10,10,12
23:04:08,Partly Cloudy,10,10,12
23:06:09,Partly Cloudy,10,10,12
23:08:09,Partly Cloudy,10,10,12
23:10:09,Partly Cloudy,10,10,12
23:12:09,Partly Cloudy,10,10,12
23:14:09,Partly Cloudy,10,10,12
23:16:08,Partly Cloudy,10,10,12
23:18:09,Fair,10,10,20
23:20:09,Fair,10,10,20
23:22:09,Fair,10,10,20
23:24:09,Fair,10,10,20
23:26:09,Fair,10,10,20
23:28:09,Fair,10,10,20
23:30:09,Fair,10,10,20
23:32:09,Fair,10,10,20
23:34:09,Fair,10,10,20
23:36:08,Fair,10,10,20
23:38:09,Fair,10,10,20
23:40:09,Fair,10,10,20
23:42:09,Fair,10,10,20
23:44:09,Fair,10,10,20
23:46:09,Fair,10,10,20
23:48:09,Fair,10,10,20
23:50:08,Fair,10,10,20
23:52:09,Fair,10,10,20
23:54:09,Fair,10,10,20
23:56:08,Fair,10,10,20
23:58:09,Fair,10,10,20
