Time,Weather,Temperature,Feels_Like,Wind_Speed
00:00:09,Mostly Cloudy,11,11,20
00:02:09,Mostly Cloudy,11,11,20
00:04:09,Mostly Cloudy,11,11,20
00:06:09,Mostly Cloudy,11,11,20
00:08:09,Light Rain,11,11,20
00:10:09,Light Rain,11,11,20
00:12:09,Light Rain,11,11,20
00:14:09,Light Rain,11,11,20
00:16:08,Light Rain,11,11,20
00:18:09,Light Rain,11,11,20
00:20:08,Light Rain,11,11,20
00:22:09,Light Rain,11,11,20
00:24:09,Light Rain,11,11,20
00:26:09,Light Rain,11,11,20
00:28:08,Light Rain,11,11,20
00:30:09,Light Rain,11,11,20
00:32:09,Light Rain,11,11,20
00:34:09,Light Rain,11,11,20
00:36:09,Light Rain,11,11,20
00:38:09,Light Rain,11,11,20
00:40:09,Light Rain,11,11,20
00:42:09,Light Rain,11,11,20
00:44:09,Light Rain,11,11,20
00:46:08,Light Rain,11,11,20
00:48:09,Light Rain,11,11,20
00:50:09,Light Rain,11,11,20
00:52:09,Light Rain,11,11,20
00:54:08,Light Rain,11,11,20
00:56:09,Light Rain,11,11,20
00:58:09,Light Rain,11,11,20
01:00:17,Light Rain,11,11,20
01:02:09,Light Rain,11,11,20
01:04:08,Light Rain,11,11,20
01:06:09,Light Rain,11,11,20
01:08:09,Light Drizzle,11,11,22
01:10:08,Light Drizzle,11,11,22
01:12:08,Light Drizzle,11,11,22
01:14:09,Light Drizzle,11,11,22
01:16:08,Light Drizzle,11,11,22
01:18:09,Light Drizzle,11,11,22
01:20:09,Light Drizzle,11,11,22
01:22:08,Light Drizzle,11,11,22
01:24:08,Light Drizzle,11,11,22
01:26:09,Light Drizzle,11,11,22
01:28:09,Light Drizzle,11,11,22
01:30:08,Light Drizzle,11,11,22
01:32:09,Light Drizzle,11,11,22
01:34:09,Light Drizzle,11,11,22
01:36:08,Light Drizzle,11,11,22
01:38:09,Light Drizzle,11,11,22
01:40:09,Light Drizzle,11,11,22
01:42:09,Light Drizzle,11,11,22
01:44:09,Light Drizzle,11,11,22
01:46:09,Light Drizzle,11,11,22
01:48:09,Light Drizzle,11,11,22
01:50:09,Light Drizzle,11,11,22
01:52:08,Light Drizzle,11,11,22
01:54:08,Light Drizzle,11,11,22
01:56:09,Light Drizzle,11,11,22
01:58:09,Light Drizzle,11,11,22
02:00:09,Light Drizzle,11,11,22
02:02:08,Light Drizzle,11,11,22
02:04:09,Light Drizzle,11,11,22
02:06:09,Light Drizzle,11,11,22
02:08:08,Light Drizzle,11,11,22
02:10:08,Light Drizzle,11,11,22
02:12:09,Light Drizzle,11,11,22
02:14:09,Mostly Cloudy,11,11,22
02:16:08,Mostly Cloudy,11,11,22
02:18:09,Mostly Cloudy,11,11,22
02:20:09,Mostly Cloudy,11,11,22
02:22:08,Mostly Cloudy,11,11,22
02:24:09,Mostly Cloudy,11,11,22
02:26:09,Mostly Cloudy,11,11,22
02:28:08,Mostly Cloudy,11,11,22
02:30:08,Mostly Cloudy,11,11,22
02:32:09,Mostly Cloudy,11,11,22
02:34:09,Mostly Cloudy,11,11,22
02:36:08,Mostly Cloudy,11,11,22
02:38:08,Mostly Cloudy,11,11,22
02:40:09,Mostly Cloudy,11,11,22
02:42:08,Mostly Cloudy,11,11,22
02:44:08,Mostly Cloudy,11,11,22
02:46:09,Mostly Cloudy,11,11,22
02:48:09,Mostly Cloudy,11,11,22
02:50:08,Mostly Cloudy,11,11,22
02:52:09,Mostly Cloudy,11,11,22
02:54:09,Mostly Cloudy,11,11,22
02:56:09,Mostly Cloudy,11,11,22
02:58:09,Mostly Cloudy,11,11,22
03:00:08,Mostly Cloudy,11,11,22
03:02:09,Mostly Cloudy,11,11,22
03:04:09,Mostly Cloudy,11,11,22
03:06:08,Mostly Cloudy,11,11,22
03:08:09,Mostly Cloudy,11,11,22
03:10:09,Mostly Cloudy,11,11,22
03:12:09,Mostly Cloudy,11,11,22
03:14:08,Light Drizzle,11,11,22
03:16:08,Light Drizzle,11,11,22
03:18:09,Light Drizzle,11,11,22
03:20:09,Light Drizzle,11,11,22
03:22:08,Light Drizzle,11,11,22
03:24:09,Light Drizzle,11,11,22
03:26:09,Light Drizzle,11,11,22
03:28:09,Light Drizzle,11,11,22
03:30:08,Light Drizzle,11,11,22
03:32:09,Light Drizzle,11,11,22
03:34:09,Light Drizzle,11,11,22
03:36:09,Light Drizzle,11,11,22
03:38:09,Light Drizzle,11,11,22
03:40:09,Light Drizzle,11,11,22
03:42:08,Light Drizzle,11,11,22
03:44:09,Light Drizzle,11,11,22
03:46:09,Light Drizzle,11,11,22
03:48:09,Light Drizzle,11,11,22
03:50:08,Light Drizzle,11,11,22
03:52:09,Light Drizzle,11,11,22
03:54:09,Light Drizzle,11,11,22
03:56:09,Light Drizzle,11,11,22
03:58:08,Light Drizzle,11,11,22
04:00:09,Light Drizzle,11,11,22
04:02:09,Light Drizzle,11,11,22
04:04:08,Light Drizzle,11,11,22
04:06:09,Light Drizzle,11,11,22
04:08:09,Light Drizzle,11,11,22
04:10:09,Light Drizzle,11,11,22
04:12:09,Light Drizzle,11,11,22
04:14:08,Light Rain,11,11,20
04:16:09,Light Rain,11,11,20
04:18:08,Light Rain,11,11,20
04:20:08,Light Rain,11,11,20
04:22:09,Light Rain,11,11,20
04:24:09,Light Rain,11,11,20
04:26:08,Light Rain,11,11,20
04:28:09,Light Rain,11,11,20
04:30:09,Light Rain,11,11,20
04:32:08,Light Rain,11,11,20
04:34:09,Light Rain,11,11,20
04:36:08,Light Rain,11,11,20
04:38:08,Light Rain,11,11,20
04:40:09,Light Rain,11,11,20
04:42:09,Light Rain,11,11,20
04:44:09,Light Rain,11,11,20
04:46:09,Light Rain,11,11,20
04:48:09,Light Rain,11,11,20
04:50:08,Light Rain,11,11,20
04:52:09,Light Rain,11,11,20
04:54:09,Light Rain,11,11,20
04:56:09,Light Rain,11,11,20
04:58:09,Light Rain,11,11,20
05:00:09,Light Rain,11,11,20
05:02:09,Light Rain,11,11,20
05:04:08,Light Rain,11,11,20
05:06:09,Light Rain,11,11,20
05:08:09,Light Rain,11,11,20
05:10:09,Light Rain,11,11,20
05:12:09,Light Rain,11,11,20
05:14:09,Mostly Cloudy,11,11,20
05:16:09,Mostly Cloudy,11,11,20
05:18:09,Mostly Cloudy,11,11,20
05:20:08,Mostly Cloudy,11,11,20
05:22:09,Mostly Cloudy,11,11,20
05:24:09,Mostly Cloudy,11,11,20
05:26:08,Mostly Cloudy,11,11,20
05:28:09,Mostly Cloudy,11,11,20
05:30:09,Mostly Cloudy,11,11,20
05:32:08,Mostly Cloudy,11,11,20
05:34:08,Mostly Cloudy,11,11,20
05:36:09,Mostly Cloudy,11,11,20
05:38:09,Mostly Cloudy,11,11,20
05:40:08,Mostly Cloudy,11,11,20
05:42:09,Mostly Cloudy,11,11,20
05:44:09,Mostly Cloudy,11,11,20
05:46:08,Mostly Cloudy,11,11,20
05:48:09,Mostly Cloudy,11,11,20
05:50:09,Mostly Cloudy,11,11,20
05:52:08,Mostly Cloudy,11,11,20
05:54:09,Mostly Cloudy,11,11,20
05:56:09,Mostly Cloudy,11,11,20
05:58:08,Mostly Cloudy,11,11,20
06:00:09,Mostly Cloudy,11,11,20
06:02:09,Mostly Cloudy,11,11,20
06:04:09,Mostly Cloudy,11,11,20
06:06:09,Mostly Cloudy,11,11,20
06:08:09,Light Rain,11,11,22
06:10:08,Light Rain,11,11,22
06:12:09,Light Rain,11,11,22
06:14:09,Light Rain,11,11,22
06:16:08,Light Rain,11,11,22
06:18:09,Light Rain,11,11,22
06:20:09,Light Rain,11,11,22
06:22:08,Light Rain,11,11,22
06:24:08,Light Rain,11,11,22
06:26:09,Light Rain,11,11,22
06:28:09,Light Rain,11,11,22
06:30:09,Light Rain,11,11,22
06:32:08,Light Rain,11,11,22
06:34:09,Light Rain,11,11,22
06:36:09,Light Rain,11,11,22
06:38:08,Light Rain,11,11,22
06:40:09,Light Rain,11,11,22
06:42:09,Light Rain,11,11,22
06:44:09,Light Rain,11,11,22
06:46:09,Light Rain,11,11,22
06:48:09,Light Rain,11,11,22
06:50:09,Light Rain,11,11,22
06:52:08,Light Rain,11,11,22
06:54:09,Light Rain,11,11,22
06:56:09,Light Rain,11,11,22
06:58:08,Light Rain,11,11,22
07:00:09,Light Rain,11,11,22
07:02:09,Light Rain,11,11,22
07:04:08,Light Rain,11,11,22
07:06:08,Light Rain,11,11,22
07:08:09,Light Rain,11,11,22
07:10:09,Light Rain,11,11,22
07:12:09,Light Rain,11,11,22
07:14:08,Light Rain,11,11,20
07:16:09,Light Rain,11,11,20
07:18:08,Light Rain,11,11,20
07:20:08,Light Rain,11,11,20
07:22:09,Light Rain,11,11,20
07:24:08,Light Rain,11,11,20
07:26:09,Light Rain,11,11,20
07:28:09,Light Rain,11,11,20
07:30:08,Light Rain,11,11,20
07:32:08,Light Rain,11,11,20
07:34:09,Light Rain,11,11,20
07:36:09,Light Rain,11,11,20
07:38:08,Light Rain,11,11,20
07:40:09,Light Rain,11,11,20
07:42:09,Light Rain,11,11,20
07:44:08,Mostly Cloudy,11,11,20
07:46:09,Mostly Cloudy,11,11,20
07:48:09,Mostly Cloudy,11,11,20
07:50:08,Mostly Cloudy,11,11,20
07:52:09,Mostly Cloudy,11,11,20
07:54:09,Mostly Cloudy,11,11,20
07:56:08,Mostly Cloudy,11,11,20
07:58:09,Mostly Cloudy,11,11,20
08:00:09,Mostly Cloudy,11,11,20
08:02:09,Mostly Cloudy,11,11,20
08:04:09,Mostly Cloudy,11,11,20
08:06:09,Mostly Cloudy,11,11,20
08:08:08,Mostly Cloudy,11,11,20
08:10:09,Mostly Cloudy,11,11,20
08:12:09,Mostly Cloudy,11,11,20
08:14:09,Mostly Cloudy,11,11,20
08:16:08,Light Rain,11,11,20
08:18:09,Light Rain,11,11,20
08:20:09,Light Rain,11,11,20
08:22:08,Light Rain,11,11,20
08:24:09,Light Rain,11,11,20
08:26:09,Light Rain,11,11,20
08:28:09,Light Rain,11,11,20
08:30:08,Light Rain,11,11,20
08:32:09,Light Rain,11,11,20
08:34:09,Light Rain,11,11,20
08:36:08,Light Rain,11,11,20
08:38:08,Light Rain,11,11,20
08:40:09,Light Rain,11,11,20
08:42:09,Light Rain,11,11,20
08:44:08,Light Rain,11,11,20
08:46:08,Light Drizzle,11,11,22
08:48:09,Light Drizzle,11,11,22
08:50:09,Light Drizzle,11,11,22
08:52:08,Light Drizzle,11,11,22
08:54:09,Light Drizzle,11,11,22
08:56:08,Light Drizzle,11,11,22
08:58:08,Light Drizzle,11,11,22
09:00:09,Light Drizzle,11,11,22
09:02:09,Light Drizzle,11,11,22
09:04:08,Light Drizzle,11,11,22
09:06:09,Light Drizzle,11,11,22
09:08:08,Light Drizzle,11,11,22
09:10:09,Light Drizzle,11,11,22
09:12:09,Light Drizzle,11,11,20
09:14:09,Light Drizzle,11,11,20
09:16:09,Light Drizzle,11,11,20
09:18:08,Light Drizzle,11,11,20
09:20:09,Light Drizzle,11,11,20
09:22:09,Light Drizzle,11,11,20
09:24:09,Light Drizzle,11,11,20
09:26:08,Light Drizzle,11,11,20
09:28:09,Light Drizzle,11,11,20
09:30:09,Light Drizzle,11,11,20
09:32:08,Light Drizzle,11,11,20
09:34:09,Light Drizzle,11,11,20
09:36:09,Light Drizzle,11,11,20
09:38:09,Light Drizzle,11,11,20
09:40:08,Light Drizzle,11,11,20
09:42:09,Light Drizzle,11,11,19
09:44:08,Light Drizzle,11,11,19
09:46:09,Light Drizzle,11,11,19
09:48:09,Light Drizzle,11,11,19
09:50:08,Light Drizzle,11,11,19
09:52:09,Light Drizzle,11,11,19
09:54:09,Light Drizzle,11,11,19
09:56:08,Light Drizzle,11,11,19
09:58:09,Light Drizzle,11,11,19
10:00:09,Light Drizzle,11,11,19
10:02:09,Light Drizzle,11,11,19
10:04:09,Light Drizzle,11,11,19
10:06:09,Light Drizzle,11,11,19
10:08:08,Light Drizzle,11,11,19
10:10:09,Light Drizzle,11,11,19
10:12:08,Light Drizzle,11,11,19
10:14:09,Light Drizzle,11,11,19
10:16:09,Light Drizzle,11,11,19
10:18:08,Cloudy,12,12,24
10:20:09,Cloudy,12,12,24
10:22:08,Cloudy,12,12,24
10:24:09,Cloudy,12,12,24
10:26:09,Cloudy,12,12,24
10:28:09,Cloudy,12,12,24
10:30:08,Cloudy,12,12,24
10:32:09,Cloudy,12,12,24
10:34:09,Cloudy,12,12,24
10:36:08,Cloudy,12,12,24
10:38:09,Cloudy,12,12,24
10:40:08,Cloudy,12,12,24
10:42:09,Cloudy,12,12,24
10:44:09,Cloudy,12,12,22
10:46:08,Cloudy,12,12,22
10:48:09,Cloudy,12,12,22
10:50:09,Cloudy,12,12,22
10:52:09,Cloudy,12,12,22
10:54:09,Cloudy,12,12,22
10:56:08,Cloudy,12,12,22
10:58:09,Cloudy,12,12,22
11:00:09,Cloudy,12,12,22
11:02:09,Cloudy,12,12,22
11:04:09,Cloudy,12,12,22
11:06:09,Cloudy,12,12,22
11:08:08,Cloudy,12,12,22
11:10:08,Cloudy,12,12,22
11:12:09,Cloudy,12,12,24
11:14:08,Cloudy,12,12,24
11:16:09,Cloudy,12,12,24
11:18:09,Cloudy,12,12,24
11:20:09,Cloudy,12,12,24
11:22:09,Cloudy,12,12,24
11:24:08,Cloudy,12,12,24
11:26:09,Cloudy,12,12,24
11:28:09,Cloudy,12,12,24
11:30:09,Cloudy,12,12,24
11:32:08,Cloudy,12,12,24
11:34:09,Cloudy,12,12,24
11:36:09,Cloudy,12,12,24
11:38:08,Cloudy,12,12,24
11:40:09,Cloudy,12,12,24
11:42:09,Cloudy,12,12,24
11:44:09,Cloudy,12,12,24
11:46:09,Cloudy,12,12,24
11:48:08,Cloudy,12,12,24
11:50:09,Cloudy,12,12,24
11:52:09,Cloudy,12,12,24
11:54:09,Cloudy,12,12,24
11:56:08,Cloudy,12,12,24
11:58:09,Cloudy,12,12,24
12:00:09,Cloudy,12,12,24
12:02:09,Cloudy,12,12,24
12:04:09,Cloudy,12,12,24
12:06:08,Cloudy,12,12,24
12:08:09,Cloudy,12,12,24
12:10:08,Cloudy,12,12,24
12:12:09,Cloudy,12,12,22
12:14:09,Cloudy,12,12,22
12:16:09,Cloudy,12,12,22
12:18:08,Cloudy,12,12,22
12:20:09,Cloudy,12,12,22
12:22:09,Cloudy,12,12,22
12:24:09,Cloudy,12,12,22
12:26:08,Cloudy,12,12,22
12:28:09,Cloudy,12,12,22
12:30:09,Cloudy,12,12,22
12:32:08,Cloudy,12,12,22
12:34:09,Cloudy,12,12,22
12:36:09,Cloudy,12,12,22
12:38:08,Cloudy,12,12,22
12:40:09,Cloudy,12,12,22
12:42:09,Cloudy,12,12,27
12:44:09,Cloudy,12,12,27
12:46:09,Cloudy,12,12,27
12:48:09,Cloudy,12,12,27
12:50:09,Cloudy,12,12,27
12:52:09,Cloudy,12,12,27
12:54:09,Cloudy,12,12,27
12:56:08,Cloudy,12,12,27
12:58:09,Cloudy,12,12,27
13:00:09,Cloudy,12,12,27
13:02:08,Cloudy,12,12,27
13:04:09,Cloudy,12,12,27
13:06:09,Cloudy,12,12,27
13:08:08,Cloudy,12,12,27
13:10:09,Cloudy,12,12,27
13:12:09,Cloudy,12,12,24
13:14:09,Cloudy,12,12,24
13:16:09,Cloudy,12,12,24
13:18:09,Cloudy,12,12,24
13:20:09,Cloudy,12,12,24
13:22:08,Cloudy,12,12,24
13:24:09,Cloudy,12,12,24
13:26:09,Cloudy,12,12,24
13:28:08,Cloudy,12,12,24
13:30:08,Cloudy,12,12,24
13:32:09,Cloudy,12,12,24
13:34:08,Cloudy,12,12,24
13:36:08,Cloudy,12,12,24
13:38:09,Cloudy,12,12,24
13:40:09,Cloudy,12,12,24
13:42:09,Mostly Cloudy,13,13,22
13:44:09,Mostly Cloudy,13,13,22
13:46:09,Mostly Cloudy,13,13,22
13:48:09,Mostly Cloudy,13,13,22
13:50:09,Mostly Cloudy,13,13,22
13:52:09,Mostly Cloudy,13,13,22
13:54:08,Mostly Cloudy,13,13,22
13:56:09,Mostly Cloudy,13,13,22
13:58:09,Mostly Cloudy,13,13,22
14:00:09,Mostly Cloudy,13,13,22
14:02:09,Mostly Cloudy,13,13,22
14:04:09,Mostly Cloudy,13,13,22
14:06:09,Mostly Cloudy,13,13,22
14:08:08,Mostly Cloudy,13,13,22
14:10:09,Mostly Cloudy,13,13,22
14:12:09,Mostly Cloudy,13,13,24
14:14:08,Mostly Cloudy,13,13,24
14:16:09,Mostly Cloudy,13,13,24
14:18:09,Mostly Cloudy,13,13,24
14:20:08,Mostly Cloudy,13,13,24
14:22:09,Mostly Cloudy,13,13,24
14:24:09,Mostly Cloudy,13,13,24
14:26:09,Mostly Cloudy,13,13,24
14:28:09,Mostly Cloudy,13,13,24
14:30:09,Mostly Cloudy,13,13,24
14:32:09,Mostly Cloudy,13,13,24
14:34:09,Mostly Cloudy,13,13,24
14:36:09,Mostly Cloudy,13,13,24
14:38:09,Mostly Cloudy,13,13,24
14:40:08,Mostly Cloudy,13,13,19
14:42:09,Mostly Cloudy,13,13,19
14:44:09,Mostly Cloudy,13,13,19
14:46:09,Mostly Cloudy,13,13,19
14:48:09,Mostly Cloudy,13,13,19
14:50:09,Mostly Cloudy,13,13,19
14:52:09,Mostly Cloudy,13,13,19
14:54:09,Mostly Cloudy,13,13,19
14:56:08,Mostly Cloudy,13,13,19
14:58:09,Mostly Cloudy,13,13,19
15:00:09,Mostly Cloudy,13,13,19
15:02:08,Mostly Cloudy,13,13,19
15:04:08,Mostly Cloudy,13,13,19
15:06:09,Mostly Cloudy,13,13,19
15:08:09,Mostly Cloudy,13,13,19
15:10:09,Mostly Cloudy,13,13,20
15:12:09,Mostly Cloudy,13,13,20
15:14:09,Mostly Cloudy,13,13,20
15:16:09,Mostly Cloudy,13,13,20
15:18:09,Mostly Cloudy,13,13,20
15:20:09,Mostly Cloudy,13,13,20
15:22:08,Mostly Cloudy,13,13,20
15:24:09,Mostly Cloudy,13,13,20
15:26:08,Mostly Cloudy,13,13,20
15:28:09,Mostly Cloudy,13,13,20
15:30:09,Mostly Cloudy,13,13,20
15:32:08,Mostly Cloudy,13,13,20
15:34:09,Mostly Cloudy,13,13,20
15:36:08,Mostly Cloudy,13,13,20
15:38:09,Mostly Cloudy,13,13,20
15:40:09,Mostly Cloudy,13,13,24
15:42:09,Mostly Cloudy,13,13,24
15:44:09,Mostly Cloudy,13,13,24
15:46:08,Mostly Cloudy,13,13,24
15:48:09,Mostly Cloudy,13,13,24
15:50:09,Mostly Cloudy,13,13,24
15:52:08,Mostly Cloudy,13,13,24
15:54:09,Mostly Cloudy,13,13,24
15:56:09,Mostly Cloudy,13,13,24
15:58:09,Mostly Cloudy,13,13,24
16:00:09,Mostly Cloudy,13,13,24
16:02:09,Mostly Cloudy,13,13,24
16:04:09,Mostly Cloudy,13,13,24
16:06:09,Mostly Cloudy,13,13,24
16:08:09,Mostly Cloudy,13,13,24
16:10:08,Mostly Cloudy,13,13,24
16:12:09,Mostly Cloudy,13,13,24
16:14:09,Mostly Cloudy,13,13,24
16:16:08,Mostly Cloudy,13,13,24
16:18:09,Mostly Cloudy,13,13,24
16:20:09,Mostly Cloudy,13,13,24
16:22:09,Mostly Cloudy,13,13,24
16:24:08,Mostly Cloudy,13,13,24
16:26:09,Mostly Cloudy,13,13,24
16:28:08,Mostly Cloudy,13,13,24
16:30:09,Mostly Cloudy,13,13,24
16:32:09,Mostly Cloudy,13,13,24
16:34:08,Mostly Cloudy,13,13,24
16:36:09,Mostly Cloudy,13,13,24
16:38:08,Mostly Cloudy,13,13,24
16:40:09,Mostly Cloudy,13,13,24
16:42:09,Mostly Cloudy,13,13,24
16:44:09,Mostly Cloudy,13,13,24
16:46:09,Mostly Cloudy,13,13,24
16:48:08,Mostly Cloudy,13,13,24
16:50:09,Mostly Cloudy,13,13,24
16:52:09,Mostly Cloudy,13,13,24
16:54:08,Mostly Cloudy,13,13,24
16:56:09,Mostly Cloudy,13,13,24
16:58:09,Mostly Cloudy,13,13,24
17:00:08,Mostly Cloudy,13,13,24
17:02:09,Mostly Cloudy,13,13,24
17:04:09,Mostly Cloudy,13,13,24
17:06:09,Mostly Cloudy,13,13,24
17:08:08,Mostly Cloudy,13,13,24
17:10:08,Partly Cloudy,13,13,19
17:12:09,Partly Cloudy,13,13,19
17:14:08,Partly Cloudy,13,13,19
17:16:09,Partly Cloudy,13,13,19
17:18:08,Partly Cloudy,13,13,19
17:20:09,Partly Cloudy,13,13,19
17:22:09,Partly Cloudy,13,13,19
17:24:08,Partly Cloudy,13,13,19
17:26:08,Partly Cloudy,13,13,19
17:28:09,Partly Cloudy,13,13,19
17:30:09,Partly Cloudy,13,13,19
17:32:08,Partly Cloudy,13,13,19
17:34:09,Partly Cloudy,13,13,19
17:36:09,Partly Cloudy,13,13,19
17:38:09,Partly Cloudy,13,13,19
17:40:09,Partly Cloudy,13,13,19
17:42:09,Partly Cloudy,13,13,19
17:44:09,Partly Cloudy,13,13,19
17:46:08,Partly Cloudy,13,13,19
17:48:09,Partly Cloudy,13,13,19
17:50:09,Partly Cloudy,13,13,19
17:52:09,Partly Cloudy,13,13,19
17:54:08,Partly Cloudy,13,13,19
17:56:09,Partly Cloudy,13,13,19
17:58:09,Partly Cloudy,13,13,19
18:00:09,Partly Cloudy,13,13,19
18:02:09,Partly Cloudy,13,13,19
18:04:08,Partly Cloudy,13,13,19
18:06:09,Partly Cloudy,13,13,19
18:08:09,Partly Cloudy,13,13,19
18:10:08,Mostly Cloudy,13,13,20
18:12:09,Mostly Cloudy,13,13,20
18:14:09,Mostly Cloudy,13,13,20
18:16:09,Mostly Cloudy,13,13,20
18:18:08,Mostly Cloudy,13,13,20
18:20:09,Mostly Cloudy,13,13,20
18:22:09,Mostly Cloudy,13,13,20
18:24:08,Mostly Cloudy,13,13,20
18:26:08,Mostly Cloudy,13,13,20
18:28:09,Mostly Cloudy,13,13,20
18:30:08,Mostly Cloudy,13,13,20
18:32:09,Mostly Cloudy,13,13,20
18:34:09,Mostly Cloudy,13,13,20
18:36:09,Mostly Cloudy,13,13,20
18:38:08,Mostly Cloudy,13,13,20
18:40:09,Mostly Cloudy,13,13,20
18:42:09,Mostly Cloudy,13,13,20
18:44:09,Mostly Cloudy,13,13,20
18:46:09,Mostly Cloudy,13,13,20
18:48:09,Mostly Cloudy,13,13,20
18:50:08,Mostly Cloudy,13,13,20
18:52:08,Mostly Cloudy,13,13,20
18:54:09,Mostly Cloudy,13,13,20
18:56:09,Mostly Cloudy,13,13,20
18:58:09,Mostly Cloudy,13,13,20
19:00:08,Mostly Cloudy,13,13,20
19:02:09,Mostly Cloudy,13,13,20
19:04:09,Mostly Cloudy,13,13,20
19:06:08,Mostly Cloudy,13,13,20
19:08:09,Mostly Cloudy,13,13,20
19:10:09,Mostly Cloudy,13,13,12
19:12:09,Mostly Cloudy,13,13,12
19:14:09,Mostly Cloudy,13,13,12
19:16:09,Mostly Cloudy,13,13,12
19:18:09,Mostly Cloudy,13,13,12
19:20:09,Mostly Cloudy,13,13,12
19:22:08,Mostly Cloudy,13,13,12
19:24:09,Mostly Cloudy,13,13,12
19:26:09,Mostly Cloudy,13,13,12
19:28:08,Mostly Cloudy,13,13,12
19:30:09,Mostly Cloudy,13,13,12
19:32:09,Mostly Cloudy,13,13,12
19:34:09,Mostly Cloudy,13,13,12
19:36:09,Mostly Cloudy,13,13,12
19:38:09,Mostly Cloudy,13,13,12
19:40:08,Mostly Cloudy,13,13,12
19:42:09,Mostly Cloudy,13,13,12
19:44:09,Mostly Cloudy,13,13,12
19:46:09,Mostly Cloudy,13,13,12
19:48:08,Mostly Cloudy,13,13,12
19:50:09,Mostly Cloudy,13,13,12
19:52:08,Mostly Cloudy,13,13,12
19:54:09,Mostly Cloudy,13,13,12
19:56:09,Mostly Cloudy,13,13,12
19:58:09,Mostly Cloudy,13,13,12
20:00:09,Mostly Cloudy,13,13,12
20:02:09,Mostly Cloudy,13,13,12
20:04:08,Mostly Cloudy,13,13,12
20:06:08,Mostly Cloudy,13,13,12
20:08:09,Mostly Cloudy,13,13,12
20:10:08,Mostly Cloudy,13,13,12
20:12:09,Mostly Cloudy,13,13,12
20:14:09,Mostly Cloudy,13,13,11
20:16:09,Mostly Cloudy,13,13,11
20:18:08,Mostly Cloudy,13,13,11
20:20:09,Mostly Cloudy,13,13,11
20:22:09,Mostly Cloudy,13,13,11
20:24:08,Mostly Cloudy,13,13,11
20:26:08,Mostly Cloudy,13,13,11
20:28:09,Mostly Cloudy,13,13,11
20:30:08,Mostly Cloudy,13,13,11
20:32:09,Mostly Cloudy,13,13,11
20:34:09,Mostly Cloudy,13,13,11
20:36:09,Mostly Cloudy,13,13,11
20:38:09,Mostly Cloudy,13,13,11
20:40:08,Mostly Cloudy,13,13,11
20:42:08,Mostly Cloudy,13,13,11
20:44:09,Mostly Cloudy,13,13,11
20:46:08,Mostly Cloudy,13,13,11
20:48:08,Mostly Cloudy,13,13,11
20:50:09,Mostly Cloudy,13,13,11
20:52:09,Mostly Cloudy,13,13,11
20:54:08,Mostly Cloudy,13,13,11
20:56:09,Mostly Cloudy,13,13,11
20:58:09,Mostly Cloudy,13,13,11
21:00:09,Mostly Cloudy,13,13,11
21:02:09,Mostly Cloudy,13,13,11
21:04:09,Mostly Cloudy,13,13,11
21:06:09,Mostly Cloudy,13,13,11
21:08:08,Mostly Cloudy,13,13,11
21:10:09,Mostly Cloudy,13,13,11
21:12:08,Mostly Cloudy,13,13,11
21:14:09,Mostly Cloudy,12,12,4
21:16:09,Mostly Cloudy,12,12,4
21:18:08,Mostly Cloudy,12,12,4
21:20:09,Mostly Cloudy,12,12,4
21:22:09,Mostly Cloudy,12,12,4
21:24:08,Mostly Cloudy,12,12,4
21:26:09,Mostly Cloudy,12,12,4
21:28:09,Mostly Cloudy,12,12,4
21:30:09,Mostly Cloudy,12,12,4
21:32:09,Mostly Cloudy,12,12,4
21:34:09,Mostly Cloudy,12,12,4
21:36:09,Mostly Cloudy,12,12,4
21:38:09,Mostly Cloudy,12,12,4
21:40:09,Mostly Cloudy,12,12,4
21:42:09,Mostly Cloudy,12,12,4
21:44:08,Mostly Cloudy,12,12,4
21:46:09,Mostly Cloudy,12,12,4
21:48:09,Mostly Cloudy,12,12,4
21:50:09,Mostly Cloudy,12,12,4
21:52:08,Mostly Cloudy,12,12,4
21:54:09,Mostly Cloudy,12,12,4
21:56:09,Mostly Cloudy,12,12,4
21:58:08,Mostly Cloudy,12,12,4
22:00:09,Mostly Cloudy,12,12,4
22:02:09,Mostly Cloudy,12,12,4
22:04:09,Mostly Cloudy,12,12,4
22:06:08,Mostly Cloudy,12,12,4
22:08:09,Mostly Cloudy,12,12,4
22:10:09,Mostly Cloudy,12,12,4
22:12:09,Fair,10,10,11
22:14:09,Fair,10,10,11
22:16:08,Fair,10,10,11
22:18:09,Fair,10,10,11
22:20:08,Fair,10,10,11
22:22:09,Fair,10,10,11
22:24:09,Fair,10,10,11
22:26:09,Fair,10,10,11
22:28:09,Fair,10,10,11
22:30:08,Fair,10,10,11
22:32:09,Fair,10,10,11
22:34:09,Fair,10,10,11
22:36:08,Fair,10,10,11
22:38:09,Fair,10,10,11
22:40:09,Fair,10,10,11
22:42:09,Fair,10,10,11
22:44:09,Fair,10,10,11
22:46:09,Fair,10,10,11
22:48:09,Fair,10,10,11
22:50:09,Fair,10,10,11
22:52:09,Fair,10,10,11
22:54:09,Fair,10,10,11
22:56:08,Fair,10,10,11
22:58:09,Fair,10,10,11
23:00:08,Fair,10,10,11
23:02:09,Fair,10,10,11
23:04:08,Fair,10,10,11
23:06:08,Fair,10,10,11
23:08:09,Fair,10,10,11
23:10:09,Fair,10,10,11
23:12:09,Fair,7,6,11
23:14:08,Fair,7,6,11
23:16:09,Fair,7,6,11
23:18:08,Fair,7,6,11
23:20:09,Fair,7,6,11
23:22:09,Fair,7,6,11
23:24:08,Fair,7,6,11
23:26:08,Fair,7,6,11
23:28:09,Fair,7,6,11
23:30:09,Fair,7,6,11
23:32:09,Fair,7,6,11
23:34:08,Fair,7,6,11
23:36:08,Fair,7,6,11
23:38:09,Fair,7,6,11
23:40:08,Fair,7,6,11
23:42:08,Fair,7,6,11
23:44:09,Fair,7,6,11
23:46:09,Fair,7,6,11
23:48:08,Fair,7,6,11
23:50:09,Fair,7,6,11
23:52:09,Fair,7,6,11
23:54:09,Fair,7,6,11
23:56:09,Fair,7,6,11
23:58:09,Fair,7,6,11
