Time,Weather,Temperature,Feels_Like,Wind_Speed
00:00:09,Light Rain / Windy,11,11,40
00:02:09,Light Rain / Windy,11,11,40
00:04:09,Light Rain / Windy,11,11,40
00:06:08,Light Rain / Windy,11,11,40
00:08:09,Light Rain / Windy,11,11,40
00:10:08,Light Rain / Windy,11,11,40
00:12:09,Light Rain / Windy,11,11,48
00:14:09,Light Rain / Windy,11,11,48
00:16:09,Light Rain / Windy,11,11,48
00:18:08,Light Rain / Windy,11,11,48
00:20:09,Light Rain / Windy,11,11,48
00:22:09,Light Rain / Windy,11,11,48
00:24:09,Light Rain / Windy,11,11,48
00:26:08,Light Rain / Windy,11,11,48
00:28:08,Light Rain / Windy,11,11,48
00:30:09,Light Rain / Windy,11,11,48
00:32:09,Light Rain / Windy,11,11,48
00:34:09,Light Rain / Windy,11,11,48
00:36:08,Light Rain / Windy,11,11,48
00:38:09,Light Rain / Windy,11,11,48
00:40:09,Light Rain / Windy,11,11,48
00:42:09,Light Rain / Windy,11,11,48
00:44:08,Light Rain / Windy,11,11,48
00:46:08,Light Rain / Windy,11,11,48
00:48:09,Light Rain / Windy,11,11,48
00:50:09,Light Rain / Windy,11,11,48
00:52:09,Light Rain / Windy,11,11,48
00:54:08,Light Rain / Windy,11,11,48
00:56:08,Light Rain / Windy,11,11,48
00:58:09,Light Rain / Windy,11,11,48
01:00:17,Light Rain / Windy,11,11,48
01:02:08,Light Rain / Windy,11,11,48
01:04:09,Light Rain / Windy,11,11,48
01:06:09,Light Rain / Windy,11,11,48
01:08:08,Light Rain / Windy,11,11,48
01:10:09,Light Rain / Windy,11,11,48
01:12:09,Light Rain / Windy,11,11,48
01:14:09,Light Rain / Windy,11,11,48
01:16:09,Light Rain / Windy,11,11,48
01:18:08,Mostly Cloudy / Windy,11,11,45
01:20:09,Mostly Cloudy / Windy,11,11,45
01:22:09,Mostly Cloudy / Windy,11,11,45
01:24:09,Mostly Cloudy / Windy,11,11,45
01:26:08,Mostly Cloudy / Windy,11,11,45
01:28:08,Mostly Cloudy / Windy,11,11,45
01:30:09,Mostly Cloudy / Windy,11,11,45
01:32:09,Mostly Cloudy / Windy,11,11,45
01:34:08,Mostly Cloudy / Windy,11,11,45
01:36:09,Mostly Cloudy / Windy,11,11,45
01:38:09,Mostly Cloudy / Windy,11,11,45
01:40:09,Mostly Cloudy / Windy,11,11,45
01:42:09,Mostly Cloudy / Windy,11,11,45
01:44:09,Mostly Cloudy / Windy,11,11,45
01:46:08,Mostly Cloudy / Windy,11,11,45
01:48:09,Mostly Cloudy / Windy,11,11,45
01:50:09,Mostly Cloudy / Windy,11,11,45
01:52:09,Mostly Cloudy / Windy,11,11,45
01:54:09,Mostly Cloudy / Windy,11,11,45
01:56:08,Mostly Cloudy / Windy,11,11,45
01:58:08,Mostly Cloudy / Windy,11,11,45
02:00:09,Mostly Cloudy / Windy,11,11,45
02:02:09,Mostly Cloudy / Windy,11,11,45
02:04:08,Mostly Cloudy / Windy,11,11,45
02:06:09,Mostly Cloudy / Windy,11,11,45
02:08:09,Mostly Cloudy / Windy,11,11,45
02:10:08,Mostly Cloudy / Windy,11,11,45
02:12:09,Light Rain / Windy,11,11,45
02:14:09,Light Rain / Windy,11,11,45
02:16:09,Light Rain / Windy,11,11,45
02:18:08,Light Rain / Windy,11,11,45
02:20:09,Light Rain / Windy,11,11,45
02:22:08,Light Rain / Windy,11,11,45
02:24:08,Light Rain / Windy,11,11,45
02:26:09,Light Rain / Windy,11,11,45
02:28:09,Light Rain / Windy,11,11,45
02:30:09,Light Rain / Windy,11,11,45
02:32:08,Light Rain / Windy,11,11,45
02:34:09,Light Rain / Windy,11,11,45
02:36:09,Light Rain / Windy,11,11,45
02:38:09,Light Rain / Windy,11,11,45
02:40:09,Light Rain / Windy,11,11,45
02:42:08,Light Rain / Windy,11,11,45
02:44:08,Light Rain / Windy,11,11,45
02:46:08,Light Rain / Windy,11,11,45
02:48:09,Light Rain / Windy,11,11,45
02:50:09,Light Rain / Windy,11,11,45
02:52:09,Light Rain / Windy,11,11,45
02:54:09,Light Rain / Windy,11,11,45
02:56:08,Light Rain / Windy,11,11,45
02:58:09,Light Rain / Windy,11,11,45
03:00:09,Light Rain / Windy,11,11,45
03:02:09,Light Rain / Windy,11,11,45
03:04:09,Light Rain / Windy,11,11,45
03:06:09,Light Rain / Windy,11,11,45
03:08:08,Light Rain / Windy,11,11,45
03:10:09,Light Rain / Windy,11,11,45
03:12:09,Mostly Cloudy / Windy,11,11,41
03:14:09,Mostly Cloudy / Windy,11,11,41
03:16:08,Mostly Cloudy / Windy,11,11,41
03:18:08,Mostly Cloudy / Windy,11,11,41
03:20:09,Mostly Cloudy / Windy,11,11,41
03:22:09,Mostly Cloudy / Windy,11,11,41
03:24:09,Mostly Cloudy / Windy,11,11,41
03:26:08,Mostly Cloudy / Windy,11,11,41
03:28:09,Mostly Cloudy / Windy,11,11,41
03:30:09,Mostly Cloudy / Windy,11,11,41
03:32:09,Mostly Cloudy / Windy,11,11,41
03:34:08,Mostly Cloudy / Windy,11,11,41
03:36:08,Mostly Cloudy / Windy,11,11,41
03:38:09,Mostly Cloudy / Windy,11,11,41
03:40:09,Mostly Cloudy / Windy,11,11,41
03:42:08,Mostly Cloudy / Windy,11,11,41
03:44:08,Mostly Cloudy / Windy,11,11,41
03:46:09,Mostly Cloudy / Windy,11,11,41
03:48:09,Mostly Cloudy / Windy,11,11,41
03:50:09,Mostly Cloudy / Windy,11,11,41
03:52:09,Mostly Cloudy / Windy,11,11,41
03:54:08,Mostly Cloudy / Windy,11,11,41
03:56:09,Mostly Cloudy / Windy,11,11,41
03:58:09,Mostly Cloudy / Windy,11,11,41
04:00:09,Mostly Cloudy / Windy,11,11,41
04:02:09,Mostly Cloudy / Windy,11,11,41
04:04:08,Mostly Cloudy / Windy,11,11,41
04:06:08,Mostly Cloudy / Windy,11,11,41
04:08:09,Mostly Cloudy / Windy,11,11,41
04:10:09,Mostly Cloudy / Windy,11,11,41
04:12:09,Mostly Cloudy / Windy,11,11,41
04:14:08,Mostly Cloudy / Windy,11,11,41
04:16:08,Mostly Cloudy / Windy,11,11,41
04:18:09,Light Rain / Windy,10,10,37
04:20:09,Light Rain / Windy,10,10,37
04:22:08,Light Rain / Windy,10,10,37
04:24:08,Light Rain / Windy,10,10,37
04:26:09,Light Rain / Windy,10,10,37
04:28:09,Light Rain / Windy,10,10,37
04:30:09,Light Rain / Windy,10,10,37
04:32:08,Light Rain / Windy,10,10,37
04:34:09,Light Rain / Windy,10,10,37
04:36:09,Light Rain / Windy,10,10,37
04:38:09,Light Rain / Windy,10,10,37
04:40:09,Light Rain / Windy,10,10,37
04:42:08,Light Rain / Windy,10,10,37
04:44:09,Light Rain / Windy,10,10,37
04:46:09,Light Rain / Windy,10,10,37
04:48:09,Light Rain / Windy,10,10,37
04:50:08,Light Rain / Windy,10,10,37
04:52:08,Light Rain / Windy,10,10,37
04:54:09,Light Rain / Windy,10,10,37
04:56:09,Light Rain / Windy,10,10,37
04:58:08,Light Rain / Windy,10,10,37
05:00:09,Light Rain / Windy,10,10,37
05:02:08,Light Rain / Windy,10,10,37
05:04:09,Light Rain / Windy,10,10,37
05:06:09,Light Rain / Windy,10,10,37
05:08:09,Light Rain / Windy,10,10,37
05:10:09,Light Rain / Windy,10,10,37
05:12:08,Mostly Cloudy / Windy,11,11,35
05:14:08,Mostly Cloudy / Windy,11,11,35
05:16:08,Mostly Cloudy / Windy,11,11,35
05:18:09,Mostly Cloudy / Windy,11,11,35
05:20:08,Mostly Cloudy / Windy,11,11,35
05:22:08,Mostly Cloudy / Windy,11,11,35
05:24:09,Mostly Cloudy / Windy,11,11,35
05:26:09,Mostly Cloudy / Windy,11,11,35
05:28:08,Mostly Cloudy / Windy,11,11,35
05:30:08,Mostly Cloudy / Windy,11,11,35
05:32:09,Mostly Cloudy / Windy,11,11,35
05:34:09,Mostly Cloudy / Windy,11,11,35
05:36:09,Mostly Cloudy / Windy,11,11,35
05:38:08,Mostly Cloudy / Windy,11,11,35
05:40:08,Mostly Cloudy / Windy,11,11,35
05:42:08,Mostly Cloudy / Windy,11,11,35
05:44:09,Mostly Cloudy / Windy,11,11,35
05:46:09,Mostly Cloudy / Windy,11,11,35
05:48:09,Mostly Cloudy / Windy,11,11,35
05:50:08,Mostly Cloudy / Windy,11,11,35
05:52:08,Mostly Cloudy / Windy,11,11,35
05:54:09,Mostly Cloudy / Windy,11,11,35
05:56:09,Mostly Cloudy / Windy,11,11,35
05:58:08,Mostly Cloudy / Windy,11,11,35
06:00:08,Mostly Cloudy / Windy,11,11,35
06:02:09,Mostly Cloudy / Windy,11,11,35
06:04:09,Mostly Cloudy / Windy,11,11,35
06:06:09,Mostly Cloudy / Windy,11,11,35
06:08:08,Mostly Cloudy / Windy,11,11,35
06:10:08,Mostly Cloudy / Windy,11,11,35
06:12:09,Mostly Cloudy / Windy,11,11,35
06:14:09,Mostly Cloudy / Windy,11,11,35
06:16:08,Mostly Cloudy / Windy,11,11,35
06:18:08,Light Rain,10,10,32
06:20:09,Light Rain,10,10,32
06:22:09,Light Rain,10,10,32
06:24:08,Light Rain,10,10,32
06:26:08,Light Rain,10,10,32
06:28:09,Light Rain,10,10,32
06:30:09,Light Rain,10,10,32
06:32:09,Light Rain,10,10,32
06:34:08,Light Rain,10,10,32
06:36:08,Light Rain,10,10,32
06:38:09,Light Rain,10,10,32
06:40:09,Light Rain,10,10,32
06:42:09,Light Rain,10,10,32
06:44:08,Light Rain,10,10,32
06:46:08,Light Rain,10,10,32
06:48:09,Light Rain,10,10,32
06:50:09,Light Rain,10,10,32
06:52:08,Light Rain,10,10,32
06:54:08,Light Rain,10,10,32
06:56:09,Light Rain,10,10,32
06:58:09,Light Rain,10,10,32
07:00:09,Light Rain,10,10,32
07:02:08,Light Rain,10,10,32
07:04:09,Light Rain,10,10,32
07:06:09,Light Rain,10,10,32
07:08:08,Light Rain,10,10,32
07:10:09,Light Rain,10,10,32
07:12:09,Light Rain,10,10,32
07:14:09,Light Rain,10,10,32
07:16:08,Light Rain,10,10,32
07:18:08,Light Rain,10,10,28
07:20:09,Light Rain,10,10,28
07:22:09,Light Rain,10,10,28
07:24:08,Light Rain,10,10,28
07:26:08,Light Rain,10,10,28
07:28:09,Light Rain,10,10,28
07:30:09,Light Rain,10,10,28
07:32:08,Light Rain,10,10,28
07:34:09,Light Rain,10,10,28
07:36:09,Light Rain,10,10,28
07:38:09,Light Rain,10,10,28
07:40:09,Light Rain,10,10,28
07:42:08,Light Rain,10,10,28
07:44:09,Light Rain,10,10,28
07:46:09,Light Rain,10,10,28
07:48:09,Light Rain,10,10,28
07:50:08,Light Rain,10,10,28
07:52:09,Light Rain,10,10,28
07:54:09,Light Rain,10,10,28
07:56:09,Light Rain,10,10,28
07:58:08,Light Rain,10,10,28
08:00:08,Light Rain,10,10,28
08:02:09,Light Rain,10,10,28
08:04:09,Light Rain,10,10,28
08:06:08,Light Rain,10,10,28
08:08:09,Light Rain,10,10,28
08:10:09,Light Rain,10,10,28
08:12:08,Light Rain,10,10,25
08:14:09,Light Rain,10,10,25
08:16:09,Light Rain,10,10,25
08:18:09,Light Rain,10,10,25
08:20:08,Light Rain,10,10,25
08:22:08,Light Rain,10,10,25
08:24:08,Light Rain,10,10,25
08:26:09,Light Rain,10,10,25
08:28:09,Light Rain,10,10,25
08:30:09,Light Rain,10,10,25
08:32:08,Light Rain,10,10,25
08:34:09,Light Rain,10,10,25
08:36:09,Light Rain,10,10,25
08:38:08,Light Rain,10,10,25
08:40:09,Light Rain,10,10,25
08:42:09,Light Rain,10,10,25
08:44:09,Light Rain,10,10,25
08:46:08,Light Rain,10,10,25
08:48:08,Light Rain,10,10,25
08:50:09,Light Rain,10,10,25
08:52:09,Light Rain,10,10,25
08:54:09,Light Rain,10,10,25
08:56:08,Light Rain,10,10,25
08:58:08,Light Rain,10,10,25
09:00:09,Light Rain,10,10,25
09:02:09,Light Rain,10,10,25
09:04:08,Light Rain,10,10,25
09:06:08,Light Rain,10,10,25
09:08:09,Light Rain,10,10,25
09:10:09,Light Rain,10,10,25
09:12:08,Light Rain,11,11,32
09:14:09,Light Rain,11,11,32
09:16:09,Light Rain,11,11,32
09:18:09,Light Rain,11,11,32
09:20:09,Light Rain,11,11,32
09:22:09,Light Rain,11,11,32
09:24:09,Light Rain,11,11,32
09:26:08,Light Rain,11,11,32
09:28:08,Light Rain,11,11,32
09:30:09,Light Rain,11,11,32
09:32:09,Light Rain,11,11,32
09:34:09,Light Rain,11,11,32
09:36:08,Light Rain,11,11,32
09:38:09,Light Rain,11,11,32
09:40:09,Light Rain,11,11,32
09:42:09,Light Rain,11,11,32
09:44:08,Light Rain,11,11,32
09:46:09,Light Rain,11,11,32
09:48:09,Light Rain,11,11,32
09:50:09,Light Rain,11,11,32
09:52:08,Light Rain,11,11,32
09:54:08,Light Rain,11,11,32
09:56:09,Light Rain,11,11,32
09:58:09,Light Rain,11,11,32
10:00:09,Light Rain,11,11,32
10:02:08,Light Rain,11,11,32
10:04:08,Light Rain,11,11,32
10:06:08,Light Rain,11,11,32
10:08:09,Light Rain,11,11,32
10:10:09,Light Rain,11,11,32
10:12:08,Light Rain,11,11,32
10:14:09,Light Rain,11,11,32
10:16:09,Light Rain,11,11,32
10:18:08,Light Rain,11,11,32
10:20:09,Light Rain,11,11,32
10:22:09,Light Rain,11,11,32
10:24:09,Light Rain,11,11,32
10:26:08,Light Rain,11,11,32
10:28:09,Light Rain,11,11,32
10:30:09,Light Rain,11,11,32
10:32:09,Light Rain,11,11,32
10:34:08,Light Rain,11,11,32
10:36:08,Light Rain,11,11,32
10:38:09,Light Rain,11,11,32
10:40:09,Light Rain,11,11,32
10:42:09,Light Rain,11,11,32
10:44:08,Light Rain,11,11,32
10:46:09,Light Rain,11,11,32
10:48:09,Light Rain,11,11,32
10:50:08,Light Rain,11,11,32
10:52:08,Light Rain,11,11,32
10:54:09,Light Rain,11,11,32
10:56:09,Light Rain,11,11,32
10:58:09,Light Rain,11,11,32
11:00:08,Light Rain,11,11,32
11:02:09,Light Rain,11,11,32
11:04:09,Light Rain,11,11,32
11:06:09,Light Rain,11,11,32
11:08:09,Light Rain,11,11,32
11:10:08,Light Rain,11,11,32
11:12:09,Light Rain,11,11,32
11:14:09,Light Rain,11,11,32
11:16:08,Light Rain,11,11,32
11:18:09,Light Rain,11,11,32
11:20:09,Light Rain,11,11,32
11:22:09,Light Rain,11,11,32
11:24:09,Light Rain,11,11,32
11:26:09,Light Rain,11,11,32
11:28:09,Light Rain,11,11,32
11:30:08,Light Rain,11,11,32
11:32:09,Light Rain,11,11,32
11:34:08,Light Rain,11,11,32
11:36:08,Light Rain,11,11,32
11:38:09,Light Rain,11,11,32
11:40:09,Light Rain,11,11,32
11:42:09,Light Rain,11,11,32
11:44:08,Light Rain,11,11,32
11:46:08,Light Rain,11,11,32
11:48:09,Light Rain,11,11,32
11:50:09,Light Rain,11,11,32
11:52:09,Light Rain,11,11,32
11:54:09,Light Rain,11,11,32
11:56:09,Light Rain,11,11,32
11:58:08,Light Rain,11,11,32
12:00:08,Light Rain,11,11,32
12:02:09,Light Rain,11,11,32
12:04:09,Light Rain,11,11,32
12:06:08,Light Rain,11,11,32
12:08:09,Light Rain,11,11,32
12:10:09,Light Rain,11,11,32
12:12:09,Light Rain,12,12,32
12:14:08,Light Rain,12,12,32
12:16:08,Light Rain,12,12,32
12:18:09,Light Rain,12,12,32
12:20:08,Light Rain,12,12,32
12:22:08,Light Rain,12,12,32
12:24:08,Light Rain,12,12,32
12:26:09,Light Rain,12,12,32
12:28:09,Light Rain,12,12,32
12:30:09,Light Rain,12,12,32
12:32:09,Light Rain,12,12,32
12:34:09,Light Rain,12,12,32
12:36:09,Light Rain,12,12,32
12:38:08,Light Rain,12,12,32
12:40:08,Light Rain,12,12,32
12:42:09,Light Rain,12,12,32
12:44:09,Light Rain,12,12,32
12:46:08,Light Rain,12,12,32
12:48:08,Light Rain,12,12,32
12:50:09,Light Rain,12,12,32
12:52:09,Light Rain,12,12,32
12:54:08,Light Rain,12,12,32
12:56:09,Light Rain,12,12,32
12:58:09,Light Rain,12,12,32
13:00:09,Light Rain,12,12,32
13:02:08,Light Rain,12,12,32
13:04:09,Light Rain,12,12,32
13:06:09,Light Rain,12,12,32
13:08:09,Light Rain,12,12,32
13:10:08,Light Rain,12,12,32
13:12:09,Light Rain,12,12,32
13:14:09,Light Rain,12,12,32
13:16:08,Light Rain,12,12,32
13:18:09,Light Rain,12,12,32
13:20:08,Light Rain,12,12,32
13:22:09,Light Rain,12,12,32
13:24:09,Light Rain,12,12,32
13:26:09,Light Rain,12,12,32
13:28:08,Light Rain,12,12,32
13:30:09,Light Rain,12,12,32
13:32:09,Light Rain,12,12,32
13:34:09,Light Rain,12,12,32
13:36:08,Light Rain,12,12,32
13:38:09,Light Rain,12,12,32
13:40:09,Light Rain,12,12,32
13:42:09,Light Rain,12,12,32
13:44:09,Light Rain,12,12,32
13:46:08,Light Rain,12,12,32
13:48:09,Light Rain,12,12,32
13:50:09,Light Rain,12,12,32
13:52:09,Light Rain,12,12,32
13:54:09,Light Rain,12,12,32
13:56:09,Light Rain,12,12,32
13:58:08,Light Rain,12,12,32
14:00:08,Light Rain,12,12,32
14:02:09,Light Rain,12,12,32
14:04:09,Light Rain,12,12,32
14:06:08,Light Rain,12,12,32
14:08:09,Light Rain,12,12,32
14:10:09,Light Rain,12,12,32
14:12:09,Light Rain / Windy,12,12,33
14:14:09,Light Rain / Windy,12,12,33
14:16:09,Light Rain / Windy,12,12,33
14:18:08,Light Rain / Windy,12,12,33
14:20:09,Light Rain / Windy,12,12,33
14:22:09,Light Rain / Windy,12,12,33
14:24:08,Light Rain / Windy,12,12,33
14:26:09,Light Rain / Windy,12,12,33
14:28:09,Light Rain / Windy,12,12,33
14:30:09,Light Rain / Windy,12,12,33
14:32:08,Light Rain / Windy,12,12,33
14:34:09,Light Rain / Windy,12,12,33
14:36:09,Light Rain / Windy,12,12,33
14:38:09,Light Rain / Windy,12,12,33
14:40:09,Light Rain / Windy,12,12,33
14:42:09,Light Rain / Windy,12,12,33
14:44:08,Light Rain / Windy,12,12,33
14:46:09,Light Rain / Windy,12,12,33
14:48:09,Light Rain / Windy,12,12,33
14:50:08,Light Rain / Windy,12,12,33
14:52:08,Light Rain / Windy,12,12,33
14:54:09,Light Rain / Windy,12,12,33
14:56:09,Light Rain / Windy,12,12,33
14:58:09,Light Rain / Windy,12,12,33
15:00:08,Light Rain / Windy,12,12,33
15:02:09,Light Rain / Windy,12,12,33
15:04:09,Light Rain / Windy,12,12,33
15:06:08,Light Rain / Windy,12,12,33
15:08:09,Light Rain / Windy,12,12,33
15:10:09,Light Rain / Windy,12,12,33
15:12:09,Light Rain / Windy,12,12,37
15:14:08,Light Rain / Windy,12,12,37
15:16:09,Light Rain / Windy,12,12,37
15:18:09,Light Rain / Windy,12,12,37
15:20:08,Light Rain / Windy,12,12,37
15:22:09,Light Rain / Windy,12,12,37
15:24:09,Light Rain / Windy,12,12,37
15:26:09,Light Rain / Windy,12,12,37
15:28:09,Light Rain / Windy,12,12,37
15:30:08,Light Rain / Windy,12,12,37
15:32:09,Light Rain / Windy,12,12,37
15:34:09,Light Rain / Windy,12,12,37
15:36:09,Light Rain / Windy,12,12,37
15:38:09,Light Rain / Windy,12,12,37
15:40:08,Light Rain / Windy,12,12,37
15:42:09,Light Rain / Windy,12,12,37
15:44:09,Light Rain / Windy,12,12,37
15:46:09,Light Rain / Windy,12,12,37
15:48:08,Light Rain / Windy,12,12,37
15:50:09,Light Rain / Windy,12,12,37
15:52:09,Light Rain / Windy,12,12,37
15:54:09,Light Rain / Windy,12,12,37
15:56:08,Light Rain / Windy,12,12,37
16:04:09,Light Rain / Windy,12,12,37
16:06:09,Light Rain / Windy,12,12,37
16:08:09,Light Rain / Windy,12,12,37
16:10:08,Light Rain / Windy,12,12,35
16:12:09,Light Rain / Windy,12,12,35
16:14:09,Light Rain / Windy,12,12,35
16:16:08,Light Rain / Windy,12,12,35
16:18:09,Light Rain / Windy,12,12,35
16:20:09,Light Rain / Windy,12,12,35
16:22:09,Light Rain / Windy,12,12,35
16:24:08,Light Rain / Windy,12,12,35
16:26:09,Light Rain / Windy,12,12,35
16:28:09,Light Rain / Windy,12,12,35
16:30:08,Light Rain / Windy,12,12,35
16:32:09,Light Rain / Windy,12,12,35
16:34:09,Light Rain / Windy,12,12,35
16:36:08,Light Rain / Windy,12,12,35
16:38:09,Light Rain / Windy,12,12,35
16:40:09,Light Rain / Windy,12,12,35
16:42:09,Light Rain / Windy,12,12,35
16:44:08,Light Rain / Windy,12,12,35
16:46:09,Light Rain / Windy,12,12,35
16:48:09,Light Rain / Windy,12,12,35
16:50:09,Light Rain / Windy,12,12,35
16:52:09,Light Rain / Windy,12,12,35
16:54:09,Light Rain / Windy,12,12,35
16:56:09,Light Rain / Windy,12,12,35
16:58:08,Light Rain / Windy,12,12,35
17:00:09,Light Rain / Windy,12,12,35
17:02:09,Light Rain / Windy,12,12,35
17:04:09,Light Rain / Windy,12,12,35
17:06:09,Light Rain / Windy,12,12,35
17:08:08,Light Rain / Windy,12,12,35
17:10:08,Light Rain / Windy,12,12,35
17:12:09,Light Rain / Windy,12,12,35
17:14:09,Light Rain / Windy,12,12,35
17:16:08,Drizzle,11,11,32
17:18:09,Drizzle,11,11,32
17:20:09,Drizzle,11,11,32
17:22:08,Drizzle,11,11,32
17:24:08,Drizzle,11,11,32
17:26:09,Drizzle,11,11,32
17:28:09,Drizzle,11,11,32
17:30:09,Drizzle,11,11,32
17:32:08,Drizzle,11,11,32
17:34:08,Drizzle,11,11,32
17:36:09,Drizzle,11,11,32
17:38:09,Drizzle,11,11,32
17:40:08,Drizzle,11,11,32
17:42:09,Drizzle,11,11,32
17:44:09,Drizzle,11,11,32
17:46:08,Drizzle,11,11,32
17:48:08,Drizzle,11,11,32
17:50:09,Drizzle,11,11,32
17:52:09,Drizzle,11,11,32
17:54:08,Drizzle,11,11,32
17:56:08,Drizzle,11,11,32
17:58:09,Drizzle,11,11,32
18:00:09,Drizzle,11,11,32
18:02:08,Drizzle,11,11,32
18:04:09,Drizzle,11,11,32
18:06:09,Drizzle,11,11,32
18:08:08,Drizzle,11,11,32
18:10:08,Light Drizzle / Windy,12,12,33
18:12:09,Light Drizzle / Windy,12,12,33
18:14:09,Light Drizzle / Windy,12,12,33
18:16:08,Light Drizzle / Windy,12,12,33
18:18:08,Light Drizzle / Windy,12,12,33
18:20:08,Light Drizzle / Windy,12,12,33
18:22:09,Light Drizzle / Windy,12,12,33
18:24:09,Light Drizzle / Windy,12,12,33
18:26:08,Light Drizzle / Windy,12,12,33
18:28:08,Light Drizzle / Windy,12,12,33
18:30:09,Light Drizzle / Windy,12,12,33
18:32:09,Light Drizzle / Windy,12,12,33
18:34:09,Light Drizzle / Windy,12,12,33
18:36:09,Light Drizzle / Windy,12,12,33
18:38:09,Light Drizzle / Windy,12,12,33
18:40:08,Light Drizzle / Windy,12,12,33
18:42:09,Light Drizzle / Windy,12,12,33
18:44:09,Light Drizzle / Windy,12,12,33
18:46:09,Light Drizzle / Windy,12,12,33
18:48:09,Light Drizzle / Windy,12,12,33
18:50:09,Light Drizzle / Windy,12,12,33
18:52:08,Light Drizzle / Windy,12,12,33
18:54:08,Light Drizzle / Windy,12,12,33
18:56:08,Light Drizzle / Windy,12,12,33
18:58:09,Light Drizzle / Windy,12,12,33
19:00:09,Light Drizzle / Windy,12,12,33
19:02:09,Light Drizzle / Windy,12,12,33
19:04:08,Light Drizzle / Windy,12,12,33
19:06:09,Light Drizzle / Windy,12,12,33
19:08:09,Light Drizzle / Windy,12,12,33
19:10:08,Rain,11,11,32
19:12:09,Rain,11,11,32
19:14:09,Rain,11,11,32
19:16:09,Rain,11,11,32
19:18:09,Rain,11,11,32
19:20:09,Rain,11,11,32
19:22:08,Rain,11,11,32
19:24:09,Rain,11,11,32
19:26:09,Rain,11,11,32
19:28:08,Rain,11,11,32
19:30:09,Rain,11,11,32
19:32:09,Rain,11,11,32
19:34:09,Rain,11,11,32
19:36:08,Rain,11,11,32
19:38:09,Rain,11,11,32
19:40:09,Rain,11,11,32
19:42:08,Rain,11,11,32
19:44:08,Rain,11,11,32
19:46:09,Rain,11,11,32
19:48:09,Rain,11,11,32
19:50:09,Rain,11,11,32
19:52:09,Rain,11,11,32
19:54:09,Rain,11,11,32
19:56:08,Rain,11,11,32
19:58:09,Rain,11,11,32
20:00:09,Rain,11,11,32
20:02:08,Rain,11,11,32
20:04:08,Rain,11,11,32
20:06:09,Rain,11,11,32
20:08:09,Rain,11,11,32
20:10:08,Rain,11,11,32
20:12:08,Rain,11,11,32
20:14:09,Rain,11,11,32
20:16:09,Light Drizzle / Windy,11,11,33
20:18:08,Light Drizzle / Windy,11,11,33
20:20:09,Light Drizzle / Windy,11,11,33
20:22:09,Light Drizzle / Windy,11,11,33
20:24:08,Light Drizzle / Windy,11,11,33
20:26:09,Light Drizzle / Windy,11,11,33
20:28:09,Light Drizzle / Windy,11,11,33
20:30:09,Light Drizzle / Windy,11,11,33
20:32:09,Light Drizzle / Windy,11,11,33
20:34:09,Light Drizzle / Windy,11,11,33
20:36:08,Light Drizzle / Windy,11,11,33
20:38:09,Light Drizzle / Windy,11,11,33
20:40:09,Light Drizzle / Windy,11,11,33
20:42:09,Light Drizzle / Windy,11,11,33
20:44:09,Light Drizzle / Windy,11,11,33
20:46:09,Light Drizzle / Windy,11,11,33
20:48:08,Light Drizzle / Windy,11,11,33
20:50:08,Light Drizzle / Windy,11,11,33
20:52:09,Light Drizzle / Windy,11,11,33
20:54:09,Light Drizzle / Windy,11,11,33
20:56:08,Light Drizzle / Windy,11,11,33
20:58:09,Light Drizzle / Windy,11,11,33
21:00:09,Light Drizzle / Windy,11,11,33
21:02:08,Light Drizzle / Windy,11,11,33
21:04:09,Light Drizzle / Windy,11,11,33
21:06:09,Light Drizzle / Windy,11,11,33
21:08:09,Light Drizzle / Windy,11,11,33
21:10:08,Mostly Cloudy / Windy,11,11,40
21:12:08,Mostly Cloudy / Windy,11,11,40
21:14:09,Mostly Cloudy / Windy,11,11,40
21:16:09,Mostly Cloudy / Windy,11,11,40
21:18:09,Mostly Cloudy / Windy,11,11,40
21:20:09,Mostly Cloudy / Windy,11,11,40
21:22:09,Mostly Cloudy / Windy,11,11,40
21:24:08,Mostly Cloudy / Windy,11,11,40
21:26:08,Mostly Cloudy / Windy,11,11,40
21:28:09,Mostly Cloudy / Windy,11,11,40
21:30:09,Mostly Cloudy / Windy,11,11,40
21:32:08,Mostly Cloudy / Windy,11,11,40
21:34:08,Mostly Cloudy / Windy,11,11,40
21:36:09,Mostly Cloudy / Windy,11,11,40
21:38:09,Mostly Cloudy / Windy,11,11,40
21:40:09,Mostly Cloudy / Windy,11,11,40
21:42:08,Mostly Cloudy / Windy,11,11,40
21:44:09,Mostly Cloudy / Windy,11,11,40
21:46:09,Mostly Cloudy / Windy,11,11,40
21:48:08,Mostly Cloudy / Windy,11,11,40
21:50:09,Mostly Cloudy / Windy,11,11,40
21:52:09,Mostly Cloudy / Windy,11,11,40
21:54:08,Mostly Cloudy / Windy,11,11,40
21:56:09,Mostly Cloudy / Windy,11,11,40
21:58:09,Mostly Cloudy / Windy,11,11,40
22:00:09,Mostly Cloudy / Windy,11,11,40
22:02:08,Mostly Cloudy / Windy,11,11,40
22:04:09,Mostly Cloudy / Windy,11,11,40
22:06:09,Mostly Cloudy / Windy,11,11,40
22:08:09,Mostly Cloudy / Windy,11,11,40
22:10:08,Mostly Cloudy / Windy,11,11,40
22:12:09,Mostly Cloudy / Windy,11,11,40
22:14:09,Mostly Cloudy / Windy,11,11,40
22:16:08,Mostly Cloudy / Windy,11,11,38
22:18:09,Mostly Cloudy / Windy,11,11,38
22:20:09,Mostly Cloudy / Windy,11,11,38
22:22:08,Mostly Cloudy / Windy,11,11,38
22:24:09,Mostly Cloudy / Windy,11,11,38
22:26:09,Mostly Cloudy / Windy,11,11,38
22:28:09,Mostly Cloudy / Windy,11,11,38
22:30:09,Mostly Cloudy / Windy,11,11,38
22:32:08,Mostly Cloudy / Windy,11,11,38
22:34:09,Mostly Cloudy / Windy,11,11,38
22:36:09,Mostly Cloudy / Windy,11,11,38
22:38:08,Mostly Cloudy / Windy,11,11,38
22:40:09,Mostly Cloudy / Windy,11,11,38
22:42:09,Mostly Cloudy / Windy,11,11,38
22:44:08,Mostly Cloudy / Windy,11,11,38
22:46:08,Mostly Cloudy / Windy,11,11,38
22:48:09,Mostly Cloudy / Windy,11,11,38
22:50:09,Mostly Cloudy / Windy,11,11,38
22:58:08,Mostly Cloudy / Windy,11,11,38
23:00:09,Mostly Cloudy / Windy,11,11,38
23:02:09,Mostly Cloudy / Windy,11,11,38
23:04:09,Mostly Cloudy / Windy,11,11,38
23:06:08,Mostly Cloudy / Windy,11,11,38
23:08:09,Mostly Cloudy / Windy,11,11,38
23:10:09,Mostly Cloudy / Windy,11,11,38
23:12:09,Mostly Cloudy / Windy,11,11,38
23:14:08,Mostly Cloudy / Windy,11,11,38
23:16:08,Mostly Cloudy / Windy,11,11,45
23:18:09,Mostly Cloudy / Windy,11,11,45
23:20:09,Mostly Cloudy / Windy,11,11,45
23:22:09,Mostly Cloudy / Windy,11,11,45
23:24:08,Mostly Cloudy / Windy,11,11,45
23:26:08,Mostly Cloudy / Windy,11,11,45
23:28:09,Mostly Cloudy / Windy,11,11,45
23:30:09,Mostly Cloudy / Windy,11,11,45
23:32:08,Mostly Cloudy / Windy,11,11,45
23:34:08,Mostly Cloudy / Windy,11,11,45
23:36:09,Mostly Cloudy / Windy,11,11,45
23:38:09,Mostly Cloudy / Windy,11,11,45
23:40:09,Mostly Cloudy / Windy,11,11,45
23:42:09,Mostly Cloudy / Windy,11,11,45
23:44:08,Mostly Cloudy / Windy,11,11,45
23:46:08,Mostly Cloudy / Windy,11,11,45
23:48:08,Mostly Cloudy / Windy,11,11,45
23:50:09,Mostly Cloudy / Windy,11,11,45
23:52:09,Mostly Cloudy / Windy,11,11,45
23:54:09,Mostly Cloudy / Windy,11,11,45
23:56:08,Mostly Cloudy / Windy,11,11,45
23:58:08,Mostly Cloudy / Windy,11,11,45
