Time,Weather,Temperature,Feels_Like,Wind_Speed
00:00:08,Mostly Cloudy,3,1,12
00:02:08,Mostly Cloudy,3,1,12
00:04:09,Mostly Cloudy,3,1,12
00:06:09,Mostly Cloudy,3,1,12
00:08:08,Mostly Cloudy,3,1,12
00:10:08,Mostly Cloudy,3,1,12
00:12:09,Mostly Cloudy,5,2,11
00:14:09,Mostly Cloudy,5,2,11
00:16:08,Mostly Cloudy,5,2,11
00:18:09,Mostly Cloudy,5,2,11
00:20:09,Mostly Cloudy,5,2,11
00:22:08,Mostly Cloudy,5,2,11
00:24:08,Mostly Cloudy,5,2,11
00:26:09,Mostly Cloudy,5,2,11
00:28:09,Mostly Cloudy,5,2,11
00:30:08,Mostly Cloudy,5,2,11
00:32:09,Mostly Cloudy,5,2,11
00:34:09,Mostly Cloudy,5,2,11
00:36:09,Mostly Cloudy,5,2,11
00:38:08,Mostly Cloudy,5,2,11
00:40:08,Mostly Cloudy,5,2,11
00:42:08,Mostly Cloudy,5,2,11
00:44:09,Mostly Cloudy,5,2,11
00:46:09,Mostly Cloudy,5,2,11
00:48:09,Mostly Cloudy,5,2,11
00:50:09,Mostly Cloudy,5,2,11
00:52:08,Mostly Cloudy,5,2,11
00:54:09,Mostly Cloudy,5,2,11
00:56:09,Mostly Cloudy,5,2,11
00:58:08,Mostly Cloudy,5,2,11
01:00:16,Mostly Cloudy,5,2,11
01:02:08,Mostly Cloudy,5,2,11
01:04:08,Mostly Cloudy,5,2,11
01:06:09,Mostly Cloudy,5,2,11
01:08:09,Mostly Cloudy,5,2,11
01:10:09,Mostly Cloudy,5,2,11
01:12:08,Mostly Cloudy,5,2,11
01:14:09,Mostly Cloudy,5,2,11
01:16:09,Mostly Cloudy,5,2,11
01:18:08,Mostly Cloudy,6,3,12
01:20:08,Mostly Cloudy,6,3,12
01:22:09,Mostly Cloudy,6,3,12
01:24:09,Mostly Cloudy,6,3,12
01:26:09,Mostly Cloudy,6,3,12
01:28:08,Mostly Cloudy,6,3,12
01:30:08,Mostly Cloudy,6,3,12
01:32:09,Mostly Cloudy,6,3,12
01:34:09,Mostly Cloudy,6,3,12
01:36:09,Mostly Cloudy,6,3,12
01:38:08,Mostly Cloudy,6,3,12
01:40:08,Mostly Cloudy,6,3,12
01:42:09,Mostly Cloudy,6,3,12
01:44:09,Mostly Cloudy,6,3,12
01:46:08,Mostly Cloudy,6,3,12
01:48:08,Mostly Cloudy,6,3,12
01:50:09,Mostly Cloudy,6,3,12
01:52:09,Mostly Cloudy,6,3,12
01:54:09,Mostly Cloudy,6,3,12
01:56:08,Mostly Cloudy,6,3,12
01:58:08,Mostly Cloudy,6,3,12
02:00:09,Mostly Cloudy,6,3,12
02:02:09,Mostly Cloudy,6,3,12
02:04:09,Mostly Cloudy,6,3,12
02:06:08,Mostly Cloudy,6,3,12
02:08:09,Mostly Cloudy,6,3,12
02:10:09,Mostly Cloudy,6,3,12
02:12:09,Mostly Cloudy,6,3,12
02:14:08,Mostly Cloudy,6,3,12
02:16:08,Mostly Cloudy,6,3,12
02:18:09,Mostly Cloudy,6,3,11
02:20:09,Mostly Cloudy,6,3,11
02:22:08,Mostly Cloudy,6,3,11
02:24:08,Mostly Cloudy,6,3,11
02:26:08,Mostly Cloudy,6,3,11
02:28:09,Mostly Cloudy,6,3,11
02:30:09,Mostly Cloudy,6,3,11
02:32:08,Mostly Cloudy,6,3,11
02:34:08,Mostly Cloudy,6,3,11
02:36:09,Mostly Cloudy,6,3,11
02:38:08,Mostly Cloudy,6,3,11
02:40:08,Mostly Cloudy,6,3,11
02:42:08,Mostly Cloudy,6,3,11
02:44:09,Mostly Cloudy,6,3,11
02:46:09,Mostly Cloudy,6,3,11
02:48:08,Mostly Cloudy,6,3,11
02:50:08,Mostly Cloudy,6,3,11
02:52:09,Mostly Cloudy,6,3,11
02:54:09,Mostly Cloudy,6,3,11
02:56:08,Mostly Cloudy,6,3,11
02:58:08,Mostly Cloudy,6,3,11
03:00:09,Mostly Cloudy,6,3,11
03:02:09,Mostly Cloudy,6,3,11
03:04:08,Mostly Cloudy,6,3,11
03:06:09,Mostly Cloudy,6,3,11
03:08:09,Mostly Cloudy,6,3,11
03:10:09,Mostly Cloudy,6,3,11
03:12:08,Mostly Cloudy,6,2,14
03:14:09,Mostly Cloudy,6,2,14
03:16:09,Mostly Cloudy,6,2,14
03:18:08,Mostly Cloudy,6,2,14
03:20:09,Mostly Cloudy,6,2,14
03:22:09,Mostly Cloudy,6,2,14
03:24:09,Mostly Cloudy,6,2,14
03:26:09,Mostly Cloudy,6,2,14
03:28:09,Mostly Cloudy,6,2,14
03:30:09,Mostly Cloudy,6,2,14
03:32:08,Mostly Cloudy,6,2,14
03:34:08,Mostly Cloudy,6,2,14
03:36:08,Mostly Cloudy,6,2,14
03:38:09,Mostly Cloudy,6,2,14
03:40:08,Mostly Cloudy,6,2,14
03:42:08,Mostly Cloudy,6,2,14
03:44:09,Mostly Cloudy,6,2,14
03:46:09,Mostly Cloudy,6,2,14
03:48:08,Mostly Cloudy,6,2,14
03:50:08,Mostly Cloudy,6,2,14
03:52:09,Mostly Cloudy,6,2,14
03:54:09,Mostly Cloudy,6,2,14
03:56:09,Mostly Cloudy,6,2,14
03:58:08,Mostly Cloudy,6,2,14
04:00:08,Mostly Cloudy,6,2,14
04:02:09,Mostly Cloudy,6,2,14
04:04:09,Mostly Cloudy,6,2,14
04:06:09,Mostly Cloudy,6,2,14
04:08:08,Mostly Cloudy,6,2,14
04:10:09,Mostly Cloudy,6,2,14
04:12:09,Mostly Cloudy,6,2,14
04:14:09,Mostly Cloudy,6,2,14
04:16:08,Mostly Cloudy,6,2,14
04:18:09,Mostly Cloudy,6,3,11
04:20:08,Mostly Cloudy,6,3,11
04:22:08,Mostly Cloudy,6,3,11
04:24:09,Mostly Cloudy,6,3,11
04:26:09,Mostly Cloudy,6,3,11
04:28:09,Mostly Cloudy,6,3,11
04:30:08,Mostly Cloudy,6,3,11
04:32:08,Mostly Cloudy,6,3,11
04:34:09,Mostly Cloudy,6,3,11
04:36:09,Mostly Cloudy,6,3,11
04:38:09,Mostly Cloudy,6,3,11
04:40:09,Mostly Cloudy,6,3,11
04:42:09,Mostly Cloudy,6,3,11
04:44:09,Mostly Cloudy,6,3,11
04:46:09,Mostly Cloudy,6,3,11
04:48:09,Mostly Cloudy,6,3,11
04:50:08,Mostly Cloudy,6,3,11
04:52:09,Mostly Cloudy,6,3,11
04:54:09,Mostly Cloudy,6,3,11
04:56:09,Mostly Cloudy,6,3,11
04:58:08,Mostly Cloudy,6,3,11
05:00:09,Mostly Cloudy,6,3,11
05:02:09,Mostly Cloudy,6,3,11
05:04:09,Mostly Cloudy,6,3,11
05:06:09,Mostly Cloudy,6,3,11
05:08:08,Mostly Cloudy,6,3,11
05:10:09,Mostly Cloudy,6,3,11
05:12:09,Mostly Cloudy,5,1,14
05:14:08,Mostly Cloudy,5,1,14
05:16:09,Mostly Cloudy,5,1,14
05:18:08,Mostly Cloudy,5,1,14
05:20:09,Mostly Cloudy,5,1,14
05:22:09,Mostly Cloudy,5,1,14
05:24:09,Mostly Cloudy,5,1,14
05:26:09,Mostly Cloudy,5,1,14
05:28:08,Mostly Cloudy,5,1,14
05:30:09,Mostly Cloudy,5,1,14
05:32:08,Mostly Cloudy,5,1,14
05:34:08,Mostly Cloudy,5,1,14
05:36:09,Mostly Cloudy,5,1,14
05:38:09,Mostly Cloudy,5,1,14
05:40:09,Mostly Cloudy,5,1,14
05:42:08,Mostly Cloudy,5,1,14
05:44:08,Mostly Cloudy,5,1,14
05:46:09,Mostly Cloudy,5,1,14
05:48:09,Mostly Cloudy,5,1,14
05:50:09,Mostly Cloudy,5,1,14
05:52:08,Mostly Cloudy,5,1,14
05:54:08,Mostly Cloudy,5,1,14
05:56:09,Mostly Cloudy,5,1,14
05:58:09,Mostly Cloudy,5,1,14
06:00:09,Mostly Cloudy,5,1,14
06:02:09,Mostly Cloudy,5,1,14
06:04:09,Mostly Cloudy,5,1,14
06:06:09,Mostly Cloudy,5,1,14
06:08:09,Mostly Cloudy,5,1,14
06:10:08,Mostly Cloudy,5,1,14
06:12:08,Partly Cloudy,3,1,12
06:14:09,Partly Cloudy,3,1,12
06:16:09,Partly Cloudy,3,1,12
06:18:08,Partly Cloudy,3,1,12
06:20:08,Partly Cloudy,3,1,12
06:22:09,Partly Cloudy,3,1,12
06:24:09,Partly Cloudy,3,1,12
06:26:09,Partly Cloudy,3,1,12
06:28:09,Partly Cloudy,3,1,12
06:30:09,Partly Cloudy,3,1,12
06:32:08,Partly Cloudy,3,1,12
06:34:09,Partly Cloudy,3,1,12
06:36:09,Partly Cloudy,3,1,12
06:38:08,Partly Cloudy,3,1,12
06:40:09,Partly Cloudy,3,1,12
06:42:09,Partly Cloudy,3,1,12
06:44:09,Partly Cloudy,3,1,12
06:46:08,Partly Cloudy,3,1,12
06:48:08,Partly Cloudy,3,1,12
06:50:09,Partly Cloudy,3,1,12
06:52:09,Partly Cloudy,3,1,12
06:54:08,Partly Cloudy,3,1,12
06:56:09,Partly Cloudy,3,1,12
06:58:09,Partly Cloudy,3,1,12
07:00:09,Partly Cloudy,3,1,12
07:02:09,Partly Cloudy,3,1,12
07:04:09,Partly Cloudy,3,1,12
07:06:09,Partly Cloudy,3,1,12
07:08:08,Partly Cloudy,3,1,12
07:10:08,Partly Cloudy,3,1,12
07:12:09,Mostly Cloudy,6,3,9
07:14:09,Mostly Cloudy,6,3,9
07:16:08,Mostly Cloudy,6,3,9
07:18:08,Mostly Cloudy,6,3,9
07:20:09,Mostly Cloudy,6,3,9
07:22:08,Mostly Cloudy,6,3,9
07:24:09,Mostly Cloudy,6,3,9
07:26:09,Mostly Cloudy,6,3,9
07:28:09,Mostly Cloudy,6,3,9
07:30:08,Mostly Cloudy,6,3,9
07:32:09,Mostly Cloudy,6,3,9
07:34:09,Mostly Cloudy,6,3,9
07:36:09,Mostly Cloudy,6,3,9
07:38:08,Mostly Cloudy,6,3,9
07:40:08,Mostly Cloudy,6,3,9
07:42:09,Mostly Cloudy,7,4,12
07:44:09,Mostly Cloudy,7,4,12
07:46:09,Mostly Cloudy,7,4,12
07:48:08,Mostly Cloudy,7,4,12
07:50:08,Mostly Cloudy,7,4,12
07:52:09,Mostly Cloudy,7,4,12
07:54:09,Mostly Cloudy,7,4,12
07:56:08,Mostly Cloudy,7,4,12
07:58:08,Mostly Cloudy,7,4,12
08:00:09,Mostly Cloudy,7,4,12
08:02:09,Mostly Cloudy,7,4,12
08:04:09,Mostly Cloudy,7,4,12
08:06:08,Mostly Cloudy,7,4,12
08:08:09,Mostly Cloudy,7,4,12
08:10:09,Mostly Cloudy,7,4,12
08:12:08,Mostly Cloudy,7,4,12
08:14:09,Mostly Cloudy,7,4,12
08:16:09,Mostly Cloudy,7,4,12
08:18:08,Mostly Cloudy,7,4,12
08:20:09,Mostly Cloudy,7,4,12
08:22:09,Mostly Cloudy,7,4,12
08:24:09,Mostly Cloudy,7,4,12
08:26:09,Mostly Cloudy,7,4,12
08:28:08,Mostly Cloudy,7,4,12
08:30:09,Mostly Cloudy,7,4,12
08:32:09,Mostly Cloudy,7,4,12
08:34:09,Mostly Cloudy,7,4,12
08:36:08,Mostly Cloudy,7,4,12
08:38:09,Mostly Cloudy,7,4,12
08:40:09,Mostly Cloudy,7,4,12
08:42:08,Mostly Cloudy,7,5,16
08:44:09,Mostly Cloudy,7,5,16
08:46:09,Mostly Cloudy,7,5,16
08:48:09,Mostly Cloudy,7,5,16
08:50:08,Mostly Cloudy,7,5,16
08:52:09,Mostly Cloudy,7,5,16
08:54:09,Mostly Cloudy,7,5,16
08:56:08,Mostly Cloudy,7,5,16
08:58:08,Mostly Cloudy,7,5,16
09:00:09,Mostly Cloudy,7,5,16
09:02:09,Mostly Cloudy,7,5,16
09:04:08,Mostly Cloudy,7,5,16
09:06:09,Mostly Cloudy,7,5,16
09:08:09,Mostly Cloudy,7,5,16
09:10:09,Mostly Cloudy,7,5,16
09:12:08,Mostly Cloudy,8,6,14
09:14:08,Mostly Cloudy,8,6,14
09:16:09,Mostly Cloudy,8,6,14
09:18:09,Mostly Cloudy,8,6,14
09:20:08,Mostly Cloudy,8,6,14
09:22:08,Mostly Cloudy,8,6,14
09:24:09,Mostly Cloudy,8,6,14
09:26:09,Mostly Cloudy,8,6,14
09:28:09,Mostly Cloudy,8,6,14
09:30:08,Mostly Cloudy,8,6,14
09:32:09,Mostly Cloudy,8,6,14
09:34:09,Mostly Cloudy,8,6,14
09:36:08,Mostly Cloudy,8,6,14
09:38:09,Mostly Cloudy,8,6,14
09:40:09,Mostly Cloudy,8,6,14
09:42:09,Mostly Cloudy,8,6,14
09:44:08,Mostly Cloudy,8,6,14
09:46:09,Mostly Cloudy,8,6,14
09:48:09,Mostly Cloudy,8,6,22
09:50:08,Mostly Cloudy,8,6,22
09:52:08,Mostly Cloudy,8,6,22
09:54:09,Mostly Cloudy,8,6,22
09:56:09,Mostly Cloudy,8,6,22
09:58:09,Mostly Cloudy,8,6,22
10:00:08,Mostly Cloudy,8,6,22
10:02:09,Mostly Cloudy,8,6,22
10:04:09,Mostly Cloudy,8,6,22
10:06:09,Mostly Cloudy,8,6,22
10:08:08,Mostly Cloudy,8,6,22
10:10:09,Mostly Cloudy,8,6,22
10:12:09,Mostly Cloudy,8,6,16
10:14:09,Mostly Cloudy,8,6,16
10:16:08,Mostly Cloudy,8,6,16
10:18:09,Mostly Cloudy,8,6,16
10:20:08,Mostly Cloudy,8,6,16
10:22:08,Mostly Cloudy,8,6,16
10:24:09,Mostly Cloudy,8,6,16
10:26:09,Mostly Cloudy,8,6,16
10:28:08,Mostly Cloudy,8,6,16
10:30:09,Mostly Cloudy,8,6,16
10:32:08,Mostly Cloudy,8,6,16
10:34:09,Mostly Cloudy,8,6,16
10:36:09,Mostly Cloudy,8,6,16
10:38:09,Mostly Cloudy,8,6,16
10:40:09,Mostly Cloudy,8,6,16
10:42:09,Mostly Cloudy,10,10,19
10:44:08,Mostly Cloudy,10,10,19
10:46:08,Mostly Cloudy,10,10,19
10:48:09,Mostly Cloudy,10,10,19
10:50:09,Mostly Cloudy,10,10,19
10:52:09,Mostly Cloudy,10,10,19
10:54:08,Mostly Cloudy,10,10,19
10:56:09,Mostly Cloudy,10,10,19
10:58:09,Mostly Cloudy,10,10,19
11:00:09,Mostly Cloudy,10,10,19
11:02:08,Mostly Cloudy,10,10,19
11:04:09,Mostly Cloudy,10,10,19
11:06:09,Mostly Cloudy,10,10,19
11:08:08,Mostly Cloudy,10,10,19
11:10:09,Mostly Cloudy,10,10,19
11:12:09,Partly Cloudy,10,10,19
11:14:09,Partly Cloudy,10,10,19
11:16:08,Partly Cloudy,10,10,19
11:18:08,Partly Cloudy,10,10,19
11:20:09,Partly Cloudy,10,10,19
11:22:09,Partly Cloudy,10,10,19
11:24:08,Partly Cloudy,10,10,19
11:26:09,Partly Cloudy,10,10,19
11:28:09,Partly Cloudy,10,10,19
11:30:09,Partly Cloudy,10,10,19
11:32:08,Partly Cloudy,10,10,19
11:34:09,Partly Cloudy,10,10,19
11:36:09,Partly Cloudy,10,10,19
11:38:09,Partly Cloudy,10,10,19
11:40:09,Partly Cloudy,10,10,19
11:42:09,Mostly Cloudy,8,6,16
11:44:08,Mostly Cloudy,8,6,16
11:46:09,Mostly Cloudy,8,6,16
11:48:09,Mostly Cloudy,8,6,16
11:50:08,Mostly Cloudy,8,6,16
11:52:09,Mostly Cloudy,8,6,16
11:54:09,Mostly Cloudy,8,6,16
11:56:09,Mostly Cloudy,8,6,16
11:58:08,Mostly Cloudy,8,6,16
12:00:09,Mostly Cloudy,8,6,16
12:02:09,Mostly Cloudy,8,6,16
12:04:08,Mostly Cloudy,8,6,16
12:06:08,Mostly Cloudy,8,6,16
12:08:09,Mostly Cloudy,8,6,16
12:10:09,Mostly Cloudy,8,6,16
12:12:09,Mostly Cloudy,8,6,16
12:14:08,Mostly Cloudy,8,6,16
12:16:09,Mostly Cloudy,8,6,16
12:18:09,Mostly Cloudy,10,10,19
12:20:08,Mostly Cloudy,10,10,19
12:22:09,Mostly Cloudy,10,10,19
12:24:09,Mostly Cloudy,10,10,19
12:26:08,Mostly Cloudy,10,10,19
12:28:09,Mostly Cloudy,10,10,19
12:30:09,Mostly Cloudy,10,10,19
12:32:08,Mostly Cloudy,10,10,19
12:34:09,Mostly Cloudy,10,10,19
12:36:09,Mostly Cloudy,10,10,19
12:38:08,Mostly Cloudy,10,10,19
12:40:09,Mostly Cloudy,10,10,19
12:42:09,Mostly Cloudy,10,10,22
12:44:08,Mostly Cloudy,10,10,22
12:46:09,Mostly Cloudy,10,10,22
12:48:09,Mostly Cloudy,10,10,22
12:50:09,Mostly Cloudy,10,10,22
12:52:09,Mostly Cloudy,10,10,22
12:54:09,Mostly Cloudy,10,10,22
12:56:09,Mostly Cloudy,10,10,22
12:58:08,Mostly Cloudy,10,10,22
13:00:09,Mostly Cloudy,10,10,22
13:02:09,Mostly Cloudy,10,10,22
13:04:08,Mostly Cloudy,10,10,22
13:06:08,Mostly Cloudy,10,10,22
13:08:09,Mostly Cloudy,10,10,22
13:10:09,Mostly Cloudy,10,10,22
13:12:09,Mostly Cloudy,10,10,24
13:14:08,Mostly Cloudy,10,10,24
13:16:09,Mostly Cloudy,10,10,24
13:18:09,Mostly Cloudy,10,10,24
13:20:09,Mostly Cloudy,10,10,24
13:22:09,Mostly Cloudy,10,10,24
13:24:09,Mostly Cloudy,10,10,24
13:26:08,Mostly Cloudy,10,10,24
13:28:09,Mostly Cloudy,10,10,24
13:30:09,Mostly Cloudy,10,10,24
13:32:08,Mostly Cloudy,10,10,24
13:34:09,Mostly Cloudy,10,10,24
13:36:09,Mostly Cloudy,10,10,24
13:38:09,Mostly Cloudy,10,10,24
13:40:09,Mostly Cloudy,10,10,24
13:42:09,Mostly Cloudy,10,10,22
13:44:08,Mostly Cloudy,10,10,22
13:46:08,Mostly Cloudy,10,10,22
13:48:09,Mostly Cloudy,10,10,22
13:50:09,Mostly Cloudy,10,10,22
13:52:08,Mostly Cloudy,10,10,22
13:54:09,Mostly Cloudy,10,10,22
13:56:09,Mostly Cloudy,10,10,22
13:58:08,Mostly Cloudy,10,10,22
14:00:09,Mostly Cloudy,10,10,22
14:02:09,Mostly Cloudy,10,10,22
14:04:08,Mostly Cloudy,10,10,22
14:06:08,Mostly Cloudy,10,10,22
14:08:09,Mostly Cloudy,10,10,22
14:10:09,Mostly Cloudy,10,10,22
14:12:08,Mostly Cloudy,10,10,25
14:14:09,Mostly Cloudy,10,10,25
14:16:09,Mostly Cloudy,10,10,25
14:18:08,Mostly Cloudy,10,10,25
14:20:08,Mostly Cloudy,10,10,25
14:22:09,Mostly Cloudy,10,10,25
14:24:09,Mostly Cloudy,10,10,25
14:26:08,Mostly Cloudy,10,10,25
14:28:09,Mostly Cloudy,10,10,25
14:30:09,Mostly Cloudy,10,10,25
14:32:08,Mostly Cloudy,10,10,25
14:34:08,Mostly Cloudy,10,10,25
14:36:09,Mostly Cloudy,10,10,25
14:38:09,Mostly Cloudy,10,10,25
14:40:09,Mostly Cloudy,10,10,25
14:42:09,Mostly Cloudy,10,10,25
14:44:09,Mostly Cloudy,10,10,25
14:46:09,Mostly Cloudy,10,10,25
14:48:09,Mostly Cloudy,10,10,20
14:50:09,Mostly Cloudy,10,10,20
14:52:09,Mostly Cloudy,10,10,20
14:54:08,Mostly Cloudy,10,10,20
14:56:09,Mostly Cloudy,10,10,20
14:58:09,Mostly Cloudy,10,10,20
15:00:08,Mostly Cloudy,10,10,20
15:02:09,Mostly Cloudy,10,10,20
15:04:09,Mostly Cloudy,10,10,20
15:06:08,Mostly Cloudy,10,10,20
15:08:09,Mostly Cloudy,10,10,20
15:10:09,Mostly Cloudy,10,10,20
15:12:09,Mostly Cloudy,10,10,16
15:14:08,Mostly Cloudy,10,10,16
15:16:08,Mostly Cloudy,10,10,16
15:18:09,Mostly Cloudy,10,10,16
15:20:09,Mostly Cloudy,10,10,16
15:22:08,Mostly Cloudy,10,10,16
15:24:08,Mostly Cloudy,10,10,16
15:26:09,Mostly Cloudy,10,10,16
15:28:09,Mostly Cloudy,10,10,16
15:30:09,Mostly Cloudy,10,10,16
15:32:09,Mostly Cloudy,10,10,16
15:34:09,Mostly Cloudy,10,10,16
15:36:09,Mostly Cloudy,10,10,16
15:38:09,Mostly Cloudy,10,10,16
15:40:09,Mostly Cloudy,10,10,16
15:42:09,Mostly Cloudy,10,10,16
15:44:09,Mostly Cloudy,10,10,16
15:46:08,Mostly Cloudy,10,10,20
15:48:09,Mostly Cloudy,10,10,20
15:50:09,Mostly Cloudy,10,10,20
15:52:09,Mostly Cloudy,10,10,20
15:54:08,Mostly Cloudy,10,10,20
15:56:09,Mostly Cloudy,10,10,20
15:58:09,Mostly Cloudy,10,10,20
16:00:09,Mostly Cloudy,10,10,20
16:02:09,Mostly Cloudy,10,10,20
16:04:09,Mostly Cloudy,10,10,20
16:06:08,Mostly Cloudy,10,10,20
16:08:08,Mostly Cloudy,10,10,20
16:10:08,Mostly Cloudy,10,10,20
16:12:09,Mostly Cloudy,10,10,20
16:14:09,Mostly Cloudy,10,10,20
16:16:09,Mostly Cloudy,10,10,16
16:18:09,Mostly Cloudy,10,10,16
16:20:09,Mostly Cloudy,10,10,16
16:22:08,Mostly Cloudy,10,10,16
16:24:08,Mostly Cloudy,10,10,16
16:26:09,Mostly Cloudy,10,10,16
16:28:09,Mostly Cloudy,10,10,16
16:30:08,Mostly Cloudy,10,10,16
16:32:08,Mostly Cloudy,10,10,16
16:34:09,Mostly Cloudy,10,10,16
16:36:09,Mostly Cloudy,10,10,16
16:38:08,Mostly Cloudy,10,10,16
16:40:08,Mostly Cloudy,10,10,16
16:42:09,Mostly Cloudy,10,10,16
16:44:08,Mostly Cloudy,10,10,16
16:46:09,Mostly Cloudy,10,10,16
16:48:09,Mostly Cloudy,10,10,16
16:50:09,Mostly Cloudy,10,10,16
16:52:08,Mostly Cloudy,10,10,16
16:54:09,Mostly Cloudy,10,10,16
16:56:09,Mostly Cloudy,10,10,16
16:58:09,Mostly Cloudy,10,10,16
17:00:09,Mostly Cloudy,10,10,16
17:02:09,Mostly Cloudy,10,10,16
17:04:08,Mostly Cloudy,10,10,16
17:06:09,Mostly Cloudy,10,10,16
17:08:09,Mostly Cloudy,10,10,16
17:10:09,Mostly Cloudy,10,10,16
17:12:08,Mostly Cloudy,10,10,16
17:14:08,Mostly Cloudy,10,10,16
17:16:09,Mostly Cloudy,10,10,16
17:18:08,Mostly Cloudy,10,10,16
17:20:08,Mostly Cloudy,10,10,16
17:22:09,Mostly Cloudy,10,10,16
17:24:08,Mostly Cloudy,10,10,16
17:26:09,Mostly Cloudy,10,10,16
17:28:09,Mostly Cloudy,10,10,16
17:30:08,Mostly Cloudy,10,10,16
17:32:08,Mostly Cloudy,10,10,16
17:34:09,Mostly Cloudy,10,10,16
17:36:08,Mostly Cloudy,10,10,16
17:38:09,Mostly Cloudy,10,10,16
17:40:09,Mostly Cloudy,10,10,16
17:42:09,Mostly Cloudy,10,10,16
17:44:09,Mostly Cloudy,10,10,16
17:46:08,Mostly Cloudy,10,10,16
17:48:09,Mostly Cloudy,10,10,16
17:50:09,Mostly Cloudy,10,10,16
17:52:08,Mostly Cloudy,10,10,16
17:54:09,Mostly Cloudy,10,10,16
17:56:09,Mostly Cloudy,10,10,16
17:58:09,Mostly Cloudy,10,10,16
18:00:08,Mostly Cloudy,10,10,16
18:02:09,Mostly Cloudy,10,10,16
18:04:09,Mostly Cloudy,10,10,16
18:06:09,Mostly Cloudy,10,10,16
18:08:08,Mostly Cloudy,10,10,16
18:10:09,Mostly Cloudy,10,10,12
18:12:09,Mostly Cloudy,10,10,12
18:14:09,Mostly Cloudy,10,10,12
18:16:08,Mostly Cloudy,10,10,12
18:18:09,Mostly Cloudy,10,10,12
18:20:09,Mostly Cloudy,10,10,12
18:22:08,Mostly Cloudy,10,10,12
18:24:09,Mostly Cloudy,10,10,12
18:26:09,Mostly Cloudy,10,10,12
18:28:08,Mostly Cloudy,10,10,12
18:30:09,Mostly Cloudy,10,10,12
18:32:09,Mostly Cloudy,10,10,12
18:34:08,Mostly Cloudy,10,10,12
18:36:08,Mostly Cloudy,10,10,12
18:38:08,Mostly Cloudy,10,10,12
18:40:09,Mostly Cloudy,10,10,12
18:42:09,Mostly Cloudy,10,10,12
18:44:08,Mostly Cloudy,10,10,12
18:46:09,Mostly Cloudy,10,10,12
18:48:09,Mostly Cloudy,10,10,12
18:50:08,Mostly Cloudy,10,10,12
18:52:09,Mostly Cloudy,10,10,12
18:54:09,Mostly Cloudy,10,10,12
18:56:09,Mostly Cloudy,10,10,12
18:58:08,Mostly Cloudy,10,10,12
19:00:09,Mostly Cloudy,10,10,12
19:02:09,Mostly Cloudy,10,10,12
19:04:08,Mostly Cloudy,10,10,12
19:06:08,Mostly Cloudy,10,10,12
19:08:09,Mostly Cloudy,10,10,12
19:10:09,Mostly Cloudy,10,10,12
19:12:08,Mostly Cloudy,10,10,12
19:14:09,Mostly Cloudy,10,10,12
19:16:09,Mostly Cloudy,10,10,12
19:18:09,Mostly Cloudy,10,10,14
19:20:09,Mostly Cloudy,10,10,14
19:22:09,Mostly Cloudy,10,10,14
19:24:09,Mostly Cloudy,10,10,14
19:26:08,Mostly Cloudy,10,10,14
19:28:09,Mostly Cloudy,10,10,14
19:30:09,Mostly Cloudy,10,10,14
19:32:09,Mostly Cloudy,10,10,14
19:34:08,Mostly Cloudy,10,10,14
19:36:09,Mostly Cloudy,10,10,14
19:38:09,Mostly Cloudy,10,10,14
19:40:08,Mostly Cloudy,10,10,14
19:42:09,Mostly Cloudy,10,10,14
19:44:09,Mostly Cloudy,10,10,14
19:46:08,Mostly Cloudy,10,10,14
19:48:08,Mostly Cloudy,10,10,14
19:50:09,Mostly Cloudy,10,10,14
19:52:09,Mostly Cloudy,10,10,14
19:54:09,Mostly Cloudy,10,10,14
19:56:09,Mostly Cloudy,10,10,14
19:58:08,Mostly Cloudy,10,10,14
20:00:08,Mostly Cloudy,10,10,14
20:02:09,Mostly Cloudy,10,10,14
20:04:09,Mostly Cloudy,10,10,14
20:06:08,Mostly Cloudy,10,10,14
20:08:09,Mostly Cloudy,10,10,14
20:10:08,Mostly Cloudy,10,10,14
20:12:08,Mostly Cloudy,8,7,11
20:14:09,Mostly Cloudy,8,7,11
20:16:09,Mostly Cloudy,8,7,11
20:18:08,Mostly Cloudy,8,7,11
20:20:09,Mostly Cloudy,8,7,11
20:22:09,Mostly Cloudy,8,7,11
20:24:08,Mostly Cloudy,8,7,11
20:26:08,Mostly Cloudy,8,7,11
20:28:09,Mostly Cloudy,8,7,11
20:30:09,Mostly Cloudy,8,7,11
20:32:08,Mostly Cloudy,8,7,11
20:34:09,Mostly Cloudy,8,7,11
20:36:09,Mostly Cloudy,8,7,11
20:38:08,Mostly Cloudy,8,7,11
20:40:08,Mostly Cloudy,8,7,11
20:42:09,Mostly Cloudy,8,7,11
20:44:08,Mostly Cloudy,8,7,11
20:46:09,Mostly Cloudy,8,7,11
20:48:09,Mostly Cloudy,8,7,11
20:50:09,Mostly Cloudy,8,7,11
20:52:08,Mostly Cloudy,8,7,11
20:54:09,Mostly Cloudy,8,7,11
20:56:09,Mostly Cloudy,8,7,11
20:58:08,Mostly Cloudy,8,7,11
21:00:09,Mostly Cloudy,8,7,11
21:02:09,Mostly Cloudy,8,7,11
21:04:08,Mostly Cloudy,8,7,11
21:06:09,Mostly Cloudy,8,7,11
21:08:09,Mostly Cloudy,8,7,11
21:10:09,Mostly Cloudy,8,7,11
21:12:08,Mostly Cloudy,8,7,12
21:14:09,Mostly Cloudy,8,7,12
21:16:09,Mostly Cloudy,8,7,12
21:18:08,Mostly Cloudy,8,7,12
21:20:09,Mostly Cloudy,8,7,12
21:22:08,Mostly Cloudy,8,7,12
21:24:08,Mostly Cloudy,8,7,12
21:26:09,Mostly Cloudy,8,7,12
21:28:09,Mostly Cloudy,8,7,12
21:30:08,Mostly Cloudy,8,7,12
21:32:08,Mostly Cloudy,8,7,12
21:34:09,Mostly Cloudy,8,7,12
21:36:09,Mostly Cloudy,8,7,12
21:38:08,Mostly Cloudy,8,7,12
21:40:09,Mostly Cloudy,8,7,12
21:42:09,Mostly Cloudy,8,7,12
21:44:08,Mostly Cloudy,8,7,12
21:46:08,Mostly Cloudy,8,7,12
21:48:09,Mostly Cloudy,8,7,12
21:50:09,Mostly Cloudy,8,7,12
21:52:08,Mostly Cloudy,8,7,12
21:54:08,Mostly Cloudy,8,7,12
21:56:09,Mostly Cloudy,8,7,12
21:58:09,Mostly Cloudy,8,7,12
22:00:08,Mostly Cloudy,8,7,12
22:02:09,Mostly Cloudy,8,7,12
22:04:09,Mostly Cloudy,8,7,12
22:06:08,Mostly Cloudy,8,7,12
22:08:09,Mostly Cloudy,8,7,12
22:10:09,Mostly Cloudy,8,7,12
22:12:09,Mostly Cloudy,8,7,12
22:14:09,Mostly Cloudy,8,7,12
22:16:09,Mostly Cloudy,8,7,12
22:18:09,Mostly Cloudy,8,6,16
22:20:08,Mostly Cloudy,8,6,16
22:22:09,Mostly Cloudy,8,6,16
22:24:09,Mostly Cloudy,8,6,16
22:26:08,Mostly Cloudy,8,6,16
22:28:09,Mostly Cloudy,8,6,16
22:30:09,Mostly Cloudy,8,6,16
22:32:08,Mostly Cloudy,8,6,16
22:34:09,Mostly Cloudy,8,6,16
22:36:09,Mostly Cloudy,8,6,16
22:38:09,Mostly Cloudy,8,6,16
22:40:08,Mostly Cloudy,8,6,16
22:42:09,Mostly Cloudy,8,6,16
22:44:09,Mostly Cloudy,8,6,16
22:46:08,Mostly Cloudy,8,6,16
22:48:08,Mostly Cloudy,8,6,16
22:50:09,Mostly Cloudy,8,6,16
22:52:09,Mostly Cloudy,8,6,16
22:54:08,Mostly Cloudy,8,6,16
22:56:09,Mostly Cloudy,8,6,16
22:58:09,Mostly Cloudy,8,6,16
23:00:09,Mostly Cloudy,8,6,16
23:02:09,Mostly Cloudy,8,6,16
23:04:09,Mostly Cloudy,8,6,16
23:06:08,Mostly Cloudy,8,6,16
23:08:09,Mostly Cloudy,8,6,16
23:10:09,Mostly Cloudy,8,6,16
23:12:09,Mostly Cloudy,8,6,14
23:14:09,Mostly Cloudy,8,6,14
23:16:08,Mostly Cloudy,8,6,14
23:18:09,Mostly Cloudy,8,6,14
23:20:08,Mostly Cloudy,8,6,14
23:22:08,Mostly Cloudy,8,6,14
23:24:09,Mostly Cloudy,8,6,14
23:26:09,Mostly Cloudy,8,6,14
23:28:08,Mostly Cloudy,8,6,14
23:30:08,Mostly Cloudy,8,6,14
23:32:09,Mostly Cloudy,8,6,14
23:34:09,Mostly Cloudy,8,6,14
23:36:09,Mostly Cloudy,8,6,14
23:38:09,Mostly Cloudy,8,6,14
23:40:09,Mostly Cloudy,8,6,14
23:42:09,Mostly Cloudy,8,6,14
23:44:08,Mostly Cloudy,8,6,14
23:46:08,Mostly Cloudy,8,6,14
23:48:09,Mostly Cloudy,8,6,14
23:50:09,Mostly Cloudy,8,6,14
23:52:08,Mostly Cloudy,8,6,14
23:54:08,Mostly Cloudy,8,6,14
23:56:08,Mostly Cloudy,8,6,14
23:58:09,Mostly Cloudy,8,6,14
