Time,Weather,Temperature,Feels_Like,Wind_Speed
00:00:09,Mostly Cloudy,7,3,28
00:02:09,Mostly Cloudy,7,3,28
00:04:08,Mostly Cloudy,7,3,28
00:06:09,Mostly Cloudy,7,3,28
00:08:09,Mostly Cloudy,7,3,28
00:10:08,Mostly Cloudy,7,3,28
00:12:09,Mostly Cloudy,7,3,28
00:14:09,Mostly Cloudy / Windy,7,3,33
00:16:08,Mostly Cloudy / Windy,7,3,33
00:18:09,Mostly Cloudy / Windy,7,3,33
00:20:09,Mostly Cloudy / Windy,7,3,33
00:22:08,Mostly Cloudy / Windy,7,3,33
00:24:08,Mostly Cloudy / Windy,7,3,33
00:26:09,Mostly Cloudy / Windy,7,3,33
00:28:09,Mostly Cloudy / Windy,7,3,33
00:30:09,Mostly Cloudy / Windy,7,3,33
00:32:08,Mostly Cloudy / Windy,7,3,33
00:34:08,Mostly Cloudy / Windy,7,3,33
00:36:09,Mostly Cloudy / Windy,7,3,33
00:38:09,Mostly Cloudy / Windy,7,3,33
00:40:09,Mostly Cloudy / Windy,7,3,33
00:42:09,Mostly Cloudy / Windy,7,3,33
00:44:08,Mostly Cloudy / Windy,7,3,33
00:46:08,Mostly Cloudy / Windy,7,3,33
00:48:09,Mostly Cloudy / Windy,7,3,33
00:50:09,Mostly Cloudy / Windy,7,3,33
00:52:08,Mostly Cloudy / Windy,7,3,33
00:54:08,Mostly Cloudy / Windy,7,3,33
00:56:08,Mostly Cloudy / Windy,7,3,33
00:58:09,Mostly Cloudy / Windy,7,3,33
01:00:17,Mostly Cloudy / Windy,7,3,33
01:02:09,Mostly Cloudy / Windy,7,3,33
01:04:09,Mostly Cloudy / Windy,7,3,33
01:06:09,Mostly Cloudy / Windy,7,3,33
01:08:08,Mostly Cloudy / Windy,7,3,33
01:10:09,Mostly Cloudy / Windy,7,3,33
01:12:09,Mostly Cloudy / Windy,7,3,33
01:14:08,Mostly Cloudy / Windy,7,3,33
01:16:09,Mostly Cloudy / Windy,7,3,33
01:18:09,Mostly Cloudy / Windy,7,3,33
01:20:09,Mostly Cloudy,7,3,28
01:22:08,Mostly Cloudy,7,3,28
01:24:09,Mostly Cloudy,7,3,28
01:26:09,Mostly Cloudy,7,3,28
01:28:09,Mostly Cloudy,7,3,28
01:30:08,Mostly Cloudy,7,3,28
01:32:09,Mostly Cloudy,7,3,28
01:34:09,Mostly Cloudy,7,3,28
01:36:09,Mostly Cloudy,7,3,28
01:38:08,Mostly Cloudy,7,3,28
01:40:08,Mostly Cloudy,7,3,28
01:42:09,Mostly Cloudy,7,3,28
01:44:08,Mostly Cloudy,7,3,28
01:46:09,Mostly Cloudy,7,3,28
01:48:09,Mostly Cloudy,7,3,28
01:50:09,Mostly Cloudy,7,3,28
01:52:08,Mostly Cloudy,7,3,28
01:54:08,Mostly Cloudy,7,3,28
01:56:09,Mostly Cloudy,7,3,28
01:58:09,Mostly Cloudy,7,3,28
02:00:09,Mostly Cloudy,7,3,28
02:02:08,Mostly Cloudy,7,3,28
02:04:08,Mostly Cloudy,7,3,28
02:06:09,Mostly Cloudy,7,3,28
02:08:09,Mostly Cloudy,7,3,28
02:10:09,Mostly Cloudy,7,3,28
02:12:08,Mostly Cloudy,7,3,28
02:14:09,Mostly Cloudy,7,3,28
02:16:09,Mostly Cloudy,7,3,28
02:18:09,Mostly Cloudy,7,3,27
02:20:09,Mostly Cloudy,7,3,27
02:22:08,Mostly Cloudy,7,3,27
02:24:08,Mostly Cloudy,7,3,27
02:26:09,Mostly Cloudy,7,3,27
02:28:09,Mostly Cloudy,7,3,27
02:30:08,Mostly Cloudy,7,3,27
02:32:08,Mostly Cloudy,7,3,27
02:34:09,Mostly Cloudy,7,3,27
02:36:09,Mostly Cloudy,7,3,27
02:38:08,Mostly Cloudy,7,3,27
02:40:08,Mostly Cloudy,7,3,27
02:42:09,Mostly Cloudy,7,3,27
02:44:09,Mostly Cloudy,7,3,27
02:46:08,Mostly Cloudy,7,3,27
02:48:08,Mostly Cloudy,7,3,27
02:50:09,Mostly Cloudy,7,3,27
02:52:09,Mostly Cloudy,7,3,27
02:54:09,Mostly Cloudy,7,3,27
02:56:09,Mostly Cloudy,7,3,27
02:58:08,Mostly Cloudy,7,3,27
03:00:09,Mostly Cloudy,7,3,27
03:02:09,Mostly Cloudy,7,3,27
03:04:09,Mostly Cloudy,7,3,27
03:06:08,Mostly Cloudy,7,3,27
03:08:09,Mostly Cloudy,7,3,27
03:10:09,Mostly Cloudy,7,3,27
03:12:09,Mostly Cloudy,8,5,28
03:14:09,Mostly Cloudy,8,5,28
03:16:08,Mostly Cloudy,8,5,28
03:18:09,Mostly Cloudy,8,5,28
03:20:09,Mostly Cloudy,8,5,28
03:22:09,Mostly Cloudy,8,5,28
03:24:08,Mostly Cloudy,8,5,28
03:26:09,Mostly Cloudy,8,5,28
03:28:09,Mostly Cloudy,8,5,28
03:30:09,Mostly Cloudy,8,5,28
03:32:08,Mostly Cloudy,8,5,28
03:34:09,Mostly Cloudy,8,5,28
03:36:08,Mostly Cloudy,8,5,28
03:38:09,Mostly Cloudy,8,5,28
03:40:09,Mostly Cloudy,8,5,28
03:42:08,Mostly Cloudy,8,5,28
03:44:09,Mostly Cloudy,8,5,28
03:46:09,Mostly Cloudy,8,5,28
03:48:08,Mostly Cloudy,8,5,28
03:50:08,Mostly Cloudy,8,5,28
03:52:09,Mostly Cloudy,8,5,28
03:54:09,Mostly Cloudy,8,5,28
03:56:09,Mostly Cloudy,8,5,28
03:58:09,Mostly Cloudy,8,5,28
04:00:09,Mostly Cloudy,8,5,28
04:02:09,Mostly Cloudy,8,5,28
04:04:08,Mostly Cloudy,8,5,28
04:06:08,Mostly Cloudy,8,5,28
04:08:09,Mostly Cloudy,8,5,28
04:10:09,Mostly Cloudy,8,5,28
04:12:08,Mostly Cloudy,7,4,25
04:14:09,Mostly Cloudy,7,4,25
04:16:09,Mostly Cloudy,7,4,25
04:18:08,Mostly Cloudy,7,4,25
04:20:09,Mostly Cloudy,7,4,25
04:22:09,Mostly Cloudy,7,4,25
04:24:09,Mostly Cloudy,7,4,25
04:26:08,Mostly Cloudy,7,4,25
04:28:09,Mostly Cloudy,7,4,25
04:30:09,Mostly Cloudy,7,4,25
04:32:08,Mostly Cloudy,7,4,25
04:34:08,Mostly Cloudy,7,4,25
04:36:08,Mostly Cloudy,7,4,25
04:38:09,Mostly Cloudy,7,4,25
04:40:09,Mostly Cloudy,7,4,25
04:42:08,Mostly Cloudy,7,4,25
04:44:09,Mostly Cloudy,7,4,25
04:46:09,Mostly Cloudy,7,4,25
04:48:09,Mostly Cloudy,7,4,25
04:50:08,Mostly Cloudy,7,4,25
04:52:09,Mostly Cloudy,7,4,25
04:54:08,Mostly Cloudy,7,4,25
04:56:09,Mostly Cloudy,7,4,25
04:58:09,Mostly Cloudy,7,4,25
05:00:09,Mostly Cloudy,7,4,25
05:02:08,Mostly Cloudy,7,4,25
05:04:09,Mostly Cloudy,7,4,25
05:06:09,Mostly Cloudy,7,4,25
05:08:09,Mostly Cloudy,7,4,25
05:10:08,Mostly Cloudy,7,4,25
05:12:09,Mostly Cloudy,7,3,27
05:14:09,Mostly Cloudy,7,3,27
05:16:09,Mostly Cloudy,7,3,27
05:18:08,Mostly Cloudy,7,3,27
05:20:09,Mostly Cloudy,7,3,27
05:22:09,Mostly Cloudy,7,3,27
05:24:09,Mostly Cloudy,7,3,27
05:26:08,Mostly Cloudy,7,3,27
05:28:09,Mostly Cloudy,7,3,27
05:30:09,Mostly Cloudy,7,3,27
05:32:09,Mostly Cloudy,7,3,27
05:34:08,Mostly Cloudy,7,3,27
05:36:09,Mostly Cloudy,7,3,27
05:38:09,Mostly Cloudy,7,3,27
05:40:09,Mostly Cloudy,7,3,27
05:42:08,Mostly Cloudy,7,3,27
05:44:09,Mostly Cloudy,7,3,27
05:46:09,Mostly Cloudy,7,3,27
05:48:08,Mostly Cloudy,7,3,27
05:50:08,Mostly Cloudy,7,3,27
05:52:09,Mostly Cloudy,7,3,27
05:54:09,Mostly Cloudy,7,3,27
05:56:09,Mostly Cloudy,7,3,27
05:58:09,Mostly Cloudy,7,3,27
06:00:09,Mostly Cloudy,7,3,27
06:02:08,Mostly Cloudy,7,3,27
06:04:09,Mostly Cloudy,7,3,27
06:06:09,Mostly Cloudy,7,3,27
06:08:08,Mostly Cloudy,7,3,27
06:10:09,Mostly Cloudy,7,3,27
06:12:09,Light Rain Shower,7,4,25
06:14:08,Light Rain Shower,7,4,25
06:16:08,Light Rain Shower,7,4,25
06:18:09,Light Rain Shower,7,4,25
06:20:09,Light Rain Shower,7,4,25
06:22:08,Light Rain Shower,7,4,25
06:24:09,Light Rain Shower,7,4,25
06:26:09,Light Rain Shower,7,4,25
06:28:09,Light Rain Shower,7,4,25
06:30:09,Light Rain Shower,7,4,25
06:32:08,Light Rain Shower,7,4,25
06:34:09,Light Rain Shower,7,4,25
06:36:09,Light Rain Shower,7,4,25
06:38:09,Light Rain Shower,7,4,25
06:40:08,Light Rain Shower,7,4,25
06:42:09,Light Rain Shower,7,4,25
06:44:08,Light Rain Shower,7,4,25
06:46:08,Light Rain Shower,7,4,25
06:48:08,Light Rain Shower,7,4,25
06:50:09,Light Rain Shower,7,4,25
06:52:09,Light Rain Shower,7,4,25
06:54:09,Light Rain Shower,7,4,25
06:56:08,Light Rain Shower,7,4,25
06:58:08,Light Rain Shower,7,4,25
07:00:09,Light Rain Shower,7,4,25
07:02:09,Light Rain Shower,7,4,25
07:04:09,Light Rain Shower,7,4,25
07:06:09,Light Rain Shower,7,4,25
07:08:08,Light Rain Shower,7,4,25
07:10:08,Light Rain Shower,7,4,25
07:12:09,Mostly Cloudy,7,3,27
07:14:09,Mostly Cloudy,7,3,27
07:16:09,Mostly Cloudy,7,3,27
07:18:08,Mostly Cloudy,7,3,27
07:20:09,Mostly Cloudy,7,3,27
07:22:09,Mostly Cloudy,7,3,27
07:24:09,Mostly Cloudy,7,3,27
07:26:08,Mostly Cloudy,7,3,27
07:28:09,Mostly Cloudy,7,3,27
07:30:09,Mostly Cloudy,7,3,27
07:32:08,Mostly Cloudy,7,3,27
07:34:08,Mostly Cloudy,7,3,27
07:36:09,Mostly Cloudy,7,3,27
07:38:09,Mostly Cloudy,7,3,27
07:40:09,Mostly Cloudy,7,3,27
07:42:08,Mostly Cloudy,8,5,27
07:44:09,Mostly Cloudy,8,5,27
07:46:09,Mostly Cloudy,8,5,27
07:48:09,Mostly Cloudy,8,5,27
07:50:08,Mostly Cloudy,8,5,27
07:52:09,Mostly Cloudy,8,5,27
07:54:09,Mostly Cloudy,8,5,27
07:56:08,Mostly Cloudy,8,5,27
07:58:08,Mostly Cloudy,8,5,27
08:00:09,Mostly Cloudy,8,5,27
08:02:08,Mostly Cloudy,8,5,27
08:04:08,Mostly Cloudy,8,5,27
08:06:09,Mostly Cloudy,8,5,27
08:08:09,Mostly Cloudy,8,5,27
08:10:08,Mostly Cloudy,8,5,27
08:12:09,Mostly Cloudy,8,5,32
08:14:08,Mostly Cloudy,8,5,32
08:16:09,Mostly Cloudy,8,5,32
08:18:09,Mostly Cloudy,8,5,32
08:20:09,Mostly Cloudy,8,5,32
08:22:09,Mostly Cloudy,8,5,32
08:24:08,Mostly Cloudy,8,5,32
08:26:09,Mostly Cloudy,8,5,32
08:28:09,Mostly Cloudy,8,5,32
08:30:08,Mostly Cloudy,8,5,32
08:32:08,Mostly Cloudy,8,5,32
08:34:09,Mostly Cloudy,8,5,32
08:36:09,Mostly Cloudy,8,5,32
08:38:08,Mostly Cloudy,8,5,32
08:40:08,Mostly Cloudy,8,5,32
08:42:09,Mostly Cloudy,8,5,32
08:44:09,Mostly Cloudy,8,5,32
08:46:08,Mostly Cloudy,8,5,32
08:48:09,Mostly Cloudy,8,5,32
08:50:08,Mostly Cloudy,8,5,32
08:52:08,Mostly Cloudy,8,5,32
08:54:08,Mostly Cloudy,8,5,32
08:56:09,Mostly Cloudy,8,5,32
08:58:09,Mostly Cloudy,8,5,32
09:00:09,Mostly Cloudy,8,5,32
09:02:08,Mostly Cloudy,8,5,32
09:04:09,Mostly Cloudy,8,5,32
09:06:09,Mostly Cloudy,8,5,32
09:08:09,Mostly Cloudy,8,5,32
09:10:09,Mostly Cloudy,8,5,32
09:12:09,Mostly Cloudy,10,10,28
09:14:09,Mostly Cloudy,10,10,28
09:16:08,Mostly Cloudy,10,10,28
09:18:08,Mostly Cloudy,10,10,28
09:20:09,Mostly Cloudy,10,10,28
09:22:09,Mostly Cloudy,10,10,28
09:24:08,Mostly Cloudy,10,10,28
09:26:09,Mostly Cloudy,10,10,28
09:28:09,Mostly Cloudy,10,10,28
09:30:09,Mostly Cloudy,10,10,28
09:32:09,Mostly Cloudy,10,10,28
09:34:09,Mostly Cloudy,10,10,28
09:36:09,Mostly Cloudy,10,10,28
09:38:09,Mostly Cloudy,10,10,28
09:40:09,Mostly Cloudy,10,10,28
09:42:09,Mostly Cloudy,10,10,27
09:44:09,Mostly Cloudy,10,10,27
09:46:09,Mostly Cloudy,10,10,27
09:48:09,Mostly Cloudy,10,10,27
09:50:08,Mostly Cloudy,10,10,27
09:52:08,Mostly Cloudy,10,10,27
09:54:09,Mostly Cloudy,10,10,27
09:56:09,Mostly Cloudy,10,10,27
09:58:09,Mostly Cloudy,10,10,27
10:00:08,Mostly Cloudy,10,10,27
10:02:09,Mostly Cloudy,10,10,27
10:04:08,Mostly Cloudy,10,10,27
10:06:08,Mostly Cloudy,10,10,27
10:08:09,Mostly Cloudy,10,10,27
10:10:09,Mostly Cloudy,10,10,27
10:12:08,Mostly Cloudy,10,10,27
10:14:09,Mostly Cloudy,10,10,27
10:16:09,Mostly Cloudy,10,10,27
10:18:08,Mostly Cloudy,11,11,32
10:20:09,Mostly Cloudy,11,11,32
10:22:09,Mostly Cloudy,11,11,32
10:24:09,Mostly Cloudy,11,11,32
10:26:08,Mostly Cloudy,11,11,32
10:28:09,Mostly Cloudy,11,11,32
10:30:09,Mostly Cloudy,11,11,32
10:32:09,Mostly Cloudy,11,11,32
10:34:09,Mostly Cloudy,11,11,32
10:36:08,Mostly Cloudy,11,11,32
10:38:09,Mostly Cloudy,11,11,32
10:40:09,Mostly Cloudy,11,11,32
10:42:09,Mostly Cloudy,11,11,32
10:44:08,Mostly Cloudy,11,11,32
10:46:08,Mostly Cloudy,11,11,32
10:48:09,Mostly Cloudy / Windy,12,12,35
10:50:09,Mostly Cloudy / Windy,12,12,35
10:52:08,Mostly Cloudy / Windy,12,12,35
10:54:08,Mostly Cloudy / Windy,12,12,35
10:56:09,Mostly Cloudy / Windy,12,12,35
10:58:09,Mostly Cloudy / Windy,12,12,35
11:00:09,Mostly Cloudy / Windy,12,12,35
11:02:09,Mostly Cloudy / Windy,12,12,35
11:04:09,Mostly Cloudy / Windy,12,12,35
11:06:09,Mostly Cloudy / Windy,12,12,35
11:08:09,Mostly Cloudy / Windy,12,12,35
11:10:08,Mostly Cloudy / Windy,12,12,35
11:12:09,Mostly Cloudy / Windy,12,12,35
11:14:09,Mostly Cloudy / Windy,12,12,35
11:16:08,Mostly Cloudy / Windy,12,12,35
11:18:09,Mostly Cloudy / Windy,12,12,37
11:20:09,Mostly Cloudy / Windy,12,12,37
11:22:09,Mostly Cloudy / Windy,12,12,37
11:30:08,Mostly Cloudy / Windy,12,12,37
11:32:09,Mostly Cloudy / Windy,12,12,37
11:34:09,Mostly Cloudy / Windy,12,12,37
11:36:08,Mostly Cloudy / Windy,12,12,37
11:38:09,Mostly Cloudy / Windy,12,12,37
11:40:09,Mostly Cloudy / Windy,12,12,37
11:42:09,Light Rain / Windy,12,12,33
11:44:08,Light Rain / Windy,12,12,33
11:46:09,Light Rain / Windy,12,12,33
11:48:09,Light Rain / Windy,12,12,33
11:50:08,Light Rain / Windy,12,12,33
11:52:08,Light Rain / Windy,12,12,33
11:54:09,Light Rain / Windy,12,12,33
11:56:09,Light Rain / Windy,12,12,33
11:58:08,Light Rain / Windy,12,12,33
12:00:09,Light Rain / Windy,12,12,33
12:02:09,Light Rain / Windy,12,12,33
12:04:09,Light Rain / Windy,12,12,33
12:06:08,Light Rain / Windy,12,12,33
12:08:09,Light Rain / Windy,12,12,33
12:10:09,Light Rain / Windy,12,12,33
12:12:09,Light Rain,12,12,28
12:14:08,Light Rain,12,12,28
12:16:09,Light Rain,12,12,28
12:18:09,Light Rain,12,12,28
12:20:08,Light Rain,12,12,28
12:22:08,Light Rain,12,12,28
12:24:09,Light Rain,12,12,28
12:26:09,Light Rain,12,12,28
12:28:09,Light Rain,12,12,28
12:30:09,Light Rain,12,12,28
12:32:09,Light Rain,12,12,28
12:34:08,Light Rain,12,12,28
12:36:09,Light Rain,12,12,28
12:38:09,Light Rain,12,12,28
12:40:08,Light Rain,12,12,28
12:42:08,Light Rain,12,12,28
12:44:08,Light Rain,12,12,28
12:46:09,Light Rain,12,12,28
12:48:09,Light Rain Shower,11,11,27
12:50:09,Light Rain Shower,11,11,27
12:52:08,Light Rain Shower,11,11,27
12:54:08,Light Rain Shower,11,11,27
12:56:09,Light Rain Shower,11,11,27
12:58:08,Light Rain Shower,11,11,27
13:00:09,Light Rain Shower,11,11,27
13:02:08,Light Rain Shower,11,11,27
13:04:08,Light Rain Shower,11,11,27
13:06:08,Light Rain Shower,11,11,27
13:08:09,Light Rain Shower,11,11,27
13:10:09,Light Rain Shower,11,11,27
13:12:09,Showers in the Vicinity,12,12,28
13:14:09,Showers in the Vicinity,12,12,28
13:16:09,Showers in the Vicinity,12,12,28
13:18:09,Showers in the Vicinity,12,12,28
13:20:09,Showers in the Vicinity,12,12,28
13:22:09,Showers in the Vicinity,12,12,28
13:24:08,Showers in the Vicinity,12,12,28
13:26:09,Showers in the Vicinity,12,12,28
13:28:09,Showers in the Vicinity,12,12,28
13:30:09,Showers in the Vicinity,12,12,28
13:32:08,Showers in the Vicinity,12,12,28
13:34:08,Showers in the Vicinity,12,12,28
13:36:09,Showers in the Vicinity,12,12,28
13:38:09,Showers in the Vicinity,12,12,28
13:40:08,Showers in the Vicinity,12,12,28
13:42:09,Mostly Cloudy,12,12,27
13:44:09,Mostly Cloudy,12,12,27
13:46:08,Mostly Cloudy,12,12,27
13:48:08,Mostly Cloudy,12,12,27
13:50:09,Mostly Cloudy,12,12,27
13:52:09,Mostly Cloudy,12,12,27
13:54:09,Mostly Cloudy,12,12,27
13:56:08,Mostly Cloudy,12,12,27
13:58:09,Mostly Cloudy,12,12,27
14:00:09,Mostly Cloudy,12,12,27
14:02:08,Mostly Cloudy,12,12,27
14:04:09,Mostly Cloudy,12,12,27
14:06:09,Mostly Cloudy,12,12,27
14:08:08,Mostly Cloudy,12,12,27
14:10:08,Mostly Cloudy,12,12,27
14:12:09,Mostly Cloudy,12,12,27
14:14:09,Mostly Cloudy,12,12,27
14:16:09,Mostly Cloudy,12,12,27
14:18:08,Mostly Cloudy,12,12,27
14:20:09,Mostly Cloudy,12,12,27
14:22:09,Mostly Cloudy,12,12,27
14:24:08,Mostly Cloudy,12,12,27
14:26:08,Mostly Cloudy,12,12,27
14:28:09,Mostly Cloudy,12,12,27
14:30:08,Mostly Cloudy,12,12,27
14:32:09,Mostly Cloudy,12,12,27
14:34:09,Mostly Cloudy,12,12,27
14:36:09,Mostly Cloudy,12,12,27
14:38:08,Mostly Cloudy,12,12,27
14:40:09,Mostly Cloudy,12,12,27
14:42:09,Mostly Cloudy,13,13,27
14:44:08,Mostly Cloudy,13,13,27
14:46:08,Mostly Cloudy,13,13,27
14:48:09,Mostly Cloudy,13,13,27
14:50:09,Mostly Cloudy,13,13,27
14:52:08,Mostly Cloudy,13,13,27
14:54:08,Mostly Cloudy,13,13,27
14:56:09,Mostly Cloudy,13,13,27
14:58:09,Mostly Cloudy,13,13,27
15:00:08,Mostly Cloudy,13,13,27
15:02:09,Mostly Cloudy,13,13,27
15:04:09,Mostly Cloudy,13,13,27
15:06:08,Mostly Cloudy,13,13,27
15:08:09,Mostly Cloudy,13,13,27
15:10:09,Mostly Cloudy,13,13,27
15:12:09,Mostly Cloudy,13,13,32
15:14:08,Mostly Cloudy,13,13,32
15:16:09,Mostly Cloudy,13,13,32
15:18:08,Mostly Cloudy,13,13,32
15:20:08,Mostly Cloudy,13,13,32
15:22:09,Mostly Cloudy,13,13,32
15:24:09,Mostly Cloudy,13,13,32
15:26:09,Mostly Cloudy,13,13,32
15:28:08,Mostly Cloudy,13,13,32
15:30:09,Mostly Cloudy,13,13,32
15:32:09,Mostly Cloudy,13,13,32
15:34:08,Mostly Cloudy,13,13,32
15:36:09,Mostly Cloudy,13,13,32
15:38:09,Mostly Cloudy,13,13,32
15:40:09,Mostly Cloudy,13,13,32
15:42:08,Partly Cloudy,12,12,25
15:44:09,Partly Cloudy,12,12,25
15:46:09,Partly Cloudy,12,12,25
15:48:09,Partly Cloudy,12,12,25
15:50:08,Partly Cloudy,12,12,25
15:52:09,Partly Cloudy,12,12,25
15:54:09,Partly Cloudy,12,12,25
15:56:09,Partly Cloudy,12,12,25
15:58:09,Partly Cloudy,12,12,25
16:00:08,Partly Cloudy,12,12,25
16:02:08,Partly Cloudy,12,12,25
16:04:09,Partly Cloudy,12,12,25
16:06:09,Partly Cloudy,12,12,25
16:08:09,Partly Cloudy,12,12,25
16:10:09,Partly Cloudy,12,12,25
16:12:08,Partly Cloudy,12,12,25
16:14:08,Partly Cloudy,12,12,25
16:16:09,Partly Cloudy,12,12,27
16:18:08,Partly Cloudy,12,12,27
16:20:09,Partly Cloudy,12,12,27
16:22:09,Partly Cloudy,12,12,27
16:24:09,Partly Cloudy,12,12,27
16:26:08,Partly Cloudy,12,12,27
16:28:08,Partly Cloudy,12,12,27
16:30:09,Partly Cloudy,12,12,27
16:32:09,Partly Cloudy,12,12,27
16:34:08,Partly Cloudy,12,12,27
16:36:09,Partly Cloudy,12,12,27
16:38:09,Partly Cloudy,12,12,27
16:40:09,Partly Cloudy,12,12,27
16:42:09,Partly Cloudy,12,12,27
16:44:09,Partly Cloudy,12,12,27
16:46:09,Partly Cloudy,12,12,27
16:48:09,Partly Cloudy,12,12,27
16:50:09,Partly Cloudy,12,12,27
16:52:08,Partly Cloudy,12,12,27
16:54:08,Partly Cloudy,12,12,27
16:56:08,Partly Cloudy,12,12,27
16:58:09,Partly Cloudy,12,12,27
17:00:08,Partly Cloudy,12,12,27
17:02:09,Partly Cloudy,12,12,27
17:04:09,Partly Cloudy,12,12,27
17:06:08,Partly Cloudy,12,12,27
17:08:09,Partly Cloudy,12,12,27
17:10:09,Partly Cloudy,12,12,27
17:12:09,Partly Cloudy,12,12,27
17:14:08,Partly Cloudy,12,12,27
17:16:08,Partly Cloudy,12,12,27
17:18:09,Partly Cloudy,12,12,27
17:20:09,Partly Cloudy,12,12,27
17:22:08,Partly Cloudy,12,12,27
17:24:09,Partly Cloudy,12,12,27
17:26:09,Partly Cloudy,12,12,27
17:28:09,Partly Cloudy,12,12,27
17:30:08,Partly Cloudy,12,12,27
17:32:08,Partly Cloudy,12,12,27
17:34:09,Partly Cloudy,12,12,27
17:36:09,Partly Cloudy,12,12,27
17:38:09,Partly Cloudy,12,12,27
17:40:08,Partly Cloudy,12,12,27
17:42:08,Partly Cloudy,12,12,27
17:44:09,Partly Cloudy,12,12,27
17:46:09,Partly Cloudy,12,12,27
17:48:08,Partly Cloudy,12,12,27
17:50:08,Partly Cloudy,12,12,27
17:52:09,Partly Cloudy,12,12,27
17:54:08,Partly Cloudy,12,12,27
17:56:08,Partly Cloudy,12,12,27
17:58:09,Partly Cloudy,12,12,27
18:00:09,Partly Cloudy,12,12,27
18:02:09,Partly Cloudy,12,12,27
18:04:09,Partly Cloudy,12,12,27
18:06:08,Partly Cloudy,12,12,27
18:08:09,Partly Cloudy,12,12,27
18:10:09,Partly Cloudy,10,10,27
18:12:09,Partly Cloudy,10,10,27
18:14:09,Partly Cloudy,10,10,27
18:16:08,Partly Cloudy,11,11,22
18:18:09,Partly Cloudy,11,11,22
18:20:08,Partly Cloudy,11,11,22
18:22:08,Partly Cloudy,11,11,22
18:24:09,Partly Cloudy,11,11,22
18:26:09,Partly Cloudy,11,11,22
18:28:09,Partly Cloudy,11,11,22
18:30:08,Partly Cloudy,11,11,22
18:32:09,Partly Cloudy,11,11,22
18:34:09,Partly Cloudy,11,11,22
18:36:09,Partly Cloudy,11,11,22
18:38:09,Partly Cloudy,11,11,22
18:40:08,Partly Cloudy,11,11,22
18:42:09,Partly Cloudy,11,11,22
18:44:09,Partly Cloudy,11,11,22
18:46:08,Partly Cloudy,11,11,22
18:48:09,Partly Cloudy,11,11,22
18:50:09,Partly Cloudy,11,11,22
18:52:08,Partly Cloudy,11,11,22
18:54:08,Partly Cloudy,11,11,22
18:56:09,Partly Cloudy,11,11,22
18:58:09,Partly Cloudy,11,11,22
19:00:09,Partly Cloudy,11,11,22
19:02:09,Partly Cloudy,11,11,22
19:04:09,Partly Cloudy,11,11,22
19:06:09,Partly Cloudy,11,11,22
19:08:08,Partly Cloudy,11,11,22
19:10:08,Partly Cloudy,11,11,22
19:12:09,Partly Cloudy,11,11,22
19:14:09,Partly Cloudy,11,11,22
19:16:09,Mostly Cloudy,10,10,16
19:18:09,Mostly Cloudy,10,10,16
19:20:09,Mostly Cloudy,10,10,16
19:22:08,Mostly Cloudy,10,10,16
19:24:09,Mostly Cloudy,10,10,16
19:26:09,Mostly Cloudy,10,10,16
19:28:09,Mostly Cloudy,10,10,16
19:30:09,Mostly Cloudy,10,10,16
19:32:09,Mostly Cloudy,10,10,16
19:34:09,Mostly Cloudy,10,10,16
19:36:09,Mostly Cloudy,10,10,16
19:38:08,Mostly Cloudy,10,10,16
19:40:08,Mostly Cloudy,10,10,16
19:42:09,Mostly Cloudy,10,10,16
19:44:09,Mostly Cloudy,10,10,16
19:46:08,Mostly Cloudy,10,10,16
19:48:09,Mostly Cloudy,10,10,16
19:50:09,Mostly Cloudy,10,10,16
19:52:08,Mostly Cloudy,10,10,16
19:54:09,Mostly Cloudy,10,10,16
19:56:09,Mostly Cloudy,10,10,16
19:58:08,Mostly Cloudy,10,10,16
20:00:09,Mostly Cloudy,10,10,16
20:02:08,Mostly Cloudy,10,10,16
20:04:08,Mostly Cloudy,10,10,16
20:06:09,Mostly Cloudy,10,10,16
20:08:08,Mostly Cloudy,10,10,16
20:10:08,Mostly Cloudy,8,6,14
20:12:09,Mostly Cloudy,8,6,14
20:14:09,Mostly Cloudy,8,6,14
20:16:09,Mostly Cloudy,8,6,14
20:18:09,Mostly Cloudy,8,6,14
20:20:09,Mostly Cloudy,8,6,14
20:22:08,Mostly Cloudy,8,6,14
20:24:09,Mostly Cloudy,8,6,14
20:26:09,Mostly Cloudy,8,6,14
20:28:09,Mostly Cloudy,8,6,14
20:30:09,Mostly Cloudy,8,6,14
20:32:09,Mostly Cloudy,8,6,14
20:34:09,Mostly Cloudy,8,6,14
20:36:08,Mostly Cloudy,8,6,14
20:38:08,Mostly Cloudy,8,6,14
20:40:08,Mostly Cloudy,8,6,14
20:42:09,Mostly Cloudy,8,6,14
20:44:08,Mostly Cloudy,8,6,14
20:46:09,Mostly Cloudy,8,6,14
20:48:09,Mostly Cloudy,8,6,14
20:50:09,Mostly Cloudy,8,6,14
20:52:08,Mostly Cloudy,8,6,14
20:54:09,Mostly Cloudy,8,6,14
20:56:09,Mostly Cloudy,8,6,14
20:58:09,Mostly Cloudy,8,6,14
21:00:08,Mostly Cloudy,8,6,14
21:02:09,Mostly Cloudy,8,6,14
21:04:08,Mostly Cloudy,8,6,14
21:06:08,Mostly Cloudy,8,6,14
21:08:09,Mostly Cloudy,8,6,14
21:10:09,Mostly Cloudy,8,6,14
21:12:08,Mostly Cloudy,8,6,14
21:14:09,Mostly Cloudy,7,6,11
21:16:09,Mostly Cloudy,7,6,11
21:18:09,Mostly Cloudy,7,6,11
21:20:09,Mostly Cloudy,7,6,11
21:22:08,Mostly Cloudy,7,6,11
21:24:08,Mostly Cloudy,7,6,11
21:26:09,Mostly Cloudy,7,6,11
21:28:08,Mostly Cloudy,7,6,11
21:30:08,Mostly Cloudy,7,6,11
21:32:08,Mostly Cloudy,7,6,11
21:34:09,Mostly Cloudy,7,6,11
21:36:08,Mostly Cloudy,7,6,11
21:38:08,Mostly Cloudy,7,6,11
21:40:09,Mostly Cloudy,7,6,11
21:42:08,Mostly Cloudy,7,6,11
21:44:09,Mostly Cloudy,7,6,11
21:46:09,Mostly Cloudy,7,6,11
21:48:09,Mostly Cloudy,7,6,11
21:50:09,Mostly Cloudy,7,6,11
21:52:08,Mostly Cloudy,7,6,11
21:54:09,Mostly Cloudy,7,6,11
21:56:09,Mostly Cloudy,7,6,11
21:58:08,Mostly Cloudy,7,6,11
22:00:09,Mostly Cloudy,7,6,11
22:02:09,Mostly Cloudy,7,6,11
22:04:09,Mostly Cloudy,7,6,11
22:06:09,Mostly Cloudy,7,6,11
22:08:09,Mostly Cloudy,7,6,11
22:10:09,Mostly Cloudy,7,6,11
22:12:09,Mostly Cloudy,7,6,11
22:14:09,Mostly Cloudy,7,6,11
22:16:09,Mostly Cloudy,6,3,11
22:18:09,Mostly Cloudy,6,3,11
22:20:09,Mostly Cloudy,6,3,11
22:22:08,Mostly Cloudy,6,3,11
22:24:09,Mostly Cloudy,6,3,11
22:26:09,Mostly Cloudy,6,3,11
22:28:09,Mostly Cloudy,6,3,11
22:30:08,Mostly Cloudy,6,3,11
22:32:09,Mostly Cloudy,6,3,11
22:34:08,Mostly Cloudy,6,3,11
22:36:09,Mostly Cloudy,6,3,11
22:38:09,Mostly Cloudy,6,3,11
22:40:09,Mostly Cloudy,6,3,11
22:42:08,Mostly Cloudy,6,3,11
22:44:09,Mostly Cloudy,6,3,11
22:46:09,Mostly Cloudy,6,3,11
22:48:09,Mostly Cloudy,6,3,11
22:50:09,Mostly Cloudy,6,3,11
22:52:09,Mostly Cloudy,6,3,11
22:54:08,Mostly Cloudy,6,3,11
22:56:09,Mostly Cloudy,6,3,11
22:58:08,Mostly Cloudy,6,3,11
23:00:09,Mostly Cloudy,6,3,11
23:02:09,Mostly Cloudy,6,3,11
23:04:09,Mostly Cloudy,6,3,11
23:06:08,Mostly Cloudy,6,3,11
23:08:09,Mostly Cloudy,6,3,11
23:10:09,Mostly Cloudy,6,3,11
23:12:09,Mostly Cloudy,6,3,11
23:14:08,Mostly Cloudy,6,3,11
23:16:09,Mostly Cloudy,3,1,12
23:18:09,Mostly Cloudy,3,1,12
23:20:08,Mostly Cloudy,3,1,12
23:22:08,Mostly Cloudy,3,1,12
23:24:09,Mostly Cloudy,3,1,12
23:26:09,Mostly Cloudy,3,1,12
23:28:09,Mostly Cloudy,3,1,12
23:30:09,Mostly Cloudy,3,1,12
23:32:08,Mostly Cloudy,3,1,12
23:34:09,Mostly Cloudy,3,1,12
23:36:09,Mostly Cloudy,3,1,12
23:38:08,Mostly Cloudy,3,1,12
23:40:09,Mostly Cloudy,3,1,12
23:42:09,Mostly Cloudy,3,1,12
23:44:09,Mostly Cloudy,3,1,12
23:46:09,Mostly Cloudy,3,1,12
23:48:08,Mostly Cloudy,3,1,12
23:50:09,Mostly Cloudy,3,1,12
23:52:09,Mostly Cloudy,3,1,12
23:54:08,Mostly Cloudy,3,1,12
23:56:09,Mostly Cloudy,3,1,12
23:58:09,Mostly Cloudy,3,1,12
