Time,Weather,Temperature,Feels_Like,Wind_Speed
00:08:08,Mostly Cloudy,10,10,9
00:26:08,Mostly Cloudy,10,10,9
00:30:10,Mostly Cloudy,10,10,9
00:32:09,Mostly Cloudy,10,10,9
00:34:08,Mostly Cloudy,10,10,9
00:36:08,Mostly Cloudy,10,10,9
00:38:09,Mostly Cloudy,10,10,9
00:40:09,Mostly Cloudy,10,10,9
00:42:08,Mostly Cloudy,10,10,9
00:44:09,Mostly Cloudy,10,10,9
00:46:09,Mostly Cloudy,10,10,9
00:48:08,Mostly Cloudy,10,10,9
00:50:09,Mostly Cloudy,10,10,9
00:52:09,Mostly Cloudy,10,10,9
00:54:09,Mostly Cloudy,10,10,9
00:56:08,Mostly Cloudy,10,10,9
00:58:08,Mostly Cloudy,10,10,9
01:00:17,Mostly Cloudy,10,10,9
01:02:08,Mostly Cloudy,10,10,9
01:04:09,Mostly Cloudy,10,10,9
01:06:09,Mostly Cloudy,10,10,9
01:08:08,Mostly Cloudy,10,10,9
01:10:08,Mostly Cloudy,10,10,9
01:12:09,Mostly Cloudy,10,10,9
01:14:09,Mostly Cloudy,10,10,9
01:16:09,Mostly Cloudy,10,10,9
01:18:08,Mostly Cloudy,10,10,9
01:20:09,Mostly Cloudy,10,10,9
01:22:09,Mostly Cloudy,10,10,9
01:24:08,Mostly Cloudy,10,10,9
01:26:08,Mostly Cloudy,10,10,9
01:28:09,Mostly Cloudy,10,10,9
01:30:09,Mostly Cloudy,10,10,9
01:32:09,Mostly Cloudy,10,10,9
01:34:08,Mostly Cloudy,10,10,9
01:36:09,Mostly Cloudy,10,10,9
01:38:09,Mostly Cloudy,10,10,9
01:40:09,Mostly Cloudy,10,10,9
01:42:09,Mostly Cloudy,10,10,9
01:44:09,Mostly Cloudy,10,10,9
01:46:09,Mostly Cloudy,10,10,9
01:48:09,Mostly Cloudy,10,10,9
01:50:09,Mostly Cloudy,10,10,9
01:52:09,Mostly Cloudy,10,10,9
01:54:09,Mostly Cloudy,10,10,9
01:56:09,Mostly Cloudy,10,10,9
01:58:09,Mostly Cloudy,10,10,9
02:00:09,Mostly Cloudy,10,10,9
02:02:09,Mostly Cloudy,10,10,9
02:04:08,Mostly Cloudy,10,10,9
02:06:09,Mostly Cloudy,10,10,9
02:08:09,Mostly Cloudy,10,10,9
02:10:09,Mostly Cloudy,10,10,11
02:12:09,Mostly Cloudy,10,10,11
02:14:09,Mostly Cloudy,10,10,11
02:16:08,Mostly Cloudy,10,10,11
02:18:09,Mostly Cloudy,10,10,11
02:20:09,Mostly Cloudy,10,10,11
02:22:08,Mostly Cloudy,10,10,11
02:24:09,Mostly Cloudy,10,10,11
02:26:09,Mostly Cloudy,10,10,11
02:28:09,Mostly Cloudy,10,10,11
02:30:09,Mostly Cloudy,10,10,11
02:32:09,Mostly Cloudy,10,10,11
02:34:09,Mostly Cloudy,10,10,11
02:36:08,Mostly Cloudy,10,10,11
02:38:08,Mostly Cloudy,10,10,11
02:40:09,Mostly Cloudy,10,10,11
02:42:09,Mostly Cloudy,10,10,11
02:44:09,Mostly Cloudy,10,10,11
02:46:09,Mostly Cloudy,10,10,11
02:48:08,Mostly Cloudy,10,10,11
02:50:09,Mostly Cloudy,10,10,11
02:52:09,Mostly Cloudy,10,10,11
02:54:08,Mostly Cloudy,10,10,11
02:56:08,Mostly Cloudy,10,10,11
02:58:09,Mostly Cloudy,10,10,11
03:00:09,Mostly Cloudy,10,10,11
03:02:08,Mostly Cloudy,10,10,11
03:04:09,Mostly Cloudy,10,10,11
03:06:09,Mostly Cloudy,10,10,11
03:08:08,Mostly Cloudy,10,10,11
03:10:08,Mostly Cloudy,10,10,11
03:12:08,Mostly Cloudy,10,10,11
03:14:09,Mostly Cloudy,10,10,11
03:16:09,Mostly Cloudy,10,10,11
03:18:09,Mostly Cloudy,10,10,11
03:20:09,Mostly Cloudy,10,10,11
03:22:09,Mostly Cloudy,10,10,11
03:24:09,Mostly Cloudy,10,10,11
03:26:09,Mostly Cloudy,10,10,11
03:28:08,Mostly Cloudy,10,10,11
03:30:09,Mostly Cloudy,10,10,11
03:32:09,Mostly Cloudy,10,10,11
03:34:08,Mostly Cloudy,10,10,11
03:36:09,Mostly Cloudy,10,10,11
03:38:09,Mostly Cloudy,10,10,11
03:40:09,Mostly Cloudy,10,10,11
03:42:08,Mostly Cloudy,10,10,11
03:44:09,Mostly Cloudy,10,10,11
03:46:09,Mostly Cloudy,10,10,11
03:48:09,Mostly Cloudy,10,10,11
03:50:08,Mostly Cloudy,10,10,11
03:52:09,Mostly Cloudy,10,10,11
03:54:09,Mostly Cloudy,10,10,11
03:56:09,Mostly Cloudy,10,10,11
03:58:09,Mostly Cloudy,10,10,11
04:00:08,Mostly Cloudy,10,10,11
04:02:09,Mostly Cloudy,10,10,11
04:04:08,Mostly Cloudy,10,10,11
04:06:09,Mostly Cloudy,10,10,11
04:08:09,Mostly Cloudy,10,10,11
04:10:09,Mostly Cloudy,10,10,11
04:12:08,Mostly Cloudy,10,10,11
04:14:09,Mostly Cloudy,10,10,11
04:16:09,Mostly Cloudy,10,10,11
04:18:08,Mostly Cloudy,10,10,11
04:20:08,Mostly Cloudy,10,10,11
04:22:09,Mostly Cloudy,10,10,11
04:24:09,Mostly Cloudy,10,10,11
04:26:08,Mostly Cloudy,10,10,11
04:28:09,Mostly Cloudy,10,10,11
04:30:09,Mostly Cloudy,10,10,11
04:32:08,Mostly Cloudy,10,10,11
04:34:09,Mostly Cloudy,10,10,11
04:36:09,Mostly Cloudy,10,10,11
04:38:09,Mostly Cloudy,10,10,11
04:40:08,Mostly Cloudy,10,10,11
04:42:08,Mostly Cloudy,10,10,11
04:44:09,Mostly Cloudy,10,10,11
04:46:09,Mostly Cloudy,10,10,11
04:48:08,Mostly Cloudy,10,10,11
04:50:09,Mostly Cloudy,10,10,11
04:52:09,Mostly Cloudy,10,10,11
04:54:08,Mostly Cloudy,10,10,11
04:56:08,Mostly Cloudy,10,10,11
04:58:09,Mostly Cloudy,10,10,11
05:00:09,Mostly Cloudy,10,10,11
05:02:09,Mostly Cloudy,10,10,11
05:04:09,Mostly Cloudy,10,10,11
05:06:08,Mostly Cloudy,10,10,11
05:08:09,Mostly Cloudy,10,10,11
05:10:09,Mostly Cloudy,8,7,11
05:12:08,Mostly Cloudy,8,7,11
05:14:08,Mostly Cloudy,8,7,11
05:16:09,Mostly Cloudy,8,7,11
05:18:09,Mostly Cloudy,8,7,11
05:20:08,Mostly Cloudy,8,7,11
05:22:09,Mostly Cloudy,8,7,11
05:24:09,Mostly Cloudy,8,7,11
05:26:08,Mostly Cloudy,8,7,11
05:28:08,Mostly Cloudy,8,7,11
05:30:09,Mostly Cloudy,8,7,11
05:32:08,Mostly Cloudy,8,7,11
05:34:08,Mostly Cloudy,8,7,11
05:36:09,Mostly Cloudy,8,7,11
05:38:09,Mostly Cloudy,8,7,11
05:40:08,Mostly Cloudy,8,7,11
05:42:08,Mostly Cloudy,8,7,11
05:44:09,Mostly Cloudy,8,7,11
05:46:09,Mostly Cloudy,8,7,11
05:48:08,Mostly Cloudy,8,7,11
05:50:08,Mostly Cloudy,8,7,11
05:52:09,Mostly Cloudy,8,7,11
05:54:09,Mostly Cloudy,8,7,11
05:56:09,Mostly Cloudy,8,7,11
05:58:08,Mostly Cloudy,8,7,11
06:00:08,Mostly Cloudy,8,7,11
06:02:09,Mostly Cloudy,8,7,11
06:04:09,Mostly Cloudy,8,7,11
06:06:08,Mostly Cloudy,8,7,11
06:08:08,Mostly Cloudy,8,7,11
06:10:09,Mostly Cloudy,8,7,11
06:12:08,Mostly Cloudy,8,7,11
06:14:08,Mostly Cloudy,8,7,11
06:16:09,Mostly Cloudy,8,7,11
06:18:09,Mostly Cloudy,8,7,11
06:20:08,Mostly Cloudy,8,7,11
06:22:09,Mostly Cloudy,8,7,11
06:24:09,Mostly Cloudy,8,7,11
06:26:09,Mostly Cloudy,8,7,11
06:28:09,Mostly Cloudy,8,7,11
06:30:08,Mostly Cloudy,8,7,11
06:32:09,Mostly Cloudy,8,7,11
06:34:09,Mostly Cloudy,8,7,11
06:36:08,Mostly Cloudy,8,7,11
06:38:09,Mostly Cloudy,8,7,11
06:40:09,Mostly Cloudy,8,7,11
06:42:08,Mostly Cloudy,8,7,11
06:44:09,Mostly Cloudy,8,7,11
06:46:09,Mostly Cloudy,8,7,11
06:48:09,Mostly Cloudy,8,7,11
06:50:08,Mostly Cloudy,8,7,11
06:52:09,Mostly Cloudy,8,7,11
06:54:09,Mostly Cloudy,8,7,11
06:56:09,Mostly Cloudy,8,7,11
06:58:08,Mostly Cloudy,8,7,11
07:00:09,Mostly Cloudy,8,7,11
07:02:09,Mostly Cloudy,8,7,11
07:04:08,Mostly Cloudy,8,7,11
07:06:08,Mostly Cloudy,8,7,11
07:08:09,Mostly Cloudy,10,10,11
07:10:09,Mostly Cloudy,10,10,11
07:12:09,Mostly Cloudy,10,10,11
07:14:09,Mostly Cloudy,10,10,11
07:16:08,Mostly Cloudy,10,10,11
07:18:09,Mostly Cloudy,10,10,11
07:20:09,Mostly Cloudy,10,10,11
07:22:08,Mostly Cloudy,10,10,11
07:24:09,Mostly Cloudy,10,10,11
07:26:09,Mostly Cloudy,10,10,11
07:28:08,Mostly Cloudy,10,10,11
07:30:09,Mostly Cloudy,10,10,11
07:32:09,Mostly Cloudy,10,10,11
07:34:09,Mostly Cloudy,10,10,11
07:36:09,Mostly Cloudy,10,10,11
07:38:08,Mostly Cloudy,10,10,11
07:40:09,Mostly Cloudy,10,10,11
07:42:09,Mostly Cloudy,10,10,11
07:44:09,Mostly Cloudy,10,10,12
07:46:08,Mostly Cloudy,10,10,12
07:48:09,Mostly Cloudy,10,10,12
07:50:09,Mostly Cloudy,10,10,12
07:52:08,Mostly Cloudy,10,10,12
07:54:08,Mostly Cloudy,10,10,12
07:56:09,Mostly Cloudy,10,10,12
07:58:09,Mostly Cloudy,10,10,12
08:00:09,Mostly Cloudy,10,10,12
08:02:08,Mostly Cloudy,10,10,12
08:04:09,Mostly Cloudy,10,10,12
08:06:09,Mostly Cloudy,10,10,12
08:08:09,Mostly Cloudy,10,10,12
08:10:09,Mostly Cloudy,10,10,12
08:12:09,Mostly Cloudy,10,10,11
08:14:09,Mostly Cloudy,10,10,11
08:16:09,Mostly Cloudy,10,10,11
08:18:09,Mostly Cloudy,10,10,11
08:20:08,Mostly Cloudy,10,10,11
08:22:09,Mostly Cloudy,10,10,11
08:24:09,Mostly Cloudy,10,10,11
08:26:08,Mostly Cloudy,10,10,11
08:28:09,Mostly Cloudy,10,10,11
08:30:09,Mostly Cloudy,10,10,11
08:32:08,Mostly Cloudy,10,10,11
08:34:08,Mostly Cloudy,10,10,11
08:36:09,Mostly Cloudy,10,10,11
08:38:09,Mostly Cloudy,10,10,11
08:40:08,Mostly Cloudy,10,10,11
08:42:09,Mostly Cloudy,10,10,12
08:44:09,Mostly Cloudy,10,10,12
08:46:09,Mostly Cloudy,10,10,12
08:48:09,Mostly Cloudy,10,10,12
08:50:08,Mostly Cloudy,10,10,12
08:52:08,Mostly Cloudy,10,10,12
08:54:09,Mostly Cloudy,10,10,12
08:56:09,Mostly Cloudy,10,10,12
08:58:08,Mostly Cloudy,10,10,12
09:00:09,Mostly Cloudy,10,10,12
09:02:09,Mostly Cloudy,10,10,12
09:04:08,Mostly Cloudy,10,10,12
09:06:09,Mostly Cloudy,10,10,12
09:08:09,Mostly Cloudy,10,10,12
09:10:08,Mostly Cloudy,10,10,12
09:12:08,Mostly Cloudy,10,10,12
09:14:09,Mostly Cloudy,10,10,12
09:16:09,Mostly Cloudy,10,10,12
09:18:08,Mostly Cloudy,10,10,12
09:20:09,Mostly Cloudy,10,10,12
09:22:08,Mostly Cloudy,10,10,12
09:24:08,Mostly Cloudy,10,10,12
09:26:09,Mostly Cloudy,10,10,12
09:28:09,Mostly Cloudy,10,10,12
09:30:08,Mostly Cloudy,10,10,12
09:32:09,Mostly Cloudy,10,10,12
09:34:09,Mostly Cloudy,10,10,12
09:36:08,Mostly Cloudy,10,10,12
09:38:09,Mostly Cloudy,10,10,12
09:40:09,Mostly Cloudy,10,10,12
09:42:09,Mostly Cloudy,10,10,12
09:44:09,Mostly Cloudy,10,10,12
09:46:09,Mostly Cloudy,10,10,12
09:48:09,Mostly Cloudy,10,10,12
09:50:08,Mostly Cloudy,10,10,12
09:52:09,Mostly Cloudy,10,10,12
09:54:09,Mostly Cloudy,10,10,12
09:56:09,Mostly Cloudy,10,10,12
09:58:09,Mostly Cloudy,10,10,12
10:00:09,Mostly Cloudy,10,10,12
10:02:08,Mostly Cloudy,10,10,12
10:04:09,Mostly Cloudy,10,10,12
10:06:09,Mostly Cloudy,10,10,12
10:08:08,Mostly Cloudy,10,10,12
10:10:09,Mostly Cloudy,10,10,12
10:12:09,Mostly Cloudy,10,10,12
10:14:09,Mostly Cloudy,10,10,12
10:16:08,Mostly Cloudy,10,10,12
10:18:09,Cloudy,11,11,14
10:20:08,Cloudy,11,11,14
10:22:09,Cloudy,11,11,14
10:24:09,Cloudy,11,11,14
10:26:09,Cloudy,11,11,14
10:28:08,Cloudy,11,11,14
10:30:09,Cloudy,11,11,14
10:32:08,Cloudy,11,11,14
10:34:09,Cloudy,11,11,14
10:36:09,Cloudy,11,11,14
10:38:08,Cloudy,11,11,14
10:40:08,Cloudy,11,11,14
10:42:09,Cloudy,12,12,14
10:44:09,Cloudy,12,12,14
10:46:08,Cloudy,12,12,14
10:48:09,Cloudy,12,12,14
10:50:09,Cloudy,12,12,14
10:52:09,Cloudy,12,12,14
10:54:08,Cloudy,12,12,14
10:56:09,Cloudy,12,12,14
10:58:08,Cloudy,12,12,14
11:00:09,Cloudy,12,12,14
11:02:08,Cloudy,12,12,14
11:04:08,Cloudy,12,12,14
11:06:09,Cloudy,12,12,14
11:08:09,Cloudy,12,12,14
11:10:09,Cloudy,12,12,14
11:12:08,Cloudy,12,12,14
11:14:09,Cloudy,12,12,14
11:16:09,Cloudy,12,12,14
11:18:08,Cloudy,12,12,14
11:20:09,Cloudy,12,12,14
11:22:09,Cloudy,12,12,14
11:24:08,Cloudy,12,12,14
11:26:08,Cloudy,12,12,14
11:28:08,Cloudy,12,12,14
11:30:09,Cloudy,12,12,14
11:32:08,Cloudy,12,12,14
11:34:09,Cloudy,12,12,14
11:36:09,Cloudy,12,12,14
11:38:08,Cloudy,12,12,14
11:40:09,Cloudy,12,12,14
11:42:09,Cloudy,12,12,14
11:44:08,Cloudy,12,12,14
11:46:08,Cloudy,12,12,14
11:48:08,Mostly Cloudy,12,12,19
11:50:09,Mostly Cloudy,12,12,19
11:52:09,Mostly Cloudy,12,12,19
11:54:08,Mostly Cloudy,12,12,19
11:56:09,Mostly Cloudy,12,12,19
11:58:09,Mostly Cloudy,12,12,19
12:00:08,Mostly Cloudy,12,12,19
12:02:09,Mostly Cloudy,12,12,19
12:04:09,Mostly Cloudy,12,12,19
12:06:08,Mostly Cloudy,12,12,19
12:08:08,Mostly Cloudy,12,12,19
12:10:09,Mostly Cloudy,12,12,19
12:12:09,Mostly Cloudy,12,12,20
12:14:08,Mostly Cloudy,12,12,20
12:16:09,Mostly Cloudy,12,12,20
12:18:08,Mostly Cloudy,12,12,20
12:20:09,Mostly Cloudy,12,12,20
12:22:09,Mostly Cloudy,12,12,20
12:24:08,Mostly Cloudy,12,12,20
12:26:09,Mostly Cloudy,12,12,20
12:28:09,Mostly Cloudy,12,12,20
12:30:09,Mostly Cloudy,12,12,20
12:32:08,Mostly Cloudy,12,12,20
12:34:08,Mostly Cloudy,12,12,20
12:36:09,Mostly Cloudy,12,12,20
12:38:09,Mostly Cloudy,12,12,20
12:40:09,Mostly Cloudy,12,12,20
12:42:09,Mostly Cloudy,12,12,19
12:44:08,Mostly Cloudy,12,12,19
12:46:09,Mostly Cloudy,12,12,19
12:48:09,Mostly Cloudy,12,12,19
12:50:09,Mostly Cloudy,12,12,19
12:52:08,Mostly Cloudy,12,12,19
12:54:08,Mostly Cloudy,12,12,19
12:56:09,Mostly Cloudy,12,12,19
12:58:09,Mostly Cloudy,12,12,19
13:00:08,Mostly Cloudy,12,12,19
13:02:09,Mostly Cloudy,12,12,19
13:04:09,Mostly Cloudy,12,12,19
13:06:09,Mostly Cloudy,12,12,19
13:08:08,Mostly Cloudy,12,12,19
13:10:09,Mostly Cloudy,12,12,19
13:12:09,Mostly Cloudy,12,12,19
13:14:08,Mostly Cloudy,12,12,19
13:16:09,Mostly Cloudy,12,12,19
13:18:09,Mostly Cloudy,12,12,16
13:20:08,Mostly Cloudy,12,12,16
13:22:09,Mostly Cloudy,12,12,16
13:24:09,Mostly Cloudy,12,12,16
13:26:08,Mostly Cloudy,12,12,16
13:28:09,Mostly Cloudy,12,12,16
13:30:09,Mostly Cloudy,12,12,16
13:32:08,Mostly Cloudy,12,12,16
13:34:09,Mostly Cloudy,12,12,16
13:36:09,Mostly Cloudy,12,12,16
13:38:08,Mostly Cloudy,12,12,16
13:40:09,Mostly Cloudy,12,12,16
13:42:09,Mostly Cloudy,12,12,16
13:44:09,Mostly Cloudy,12,12,16
13:46:08,Mostly Cloudy,12,12,16
13:48:08,Mostly Cloudy,12,12,16
13:50:09,Mostly Cloudy,12,12,16
13:52:09,Mostly Cloudy,12,12,16
13:54:08,Mostly Cloudy,12,12,16
13:56:09,Mostly Cloudy,12,12,16
13:58:09,Mostly Cloudy,12,12,16
14:00:09,Mostly Cloudy,12,12,16
14:02:09,Mostly Cloudy,12,12,16
14:04:09,Mostly Cloudy,12,12,16
14:06:09,Mostly Cloudy,12,12,16
14:08:08,Mostly Cloudy,12,12,16
14:10:09,Mostly Cloudy,12,12,16
14:12:09,Mostly Cloudy,12,12,16
14:14:08,Mostly Cloudy,12,12,16
14:16:09,Mostly Cloudy,12,12,16
14:18:09,Mostly Cloudy,12,12,16
14:20:08,Mostly Cloudy,12,12,16
14:22:09,Mostly Cloudy,12,12,16
14:24:09,Mostly Cloudy,12,12,16
14:26:08,Mostly Cloudy,12,12,16
14:28:09,Mostly Cloudy,12,12,16
14:30:09,Mostly Cloudy,12,12,16
14:32:08,Mostly Cloudy,12,12,16
14:34:09,Mostly Cloudy,12,12,16
14:36:09,Mostly Cloudy,12,12,16
14:38:09,Mostly Cloudy,12,12,16
14:40:08,Mostly Cloudy,12,12,16
14:42:09,Mostly Cloudy,12,12,14
14:44:09,Mostly Cloudy,12,12,14
14:46:09,Mostly Cloudy,12,12,14
14:48:08,Mostly Cloudy,12,12,14
14:50:09,Mostly Cloudy,12,12,14
14:52:09,Mostly Cloudy,12,12,14
14:54:09,Mostly Cloudy,12,12,14
14:56:09,Mostly Cloudy,12,12,14
14:58:09,Mostly Cloudy,12,12,14
15:00:09,Mostly Cloudy,12,12,14
15:02:09,Mostly Cloudy,12,12,14
15:04:09,Mostly Cloudy,12,12,14
15:06:09,Mostly Cloudy,12,12,14
15:08:08,Mostly Cloudy,12,12,14
15:10:08,Mostly Cloudy,12,12,14
15:12:08,Mostly Cloudy,13,13,19
15:14:09,Mostly Cloudy,13,13,19
15:16:08,Mostly Cloudy,13,13,19
15:18:09,Mostly Cloudy,13,13,19
15:20:08,Mostly Cloudy,13,13,19
15:22:08,Mostly Cloudy,13,13,19
15:24:08,Mostly Cloudy,13,13,19
15:26:09,Mostly Cloudy,13,13,19
15:28:09,Mostly Cloudy,13,13,19
15:30:09,Mostly Cloudy,13,13,19
15:32:08,Mostly Cloudy,13,13,19
15:34:09,Mostly Cloudy,13,13,19
15:36:09,Mostly Cloudy,13,13,19
15:38:09,Mostly Cloudy,13,13,19
15:40:08,Mostly Cloudy,12,12,19
15:42:09,Mostly Cloudy,12,12,19
15:44:09,Mostly Cloudy,12,12,19
15:46:09,Mostly Cloudy,12,12,19
15:48:09,Mostly Cloudy,12,12,19
15:50:08,Mostly Cloudy,12,12,19
15:52:08,Mostly Cloudy,12,12,19
15:54:09,Mostly Cloudy,12,12,19
15:56:09,Mostly Cloudy,12,12,19
15:58:09,Mostly Cloudy,12,12,19
16:00:09,Mostly Cloudy,12,12,19
16:02:08,Mostly Cloudy,12,12,19
16:04:09,Mostly Cloudy,12,12,19
16:06:09,Mostly Cloudy,12,12,19
16:08:09,Mostly Cloudy,12,12,19
16:10:09,Mostly Cloudy,12,12,19
16:12:08,Mostly Cloudy,12,12,19
16:14:08,Mostly Cloudy,12,12,19
16:16:09,Mostly Cloudy,12,12,14
16:18:09,Mostly Cloudy,12,12,14
16:20:08,Mostly Cloudy,12,12,14
16:22:09,Mostly Cloudy,12,12,14
16:24:09,Mostly Cloudy,12,12,14
16:26:09,Mostly Cloudy,12,12,14
16:28:08,Mostly Cloudy,12,12,14
16:30:09,Mostly Cloudy,12,12,14
16:32:09,Mostly Cloudy,12,12,14
16:34:09,Mostly Cloudy,12,12,14
16:36:09,Mostly Cloudy,12,12,14
16:38:09,Mostly Cloudy,12,12,14
16:40:08,Mostly Cloudy,12,12,14
16:42:09,Mostly Cloudy,12,12,14
16:44:09,Mostly Cloudy,12,12,14
16:46:09,Mostly Cloudy,12,12,14
16:48:08,Mostly Cloudy,12,12,14
16:50:09,Mostly Cloudy,12,12,14
16:52:09,Mostly Cloudy,12,12,14
16:54:08,Mostly Cloudy,12,12,14
16:56:08,Mostly Cloudy,12,12,14
16:58:09,Mostly Cloudy,12,12,14
17:00:09,Mostly Cloudy,12,12,14
17:02:09,Mostly Cloudy,12,12,14
17:04:09,Mostly Cloudy,12,12,14
17:06:08,Mostly Cloudy,12,12,14
17:08:09,Mostly Cloudy,12,12,14
17:10:09,Mostly Cloudy,12,12,14
17:12:09,Mostly Cloudy,12,12,14
17:14:09,Mostly Cloudy,12,12,14
17:16:08,Mostly Cloudy,12,12,12
17:18:09,Mostly Cloudy,12,12,12
17:20:09,Mostly Cloudy,12,12,12
17:22:09,Mostly Cloudy,12,12,12
17:24:09,Mostly Cloudy,12,12,12
17:26:08,Mostly Cloudy,12,12,12
17:28:08,Mostly Cloudy,12,12,12
17:30:09,Mostly Cloudy,12,12,12
17:32:09,Mostly Cloudy,12,12,12
17:34:08,Mostly Cloudy,12,12,12
17:36:09,Mostly Cloudy,12,12,12
17:38:09,Mostly Cloudy,12,12,12
17:40:09,Mostly Cloudy,12,12,12
17:42:08,Mostly Cloudy,12,12,12
17:44:09,Mostly Cloudy,12,12,12
17:46:09,Mostly Cloudy,12,12,12
17:48:09,Mostly Cloudy,12,12,12
17:50:08,Mostly Cloudy,12,12,12
17:52:09,Mostly Cloudy,12,12,12
17:54:09,Mostly Cloudy,12,12,12
17:56:09,Mostly Cloudy,12,12,12
17:58:09,Mostly Cloudy,12,12,12
18:00:08,Mostly Cloudy,12,12,12
18:02:09,Mostly Cloudy,12,12,12
18:04:09,Mostly Cloudy,12,12,12
18:06:09,Mostly Cloudy,12,12,12
18:08:09,Mostly Cloudy,12,12,12
18:10:08,Mostly Cloudy,12,12,12
18:12:08,Mostly Cloudy,12,12,12
18:14:09,Mostly Cloudy,12,12,12
18:16:09,Mostly Cloudy,12,12,12
18:18:08,Mostly Cloudy,12,12,11
18:20:09,Mostly Cloudy,12,12,11
18:22:09,Mostly Cloudy,12,12,11
18:24:09,Mostly Cloudy,12,12,11
18:26:08,Mostly Cloudy,12,12,11
18:28:09,Mostly Cloudy,12,12,11
18:30:09,Mostly Cloudy,12,12,11
18:32:08,Mostly Cloudy,12,12,11
18:34:08,Mostly Cloudy,12,12,11
18:36:09,Mostly Cloudy,12,12,11
18:38:09,Mostly Cloudy,12,12,11
18:40:09,Mostly Cloudy,12,12,11
18:42:09,Mostly Cloudy,12,12,11
18:44:08,Mostly Cloudy,12,12,11
18:46:08,Mostly Cloudy,12,12,11
18:48:09,Mostly Cloudy,12,12,11
18:50:09,Mostly Cloudy,12,12,11
18:52:09,Mostly Cloudy,12,12,11
18:54:08,Mostly Cloudy,12,12,11
18:56:09,Mostly Cloudy,12,12,11
18:58:09,Mostly Cloudy,12,12,11
19:00:09,Mostly Cloudy,12,12,11
19:02:09,Mostly Cloudy,12,12,11
19:04:09,Mostly Cloudy,12,12,11
19:06:09,Mostly Cloudy,12,12,11
19:08:08,Mostly Cloudy,12,12,11
19:10:08,Mostly Cloudy,12,12,11
19:12:09,Mostly Cloudy,12,12,11
19:14:09,Mostly Cloudy,12,12,11
19:16:09,Mostly Cloudy,12,12,9
19:18:09,Mostly Cloudy,12,12,9
19:20:09,Mostly Cloudy,12,12,9
19:22:08,Mostly Cloudy,12,12,9
19:24:09,Mostly Cloudy,12,12,9
19:26:09,Mostly Cloudy,12,12,9
19:28:09,Mostly Cloudy,12,12,9
19:30:09,Mostly Cloudy,12,12,9
19:32:09,Mostly Cloudy,12,12,9
19:34:09,Mostly Cloudy,12,12,9
19:36:09,Mostly Cloudy,12,12,9
19:38:09,Mostly Cloudy,12,12,9
19:40:09,Mostly Cloudy,12,12,9
19:42:08,Mostly Cloudy,12,12,9
19:44:08,Mostly Cloudy,12,12,9
19:46:09,Mostly Cloudy,12,12,9
19:48:08,Mostly Cloudy,12,12,9
19:50:09,Mostly Cloudy,12,12,9
19:52:09,Mostly Cloudy,12,12,9
19:54:09,Mostly Cloudy,12,12,9
19:56:08,Mostly Cloudy,12,12,9
19:58:08,Mostly Cloudy,12,12,9
20:00:09,Mostly Cloudy,12,12,9
20:02:08,Mostly Cloudy,12,12,9
20:04:08,Mostly Cloudy,12,12,9
20:06:09,Mostly Cloudy,12,12,9
20:08:09,Mostly Cloudy,12,12,9
20:10:09,Cloudy,11,11,8
20:12:08,Cloudy,11,11,8
20:14:09,Cloudy,11,11,8
20:16:09,Cloudy,11,11,8
20:18:08,Cloudy,11,11,8
20:20:09,Cloudy,11,11,8
20:22:09,Cloudy,11,11,8
20:24:09,Cloudy,11,11,8
20:26:08,Cloudy,11,11,8
20:28:09,Cloudy,11,11,8
20:30:09,Cloudy,11,11,8
20:32:08,Cloudy,11,11,8
20:34:08,Cloudy,11,11,8
20:36:09,Cloudy,11,11,8
20:38:09,Cloudy,11,11,8
20:40:09,Cloudy,11,11,8
20:42:08,Cloudy,11,11,8
20:44:08,Cloudy,11,11,8
20:46:09,Cloudy,11,11,8
20:48:09,Cloudy,11,11,8
20:50:08,Cloudy,11,11,8
20:52:08,Cloudy,11,11,8
20:54:09,Cloudy,11,11,8
20:56:09,Cloudy,11,11,8
20:58:09,Cloudy,11,11,8
21:00:09,Cloudy,11,11,8
21:02:09,Cloudy,11,11,8
21:04:09,Cloudy,11,11,8
21:06:09,Cloudy,11,11,8
21:08:08,Cloudy,11,11,8
21:10:09,Cloudy,11,11,8
21:12:09,Cloudy,11,11,8
21:14:09,Mostly Cloudy,10,10,9
21:16:08,Mostly Cloudy,10,10,9
21:18:09,Mostly Cloudy,10,10,9
21:20:09,Mostly Cloudy,10,10,9
21:22:09,Mostly Cloudy,10,10,9
21:24:09,Mostly Cloudy,10,10,9
21:26:09,Mostly Cloudy,10,10,9
21:28:08,Mostly Cloudy,10,10,9
21:30:09,Mostly Cloudy,10,10,9
21:32:09,Mostly Cloudy,10,10,9
21:34:08,Mostly Cloudy,10,10,9
21:36:08,Mostly Cloudy,10,10,9
21:38:09,Mostly Cloudy,10,10,9
21:40:09,Mostly Cloudy,10,10,9
21:42:09,Mostly Cloudy,10,10,9
21:44:09,Mostly Cloudy,10,10,9
21:46:09,Mostly Cloudy,10,10,9
21:48:09,Mostly Cloudy,10,10,9
21:50:09,Mostly Cloudy,10,10,9
21:52:08,Mostly Cloudy,10,10,9
21:54:09,Mostly Cloudy,10,10,9
21:56:09,Mostly Cloudy,10,10,9
21:58:09,Mostly Cloudy,10,10,9
22:00:08,Mostly Cloudy,10,10,9
22:02:09,Mostly Cloudy,10,10,9
22:04:09,Mostly Cloudy,10,10,9
22:06:08,Mostly Cloudy,10,10,9
22:08:09,Mostly Cloudy,10,10,9
22:10:09,Mostly Cloudy,10,10,9
22:12:08,Mostly Cloudy,11,11,9
22:14:09,Mostly Cloudy,11,11,9
22:16:09,Mostly Cloudy,11,11,9
22:18:08,Mostly Cloudy,11,11,9
22:20:09,Mostly Cloudy,11,11,9
22:22:09,Mostly Cloudy,11,11,9
22:24:09,Mostly Cloudy,11,11,9
22:26:09,Mostly Cloudy,11,11,9
22:28:08,Mostly Cloudy,11,11,9
22:30:09,Mostly Cloudy,11,11,9
22:32:09,Mostly Cloudy,11,11,9
22:34:08,Mostly Cloudy,11,11,9
22:36:09,Mostly Cloudy,11,11,9
22:38:09,Mostly Cloudy,11,11,9
22:40:08,Mostly Cloudy,11,11,9
22:42:09,Mostly Cloudy,11,11,9
22:44:09,Mostly Cloudy,11,11,9
22:46:09,Mostly Cloudy,11,11,9
22:48:08,Mostly Cloudy,11,11,9
22:50:09,Mostly Cloudy,11,11,9
22:52:09,Mostly Cloudy,11,11,9
22:54:09,Mostly Cloudy,11,11,9
22:56:08,Mostly Cloudy,11,11,9
22:58:08,Mostly Cloudy,11,11,9
23:00:09,Mostly Cloudy,11,11,9
23:02:08,Mostly Cloudy,11,11,9
23:04:08,Mostly Cloudy,11,11,9
23:06:09,Mostly Cloudy,11,11,9
23:08:09,Mostly Cloudy,11,11,9
23:10:08,Mostly Cloudy,11,11,9
23:12:08,Mostly Cloudy,10,10,9
23:14:09,Mostly Cloudy,10,10,9
23:16:09,Mostly Cloudy,10,10,9
23:18:08,Mostly Cloudy,10,10,9
23:20:08,Mostly Cloudy,10,10,9
23:22:09,Mostly Cloudy,10,10,9
23:24:08,Mostly Cloudy,10,10,9
23:26:09,Mostly Cloudy,10,10,9
23:28:09,Mostly Cloudy,10,10,9
23:30:08,Mostly Cloudy,10,10,9
23:32:09,Mostly Cloudy,10,10,9
23:34:09,Mostly Cloudy,10,10,9
23:36:09,Mostly Cloudy,10,10,9
23:38:09,Mostly Cloudy,10,10,9
23:40:09,Mostly Cloudy,10,10,9
23:42:09,Mostly Cloudy,10,10,9
23:44:08,Mostly Cloudy,10,10,9
23:46:09,Mostly Cloudy,10,10,9
23:48:09,Mostly Cloudy,10,10,9
23:50:08,Mostly Cloudy,10,10,9
23:52:09,Mostly Cloudy,10,10,9
23:54:09,Mostly Cloudy,10,10,9
23:56:08,Mostly Cloudy,10,10,9
23:58:08,Mostly Cloudy,10,10,9
