Time,Weather,Temperature,Feels_Like,Wind_Speed
00:00:09,Mostly Cloudy,8,7,8
00:02:08,Mostly Cloudy,8,7,8
00:04:09,Mostly Cloudy,8,7,8
00:06:09,Mostly Cloudy,8,7,8
00:08:09,Mostly Cloudy,8,7,8
00:10:08,Mostly Cloudy,8,7,8
00:12:08,Mostly Cloudy,8,7,8
00:14:09,Mostly Cloudy,8,7,8
00:16:09,Mostly Cloudy,8,7,9
00:18:08,Mostly Cloudy,8,7,9
00:20:09,Mostly Cloudy,8,7,9
00:22:09,Mostly Cloudy,8,7,9
00:24:09,Mostly Cloudy,8,7,9
00:26:08,Mostly Cloudy,8,7,9
00:28:08,Mostly Cloudy,8,7,9
00:30:09,Mostly Cloudy,8,7,9
00:32:09,Mostly Cloudy,8,7,9
00:34:08,Mostly Cloudy,8,7,9
00:36:09,Mostly Cloudy,8,7,9
00:38:09,Mostly Cloudy,8,7,9
00:40:09,Mostly Cloudy,8,7,9
00:42:08,Mostly Cloudy,8,7,9
00:44:09,Mostly Cloudy,8,7,9
00:46:09,Mostly Cloudy,8,7,9
00:48:08,Mostly Cloudy,8,7,9
00:50:08,Mostly Cloudy,8,7,9
00:52:09,Mostly Cloudy,8,7,9
00:54:08,Mostly Cloudy,8,7,9
00:56:09,Mostly Cloudy,8,7,9
00:58:09,Mostly Cloudy,8,7,9
01:00:16,Mostly Cloudy,8,7,9
01:02:09,Mostly Cloudy,8,7,9
01:04:09,Mostly Cloudy,8,7,9
01:06:08,Mostly Cloudy,8,7,9
01:08:08,Mostly Cloudy,8,7,9
01:10:08,Mostly Cloudy,8,7,9
01:12:09,Mostly Cloudy,8,7,9
01:14:09,Mostly Cloudy,8,7,9
01:16:09,Mostly Cloudy,7,6,11
01:18:08,Mostly Cloudy,7,6,11
01:20:09,Mostly Cloudy,7,6,11
01:22:09,Mostly Cloudy,7,6,11
01:24:08,Mostly Cloudy,7,6,11
01:26:08,Mostly Cloudy,7,6,11
01:28:09,Mostly Cloudy,7,6,11
01:30:09,Mostly Cloudy,7,6,11
01:32:09,Mostly Cloudy,7,6,11
01:34:09,Mostly Cloudy,7,6,11
01:36:08,Mostly Cloudy,7,6,11
01:38:09,Mostly Cloudy,7,6,11
01:40:09,Mostly Cloudy,7,6,11
01:42:08,Mostly Cloudy,7,6,11
01:44:08,Mostly Cloudy,7,6,11
01:46:09,Mostly Cloudy,7,6,11
01:48:09,Mostly Cloudy,7,6,11
01:50:09,Mostly Cloudy,7,6,11
01:52:09,Mostly Cloudy,7,6,11
01:54:08,Mostly Cloudy,7,6,11
01:56:09,Mostly Cloudy,7,6,11
01:58:09,Mostly Cloudy,7,6,11
02:00:08,Mostly Cloudy,7,6,11
02:02:09,Mostly Cloudy,7,6,11
02:04:09,Mostly Cloudy,7,6,11
02:06:08,Mostly Cloudy,7,6,11
02:08:09,Mostly Cloudy,7,6,11
02:10:09,Mostly Cloudy,7,6,11
02:12:09,Mostly Cloudy,7,6,11
02:14:08,Mostly Cloudy,7,6,11
02:16:08,Mostly Cloudy,7,6,11
02:18:09,Mostly Cloudy,7,6,11
02:20:09,Mostly Cloudy,7,6,11
02:22:08,Mostly Cloudy,7,6,11
02:24:08,Mostly Cloudy,7,6,11
02:26:09,Mostly Cloudy,7,6,11
02:28:09,Fair,7,7,4
02:30:09,Fair,7,7,4
02:32:09,Fair,7,7,4
02:34:08,Fair,7,7,4
02:36:09,Fair,7,7,4
02:38:09,Fair,7,7,4
02:40:09,Fair,7,7,4
02:42:08,Fair,7,7,4
02:44:08,Fair,7,7,4
02:46:09,Fair,7,7,4
02:48:09,Fair,7,7,4
02:50:08,Fair,7,7,4
02:52:09,Fair,7,7,4
02:54:09,Fair,7,7,4
02:56:09,Fair,7,7,4
02:58:08,Fair,7,7,4
03:00:08,Fair,7,7,4
03:02:09,Fair,7,7,4
03:04:09,Fair,7,7,4
03:06:09,Fair,7,7,4
03:08:08,Fair,7,7,4
03:10:08,Fair,6,4,8
03:12:09,Fair,6,4,8
03:14:09,Fair,6,4,8
03:16:08,Fair,6,4,8
03:18:09,Fair,6,4,8
03:20:09,Fair,6,4,8
03:22:09,Fair,6,4,8
03:24:08,Fair,6,4,8
03:26:09,Fair,6,4,8
03:28:09,Fair,6,4,8
03:30:09,Fair,6,4,8
03:32:08,Fair,6,4,8
03:34:08,Fair,6,4,8
03:36:09,Fair,6,4,8
03:38:09,Fair,6,4,8
03:40:08,Fair,6,4,8
03:42:08,Fair,6,4,8
03:44:09,Fair,6,4,8
03:46:09,Fair,6,4,8
03:48:09,Fair,6,4,8
03:50:08,Fair,6,4,8
03:52:08,Fair,6,4,8
03:54:09,Fair,6,4,8
03:56:09,Fair,6,4,8
03:58:09,Fair,6,4,8
04:00:08,Fair,6,4,8
04:02:09,Fair,6,4,8
04:04:09,Fair,6,4,8
04:06:09,Fair,6,4,8
04:08:09,Fair,6,4,8
04:10:08,Mostly Cloudy,6,6,1
04:12:08,Mostly Cloudy,6,6,1
04:14:09,Mostly Cloudy,6,6,1
04:16:09,Mostly Cloudy,6,6,1
04:18:09,Mostly Cloudy,6,6,1
04:20:08,Mostly Cloudy,6,6,1
04:22:09,Mostly Cloudy,6,6,1
04:24:09,Mostly Cloudy,6,6,1
04:26:08,Mostly Cloudy,6,6,1
04:28:08,Mostly Cloudy,6,6,1
04:30:09,Mostly Cloudy,6,6,1
04:32:09,Mostly Cloudy,6,6,1
04:34:09,Mostly Cloudy,6,6,1
04:36:08,Mostly Cloudy,6,6,1
04:38:08,Mostly Cloudy,6,6,1
04:40:09,Mostly Cloudy,6,6,1
04:42:09,Mostly Cloudy,6,6,1
04:44:09,Mostly Cloudy,6,6,1
04:46:08,Mostly Cloudy,6,6,1
04:48:09,Mostly Cloudy,6,6,1
04:50:09,Mostly Cloudy,6,6,1
04:52:09,Mostly Cloudy,6,6,1
04:54:08,Mostly Cloudy,6,6,1
04:56:09,Mostly Cloudy,6,6,1
04:58:09,Mostly Cloudy,6,6,1
05:00:09,Mostly Cloudy,6,6,1
05:02:08,Mostly Cloudy,6,6,1
05:04:09,Mostly Cloudy,6,6,1
05:06:09,Mostly Cloudy,6,6,1
05:08:08,Mostly Cloudy,6,6,1
05:10:09,Mostly Cloudy,5,5,4
05:12:09,Mostly Cloudy,5,5,4
05:14:09,Mostly Cloudy,5,5,4
05:16:09,Mostly Cloudy,5,5,4
05:18:09,Mostly Cloudy,5,5,4
05:20:09,Mostly Cloudy,5,5,4
05:22:08,Mostly Cloudy,5,5,4
05:24:09,Mostly Cloudy,5,5,4
05:26:09,Mostly Cloudy,5,5,4
05:28:08,Mostly Cloudy,5,5,4
05:30:09,Mostly Cloudy,5,5,4
05:32:09,Mostly Cloudy,5,5,4
05:34:09,Mostly Cloudy,5,5,4
05:36:08,Mostly Cloudy,5,5,4
05:38:09,Mostly Cloudy,5,5,4
05:40:09,Mostly Cloudy,5,5,4
05:42:09,Mostly Cloudy,5,5,4
05:44:09,Mostly Cloudy,5,5,4
05:46:09,Mostly Cloudy,5,5,4
05:48:09,Mostly Cloudy,5,5,4
05:50:09,Mostly Cloudy,5,5,4
05:52:09,Mostly Cloudy,5,5,4
05:54:08,Mostly Cloudy,5,5,4
05:56:09,Mostly Cloudy,5,5,4
05:58:09,Mostly Cloudy,5,5,4
06:00:08,Mostly Cloudy,5,5,4
06:02:09,Mostly Cloudy,5,5,4
06:04:09,Mostly Cloudy,5,5,4
06:06:09,Mostly Cloudy,5,5,4
06:08:08,Mostly Cloudy,5,5,4
06:10:08,Mostly Cloudy,5,5,4
06:12:09,Mostly Cloudy,5,5,4
06:14:09,Mostly Cloudy,7,7,1
06:16:08,Mostly Cloudy,7,7,1
06:18:09,Mostly Cloudy,7,7,1
06:20:09,Mostly Cloudy,7,7,1
06:22:08,Mostly Cloudy,7,7,1
06:24:09,Mostly Cloudy,7,7,1
06:26:09,Mostly Cloudy,7,7,1
06:28:09,Mostly Cloudy,7,7,1
06:30:09,Mostly Cloudy,7,7,1
06:32:08,Mostly Cloudy,7,7,1
06:34:08,Mostly Cloudy,7,7,1
06:36:09,Mostly Cloudy,7,7,1
06:38:09,Mostly Cloudy,7,7,1
06:40:09,Mostly Cloudy,7,7,1
06:42:09,Mostly Cloudy,7,7,1
06:44:09,Mostly Cloudy,7,7,1
06:46:09,Mostly Cloudy,7,7,1
06:48:09,Mostly Cloudy,7,7,1
06:50:08,Mostly Cloudy,7,7,1
06:52:08,Mostly Cloudy,7,7,1
06:54:09,Mostly Cloudy,7,7,1
06:56:09,Mostly Cloudy,7,7,1
06:58:09,Mostly Cloudy,7,7,1
07:00:08,Mostly Cloudy,7,7,1
07:02:08,Mostly Cloudy,7,7,1
07:04:09,Mostly Cloudy,7,7,1
07:06:09,Mostly Cloudy,7,7,1
07:08:09,Mostly Cloudy,7,7,1
07:10:08,Mostly Cloudy,7,7,1
07:12:09,Mostly Cloudy,7,7,1
07:14:09,Mostly Cloudy,7,7,1
07:16:09,Mostly Cloudy,7,7,1
07:18:08,Mostly Cloudy,7,7,4
07:20:09,Mostly Cloudy,7,7,4
07:22:09,Mostly Cloudy,7,7,4
07:24:08,Mostly Cloudy,7,7,4
07:26:09,Mostly Cloudy,7,7,4
07:28:09,Mostly Cloudy,7,7,4
07:30:09,Mostly Cloudy,7,7,4
07:32:08,Mostly Cloudy,7,7,4
07:34:08,Mostly Cloudy,7,7,4
07:36:09,Mostly Cloudy,7,7,4
07:38:09,Mostly Cloudy,7,7,4
07:40:08,Mostly Cloudy,7,7,4
07:42:08,Mostly Cloudy,7,7,4
07:44:09,Mostly Cloudy,7,7,4
07:46:09,Mostly Cloudy,7,7,4
07:48:08,Mostly Cloudy,7,7,4
07:50:08,Mostly Cloudy,7,7,4
07:52:09,Mostly Cloudy,7,7,4
07:54:09,Mostly Cloudy,7,7,4
07:56:08,Mostly Cloudy,7,7,4
07:58:09,Mostly Cloudy,7,7,4
08:00:09,Mostly Cloudy,7,7,4
08:02:09,Mostly Cloudy,7,7,4
08:04:08,Mostly Cloudy,7,7,4
08:06:09,Mostly Cloudy,7,7,4
08:08:09,Mostly Cloudy,7,7,4
08:10:08,Mostly Cloudy,7,7,4
08:12:09,Mostly Cloudy,7,7,4
08:14:09,Mostly Cloudy,7,7,4
08:16:08,Mostly Cloudy,7,7,4
08:18:09,Mostly Cloudy,7,7,4
08:20:09,Mostly Cloudy,8,8,3
08:22:09,Mostly Cloudy,8,8,3
08:24:09,Mostly Cloudy,8,8,3
08:26:09,Mostly Cloudy,8,8,3
08:28:08,Mostly Cloudy,8,8,3
08:30:09,Mostly Cloudy,8,8,3
08:32:09,Mostly Cloudy,8,8,3
08:34:08,Mostly Cloudy,8,8,3
08:36:08,Mostly Cloudy,8,8,3
08:38:09,Mostly Cloudy,8,8,3
08:40:09,Mostly Cloudy,8,8,3
08:42:08,Mostly Cloudy,8,8,3
08:44:08,Mostly Cloudy,8,8,3
08:46:09,Mostly Cloudy,8,8,3
08:48:09,Mostly Cloudy,8,8,3
08:50:09,Mostly Cloudy,8,8,3
08:52:09,Mostly Cloudy,8,8,3
08:54:08,Mostly Cloudy,8,8,3
08:56:09,Mostly Cloudy,8,8,3
08:58:09,Mostly Cloudy,8,8,3
09:00:09,Mostly Cloudy,8,8,3
09:02:08,Mostly Cloudy,8,8,3
09:04:08,Mostly Cloudy,8,8,3
09:06:09,Mostly Cloudy,8,8,3
09:08:09,Mostly Cloudy,8,8,3
09:10:08,Mostly Cloudy,10,10,9
09:12:09,Mostly Cloudy,10,10,9
09:14:09,Mostly Cloudy,10,10,9
09:16:09,Mostly Cloudy,10,10,9
09:18:08,Mostly Cloudy,10,10,9
09:20:09,Mostly Cloudy,10,10,9
09:22:09,Mostly Cloudy,10,10,9
09:24:08,Mostly Cloudy,10,10,9
09:26:08,Mostly Cloudy,10,10,9
09:28:09,Mostly Cloudy,10,10,9
09:30:09,Mostly Cloudy,10,10,9
09:32:08,Mostly Cloudy,10,10,9
09:34:08,Mostly Cloudy,10,10,9
09:36:09,Mostly Cloudy,10,10,9
09:38:09,Mostly Cloudy,10,10,9
09:40:08,Mostly Cloudy,10,10,9
09:42:08,Mostly Cloudy,10,10,9
09:44:09,Mostly Cloudy,10,10,9
09:46:09,Mostly Cloudy,10,10,9
09:48:08,Mostly Cloudy,10,10,9
09:50:08,Mostly Cloudy,10,10,9
09:52:09,Mostly Cloudy,10,10,9
09:54:09,Mostly Cloudy,10,10,9
09:56:08,Mostly Cloudy,10,10,9
09:58:08,Mostly Cloudy,10,10,9
10:00:09,Mostly Cloudy,10,10,9
10:02:08,Mostly Cloudy,10,10,9
10:04:09,Mostly Cloudy,10,10,9
10:06:09,Mostly Cloudy,10,10,9
10:08:09,Mostly Cloudy,10,10,9
10:10:09,Mostly Cloudy,10,10,9
10:12:09,Mostly Cloudy,10,10,9
10:14:09,Mostly Cloudy,12,12,8
10:16:08,Mostly Cloudy,12,12,8
10:18:09,Mostly Cloudy,12,12,8
10:20:09,Mostly Cloudy,12,12,8
10:22:08,Mostly Cloudy,12,12,8
10:24:08,Mostly Cloudy,12,12,8
10:26:09,Mostly Cloudy,12,12,8
10:28:09,Mostly Cloudy,12,12,8
10:30:09,Mostly Cloudy,12,12,8
10:32:08,Mostly Cloudy,12,12,8
10:34:09,Mostly Cloudy,12,12,8
10:36:09,Mostly Cloudy,12,12,8
10:38:09,Mostly Cloudy,12,12,8
10:40:08,Mostly Cloudy,12,12,8
10:42:09,Mostly Cloudy,12,12,8
10:44:09,Mostly Cloudy,12,12,8
10:46:08,Mostly Cloudy,12,12,8
10:48:09,Mostly Cloudy,12,12,8
10:50:09,Mostly Cloudy,12,12,8
10:52:08,Mostly Cloudy,12,12,8
10:54:08,Mostly Cloudy,12,12,8
10:56:09,Mostly Cloudy,12,12,8
10:58:09,Mostly Cloudy,12,12,8
11:00:09,Mostly Cloudy,12,12,8
11:02:08,Mostly Cloudy,12,12,8
11:04:09,Mostly Cloudy,12,12,8
11:06:09,Mostly Cloudy,12,12,8
11:08:09,Mostly Cloudy,12,12,8
11:10:09,Mostly Cloudy,12,12,8
11:12:08,Mostly Cloudy,12,12,11
11:14:09,Mostly Cloudy,12,12,11
11:16:09,Mostly Cloudy,12,12,11
11:18:08,Mostly Cloudy,12,12,11
11:20:09,Mostly Cloudy,12,12,11
11:22:09,Mostly Cloudy,12,12,11
11:24:08,Mostly Cloudy,12,12,11
11:26:09,Mostly Cloudy,12,12,11
11:28:09,Mostly Cloudy,12,12,11
11:30:09,Mostly Cloudy,12,12,11
11:32:08,Mostly Cloudy,12,12,11
11:34:09,Mostly Cloudy,12,12,11
11:36:09,Mostly Cloudy,12,12,11
11:38:09,Mostly Cloudy,12,12,11
11:40:08,Mostly Cloudy,12,12,11
11:42:08,Mostly Cloudy,12,12,11
11:44:09,Mostly Cloudy,12,12,11
11:46:09,Mostly Cloudy,12,12,11
11:48:08,Mostly Cloudy,12,12,11
11:50:08,Mostly Cloudy,12,12,11
11:52:09,Mostly Cloudy,12,12,11
11:54:09,Mostly Cloudy,12,12,11
11:56:09,Mostly Cloudy,12,12,11
11:58:08,Mostly Cloudy,12,12,11
12:00:09,Mostly Cloudy,12,12,11
12:02:09,Mostly Cloudy,12,12,11
12:04:08,Mostly Cloudy,12,12,11
12:06:09,Mostly Cloudy,12,12,11
12:08:09,Mostly Cloudy,12,12,11
12:10:09,Mostly Cloudy,13,13,14
12:12:08,Mostly Cloudy,13,13,14
12:14:08,Mostly Cloudy,13,13,14
12:16:09,Mostly Cloudy,13,13,14
12:18:09,Mostly Cloudy,13,13,14
12:20:09,Mostly Cloudy,13,13,14
12:22:09,Mostly Cloudy,13,13,14
12:24:09,Mostly Cloudy,13,13,14
12:26:08,Mostly Cloudy,13,13,14
12:28:08,Mostly Cloudy,13,13,14
12:30:09,Mostly Cloudy,13,13,14
12:32:09,Mostly Cloudy,13,13,14
12:34:09,Mostly Cloudy,13,13,14
12:36:08,Mostly Cloudy,13,13,14
12:38:09,Mostly Cloudy,13,13,14
12:40:08,Mostly Cloudy,13,13,14
12:42:09,Mostly Cloudy,13,13,14
12:44:09,Mostly Cloudy,13,13,14
12:46:09,Mostly Cloudy,13,13,14
12:48:09,Mostly Cloudy,13,13,14
12:50:09,Mostly Cloudy,13,13,14
12:52:09,Mostly Cloudy,13,13,14
12:54:08,Mostly Cloudy,13,13,14
12:56:08,Mostly Cloudy,13,13,14
12:58:09,Mostly Cloudy,13,13,14
13:00:09,Mostly Cloudy,13,13,14
13:02:09,Mostly Cloudy,13,13,14
13:04:08,Mostly Cloudy,13,13,14
13:06:08,Mostly Cloudy,13,13,14
13:08:09,Mostly Cloudy,13,13,14
13:10:09,Mostly Cloudy,13,13,14
13:12:08,Mostly Cloudy,13,13,14
13:14:08,Mostly Cloudy,13,13,14
13:16:08,Mostly Cloudy,12,12,19
13:18:09,Mostly Cloudy,12,12,19
13:20:09,Mostly Cloudy,12,12,19
13:22:08,Mostly Cloudy,12,12,19
13:24:09,Mostly Cloudy,12,12,19
13:26:09,Mostly Cloudy,12,12,19
13:28:08,Mostly Cloudy,12,12,19
13:30:09,Mostly Cloudy,12,12,19
13:32:09,Mostly Cloudy,12,12,19
13:34:08,Mostly Cloudy,12,12,19
13:36:09,Mostly Cloudy,12,12,19
13:38:09,Mostly Cloudy,12,12,19
13:40:09,Mostly Cloudy,12,12,19
13:42:08,Mostly Cloudy,12,12,19
13:44:09,Mostly Cloudy,12,12,19
13:46:09,Mostly Cloudy,12,12,19
13:48:08,Mostly Cloudy,12,12,19
13:50:08,Mostly Cloudy,12,12,19
13:52:09,Mostly Cloudy,12,12,19
13:54:09,Mostly Cloudy,12,12,19
13:56:09,Mostly Cloudy,12,12,19
13:58:08,Mostly Cloudy,12,12,19
14:00:09,Mostly Cloudy,12,12,19
14:02:09,Mostly Cloudy,12,12,19
14:04:09,Mostly Cloudy,12,12,19
14:06:09,Mostly Cloudy,12,12,19
14:08:08,Mostly Cloudy,12,12,19
14:10:09,Mostly Cloudy,12,12,19
14:12:09,Mostly Cloudy,12,12,19
14:14:09,Mostly Cloudy,12,12,14
14:16:08,Mostly Cloudy,12,12,14
14:18:09,Mostly Cloudy,12,12,14
14:20:09,Mostly Cloudy,12,12,14
14:22:08,Mostly Cloudy,12,12,14
14:24:09,Mostly Cloudy,12,12,14
14:26:09,Mostly Cloudy,12,12,14
14:28:08,Mostly Cloudy,12,12,14
14:30:08,Mostly Cloudy,12,12,14
14:32:09,Mostly Cloudy,12,12,14
14:34:09,Mostly Cloudy,12,12,14
14:36:09,Mostly Cloudy,12,12,14
14:38:08,Mostly Cloudy,12,12,14
14:40:08,Mostly Cloudy,12,12,14
14:42:09,Mostly Cloudy,12,12,14
14:44:09,Mostly Cloudy,12,12,14
14:46:08,Mostly Cloudy,12,12,14
14:48:08,Mostly Cloudy,12,12,14
14:50:09,Mostly Cloudy,12,12,14
14:52:09,Mostly Cloudy,12,12,14
14:54:09,Mostly Cloudy,12,12,14
14:56:08,Mostly Cloudy,12,12,14
14:58:08,Mostly Cloudy,12,12,14
15:00:09,Mostly Cloudy,12,12,14
15:02:09,Mostly Cloudy,12,12,14
15:04:08,Mostly Cloudy,12,12,14
15:06:08,Mostly Cloudy,12,12,14
15:08:09,Mostly Cloudy,12,12,14
15:10:09,Mostly Cloudy,12,12,14
15:12:09,Mostly Cloudy,12,12,11
15:14:09,Mostly Cloudy,12,12,11
15:16:09,Mostly Cloudy,12,12,11
15:18:08,Mostly Cloudy,12,12,11
15:20:08,Mostly Cloudy,12,12,11
15:22:09,Mostly Cloudy,12,12,11
15:24:09,Mostly Cloudy,12,12,11
15:26:09,Mostly Cloudy,12,12,11
15:28:08,Mostly Cloudy,12,12,11
15:30:09,Mostly Cloudy,12,12,11
15:32:09,Mostly Cloudy,12,12,11
15:34:08,Mostly Cloudy,12,12,11
15:36:09,Mostly Cloudy,12,12,11
15:38:09,Mostly Cloudy,12,12,11
15:40:09,Mostly Cloudy,12,12,11
15:42:08,Mostly Cloudy,12,12,11
15:44:08,Mostly Cloudy,12,12,11
15:46:09,Mostly Cloudy,12,12,11
15:48:09,Mostly Cloudy,12,12,11
15:50:09,Mostly Cloudy,12,12,11
15:52:08,Mostly Cloudy,12,12,11
15:54:09,Mostly Cloudy,12,12,11
15:56:09,Mostly Cloudy,12,12,11
15:58:08,Mostly Cloudy,12,12,11
16:00:08,Mostly Cloudy,12,12,11
16:02:09,Mostly Cloudy,12,12,11
16:04:09,Mostly Cloudy,12,12,11
16:06:09,Mostly Cloudy,12,12,11
16:08:08,Mostly Cloudy,12,12,11
16:10:09,Mostly Cloudy,12,12,11
16:12:09,Mostly Cloudy,12,12,11
16:14:09,Mostly Cloudy,12,12,11
16:16:09,Mostly Cloudy,12,12,11
16:18:09,Mostly Cloudy,12,12,11
16:20:08,Mostly Cloudy,12,12,11
16:22:09,Mostly Cloudy,12,12,11
16:24:08,Mostly Cloudy,12,12,11
16:26:09,Mostly Cloudy,12,12,11
16:28:09,Mostly Cloudy,12,12,11
16:30:08,Mostly Cloudy,12,12,11
16:32:09,Mostly Cloudy,12,12,11
16:34:09,Mostly Cloudy,12,12,11
16:36:09,Mostly Cloudy,12,12,11
16:38:09,Mostly Cloudy,12,12,11
16:40:08,Mostly Cloudy,12,12,11
16:42:09,Mostly Cloudy,12,12,11
16:44:09,Mostly Cloudy,12,12,11
16:46:08,Mostly Cloudy,12,12,11
16:48:09,Mostly Cloudy,12,12,11
16:50:09,Mostly Cloudy,12,12,11
16:52:08,Mostly Cloudy,12,12,11
16:54:09,Mostly Cloudy,12,12,11
16:56:09,Mostly Cloudy,12,12,11
16:58:08,Mostly Cloudy,12,12,11
17:00:09,Mostly Cloudy,12,12,11
17:02:09,Mostly Cloudy,12,12,11
17:04:08,Mostly Cloudy,12,12,11
17:06:08,Mostly Cloudy,12,12,11
17:08:09,Mostly Cloudy,12,12,11
17:10:09,Mostly Cloudy,12,12,11
17:12:08,Mostly Cloudy,12,12,11
17:14:08,Mostly Cloudy,12,12,11
17:16:09,Mostly Cloudy,12,12,11
17:18:09,Mostly Cloudy,12,12,12
17:20:08,Mostly Cloudy,12,12,12
17:22:09,Mostly Cloudy,12,12,12
17:24:09,Mostly Cloudy,12,12,12
17:26:08,Mostly Cloudy,12,12,12
17:28:08,Mostly Cloudy,12,12,12
17:30:09,Mostly Cloudy,12,12,12
17:32:09,Mostly Cloudy,12,12,12
17:34:08,Mostly Cloudy,12,12,12
17:36:09,Mostly Cloudy,12,12,12
17:38:09,Mostly Cloudy,12,12,12
17:40:08,Mostly Cloudy,12,12,12
17:42:08,Mostly Cloudy,12,12,12
17:44:09,Mostly Cloudy,12,12,12
17:46:08,Mostly Cloudy,12,12,12
17:48:09,Mostly Cloudy,12,12,12
17:50:09,Mostly Cloudy,12,12,12
17:52:09,Mostly Cloudy,12,12,12
17:54:08,Mostly Cloudy,12,12,12
17:56:08,Mostly Cloudy,12,12,12
17:58:09,Mostly Cloudy,12,12,12
18:00:09,Mostly Cloudy,12,12,12
18:02:08,Mostly Cloudy,12,12,12
18:04:08,Mostly Cloudy,12,12,12
18:06:09,Mostly Cloudy,12,12,12
18:08:09,Mostly Cloudy,12,12,12
18:10:09,Mostly Cloudy,12,12,12
18:12:08,Mostly Cloudy,12,12,12
18:14:09,Mostly Cloudy,12,12,12
18:16:09,Mostly Cloudy,12,12,12
18:18:08,Mostly Cloudy,12,12,12
18:20:09,Mostly Cloudy,12,12,12
18:22:09,Mostly Cloudy,12,12,12
18:24:09,Mostly Cloudy,12,12,12
18:26:09,Mostly Cloudy,12,12,12
18:28:09,Mostly Cloudy,12,12,12
18:30:08,Mostly Cloudy,12,12,12
18:32:08,Mostly Cloudy,12,12,12
18:34:09,Mostly Cloudy,12,12,12
18:36:09,Mostly Cloudy,12,12,12
18:38:09,Mostly Cloudy,12,12,12
18:40:08,Mostly Cloudy,12,12,12
18:42:09,Mostly Cloudy,12,12,12
18:44:09,Mostly Cloudy,12,12,12
18:46:09,Mostly Cloudy,12,12,12
18:48:09,Mostly Cloudy,12,12,12
18:50:08,Mostly Cloudy,12,12,12
18:52:08,Mostly Cloudy,12,12,12
18:54:09,Mostly Cloudy,12,12,12
18:56:09,Mostly Cloudy,12,12,12
18:58:09,Mostly Cloudy,12,12,12
19:00:09,Mostly Cloudy,12,12,12
19:02:08,Mostly Cloudy,12,12,12
19:04:08,Mostly Cloudy,12,12,12
19:06:09,Mostly Cloudy,12,12,12
19:08:09,Mostly Cloudy,12,12,12
19:10:09,Mostly Cloudy,12,12,12
19:12:08,Mostly Cloudy,12,12,12
19:14:09,Mostly Cloudy,12,12,12
19:16:09,Mostly Cloudy,12,12,14
19:18:09,Mostly Cloudy,12,12,14
19:20:09,Mostly Cloudy,12,12,14
19:22:09,Mostly Cloudy,12,12,14
19:24:08,Mostly Cloudy,12,12,14
19:26:09,Mostly Cloudy,12,12,14
19:28:09,Mostly Cloudy,12,12,14
19:30:08,Mostly Cloudy,12,12,14
19:32:09,Mostly Cloudy,12,12,14
19:34:09,Mostly Cloudy,12,12,14
19:36:08,Mostly Cloudy,12,12,14
19:38:08,Mostly Cloudy,12,12,14
19:40:09,Mostly Cloudy,12,12,14
19:42:09,Mostly Cloudy,12,12,14
19:44:09,Mostly Cloudy,12,12,14
19:46:09,Mostly Cloudy,12,12,14
19:48:09,Mostly Cloudy,12,12,14
19:50:08,Mostly Cloudy,12,12,14
19:52:09,Mostly Cloudy,12,12,14
19:54:09,Mostly Cloudy,12,12,14
19:56:09,Mostly Cloudy,12,12,14
19:58:09,Mostly Cloudy,12,12,14
20:00:09,Mostly Cloudy,12,12,14
20:02:09,Mostly Cloudy,12,12,14
20:04:09,Mostly Cloudy,12,12,14
20:06:09,Mostly Cloudy,12,12,14
20:08:08,Mostly Cloudy,12,12,14
20:10:09,Mostly Cloudy,12,12,14
20:12:09,Mostly Cloudy,12,12,14
20:14:08,Mostly Cloudy,12,12,14
20:16:08,Cloudy,10,10,9
20:18:09,Cloudy,10,10,9
20:20:09,Cloudy,10,10,9
20:22:09,Cloudy,10,10,9
20:24:08,Cloudy,10,10,9
20:26:09,Cloudy,10,10,9
20:28:09,Cloudy,10,10,9
20:30:08,Cloudy,10,10,9
20:32:09,Cloudy,10,10,9
20:34:09,Cloudy,10,10,9
20:36:08,Cloudy,10,10,9
20:38:09,Cloudy,10,10,9
20:40:09,Cloudy,10,10,9
20:42:09,Cloudy,10,10,9
20:44:09,Cloudy,10,10,9
20:46:08,Cloudy,10,10,9
20:48:09,Cloudy,10,10,9
20:50:09,Cloudy,10,10,9
20:52:08,Cloudy,10,10,9
20:54:09,Cloudy,10,10,9
20:56:09,Cloudy,10,10,9
20:58:09,Cloudy,10,10,9
21:00:08,Cloudy,10,10,9
21:02:08,Cloudy,10,10,9
21:04:09,Cloudy,10,10,9
21:06:09,Cloudy,10,10,9
21:08:09,Cloudy,10,10,9
21:10:08,Cloudy,10,10,9
21:12:09,Cloudy,10,10,9
21:14:09,Cloudy,10,10,9
21:16:08,Cloudy,10,10,8
21:18:09,Cloudy,10,10,8
21:20:09,Cloudy,10,10,8
21:22:09,Cloudy,10,10,8
21:24:08,Cloudy,10,10,8
21:26:08,Cloudy,10,10,8
21:28:09,Cloudy,10,10,8
21:30:09,Cloudy,10,10,8
21:32:09,Cloudy,10,10,8
21:34:08,Cloudy,10,10,8
21:36:09,Cloudy,10,10,8
21:38:09,Cloudy,10,10,8
21:40:09,Cloudy,10,10,8
21:42:08,Cloudy,10,10,8
21:44:09,Cloudy,10,10,8
21:46:09,Cloudy,10,10,8
21:48:09,Cloudy,10,10,8
21:50:09,Cloudy,10,10,8
21:52:09,Cloudy,10,10,8
21:54:08,Cloudy,10,10,8
21:56:09,Cloudy,10,10,8
21:58:09,Cloudy,10,10,8
22:00:09,Cloudy,10,10,8
22:02:08,Cloudy,10,10,8
22:04:08,Cloudy,10,10,8
22:06:09,Cloudy,10,10,8
22:08:09,Cloudy,10,10,8
22:10:09,Light Drizzle,10,10,9
22:12:08,Light Drizzle,10,10,9
22:14:09,Light Drizzle,10,10,9
22:16:09,Light Drizzle,10,10,9
22:18:09,Light Drizzle,10,10,9
22:20:09,Light Drizzle,10,10,9
22:22:08,Light Drizzle,10,10,9
22:24:08,Light Drizzle,10,10,9
22:26:09,Light Drizzle,10,10,9
22:28:09,Light Drizzle,10,10,9
22:30:09,Light Drizzle,10,10,9
22:32:08,Light Drizzle,10,10,9
22:34:08,Light Drizzle,10,10,9
22:36:09,Light Drizzle,10,10,9
22:38:09,Light Drizzle,10,10,9
22:40:09,Light Drizzle,10,10,9
22:42:08,Light Drizzle,10,10,9
22:44:09,Light Drizzle,10,10,9
22:46:09,Light Drizzle,10,10,9
22:48:09,Light Drizzle,10,10,9
22:50:09,Light Drizzle,10,10,9
22:52:08,Light Drizzle,10,10,9
22:54:09,Light Drizzle,10,10,9
22:56:09,Light Drizzle,10,10,9
22:58:08,Light Drizzle,10,10,9
23:00:09,Light Drizzle,10,10,9
23:02:09,Light Drizzle,10,10,9
23:04:09,Light Drizzle,10,10,9
23:06:08,Light Drizzle,10,10,9
23:08:08,Light Drizzle,10,10,9
23:10:09,Mostly Cloudy,8,7,11
23:12:09,Mostly Cloudy,8,7,11
23:14:09,Mostly Cloudy,8,7,11
23:16:08,Mostly Cloudy,8,7,11
23:18:09,Mostly Cloudy,8,7,11
23:20:09,Mostly Cloudy,8,7,11
23:22:09,Mostly Cloudy,8,7,11
23:24:08,Mostly Cloudy,8,7,11
23:26:09,Mostly Cloudy,8,7,11
23:28:09,Mostly Cloudy,8,7,11
23:30:09,Mostly Cloudy,8,7,11
23:32:08,Mostly Cloudy,8,7,11
23:34:08,Mostly Cloudy,8,7,11
23:36:09,Mostly Cloudy,8,7,11
23:38:09,Mostly Cloudy,8,7,11
23:40:09,Mostly Cloudy,8,7,11
23:42:08,Mostly Cloudy,8,7,11
23:44:09,Mostly Cloudy,8,7,11
23:46:08,Mostly Cloudy,8,7,11
23:48:09,Mostly Cloudy,8,7,11
23:50:09,Mostly Cloudy,8,7,11
23:52:08,Mostly Cloudy,8,7,11
23:54:08,Mostly Cloudy,8,7,11
23:56:09,Mostly Cloudy,8,7,11
23:58:09,Mostly Cloudy,8,7,11
