Time,Weather,Temperature,Feels_Like,Wind_Speed
00:00:08,Light Rain,3,0,20
00:02:09,Light Rain,3,0,20
00:04:09,Light Rain,3,0,20
00:06:09,Light Rain,3,0,20
00:08:09,Light Rain,3,0,20
00:10:08,Light Rain,3,0,20
00:12:09,Light Rain,3,0,20
00:14:09,Light Rain,3,0,20
00:16:08,Light Rain,3,0,22
00:18:09,Light Rain,3,0,22
00:20:09,Light Rain,3,0,22
00:22:08,Light Rain,3,0,22
00:24:09,Light Rain,3,0,22
00:26:09,Light Rain,3,0,22
00:28:08,Light Rain,3,0,22
00:30:08,Light Rain,3,0,22
00:32:09,Light Rain,3,0,22
00:34:09,Light Rain,3,0,22
00:36:09,Light Rain,3,0,22
00:38:09,Light Rain,3,0,22
00:40:09,Light Rain,3,0,22
00:42:08,Light Rain,3,0,22
00:44:08,Light Rain,3,0,22
00:46:09,Light Rain,3,0,22
00:48:09,Light Rain,3,0,22
00:50:08,Light Rain,3,0,22
00:52:09,Light Rain,3,0,22
00:54:09,Light Rain,3,0,22
00:56:09,Light Rain,3,0,22
00:58:08,Light Rain,3,0,22
01:00:16,Light Rain,3,0,22
01:02:08,Light Rain,3,0,22
01:04:08,Light Rain,3,0,22
01:06:09,Light Rain,3,0,22
01:08:09,Light Rain,3,0,22
01:10:08,Light Rain,3,0,22
01:12:09,Light Rain,3,0,22
01:14:09,Light Rain,3,0,22
01:16:09,Light Rain,3,0,22
01:18:08,Light Rain,3,0,22
01:20:09,Light Rain,3,0,22
01:22:09,Light Rain,3,0,22
01:24:09,Light Rain,3,0,22
01:26:09,Light Rain,3,0,22
01:28:08,Light Rain,3,0,22
01:30:09,Light Rain,3,0,22
01:32:08,Light Rain,3,0,22
01:34:08,Light Rain,3,0,22
01:36:09,Light Rain,3,0,22
01:38:09,Light Rain,3,0,22
01:40:09,Light Rain,3,0,22
01:42:08,Light Rain,3,0,22
01:44:09,Light Rain,3,0,22
01:46:09,Light Rain,3,0,22
01:48:08,Light Rain,3,0,22
01:50:09,Light Rain,3,0,22
01:52:09,Light Rain,3,0,22
01:54:08,Light Rain,3,0,22
01:56:08,Light Rain,3,0,22
01:58:09,Light Rain,3,0,22
02:00:09,Light Rain,3,0,22
02:02:08,Light Rain,3,0,22
02:04:09,Light Rain,3,0,22
02:06:09,Light Rain,3,0,22
02:08:09,Light Rain,3,0,22
02:10:09,Light Rain,3,0,19
02:12:08,Light Rain,3,0,19
02:14:08,Light Rain,3,0,19
02:16:09,Light Rain,3,0,19
02:18:09,Light Rain,3,0,19
02:20:08,Light Rain,3,0,19
02:22:08,Light Rain,3,0,19
02:24:09,Light Rain,3,0,19
02:26:09,Light Rain,3,0,19
02:28:09,Light Rain,3,0,19
02:30:09,Light Rain,3,0,19
02:32:09,Light Rain,3,0,19
02:34:08,Light Rain,3,0,19
02:36:09,Light Rain,3,0,19
02:38:09,Light Rain,3,0,19
02:40:08,Light Rain,3,0,19
02:42:09,Light Rain,3,0,19
02:44:09,Light Rain,3,0,19
02:46:09,Light Rain,3,0,19
02:48:08,Light Rain,3,0,19
02:50:08,Light Rain,3,0,19
02:52:09,Light Rain,3,0,19
02:54:09,Light Rain,3,0,19
02:56:08,Light Rain,3,0,19
02:58:08,Light Rain,3,0,19
03:00:09,Light Rain,3,0,19
03:02:09,Light Rain,3,0,19
03:04:08,Light Rain,3,0,19
03:06:08,Light Rain,3,0,19
03:08:09,Light Rain,3,0,19
03:10:09,Light Rain,3,0,20
03:12:09,Light Rain,3,0,20
03:14:08,Light Rain,3,0,20
03:16:09,Light Rain,3,0,20
03:18:09,Light Rain,3,0,20
03:20:08,Light Rain,3,0,20
03:22:09,Light Rain,3,0,20
03:24:09,Light Rain,3,0,20
03:26:08,Light Rain,3,0,20
03:28:08,Light Rain,3,0,20
03:30:09,Light Rain,3,0,20
03:32:08,Light Rain,3,0,20
03:34:08,Light Rain,3,0,20
03:36:09,Light Rain,3,0,20
03:38:09,Light Rain,3,0,20
03:40:09,Light Rain,3,0,20
03:42:08,Light Rain,3,0,20
03:44:08,Light Rain,3,0,20
03:46:09,Light Rain,3,0,20
03:48:09,Light Rain,3,0,20
03:50:09,Light Rain,3,0,20
03:52:08,Light Rain,3,0,20
03:54:09,Light Rain,3,0,20
03:56:09,Light Rain,3,0,20
03:58:09,Light Rain,3,0,20
04:00:08,Light Rain,3,0,20
04:02:09,Light Rain,3,0,20
04:04:09,Light Rain,3,0,20
04:06:08,Light Rain,3,0,20
04:08:08,Light Rain,3,0,20
04:10:09,Light Rain,3,0,20
04:12:09,Light Rain,3,0,20
04:14:08,Light Rain,3,0,20
04:16:08,Rain,3,0,24
04:18:09,Rain,3,0,24
04:20:08,Rain,3,0,24
04:22:08,Rain,3,0,24
04:24:09,Rain,3,0,24
04:26:09,Rain,3,0,24
04:28:08,Rain,3,0,24
04:30:09,Rain,3,0,24
04:32:09,Rain,3,0,24
04:34:08,Rain,3,0,24
04:36:09,Rain,3,0,24
04:38:09,Rain,3,0,24
04:40:09,Rain,3,0,24
04:42:08,Rain,3,0,24
04:44:08,Rain,3,0,24
04:46:08,Rain,3,0,24
04:48:09,Rain,3,0,24
04:50:08,Rain,3,0,24
04:52:09,Rain,3,0,24
04:54:09,Rain,3,0,24
04:56:09,Rain,3,0,24
04:58:09,Rain,3,0,24
05:00:09,Rain,3,0,24
05:02:09,Rain,3,0,24
05:04:08,Rain,3,0,24
05:06:09,Rain,3,0,24
05:08:09,Rain,3,0,24
05:10:09,Rain,3,0,24
05:12:08,Rain,3,0,24
05:14:09,Rain,3,0,24
05:16:09,Light Rain,3,0,16
05:18:09,Light Rain,3,0,16
05:20:09,Light Rain,3,0,16
05:22:09,Light Rain,3,0,16
05:24:09,Light Rain,3,0,16
05:26:09,Light Rain,3,0,16
05:28:09,Light Rain,3,0,16
05:30:08,Light Rain,3,0,16
05:32:08,Light Rain,3,0,16
05:34:09,Light Rain,3,0,16
05:36:09,Light Rain,3,0,16
05:38:08,Light Rain,3,0,16
05:40:09,Light Rain,3,0,16
05:42:09,Light Rain,3,0,16
05:44:09,Light Rain,3,0,16
05:46:08,Light Rain,3,0,16
05:48:09,Light Rain,3,0,16
05:50:09,Light Rain,3,0,16
05:52:09,Light Rain,3,0,16
05:54:08,Light Rain,3,0,16
05:56:09,Light Rain,3,0,16
05:58:09,Light Rain,3,0,16
06:00:08,Light Rain,3,0,16
06:02:09,Light Rain,3,0,16
06:04:08,Light Rain,3,0,16
06:06:08,Light Rain,3,0,16
06:08:09,Light Rain,3,0,16
06:10:09,Light Rain,3,0,16
06:12:08,Light Rain,3,0,16
06:14:08,Light Rain,3,0,16
06:16:09,Light Rain,5,2,12
06:18:08,Light Rain,5,2,12
06:20:08,Light Rain,5,2,12
06:22:09,Light Rain,5,2,12
06:24:09,Light Rain,5,2,12
06:26:09,Light Rain,5,2,12
06:28:08,Light Rain,5,2,12
06:30:09,Light Rain,5,2,12
06:32:09,Light Rain,5,2,12
06:34:09,Light Rain,5,2,12
06:36:09,Light Rain,5,2,12
06:38:09,Light Rain,5,2,12
06:40:09,Light Rain,5,2,12
06:42:09,Light Rain,5,2,12
06:44:09,Light Rain,5,2,12
06:46:09,Light Rain,5,2,12
06:48:09,Light Rain,5,2,12
06:50:08,Light Rain,5,2,12
06:52:08,Light Rain,5,2,12
06:54:09,Light Rain,5,2,12
06:56:09,Light Rain,5,2,12
06:58:09,Light Rain,5,2,12
07:00:08,Light Rain,5,2,12
07:02:09,Light Rain,5,2,12
07:04:09,Light Rain,5,2,12
07:06:08,Light Rain,5,2,12
07:08:08,Light Rain,5,2,12
07:10:09,Light Rain,5,2,12
07:12:09,Light Rain,5,2,12
07:14:09,Light Rain,5,2,12
07:16:08,Mostly Cloudy,6,2,20
07:18:09,Mostly Cloudy,6,2,20
07:20:09,Mostly Cloudy,6,2,20
07:22:09,Mostly Cloudy,6,2,20
07:24:08,Mostly Cloudy,6,2,20
07:26:09,Mostly Cloudy,6,2,20
07:28:09,Mostly Cloudy,6,2,20
07:30:09,Mostly Cloudy,6,2,20
07:32:08,Mostly Cloudy,6,2,20
07:34:09,Mostly Cloudy,6,2,20
07:36:09,Mostly Cloudy,6,2,20
07:38:09,Mostly Cloudy,6,2,20
07:40:08,Mostly Cloudy,6,2,20
07:42:09,Mostly Cloudy,6,2,20
07:44:09,Mostly Cloudy,6,2,20
07:46:09,Mostly Cloudy,6,2,20
07:48:08,Mostly Cloudy,6,2,20
07:50:08,Mostly Cloudy,6,2,20
07:52:09,Mostly Cloudy,6,2,20
07:54:09,Mostly Cloudy,6,2,20
07:56:09,Mostly Cloudy,6,2,20
07:58:08,Mostly Cloudy,6,2,20
08:00:09,Mostly Cloudy,6,2,20
08:02:08,Mostly Cloudy,6,2,20
08:04:08,Mostly Cloudy,6,2,20
08:06:09,Mostly Cloudy,6,2,20
08:08:09,Mostly Cloudy,6,2,20
08:10:08,Mostly Cloudy,6,2,20
08:14:08,Mostly Cloudy,6,2,20
08:16:08,Mostly Cloudy,6,2,16
08:18:09,Mostly Cloudy,6,2,16
08:20:08,Mostly Cloudy,6,2,16
08:22:09,Mostly Cloudy,6,2,16
08:24:09,Mostly Cloudy,6,2,16
08:26:09,Mostly Cloudy,6,2,16
08:28:08,Mostly Cloudy,6,2,16
08:30:09,Mostly Cloudy,6,2,16
08:32:09,Mostly Cloudy,6,2,16
08:34:09,Mostly Cloudy,6,2,16
08:36:08,Mostly Cloudy,6,2,16
08:38:08,Mostly Cloudy,6,2,16
08:40:08,Mostly Cloudy,7,4,14
08:42:09,Mostly Cloudy,7,4,14
08:44:08,Mostly Cloudy,7,4,14
08:46:09,Mostly Cloudy,7,4,14
08:48:09,Mostly Cloudy,7,4,14
08:50:08,Mostly Cloudy,7,4,14
08:52:09,Mostly Cloudy,7,4,14
08:54:09,Mostly Cloudy,7,4,14
08:56:08,Mostly Cloudy,7,4,14
08:58:09,Mostly Cloudy,7,4,14
09:00:09,Mostly Cloudy,7,4,14
09:02:09,Mostly Cloudy,7,4,14
09:04:09,Mostly Cloudy,7,4,14
09:06:09,Mostly Cloudy,7,4,14
09:08:09,Mostly Cloudy,7,4,14
09:10:09,Mostly Cloudy,7,3,22
09:12:09,Mostly Cloudy,7,3,22
09:14:08,Mostly Cloudy,7,3,22
09:16:08,Mostly Cloudy,7,3,22
09:18:09,Mostly Cloudy,7,3,22
09:20:09,Mostly Cloudy,7,3,22
09:22:08,Mostly Cloudy,7,3,22
09:24:09,Mostly Cloudy,7,3,22
09:26:09,Mostly Cloudy,7,3,22
09:28:09,Mostly Cloudy,7,3,22
09:30:09,Mostly Cloudy,7,3,22
09:32:09,Mostly Cloudy,7,3,22
09:34:09,Mostly Cloudy,7,3,22
09:36:08,Mostly Cloudy,7,3,22
09:38:08,Mostly Cloudy,7,3,22
09:40:09,Mostly Cloudy,7,3,22
09:42:09,Mostly Cloudy,7,3,22
09:44:08,Mostly Cloudy,7,3,22
09:46:08,Mostly Cloudy,7,3,20
09:48:09,Mostly Cloudy,7,3,20
09:50:09,Mostly Cloudy,7,3,20
09:52:09,Mostly Cloudy,7,3,20
09:54:08,Mostly Cloudy,7,3,20
09:56:09,Mostly Cloudy,7,3,20
09:58:09,Mostly Cloudy,7,3,20
10:00:09,Mostly Cloudy,7,3,20
10:02:09,Mostly Cloudy,7,3,20
10:04:09,Mostly Cloudy,7,3,20
10:06:08,Mostly Cloudy,7,3,20
10:08:09,Mostly Cloudy,7,3,20
10:10:09,Mostly Cloudy,7,3,20
10:12:08,Mostly Cloudy,7,3,20
10:14:09,Mostly Cloudy,7,3,20
10:16:09,Mostly Cloudy,7,3,24
10:18:08,Mostly Cloudy,7,3,24
10:20:09,Mostly Cloudy,7,3,24
10:22:08,Mostly Cloudy,7,3,24
10:24:08,Mostly Cloudy,7,3,24
10:26:09,Mostly Cloudy,7,3,24
10:28:08,Mostly Cloudy,7,3,24
10:30:09,Mostly Cloudy,7,3,24
10:32:08,Mostly Cloudy,7,3,24
10:34:08,Mostly Cloudy,7,3,24
10:36:09,Mostly Cloudy,7,3,24
10:38:09,Mostly Cloudy,7,3,24
10:40:08,Mostly Cloudy,7,3,22
10:42:09,Mostly Cloudy,7,3,22
10:44:09,Mostly Cloudy,7,3,22
10:46:09,Mostly Cloudy,7,3,22
10:48:09,Mostly Cloudy,7,3,22
10:50:09,Mostly Cloudy,7,3,22
10:52:08,Mostly Cloudy,7,3,22
10:54:08,Mostly Cloudy,7,3,22
10:56:08,Mostly Cloudy,7,3,22
10:58:09,Mostly Cloudy,7,3,22
11:00:09,Mostly Cloudy,7,3,22
11:02:09,Mostly Cloudy,7,3,22
11:04:08,Mostly Cloudy,7,3,22
11:06:09,Mostly Cloudy,7,3,22
11:08:09,Mostly Cloudy,7,3,22
11:10:09,Mostly Cloudy,7,3,24
11:12:09,Mostly Cloudy,7,3,24
11:14:09,Mostly Cloudy,7,3,24
11:16:08,Mostly Cloudy,7,3,24
11:18:09,Mostly Cloudy,7,3,24
11:20:08,Mostly Cloudy,7,3,24
11:22:09,Mostly Cloudy,7,3,24
11:24:09,Mostly Cloudy,7,3,24
11:26:09,Mostly Cloudy,7,3,24
11:28:08,Mostly Cloudy,7,3,24
11:30:08,Mostly Cloudy,7,3,24
11:32:09,Mostly Cloudy,7,3,24
11:34:09,Mostly Cloudy,7,3,24
11:36:09,Mostly Cloudy,7,3,24
11:38:08,Mostly Cloudy,7,3,24
11:40:08,Mostly Cloudy,7,3,24
11:42:09,Mostly Cloudy,7,3,24
11:44:09,Mostly Cloudy,7,3,24
11:46:08,Mostly Cloudy,7,4,24
11:48:08,Mostly Cloudy,7,4,24
11:50:09,Mostly Cloudy,7,4,24
11:52:09,Mostly Cloudy,7,4,24
11:54:09,Mostly Cloudy,7,4,24
11:56:08,Mostly Cloudy,7,4,24
11:58:08,Mostly Cloudy,7,4,24
12:00:09,Mostly Cloudy,7,4,24
12:02:09,Mostly Cloudy,7,4,24
12:04:09,Mostly Cloudy,7,4,24
12:06:08,Mostly Cloudy,7,4,24
12:08:08,Mostly Cloudy,7,4,24
12:10:09,Mostly Cloudy,7,4,24
12:12:09,Mostly Cloudy,7,4,24
12:14:08,Mostly Cloudy,7,4,24
12:16:08,Mostly Cloudy,7,4,24
12:18:09,Mostly Cloudy,7,4,24
12:20:08,Mostly Cloudy,7,4,24
12:22:09,Mostly Cloudy,7,4,24
12:24:09,Mostly Cloudy,7,4,24
12:26:09,Mostly Cloudy,7,4,24
12:28:08,Mostly Cloudy,7,4,24
12:30:09,Mostly Cloudy,7,4,24
12:32:09,Mostly Cloudy,7,4,24
12:34:09,Mostly Cloudy,7,4,24
12:36:09,Mostly Cloudy,7,4,24
12:38:09,Mostly Cloudy,7,4,24
12:40:09,Mostly Cloudy,7,5,20
12:42:09,Mostly Cloudy,7,5,20
12:44:09,Mostly Cloudy,7,5,20
12:46:09,Mostly Cloudy,7,5,20
12:48:08,Mostly Cloudy,7,5,20
12:50:09,Mostly Cloudy,7,5,20
12:52:09,Mostly Cloudy,7,5,20
12:54:08,Mostly Cloudy,7,5,20
12:56:08,Mostly Cloudy,7,5,20
12:58:09,Mostly Cloudy,7,5,20
13:00:09,Mostly Cloudy,7,5,20
13:02:09,Mostly Cloudy,7,5,20
13:04:09,Mostly Cloudy,7,5,20
13:06:08,Mostly Cloudy,7,5,20
13:08:08,Mostly Cloudy,7,5,20
13:10:09,Mostly Cloudy,7,4,22
13:12:08,Mostly Cloudy,7,4,22
13:14:09,Mostly Cloudy,7,4,22
13:16:09,Mostly Cloudy,7,4,22
13:18:08,Mostly Cloudy,7,4,22
13:20:09,Mostly Cloudy,7,4,22
13:22:09,Mostly Cloudy,7,4,22
13:24:08,Mostly Cloudy,7,4,22
13:26:09,Mostly Cloudy,7,4,22
13:28:09,Mostly Cloudy,7,4,22
13:30:09,Mostly Cloudy,7,4,22
13:32:08,Mostly Cloudy,7,4,22
13:34:09,Mostly Cloudy,7,4,22
13:36:09,Mostly Cloudy,7,4,22
13:38:09,Mostly Cloudy,7,4,22
13:40:09,Mostly Cloudy,7,5,20
13:42:09,Mostly Cloudy,7,5,20
13:44:08,Mostly Cloudy,7,5,20
13:46:08,Mostly Cloudy,7,5,20
13:48:09,Mostly Cloudy,7,5,20
13:50:09,Mostly Cloudy,7,5,20
13:52:09,Mostly Cloudy,7,5,20
13:54:09,Mostly Cloudy,7,5,20
13:56:09,Mostly Cloudy,7,5,20
13:58:09,Mostly Cloudy,7,5,20
14:00:08,Mostly Cloudy,7,5,20
14:02:09,Mostly Cloudy,7,5,20
14:04:09,Mostly Cloudy,7,5,20
14:06:08,Mostly Cloudy,7,5,20
14:08:09,Mostly Cloudy,7,5,20
14:10:09,Mostly Cloudy,8,6,20
14:12:08,Mostly Cloudy,8,6,20
14:14:08,Mostly Cloudy,8,6,20
14:16:09,Mostly Cloudy,8,6,20
14:18:08,Mostly Cloudy,8,6,20
14:20:08,Mostly Cloudy,8,6,20
14:22:09,Mostly Cloudy,8,6,20
14:24:09,Mostly Cloudy,8,6,20
14:26:08,Mostly Cloudy,8,6,20
14:28:08,Mostly Cloudy,8,6,20
14:30:09,Mostly Cloudy,8,6,20
14:32:08,Mostly Cloudy,8,6,20
14:34:08,Mostly Cloudy,8,6,20
14:36:09,Mostly Cloudy,8,6,20
14:38:09,Mostly Cloudy,8,6,20
14:40:09,Mostly Cloudy,7,4,22
14:42:09,Mostly Cloudy,7,4,22
14:44:09,Mostly Cloudy,7,4,22
14:46:08,Mostly Cloudy,7,4,22
14:48:09,Mostly Cloudy,7,4,22
14:50:09,Mostly Cloudy,7,4,22
14:52:08,Mostly Cloudy,7,4,22
14:54:09,Mostly Cloudy,7,4,22
14:56:09,Mostly Cloudy,7,4,22
14:58:08,Mostly Cloudy,7,4,22
15:00:08,Mostly Cloudy,7,4,22
15:02:09,Mostly Cloudy,7,4,22
15:04:09,Mostly Cloudy,7,4,22
15:06:09,Mostly Cloudy,7,4,22
15:08:08,Mostly Cloudy,7,4,22
15:10:09,Mostly Cloudy,7,4,22
15:12:08,Mostly Cloudy,7,4,24
15:14:09,Mostly Cloudy,7,4,24
15:16:09,Mostly Cloudy,7,4,24
15:18:09,Mostly Cloudy,7,4,24
15:20:09,Mostly Cloudy,7,4,24
15:22:08,Mostly Cloudy,7,4,24
15:24:09,Mostly Cloudy,7,4,24
15:26:09,Mostly Cloudy,7,4,24
15:28:08,Mostly Cloudy,7,4,24
15:30:09,Mostly Cloudy,7,4,24
15:32:09,Mostly Cloudy,7,4,24
15:34:09,Mostly Cloudy,7,4,24
15:36:09,Mostly Cloudy,7,4,24
15:38:08,Mostly Cloudy,7,4,24
15:40:08,Mostly Cloudy,7,4,24
15:42:09,Mostly Cloudy,7,4,24
15:44:09,Mostly Cloudy,7,4,24
15:46:08,Mostly Cloudy,7,4,24
15:48:09,Mostly Cloudy,7,5,16
15:50:09,Mostly Cloudy,7,5,16
15:52:08,Mostly Cloudy,7,5,16
15:54:08,Mostly Cloudy,7,5,16
15:56:08,Mostly Cloudy,7,5,16
15:58:09,Mostly Cloudy,7,5,16
16:00:08,Mostly Cloudy,7,5,16
16:02:09,Mostly Cloudy,7,5,16
16:04:09,Mostly Cloudy,7,5,16
16:06:09,Mostly Cloudy,7,5,16
16:08:08,Mostly Cloudy,7,5,16
16:10:09,Mostly Cloudy,7,5,16
16:12:08,Mostly Cloudy,7,5,16
16:14:09,Mostly Cloudy,7,5,16
16:16:09,Mostly Cloudy,7,5,16
16:18:09,Mostly Cloudy,7,5,19
16:20:09,Mostly Cloudy,7,5,19
16:22:09,Mostly Cloudy,7,5,19
16:24:09,Mostly Cloudy,7,5,19
16:26:09,Mostly Cloudy,7,5,19
16:28:09,Mostly Cloudy,7,5,19
16:30:09,Mostly Cloudy,7,5,19
16:32:09,Mostly Cloudy,7,5,19
16:34:09,Mostly Cloudy,7,5,19
16:36:09,Mostly Cloudy,7,5,19
16:38:08,Mostly Cloudy,7,5,19
16:40:09,Mostly Cloudy,7,5,19
16:42:08,Mostly Cloudy,8,6,20
16:44:09,Mostly Cloudy,8,6,20
16:46:09,Mostly Cloudy,8,6,20
16:48:09,Mostly Cloudy,8,6,20
16:50:09,Mostly Cloudy,8,6,20
16:52:08,Mostly Cloudy,8,6,20
16:54:08,Mostly Cloudy,8,6,20
16:56:09,Mostly Cloudy,8,6,20
16:58:09,Mostly Cloudy,8,6,20
17:00:09,Mostly Cloudy,8,6,20
17:02:09,Mostly Cloudy,8,6,20
17:04:09,Mostly Cloudy,8,6,20
17:06:09,Mostly Cloudy,8,6,20
17:08:08,Mostly Cloudy,8,6,20
17:10:09,Mostly Cloudy,8,6,20
17:12:09,Partly Cloudy,7,5,20
17:14:09,Partly Cloudy,7,5,20
17:16:09,Partly Cloudy,7,5,20
17:18:09,Partly Cloudy,7,5,20
17:20:09,Partly Cloudy,7,5,20
17:22:08,Partly Cloudy,7,5,20
17:24:08,Partly Cloudy,7,5,20
17:26:08,Partly Cloudy,7,5,20
17:28:08,Partly Cloudy,7,5,20
17:30:09,Partly Cloudy,7,5,20
17:32:09,Partly Cloudy,7,5,20
17:34:09,Partly Cloudy,7,5,20
17:36:08,Partly Cloudy,7,5,20
17:38:09,Partly Cloudy,7,5,20
17:40:09,Partly Cloudy,7,5,20
17:42:08,Partly Cloudy,7,5,20
17:44:08,Partly Cloudy,7,5,20
17:46:08,Partly Cloudy,7,5,20
17:48:09,Partly Cloudy,7,5,20
17:50:09,Partly Cloudy,7,5,20
17:52:08,Partly Cloudy,7,5,20
17:54:09,Partly Cloudy,7,5,20
17:56:09,Partly Cloudy,7,5,20
17:58:09,Partly Cloudy,7,5,20
18:00:09,Partly Cloudy,7,5,20
18:02:09,Partly Cloudy,7,5,20
18:04:09,Partly Cloudy,7,5,20
18:06:08,Partly Cloudy,7,5,20
18:08:08,Partly Cloudy,7,5,20
18:10:08,Partly Cloudy,7,5,20
18:12:09,Partly Cloudy,7,5,20
18:14:09,Partly Cloudy,7,5,20
18:16:09,Fair,7,5,16
18:18:09,Fair,7,5,16
18:20:09,Fair,7,5,16
18:22:08,Fair,7,5,16
18:24:08,Fair,7,5,16
18:26:09,Fair,7,5,16
18:28:09,Fair,7,5,16
18:30:08,Fair,7,5,16
18:32:09,Fair,7,5,16
18:34:09,Fair,7,5,16
18:36:08,Fair,7,5,16
18:38:08,Fair,7,5,16
18:40:09,Fair,7,5,16
18:42:09,Fair,7,5,16
18:44:09,Fair,7,5,16
18:46:08,Fair,7,5,16
18:48:09,Fair,7,5,16
18:50:09,Fair,7,5,16
18:52:09,Fair,7,5,16
18:54:09,Fair,7,5,16
18:56:08,Fair,7,5,16
18:58:08,Fair,7,5,16
19:00:09,Fair,7,5,16
19:02:09,Fair,7,5,16
19:04:09,Fair,7,5,16
19:06:08,Fair,7,5,16
19:08:09,Fair,7,5,16
19:10:09,Fair,7,4,14
19:12:09,Fair,7,4,14
19:14:08,Fair,7,4,14
19:16:09,Fair,7,4,14
19:18:09,Fair,7,4,14
19:20:09,Fair,7,4,14
19:22:09,Fair,7,4,14
19:24:08,Fair,7,4,14
19:26:09,Fair,7,4,14
19:28:09,Fair,7,4,14
19:30:08,Fair,7,4,14
19:32:08,Fair,7,4,14
19:34:09,Fair,7,4,14
19:36:09,Fair,7,4,14
19:38:09,Fair,7,4,14
19:40:08,Fair,7,4,14
19:42:08,Fair,7,4,14
19:44:09,Fair,7,4,14
19:46:08,Fair,7,4,14
19:48:08,Fair,7,4,14
19:50:09,Fair,7,4,14
19:52:09,Fair,7,4,14
19:54:08,Fair,7,4,14
19:56:09,Fair,7,4,14
19:58:09,Fair,7,4,14
20:00:09,Fair,7,4,14
20:02:08,Fair,7,4,14
20:04:09,Fair,7,4,14
20:06:09,Fair,7,4,14
20:08:08,Fair,7,4,14
20:10:08,Fair,6,2,16
20:12:09,Fair,6,2,16
20:14:09,Fair,6,2,16
20:16:09,Fair,6,2,16
20:18:08,Fair,6,2,16
20:20:09,Fair,6,2,16
20:22:09,Fair,6,2,16
20:24:09,Fair,6,2,16
20:26:08,Fair,6,2,16
20:28:09,Fair,6,2,16
20:30:09,Fair,6,2,16
20:32:09,Fair,6,2,16
20:34:09,Fair,6,2,16
20:36:09,Fair,6,2,16
20:38:09,Fair,6,2,16
20:40:09,Fair,6,2,16
20:42:08,Fair,6,2,16
20:44:08,Fair,6,2,16
20:46:09,Fair,6,2,16
20:48:09,Fair,6,2,16
20:50:09,Fair,6,2,16
20:52:09,Fair,6,2,16
20:54:09,Fair,6,2,16
20:56:08,Fair,6,2,16
20:58:08,Fair,6,2,16
21:00:09,Fair,6,2,16
21:02:09,Fair,6,2,16
21:04:09,Fair,6,2,16
21:06:08,Fair,6,2,16
21:08:08,Fair,6,2,16
21:10:09,Fair,6,2,16
21:12:09,Fair,6,2,16
21:14:08,Fair,6,2,16
21:16:08,Fair,6,2,16
21:18:09,Fair,6,2,16
21:20:09,Fair,6,2,16
21:22:09,Fair,6,2,16
21:24:09,Fair,6,2,16
21:26:09,Fair,6,2,16
21:28:09,Fair,6,2,16
21:30:08,Fair,6,2,16
21:32:09,Fair,6,2,16
21:34:09,Fair,6,2,16
21:36:09,Fair,6,2,16
21:38:09,Fair,6,2,16
21:40:09,Fair,6,2,16
21:42:08,Fair,6,2,16
21:44:08,Fair,6,2,16
21:46:09,Fair,6,2,16
21:48:09,Fair,6,2,16
21:50:09,Fair,6,2,16
21:52:08,Fair,6,2,16
21:54:09,Fair,6,2,16
21:56:09,Fair,6,2,16
21:58:09,Fair,6,2,16
22:00:08,Fair,6,2,16
22:02:09,Fair,6,2,16
22:04:09,Fair,6,2,16
22:06:08,Fair,6,2,16
22:08:08,Fair,6,2,16
22:10:09,Fair,7,3,20
22:12:09,Fair,7,3,20
22:14:09,Fair,7,3,20
22:16:08,Fair,7,3,20
22:18:09,Fair,7,3,20
22:20:09,Fair,7,3,20
22:22:08,Fair,7,3,20
22:24:08,Fair,7,3,20
22:26:09,Fair,7,3,20
22:28:09,Fair,7,3,20
22:30:08,Fair,7,3,20
22:32:08,Fair,7,3,20
22:34:09,Fair,7,3,20
22:36:08,Fair,7,3,20
22:38:08,Fair,7,3,20
22:40:09,Fair,7,3,20
22:42:09,Fair,7,3,20
22:44:08,Fair,7,3,20
22:46:09,Fair,7,3,20
22:48:09,Fair,7,3,20
22:50:09,Fair,7,3,20
22:52:08,Fair,7,3,20
22:54:09,Fair,7,3,20
22:56:09,Fair,7,3,20
22:58:09,Fair,7,3,20
23:00:09,Fair,7,3,20
23:02:09,Fair,7,3,20
23:04:09,Fair,7,3,20
23:06:08,Fair,7,3,20
23:08:09,Fair,7,3,20
23:10:09,Fair,7,3,20
23:12:08,Fair,7,3,20
23:14:08,Fair,7,3,20
23:16:08,Fair,6,2,14
23:18:09,Fair,6,2,14
23:20:09,Fair,6,2,14
23:22:08,Fair,6,2,14
23:24:08,Fair,6,2,14
23:26:09,Fair,6,2,14
23:28:09,Fair,6,2,14
23:30:08,Fair,6,2,14
23:32:09,Fair,6,2,14
23:34:09,Fair,6,2,14
23:36:09,Fair,6,2,14
23:38:08,Fair,6,2,14
23:40:09,Fair,6,2,14
23:42:09,Fair,6,2,14
23:44:09,Fair,6,2,14
23:46:08,Fair,6,2,14
23:48:09,Fair,6,2,14
23:50:09,Fair,6,2,14
23:52:09,Fair,6,2,14
23:54:08,Fair,6,2,14
23:56:09,Fair,6,2,14
23:58:09,Fair,6,2,14
