Time,Weather,Temperature,Feels_Like,Wind_Speed
00:00:09,Mostly Cloudy,12,12,12
00:02:08,Mostly Cloudy,12,12,12
00:04:08,Mostly Cloudy,12,12,12
00:06:09,Mostly Cloudy,12,12,12
00:08:09,Mostly Cloudy,12,12,12
00:10:08,Mostly Cloudy,12,12,12
00:12:09,Cloudy,13,13,14
00:14:09,Cloudy,13,13,14
00:16:08,Cloudy,13,13,14
00:18:09,Cloudy,13,13,14
00:20:09,Cloudy,13,13,14
00:22:08,Cloudy,13,13,14
00:24:09,Cloudy,13,13,14
00:26:09,Cloudy,13,13,14
00:28:08,Cloudy,13,13,14
00:30:09,Cloudy,13,13,14
00:32:09,Cloudy,13,13,14
00:34:09,Cloudy,13,13,14
00:36:09,Cloudy,13,13,14
00:38:08,Cloudy,13,13,14
00:40:09,Cloudy,13,13,14
00:42:09,Cloudy,13,13,14
00:44:09,Cloudy,13,13,14
00:46:08,Cloudy,13,13,14
00:48:09,Cloudy,13,13,14
00:50:09,Cloudy,13,13,14
00:52:09,Cloudy,13,13,14
00:54:09,Cloudy,13,13,14
00:56:08,Cloudy,13,13,14
00:58:09,Cloudy,13,13,14
01:00:17,Cloudy,13,13,14
01:02:08,Cloudy,13,13,14
01:04:09,Cloudy,13,13,14
01:06:09,Cloudy,13,13,14
01:08:08,Cloudy,13,13,14
01:10:09,Cloudy,13,13,14
01:12:09,Mostly Cloudy,12,12,12
01:14:08,Mostly Cloudy,12,12,12
01:16:08,Mostly Cloudy,12,12,12
01:18:09,Mostly Cloudy,12,12,12
01:20:08,Mostly Cloudy,12,12,12
01:22:08,Mostly Cloudy,12,12,12
01:24:09,Mostly Cloudy,12,12,12
01:26:09,Mostly Cloudy,12,12,12
01:28:08,Mostly Cloudy,12,12,12
01:30:09,Mostly Cloudy,12,12,12
01:32:09,Mostly Cloudy,12,12,12
01:34:09,Mostly Cloudy,12,12,12
01:36:08,Mostly Cloudy,12,12,12
01:38:09,Mostly Cloudy,12,12,12
01:40:09,Mostly Cloudy,12,12,12
01:42:09,Mostly Cloudy,12,12,12
01:44:09,Mostly Cloudy,12,12,12
01:46:08,Mostly Cloudy,12,12,12
01:48:09,Mostly Cloudy,12,12,12
01:50:09,Mostly Cloudy,12,12,12
01:52:09,Mostly Cloudy,12,12,12
01:54:08,Mostly Cloudy,12,12,12
01:56:09,Mostly Cloudy,12,12,12
01:58:09,Mostly Cloudy,12,12,12
02:00:08,Mostly Cloudy,12,12,12
02:02:09,Mostly Cloudy,12,12,12
02:04:09,Mostly Cloudy,12,12,12
02:06:08,Mostly Cloudy,12,12,12
02:08:09,Mostly Cloudy,12,12,12
02:10:09,Mostly Cloudy,12,12,12
02:12:09,Mostly Cloudy,12,12,12
02:14:08,Mostly Cloudy,12,12,12
02:16:09,Mostly Cloudy,12,12,12
02:18:08,Cloudy,12,12,16
02:20:09,Cloudy,12,12,16
02:22:09,Cloudy,12,12,16
02:24:08,Cloudy,12,12,16
02:26:09,Cloudy,12,12,16
02:28:08,Cloudy,12,12,16
02:30:08,Cloudy,12,12,16
02:32:09,Cloudy,12,12,16
02:34:09,Cloudy,12,12,16
02:36:08,Cloudy,12,12,16
02:38:09,Cloudy,12,12,16
02:40:09,Cloudy,12,12,16
02:42:09,Cloudy,12,12,16
02:44:08,Cloudy,12,12,16
02:46:09,Cloudy,12,12,16
02:48:09,Cloudy,12,12,16
02:50:08,Cloudy,12,12,16
02:52:09,Cloudy,12,12,16
02:54:09,Cloudy,12,12,16
02:56:08,Cloudy,12,12,16
02:58:09,Cloudy,12,12,16
03:00:09,Cloudy,12,12,16
03:02:08,Cloudy,12,12,16
03:04:09,Cloudy,12,12,16
03:06:09,Cloudy,12,12,16
03:08:08,Cloudy,12,12,16
03:10:09,Cloudy,12,12,16
03:12:09,Cloudy,12,12,16
03:14:09,Light Rain,12,12,14
03:16:09,Light Rain,12,12,14
03:18:08,Light Rain,12,12,14
03:20:08,Light Rain,12,12,14
03:22:09,Light Rain,12,12,14
03:24:09,Light Rain,12,12,14
03:26:09,Light Rain,12,12,14
03:28:09,Light Rain,12,12,14
03:30:09,Light Rain,12,12,14
03:32:08,Light Rain,12,12,14
03:34:08,Light Rain,12,12,14
03:36:09,Light Rain,12,12,14
03:38:09,Light Rain,12,12,14
03:40:08,Light Rain,12,12,14
03:42:09,Light Rain,12,12,14
03:44:09,Light Rain,12,12,14
03:46:09,Light Rain,12,12,14
03:48:08,Light Rain,12,12,14
03:50:09,Light Rain,12,12,14
03:52:09,Light Rain,12,12,14
03:54:09,Light Rain,12,12,14
03:56:09,Light Rain,12,12,14
03:58:08,Light Rain,12,12,14
04:00:08,Light Rain,12,12,14
04:02:09,Light Rain,12,12,14
04:04:09,Light Rain,12,12,14
04:06:09,Light Rain,12,12,14
04:08:09,Light Rain,12,12,14
04:10:08,Light Rain,12,12,14
04:12:09,Light Rain,12,12,14
04:14:09,Mostly Cloudy,12,12,14
04:16:09,Mostly Cloudy,12,12,14
04:18:09,Mostly Cloudy,12,12,14
04:20:09,Mostly Cloudy,12,12,14
04:22:09,Mostly Cloudy,12,12,14
04:24:08,Mostly Cloudy,12,12,14
04:26:09,Mostly Cloudy,12,12,14
04:28:09,Mostly Cloudy,12,12,14
04:30:08,Mostly Cloudy,12,12,14
04:32:09,Mostly Cloudy,12,12,14
04:34:09,Mostly Cloudy,12,12,14
04:36:08,Mostly Cloudy,12,12,14
04:38:08,Mostly Cloudy,12,12,14
04:40:08,Mostly Cloudy,12,12,14
04:42:09,Mostly Cloudy,12,12,14
04:44:08,Mostly Cloudy,12,12,14
04:46:08,Mostly Cloudy,12,12,14
04:48:09,Mostly Cloudy,12,12,14
04:50:09,Mostly Cloudy,12,12,14
04:52:08,Mostly Cloudy,12,12,14
04:54:08,Mostly Cloudy,12,12,14
04:56:09,Mostly Cloudy,12,12,14
04:58:09,Mostly Cloudy,12,12,14
05:00:08,Mostly Cloudy,12,12,14
05:02:08,Mostly Cloudy,12,12,14
05:04:09,Mostly Cloudy,12,12,14
05:06:09,Mostly Cloudy,12,12,14
05:08:09,Mostly Cloudy,12,12,14
05:10:09,Mostly Cloudy,12,12,14
05:12:08,Mostly Cloudy,12,12,14
05:14:09,Mostly Cloudy,12,12,14
05:16:09,Mostly Cloudy,12,12,19
05:18:08,Mostly Cloudy,12,12,19
05:20:09,Mostly Cloudy,12,12,19
05:22:09,Mostly Cloudy,12,12,19
05:24:08,Mostly Cloudy,12,12,19
05:26:08,Mostly Cloudy,12,12,19
05:28:09,Mostly Cloudy,12,12,19
05:30:09,Mostly Cloudy,12,12,19
05:32:09,Mostly Cloudy,12,12,19
05:34:09,Mostly Cloudy,12,12,19
05:36:09,Mostly Cloudy,12,12,19
05:38:08,Mostly Cloudy,12,12,19
05:40:08,Mostly Cloudy,12,12,19
05:42:09,Mostly Cloudy,12,12,19
05:44:09,Mostly Cloudy,12,12,19
05:46:08,Mostly Cloudy,12,12,19
05:48:08,Mostly Cloudy,12,12,19
05:50:09,Mostly Cloudy,12,12,19
05:52:09,Mostly Cloudy,12,12,19
05:54:08,Mostly Cloudy,12,12,19
05:56:09,Mostly Cloudy,12,12,19
05:58:09,Mostly Cloudy,12,12,19
06:00:08,Mostly Cloudy,12,12,19
06:02:08,Mostly Cloudy,12,12,19
06:04:09,Mostly Cloudy,12,12,19
06:06:09,Mostly Cloudy,12,12,19
06:08:08,Mostly Cloudy,12,12,19
06:10:08,Mostly Cloudy,12,12,19
06:12:09,Mostly Cloudy,12,12,19
06:14:09,Mostly Cloudy,12,12,19
06:16:08,Mostly Cloudy,12,12,19
06:18:09,Mostly Cloudy,12,12,19
06:20:08,Mostly Cloudy,12,12,19
06:22:09,Mostly Cloudy,12,12,19
06:24:09,Mostly Cloudy,12,12,19
06:26:08,Mostly Cloudy,12,12,19
06:28:09,Mostly Cloudy,12,12,19
06:30:09,Mostly Cloudy,12,12,19
06:32:09,Mostly Cloudy,12,12,19
06:34:08,Mostly Cloudy,12,12,19
06:36:09,Mostly Cloudy,12,12,19
06:38:09,Mostly Cloudy,12,12,19
06:40:08,Mostly Cloudy,12,12,19
06:42:08,Mostly Cloudy,12,12,19
06:44:09,Mostly Cloudy,12,12,19
06:46:09,Mostly Cloudy,12,12,19
06:48:08,Mostly Cloudy,12,12,19
06:50:09,Mostly Cloudy,12,12,19
06:52:09,Mostly Cloudy,12,12,19
06:54:08,Mostly Cloudy,12,12,19
06:56:09,Mostly Cloudy,12,12,19
06:58:09,Mostly Cloudy,12,12,19
07:00:09,Mostly Cloudy,12,12,19
07:02:09,Mostly Cloudy,12,12,19
07:04:08,Mostly Cloudy,12,12,19
07:06:09,Mostly Cloudy,12,12,19
07:08:09,Mostly Cloudy,12,12,19
07:10:09,Mostly Cloudy,13,13,20
07:12:08,Mostly Cloudy,13,13,20
07:14:09,Mostly Cloudy,13,13,20
07:16:09,Mostly Cloudy,13,13,20
07:18:08,Mostly Cloudy,13,13,20
07:20:09,Mostly Cloudy,13,13,20
07:22:09,Mostly Cloudy,13,13,20
07:24:09,Mostly Cloudy,13,13,20
07:26:08,Mostly Cloudy,13,13,20
07:28:09,Mostly Cloudy,13,13,20
07:30:09,Mostly Cloudy,13,13,20
07:32:09,Mostly Cloudy,13,13,20
07:34:09,Mostly Cloudy,13,13,20
07:36:09,Mostly Cloudy,13,13,20
07:38:09,Mostly Cloudy,13,13,20
07:40:09,Mostly Cloudy,13,13,22
07:42:09,Mostly Cloudy,13,13,22
07:44:09,Mostly Cloudy,13,13,22
07:46:09,Mostly Cloudy,13,13,22
07:48:08,Mostly Cloudy,13,13,22
07:50:09,Mostly Cloudy,13,13,22
07:52:09,Mostly Cloudy,13,13,22
07:54:08,Mostly Cloudy,13,13,22
07:56:09,Mostly Cloudy,13,13,22
07:58:09,Mostly Cloudy,13,13,22
08:00:08,Mostly Cloudy,13,13,22
08:02:09,Mostly Cloudy,13,13,22
08:04:09,Mostly Cloudy,13,13,22
08:06:08,Mostly Cloudy,13,13,22
08:08:09,Mostly Cloudy,13,13,22
08:10:09,Showers in the Vicinity,15,15,19
08:12:09,Showers in the Vicinity,15,15,19
08:14:08,Showers in the Vicinity,15,15,19
08:16:09,Showers in the Vicinity,15,15,19
08:18:09,Showers in the Vicinity,15,15,19
08:20:08,Showers in the Vicinity,15,15,19
08:22:09,Showers in the Vicinity,15,15,19
08:24:09,Showers in the Vicinity,15,15,19
08:26:09,Showers in the Vicinity,15,15,19
08:28:08,Showers in the Vicinity,15,15,19
08:30:09,Showers in the Vicinity,15,15,19
08:32:08,Showers in the Vicinity,15,15,19
08:34:08,Showers in the Vicinity,15,15,19
08:36:09,Showers in the Vicinity,15,15,19
08:38:09,Showers in the Vicinity,15,15,19
08:40:09,Showers in the Vicinity,15,15,19
08:42:09,Showers in the Vicinity,15,15,19
08:44:09,Showers in the Vicinity,15,15,19
08:46:09,Mostly Cloudy,15,15,20
08:48:09,Mostly Cloudy,15,15,20
08:50:09,Mostly Cloudy,15,15,20
08:52:08,Mostly Cloudy,15,15,20
08:54:09,Mostly Cloudy,15,15,20
08:56:09,Mostly Cloudy,15,15,20
08:58:08,Mostly Cloudy,15,15,20
09:00:09,Mostly Cloudy,15,15,20
09:02:09,Mostly Cloudy,15,15,20
09:04:09,Mostly Cloudy,15,15,20
09:06:08,Mostly Cloudy,15,15,20
09:08:09,Mostly Cloudy,15,15,20
09:10:09,Mostly Cloudy,15,15,20
09:12:08,Mostly Cloudy,15,15,20
09:14:09,Mostly Cloudy,15,15,20
09:16:09,Mostly Cloudy,15,15,25
09:18:09,Mostly Cloudy,15,15,25
09:20:09,Mostly Cloudy,15,15,25
09:22:08,Mostly Cloudy,15,15,25
09:24:09,Mostly Cloudy,15,15,25
09:26:09,Mostly Cloudy,15,15,25
09:28:09,Mostly Cloudy,15,15,25
09:30:08,Mostly Cloudy,15,15,25
09:32:09,Mostly Cloudy,15,15,25
09:34:09,Mostly Cloudy,15,15,25
09:36:09,Mostly Cloudy,15,15,25
09:38:09,Mostly Cloudy,15,15,25
09:40:09,Mostly Cloudy,16,16,16
09:42:09,Mostly Cloudy,16,16,16
09:44:08,Mostly Cloudy,16,16,16
09:46:09,Mostly Cloudy,16,16,16
09:48:08,Mostly Cloudy,16,16,16
09:50:09,Mostly Cloudy,16,16,16
09:52:09,Mostly Cloudy,16,16,16
09:54:08,Mostly Cloudy,16,16,16
09:56:08,Mostly Cloudy,16,16,16
09:58:09,Mostly Cloudy,16,16,16
10:00:09,Mostly Cloudy,16,16,16
10:02:08,Mostly Cloudy,16,16,16
10:04:08,Mostly Cloudy,16,16,16
10:06:09,Mostly Cloudy,16,16,16
10:08:09,Mostly Cloudy,16,16,16
10:10:08,Mostly Cloudy,16,16,16
10:12:09,Mostly Cloudy,16,16,16
10:14:09,Mostly Cloudy,16,16,16
10:16:08,Mostly Cloudy,16,16,19
10:18:09,Mostly Cloudy,16,16,19
10:20:09,Mostly Cloudy,16,16,19
10:22:08,Mostly Cloudy,16,16,19
10:24:09,Mostly Cloudy,16,16,19
10:26:09,Mostly Cloudy,16,16,19
10:28:09,Mostly Cloudy,16,16,19
10:30:08,Mostly Cloudy,16,16,19
10:32:08,Mostly Cloudy,16,16,19
10:34:09,Mostly Cloudy,16,16,19
10:36:09,Mostly Cloudy,16,16,19
10:38:08,Light Rain,16,16,22
10:40:09,Light Rain,16,16,22
10:42:08,Light Rain,16,16,22
10:44:08,Light Rain,16,16,22
10:46:09,Light Rain,16,16,22
10:48:09,Light Rain,16,16,22
10:50:08,Light Rain,16,16,22
10:52:09,Light Rain,16,16,22
10:54:09,Light Rain,16,16,22
10:56:09,Light Rain,16,16,22
10:58:08,Light Rain,16,16,22
11:00:09,Light Rain,16,16,22
11:02:09,Light Rain,16,16,22
11:04:08,Light Rain,16,16,22
11:06:09,Light Rain,16,16,22
11:08:09,Light Rain,16,16,22
11:10:08,Light Rain,16,16,22
11:12:08,Light Rain,16,16,22
11:14:09,Mostly Cloudy,17,17,20
11:16:08,Mostly Cloudy,17,17,20
11:18:08,Mostly Cloudy,17,17,20
11:20:09,Mostly Cloudy,17,17,20
11:22:09,Mostly Cloudy,17,17,20
11:24:09,Mostly Cloudy,17,17,20
11:26:09,Mostly Cloudy,17,17,20
11:28:08,Mostly Cloudy,17,17,20
11:30:08,Mostly Cloudy,17,17,20
11:32:08,Mostly Cloudy,17,17,20
11:34:09,Mostly Cloudy,17,17,20
11:36:09,Mostly Cloudy,17,17,20
11:38:08,Mostly Cloudy,17,17,20
11:40:09,Mostly Cloudy,17,17,20
11:42:09,Mostly Cloudy,17,17,20
11:44:09,Mostly Cloudy,17,17,20
11:46:08,Mostly Cloudy,17,17,20
11:48:09,Mostly Cloudy,17,17,20
11:50:09,Mostly Cloudy,17,17,20
11:52:09,Mostly Cloudy,17,17,20
11:54:09,Mostly Cloudy,17,17,20
11:56:09,Mostly Cloudy,17,17,20
11:58:08,Mostly Cloudy,17,17,20
12:00:09,Mostly Cloudy,17,17,20
12:02:09,Mostly Cloudy,17,17,20
12:04:08,Mostly Cloudy,17,17,20
12:06:09,Mostly Cloudy,17,17,20
12:08:09,Mostly Cloudy,17,17,20
12:10:09,Mostly Cloudy,17,17,20
12:12:08,Mostly Cloudy,17,17,20
12:14:09,Mostly Cloudy,17,17,22
12:16:09,Mostly Cloudy,17,17,22
12:18:08,Mostly Cloudy,17,17,22
12:20:08,Mostly Cloudy,17,17,22
12:22:09,Mostly Cloudy,17,17,22
12:24:09,Mostly Cloudy,17,17,22
12:26:08,Mostly Cloudy,17,17,22
12:28:09,Mostly Cloudy,17,17,22
12:30:09,Mostly Cloudy,17,17,22
12:32:08,Mostly Cloudy,17,17,22
12:34:09,Mostly Cloudy,17,17,22
12:36:09,Mostly Cloudy,17,17,22
12:38:09,Mostly Cloudy,17,17,22
12:40:08,Mostly Cloudy,17,17,22
12:42:08,Mostly Cloudy,17,17,22
12:50:09,Mostly Cloudy,17,17,22
12:52:09,Mostly Cloudy,17,17,22
12:54:09,Mostly Cloudy,17,17,22
12:56:08,Mostly Cloudy,17,17,22
12:58:09,Mostly Cloudy,17,17,22
13:00:09,Mostly Cloudy,17,17,22
13:02:08,Mostly Cloudy,17,17,22
13:04:09,Mostly Cloudy,17,17,22
13:06:09,Mostly Cloudy,17,17,22
13:08:09,Mostly Cloudy,17,17,22
13:10:09,Mostly Cloudy,17,17,22
13:12:09,Mostly Cloudy,17,17,22
13:14:09,Mostly Cloudy,17,17,24
13:16:08,Mostly Cloudy,17,17,24
13:18:09,Mostly Cloudy,17,17,24
13:20:09,Mostly Cloudy,17,17,24
13:22:08,Mostly Cloudy,17,17,24
13:24:09,Mostly Cloudy,17,17,24
13:26:09,Mostly Cloudy,17,17,24
13:28:09,Mostly Cloudy,17,17,24
13:30:08,Mostly Cloudy,17,17,24
13:32:08,Mostly Cloudy,17,17,24
13:34:09,Mostly Cloudy,17,17,24
13:36:09,Mostly Cloudy,17,17,24
13:38:08,Mostly Cloudy,17,17,24
13:40:08,Mostly Cloudy,17,17,24
13:42:09,Mostly Cloudy,17,17,24
13:44:09,Mostly Cloudy,17,17,24
13:46:08,Mostly Cloudy,17,17,24
13:48:09,Mostly Cloudy,17,17,24
13:50:09,Mostly Cloudy,17,17,24
13:52:08,Mostly Cloudy,17,17,24
13:54:09,Mostly Cloudy,17,17,24
13:56:09,Mostly Cloudy,17,17,24
13:58:09,Mostly Cloudy,17,17,24
14:00:09,Mostly Cloudy,17,17,24
14:02:08,Mostly Cloudy,17,17,24
14:04:09,Mostly Cloudy,17,17,24
14:06:09,Mostly Cloudy,17,17,24
14:08:09,Mostly Cloudy,17,17,24
14:10:08,Mostly Cloudy,17,17,24
14:12:09,Mostly Cloudy,17,17,24
14:14:09,Mostly Cloudy,17,17,24
14:16:09,Mostly Cloudy,17,17,24
14:18:09,Mostly Cloudy,18,18,19
14:20:09,Mostly Cloudy,18,18,19
14:22:08,Mostly Cloudy,18,18,19
14:24:08,Mostly Cloudy,18,18,19
14:26:09,Mostly Cloudy,18,18,19
14:28:09,Mostly Cloudy,18,18,19
14:30:08,Mostly Cloudy,18,18,19
14:32:09,Mostly Cloudy,18,18,19
14:34:09,Mostly Cloudy,18,18,19
14:36:08,Mostly Cloudy,18,18,19
14:38:08,Mostly Cloudy,18,18,19
14:40:09,Mostly Cloudy,17,17,22
14:42:09,Mostly Cloudy,17,17,22
14:44:08,Mostly Cloudy,17,17,22
14:46:08,Mostly Cloudy,17,17,22
14:48:09,Mostly Cloudy,17,17,22
14:50:09,Mostly Cloudy,17,17,22
14:52:09,Mostly Cloudy,17,17,22
14:54:08,Mostly Cloudy,17,17,22
14:56:08,Mostly Cloudy,17,17,22
14:58:09,Mostly Cloudy,17,17,22
15:00:09,Mostly Cloudy,17,17,22
15:02:08,Mostly Cloudy,17,17,22
15:04:08,Mostly Cloudy,17,17,22
15:06:09,Mostly Cloudy,17,17,22
15:08:09,Mostly Cloudy,17,17,22
15:10:08,Mostly Cloudy,17,17,22
15:12:08,Mostly Cloudy,17,17,22
15:14:09,Mostly Cloudy,17,17,20
15:16:09,Mostly Cloudy,17,17,20
15:18:08,Mostly Cloudy,17,17,20
15:20:09,Mostly Cloudy,17,17,20
15:22:09,Mostly Cloudy,17,17,20
15:24:09,Mostly Cloudy,17,17,20
15:26:09,Mostly Cloudy,17,17,20
15:28:09,Mostly Cloudy,17,17,20
15:30:08,Mostly Cloudy,17,17,20
15:32:09,Mostly Cloudy,17,17,20
15:34:09,Mostly Cloudy,17,17,20
15:36:09,Mostly Cloudy,17,17,20
15:38:08,Mostly Cloudy,17,17,20
15:40:09,Mostly Cloudy,17,17,20
15:42:09,Mostly Cloudy,17,17,20
15:44:09,Mostly Cloudy,17,17,19
15:46:08,Mostly Cloudy,17,17,19
15:48:08,Mostly Cloudy,17,17,19
15:50:09,Mostly Cloudy,17,17,19
15:52:09,Mostly Cloudy,17,17,19
15:54:08,Mostly Cloudy,17,17,19
15:56:08,Mostly Cloudy,17,17,19
15:58:09,Mostly Cloudy,17,17,19
16:00:09,Mostly Cloudy,17,17,19
16:02:08,Mostly Cloudy,17,17,19
16:04:09,Mostly Cloudy,17,17,19
16:06:09,Mostly Cloudy,17,17,19
16:08:09,Mostly Cloudy,17,17,20
16:10:09,Mostly Cloudy,17,17,20
16:12:09,Mostly Cloudy,17,17,20
16:14:09,Mostly Cloudy,17,17,20
16:16:09,Mostly Cloudy,17,17,20
16:18:08,Mostly Cloudy,17,17,20
16:20:08,Mostly Cloudy,17,17,20
16:22:09,Mostly Cloudy,17,17,20
16:24:09,Mostly Cloudy,17,17,20
16:26:08,Mostly Cloudy,17,17,20
16:28:09,Mostly Cloudy,17,17,20
16:30:09,Mostly Cloudy,17,17,20
16:32:09,Mostly Cloudy,17,17,20
16:34:08,Mostly Cloudy,17,17,20
16:36:09,Mostly Cloudy,17,17,20
16:38:09,Mostly Cloudy,17,17,20
16:40:09,Mostly Cloudy,17,17,20
16:42:08,Mostly Cloudy,17,17,20
16:44:08,Mostly Cloudy,17,17,20
16:46:09,Mostly Cloudy,17,17,20
16:48:09,Mostly Cloudy,17,17,20
16:50:09,Mostly Cloudy,17,17,20
16:52:09,Mostly Cloudy,17,17,20
16:54:09,Mostly Cloudy,17,17,20
16:56:09,Mostly Cloudy,17,17,20
16:58:09,Mostly Cloudy,17,17,20
17:00:09,Mostly Cloudy,17,17,20
17:02:09,Mostly Cloudy,17,17,20
17:04:08,Mostly Cloudy,17,17,20
17:06:09,Mostly Cloudy,17,17,20
17:08:09,Mostly Cloudy,17,17,20
17:10:09,Mostly Cloudy,17,17,20
17:12:08,Mostly Cloudy,17,17,20
17:14:09,Mostly Cloudy,17,17,20
17:16:09,Mostly Cloudy,17,17,20
17:18:08,Mostly Cloudy,17,17,20
17:20:09,Mostly Cloudy,17,17,20
17:22:09,Mostly Cloudy,17,17,20
17:24:08,Mostly Cloudy,17,17,20
17:26:08,Mostly Cloudy,17,17,20
17:28:09,Mostly Cloudy,17,17,20
17:30:09,Mostly Cloudy,17,17,20
17:32:09,Mostly Cloudy,17,17,20
17:34:08,Mostly Cloudy,17,17,20
17:36:09,Mostly Cloudy,17,17,20
17:38:09,Mostly Cloudy,17,17,20
17:40:08,Mostly Cloudy,17,17,20
17:42:08,Mostly Cloudy,17,17,20
17:44:09,Mostly Cloudy,17,17,20
17:46:09,Mostly Cloudy,17,17,20
17:48:09,Mostly Cloudy,17,17,20
17:50:08,Mostly Cloudy,17,17,20
17:52:08,Mostly Cloudy,17,17,20
17:54:09,Mostly Cloudy,17,17,20
17:56:09,Mostly Cloudy,17,17,20
17:58:08,Mostly Cloudy,17,17,20
18:00:08,Mostly Cloudy,17,17,20
18:02:09,Mostly Cloudy,17,17,20
18:04:09,Mostly Cloudy,17,17,20
18:06:08,Mostly Cloudy,17,17,20
18:08:08,Mostly Cloudy,17,17,20
18:10:09,Mostly Cloudy,17,17,20
18:12:09,Mostly Cloudy,17,17,16
18:14:08,Mostly Cloudy,17,17,16
18:16:09,Mostly Cloudy,17,17,16
18:18:08,Mostly Cloudy,17,17,16
18:20:09,Mostly Cloudy,17,17,16
18:22:09,Mostly Cloudy,17,17,16
18:24:09,Mostly Cloudy,17,17,16
18:26:09,Mostly Cloudy,17,17,16
18:28:09,Mostly Cloudy,17,17,16
18:30:09,Mostly Cloudy,17,17,16
18:32:08,Mostly Cloudy,17,17,16
18:34:08,Mostly Cloudy,17,17,16
18:36:09,Mostly Cloudy,17,17,16
18:38:09,Mostly Cloudy,17,17,16
18:40:09,Mostly Cloudy,17,17,16
18:42:08,Mostly Cloudy,17,17,16
18:44:09,Mostly Cloudy,17,17,16
18:46:09,Mostly Cloudy,17,17,16
18:48:09,Mostly Cloudy,17,17,16
18:50:08,Mostly Cloudy,17,17,16
18:52:08,Mostly Cloudy,17,17,16
18:54:09,Mostly Cloudy,17,17,16
18:56:09,Mostly Cloudy,17,17,16
18:58:08,Mostly Cloudy,17,17,16
19:00:08,Mostly Cloudy,17,17,16
19:02:09,Mostly Cloudy,17,17,16
19:04:09,Mostly Cloudy,17,17,16
19:06:09,Mostly Cloudy,17,17,16
19:08:08,Mostly Cloudy,17,17,16
19:10:09,Mostly Cloudy,17,17,16
19:12:09,Mostly Cloudy,17,17,19
19:14:09,Mostly Cloudy,17,17,19
19:16:09,Mostly Cloudy,17,17,19
19:18:09,Mostly Cloudy,17,17,19
19:20:09,Mostly Cloudy,17,17,19
19:22:09,Mostly Cloudy,17,17,19
19:24:09,Mostly Cloudy,17,17,19
19:26:09,Mostly Cloudy,17,17,19
19:28:09,Mostly Cloudy,17,17,19
19:30:09,Mostly Cloudy,17,17,19
19:32:08,Mostly Cloudy,17,17,19
19:34:09,Mostly Cloudy,17,17,19
19:36:09,Mostly Cloudy,17,17,19
19:38:08,Mostly Cloudy,17,17,19
19:40:08,Mostly Cloudy,17,17,19
19:42:09,Mostly Cloudy,17,17,19
19:44:09,Mostly Cloudy,17,17,19
19:46:09,Mostly Cloudy,17,17,19
19:48:09,Mostly Cloudy,17,17,19
19:50:09,Mostly Cloudy,17,17,19
19:52:08,Mostly Cloudy,17,17,19
19:54:08,Mostly Cloudy,17,17,19
19:56:09,Mostly Cloudy,17,17,19
19:58:09,Mostly Cloudy,17,17,19
20:00:09,Mostly Cloudy,17,17,19
20:02:09,Mostly Cloudy,17,17,19
20:04:09,Mostly Cloudy,17,17,19
20:06:08,Mostly Cloudy,17,17,19
20:08:09,Mostly Cloudy,17,17,19
20:10:09,Mostly Cloudy,16,16,12
20:12:08,Mostly Cloudy,16,16,12
20:14:09,Mostly Cloudy,16,16,12
20:16:09,Mostly Cloudy,16,16,9
20:18:08,Mostly Cloudy,16,16,9
20:20:08,Mostly Cloudy,16,16,9
20:22:09,Mostly Cloudy,16,16,9
20:24:08,Mostly Cloudy,16,16,9
20:26:09,Mostly Cloudy,16,16,9
20:28:09,Mostly Cloudy,16,16,9
20:30:09,Mostly Cloudy,16,16,9
20:32:08,Mostly Cloudy,16,16,9
20:34:08,Mostly Cloudy,16,16,9
20:36:09,Mostly Cloudy,16,16,9
20:38:09,Mostly Cloudy,16,16,9
20:40:08,Mostly Cloudy,16,16,9
20:42:09,Mostly Cloudy,16,16,9
20:44:09,Mostly Cloudy,16,16,9
20:46:08,Mostly Cloudy,16,16,9
20:48:09,Mostly Cloudy,16,16,9
20:50:09,Mostly Cloudy,16,16,9
20:52:08,Mostly Cloudy,16,16,9
20:54:09,Mostly Cloudy,16,16,9
20:56:09,Mostly Cloudy,16,16,9
20:58:09,Mostly Cloudy,16,16,9
21:00:08,Mostly Cloudy,16,16,9
21:02:09,Mostly Cloudy,16,16,9
21:04:09,Mostly Cloudy,16,16,9
21:06:08,Mostly Cloudy,16,16,9
21:08:08,Mostly Cloudy,16,16,9
21:10:09,Mostly Cloudy,16,16,9
21:12:09,Mostly Cloudy,16,16,9
21:14:08,Mostly Cloudy,16,16,9
21:16:08,Mostly Cloudy,15,15,12
21:18:09,Mostly Cloudy,15,15,12
21:20:09,Mostly Cloudy,15,15,12
21:22:08,Mostly Cloudy,15,15,12
21:24:09,Mostly Cloudy,15,15,12
21:26:09,Mostly Cloudy,15,15,12
21:28:08,Mostly Cloudy,15,15,12
21:30:09,Mostly Cloudy,15,15,12
21:32:09,Mostly Cloudy,15,15,12
21:34:08,Mostly Cloudy,15,15,12
21:36:09,Mostly Cloudy,15,15,12
21:38:09,Mostly Cloudy,15,15,12
21:40:09,Mostly Cloudy,15,15,12
21:42:09,Mostly Cloudy,15,15,12
21:44:09,Mostly Cloudy,15,15,12
21:46:09,Mostly Cloudy,15,15,12
21:48:08,Mostly Cloudy,15,15,12
21:50:09,Mostly Cloudy,15,15,12
21:52:09,Mostly Cloudy,15,15,12
21:54:09,Mostly Cloudy,15,15,12
21:56:08,Mostly Cloudy,15,15,12
21:58:09,Mostly Cloudy,15,15,12
22:00:08,Mostly Cloudy,15,15,12
22:02:09,Mostly Cloudy,15,15,12
22:04:09,Mostly Cloudy,15,15,12
22:06:09,Mostly Cloudy,15,15,12
22:08:09,Mostly Cloudy,15,15,12
22:10:08,Mostly Cloudy,12,12,12
22:12:08,Mostly Cloudy,12,12,12
22:14:09,Mostly Cloudy,12,12,12
22:16:09,Mostly Cloudy,12,12,12
22:18:09,Mostly Cloudy,12,12,12
22:20:09,Mostly Cloudy,12,12,12
22:22:09,Mostly Cloudy,12,12,12
22:24:09,Mostly Cloudy,12,12,12
22:26:09,Mostly Cloudy,12,12,12
22:28:09,Mostly Cloudy,12,12,12
22:30:09,Mostly Cloudy,12,12,12
22:32:09,Mostly Cloudy,12,12,12
22:34:08,Mostly Cloudy,12,12,12
22:36:09,Mostly Cloudy,12,12,12
22:38:09,Mostly Cloudy,12,12,12
22:40:09,Mostly Cloudy,12,12,12
22:42:09,Mostly Cloudy,12,12,12
22:44:09,Mostly Cloudy,12,12,12
22:46:09,Mostly Cloudy,12,12,12
22:48:08,Mostly Cloudy,12,12,12
22:50:09,Mostly Cloudy,12,12,12
22:52:09,Mostly Cloudy,12,12,12
22:54:09,Mostly Cloudy,12,12,12
22:56:09,Mostly Cloudy,12,12,12
22:58:09,Mostly Cloudy,12,12,12
23:00:08,Mostly Cloudy,12,12,12
23:02:09,Mostly Cloudy,12,12,12
23:04:09,Mostly Cloudy,12,12,12
23:06:08,Mostly Cloudy,12,12,12
23:08:08,Mostly Cloudy,12,12,12
23:10:09,Mostly Cloudy,12,12,9
23:12:09,Mostly Cloudy,12,12,9
23:14:08,Mostly Cloudy,12,12,9
23:16:09,Mostly Cloudy,12,12,9
23:18:09,Mostly Cloudy,12,12,9
23:20:08,Mostly Cloudy,12,12,9
23:22:09,Mostly Cloudy,12,12,9
23:24:09,Mostly Cloudy,12,12,9
23:26:08,Mostly Cloudy,12,12,9
23:28:08,Mostly Cloudy,12,12,9
23:30:09,Mostly Cloudy,12,12,9
23:32:09,Mostly Cloudy,12,12,9
23:34:09,Mostly Cloudy,12,12,9
23:36:08,Mostly Cloudy,12,12,9
23:38:09,Mostly Cloudy,12,12,9
23:40:09,Mostly Cloudy,12,12,9
23:42:08,Mostly Cloudy,12,12,9
23:44:09,Mostly Cloudy,12,12,9
23:46:09,Mostly Cloudy,12,12,9
23:48:08,Mostly Cloudy,12,12,9
23:50:09,Mostly Cloudy,12,12,9
23:52:09,Mostly Cloudy,12,12,9
23:54:09,Mostly Cloudy,12,12,9
23:56:08,Mostly Cloudy,12,12,9
23:58:08,Mostly Cloudy,12,12,9
