Time,Weather,Temperature,Feels_Like,Wind_Speed
00:00:09,Fair,8,7,11
00:02:08,Fair,8,7,11
00:04:08,Fair,8,7,11
00:06:09,Fair,8,7,11
00:08:09,Fair,8,7,11
00:10:08,Fair,7,6,11
00:12:09,Fair,7,6,11
00:14:09,Fair,7,6,11
00:16:08,Fair,7,6,11
00:18:09,Fair,7,6,11
00:20:09,Fair,7,6,11
00:22:08,Fair,7,6,11
00:24:09,Fair,7,6,11
00:26:09,Fair,7,6,11
00:28:08,Fair,7,6,11
00:30:09,Fair,7,6,11
00:32:09,Fair,7,6,11
00:34:08,Fair,7,6,11
00:36:09,Fair,7,6,11
00:38:09,Fair,7,6,11
00:40:08,Fair,7,6,11
00:42:09,Fair,7,6,11
00:44:09,Fair,7,6,11
00:46:08,Fair,7,6,11
00:48:09,Fair,7,6,11
00:50:09,Fair,7,6,11
00:52:08,Fair,7,6,11
00:54:08,Fair,7,6,11
00:56:09,Fair,7,6,11
00:58:09,Fair,7,6,11
01:00:17,Fair,7,6,11
01:02:08,Fair,7,6,11
01:04:09,Fair,7,6,11
01:06:09,Fair,7,6,11
01:08:09,Fair,7,6,11
01:10:08,Fair,7,6,11
01:12:09,Fair,7,6,11
01:14:09,Fair,7,6,11
01:16:08,Fair,8,7,12
01:18:09,Fair,8,7,12
01:20:09,Fair,8,7,12
01:22:09,Fair,8,7,12
01:24:08,Fair,8,7,12
01:26:09,Fair,8,7,12
01:28:09,Fair,8,7,12
01:30:09,Fair,8,7,12
01:32:08,Fair,8,7,12
01:34:09,Fair,8,7,12
01:36:09,Fair,8,7,12
01:38:08,Fair,8,7,12
01:40:09,Fair,8,7,12
01:42:09,Fair,8,7,12
01:44:09,Fair,8,7,12
01:46:08,Fair,8,7,12
01:48:09,Fair,8,7,12
01:50:09,Fair,8,7,12
01:52:09,Fair,8,7,12
01:54:09,Fair,8,7,12
01:56:09,Fair,8,7,12
01:58:08,Fair,8,7,12
02:00:09,Fair,8,7,12
02:02:09,Fair,8,7,12
02:04:09,Fair,8,7,12
02:06:09,Fair,8,7,12
02:08:09,Fair,8,7,12
02:10:08,Mostly Cloudy,10,10,14
02:12:08,Mostly Cloudy,10,10,14
02:14:08,Mostly Cloudy,10,10,14
02:16:09,Mostly Cloudy,10,10,14
02:18:09,Mostly Cloudy,10,10,14
02:20:09,Mostly Cloudy,10,10,14
02:22:09,Mostly Cloudy,10,10,14
02:24:09,Mostly Cloudy,10,10,14
02:26:09,Mostly Cloudy,10,10,14
02:28:08,Mostly Cloudy,10,10,14
02:30:09,Mostly Cloudy,10,10,14
02:32:09,Mostly Cloudy,10,10,14
02:34:09,Mostly Cloudy,10,10,14
02:36:09,Mostly Cloudy,10,10,14
02:38:09,Mostly Cloudy,10,10,14
02:40:09,Mostly Cloudy,10,10,14
02:42:08,Mostly Cloudy,10,10,14
02:44:09,Mostly Cloudy,10,10,14
02:46:09,Mostly Cloudy,10,10,14
02:48:09,Mostly Cloudy,10,10,14
02:50:09,Mostly Cloudy,10,10,14
02:52:08,Mostly Cloudy,10,10,14
02:54:09,Mostly Cloudy,10,10,14
02:56:09,Mostly Cloudy,10,10,14
02:58:09,Mostly Cloudy,10,10,14
03:00:08,Mostly Cloudy,10,10,14
03:02:09,Mostly Cloudy,10,10,14
03:04:09,Mostly Cloudy,10,10,14
03:06:08,Mostly Cloudy,10,10,14
03:08:09,Mostly Cloudy,10,10,14
03:10:09,Mostly Cloudy,11,11,12
03:12:08,Mostly Cloudy,11,11,12
03:14:09,Mostly Cloudy,11,11,12
03:16:09,Mostly Cloudy,11,11,12
03:18:09,Mostly Cloudy,11,11,12
03:20:09,Mostly Cloudy,11,11,12
03:22:09,Mostly Cloudy,11,11,12
03:24:09,Mostly Cloudy,11,11,12
03:26:09,Mostly Cloudy,11,11,12
03:28:09,Mostly Cloudy,11,11,12
03:30:08,Mostly Cloudy,11,11,12
03:32:09,Mostly Cloudy,11,11,12
03:34:09,Mostly Cloudy,11,11,12
03:36:08,Mostly Cloudy,11,11,12
03:38:08,Mostly Cloudy,11,11,12
03:40:09,Mostly Cloudy,11,11,12
03:42:09,Mostly Cloudy,11,11,12
03:44:09,Mostly Cloudy,11,11,12
03:46:09,Mostly Cloudy,11,11,12
03:48:08,Mostly Cloudy,11,11,12
03:50:09,Mostly Cloudy,11,11,12
03:52:09,Mostly Cloudy,11,11,12
03:54:09,Mostly Cloudy,11,11,12
03:56:08,Mostly Cloudy,11,11,12
03:58:08,Mostly Cloudy,11,11,12
04:00:09,Mostly Cloudy,11,11,12
04:02:09,Mostly Cloudy,11,11,12
04:04:09,Mostly Cloudy,11,11,12
04:06:08,Mostly Cloudy,11,11,12
04:08:09,Mostly Cloudy,11,11,12
04:10:09,Mostly Cloudy,11,11,16
04:12:09,Mostly Cloudy,11,11,16
04:14:09,Mostly Cloudy,11,11,16
04:16:08,Mostly Cloudy,11,11,16
04:18:09,Mostly Cloudy,11,11,16
04:20:09,Mostly Cloudy,11,11,16
04:22:09,Mostly Cloudy,11,11,16
04:24:09,Mostly Cloudy,11,11,16
04:26:09,Mostly Cloudy,11,11,16
04:28:09,Mostly Cloudy,11,11,16
04:30:08,Mostly Cloudy,11,11,16
04:32:08,Mostly Cloudy,11,11,16
04:34:09,Mostly Cloudy,11,11,16
04:36:09,Mostly Cloudy,11,11,16
04:38:09,Mostly Cloudy,11,11,16
04:40:09,Mostly Cloudy,11,11,16
04:42:08,Mostly Cloudy,11,11,16
04:44:09,Mostly Cloudy,11,11,16
04:46:09,Mostly Cloudy,11,11,16
04:48:09,Mostly Cloudy,11,11,16
04:50:09,Mostly Cloudy,11,11,16
04:52:08,Mostly Cloudy,11,11,16
04:54:09,Mostly Cloudy,11,11,16
04:56:09,Mostly Cloudy,11,11,16
04:58:08,Mostly Cloudy,11,11,16
05:00:09,Mostly Cloudy,11,11,16
05:02:09,Mostly Cloudy,11,11,16
05:04:09,Mostly Cloudy,11,11,16
05:06:08,Mostly Cloudy,11,11,16
05:08:09,Mostly Cloudy,11,11,16
05:10:09,Mostly Cloudy,11,11,16
05:12:08,Mostly Cloudy,11,11,16
05:14:09,Mostly Cloudy,11,11,16
05:16:09,Mostly Cloudy,11,11,19
05:18:09,Mostly Cloudy,11,11,19
05:20:09,Mostly Cloudy,11,11,19
05:22:09,Mostly Cloudy,11,11,19
05:24:09,Mostly Cloudy,11,11,19
05:26:09,Mostly Cloudy,11,11,19
05:28:09,Mostly Cloudy,11,11,19
05:30:08,Mostly Cloudy,11,11,19
05:32:09,Mostly Cloudy,11,11,19
05:34:09,Mostly Cloudy,11,11,19
05:36:08,Mostly Cloudy,11,11,19
05:38:09,Mostly Cloudy,11,11,19
05:40:09,Mostly Cloudy,11,11,19
05:42:09,Mostly Cloudy,11,11,19
05:44:09,Mostly Cloudy,11,11,19
05:46:09,Mostly Cloudy,11,11,19
05:48:08,Mostly Cloudy,11,11,19
05:50:09,Mostly Cloudy,11,11,19
05:52:09,Mostly Cloudy,11,11,19
05:54:08,Mostly Cloudy,11,11,19
05:56:09,Mostly Cloudy,11,11,19
05:58:09,Mostly Cloudy,11,11,19
06:00:09,Mostly Cloudy,11,11,19
06:02:08,Mostly Cloudy,11,11,19
06:04:09,Mostly Cloudy,11,11,19
06:06:09,Mostly Cloudy,11,11,19
06:08:08,Mostly Cloudy,11,11,19
06:10:09,Light Rain,12,12,24
06:12:09,Light Rain,12,12,24
06:14:09,Light Rain,12,12,24
06:16:08,Light Rain,12,12,24
06:18:09,Light Rain,12,12,24
06:20:08,Light Rain,12,12,24
06:22:09,Light Rain,12,12,24
06:24:09,Light Rain,12,12,24
06:26:09,Light Rain,12,12,24
06:28:09,Light Rain,12,12,24
06:30:09,Light Rain,12,12,24
06:32:09,Light Rain,12,12,24
06:34:09,Light Rain,12,12,24
06:36:08,Light Rain,12,12,24
06:38:09,Light Rain,12,12,24
06:40:09,Light Rain,12,12,24
06:42:09,Light Rain,12,12,24
06:44:09,Light Rain,12,12,24
06:46:08,Light Rain,12,12,24
06:48:09,Light Rain,12,12,24
06:50:09,Light Rain,12,12,24
06:52:09,Light Rain,12,12,24
06:54:09,Light Rain,12,12,24
06:56:08,Light Rain,12,12,24
06:58:09,Light Rain,12,12,24
07:00:09,Light Rain,12,12,24
07:02:08,Light Rain,12,12,24
07:04:09,Light Rain,12,12,24
07:06:09,Light Rain,12,12,24
07:08:09,Light Rain,12,12,24
07:10:08,Light Rain,12,12,24
07:12:09,Light Rain,12,12,24
07:14:09,Light Rain,12,12,24
07:16:08,Mostly Cloudy,12,12,24
07:18:09,Mostly Cloudy,12,12,24
07:20:09,Mostly Cloudy,12,12,24
07:22:09,Mostly Cloudy,12,12,24
07:24:09,Mostly Cloudy,12,12,24
07:26:09,Mostly Cloudy,12,12,24
07:28:08,Mostly Cloudy,12,12,24
07:30:09,Mostly Cloudy,12,12,24
07:32:08,Mostly Cloudy,12,12,24
07:34:09,Mostly Cloudy,12,12,24
07:36:09,Mostly Cloudy,12,12,24
07:38:08,Mostly Cloudy,12,12,24
07:40:09,Mostly Cloudy,12,12,24
07:42:09,Mostly Cloudy,12,12,24
07:44:09,Mostly Cloudy,12,12,24
07:46:09,Mostly Cloudy,12,12,24
07:48:09,Mostly Cloudy,12,12,24
07:50:09,Mostly Cloudy,12,12,24
07:52:08,Mostly Cloudy,12,12,24
07:54:09,Mostly Cloudy,12,12,24
07:56:09,Mostly Cloudy,12,12,24
07:58:08,Mostly Cloudy,12,12,24
08:00:09,Mostly Cloudy,12,12,24
08:02:09,Mostly Cloudy,12,12,24
08:04:09,Mostly Cloudy,12,12,24
08:06:08,Mostly Cloudy,12,12,24
08:08:09,Mostly Cloudy,12,12,24
08:10:09,Light Drizzle,12,12,25
08:12:08,Light Drizzle,12,12,25
08:14:08,Light Drizzle,12,12,25
08:16:09,Light Drizzle,12,12,25
08:18:08,Light Drizzle,12,12,25
08:20:08,Light Drizzle,12,12,25
08:22:09,Light Drizzle,12,12,25
08:24:09,Light Drizzle,12,12,25
08:26:08,Light Drizzle,12,12,25
08:28:09,Light Drizzle,12,12,25
08:30:09,Light Drizzle,12,12,25
08:32:08,Light Drizzle,12,12,25
08:34:09,Light Drizzle,12,12,25
08:36:09,Light Drizzle,12,12,25
08:38:09,Light Drizzle,12,12,25
08:40:08,Light Drizzle,12,12,25
08:42:09,Light Drizzle,12,12,25
08:44:09,Light Drizzle,12,12,25
08:46:08,Light Drizzle,12,12,25
08:48:09,Light Drizzle,12,12,25
08:50:09,Light Drizzle,12,12,25
08:52:09,Light Drizzle,12,12,25
08:54:08,Light Drizzle,12,12,25
08:56:09,Light Drizzle,12,12,25
08:58:09,Light Drizzle,12,12,25
09:00:09,Light Drizzle,12,12,25
09:02:08,Light Drizzle,12,12,25
09:04:09,Light Drizzle,12,12,25
09:06:09,Light Drizzle,12,12,25
09:08:08,Light Drizzle,12,12,25
09:10:08,Light Drizzle,13,13,28
09:12:09,Light Drizzle,13,13,28
09:14:09,Light Drizzle,13,13,28
09:16:08,Light Drizzle,13,13,28
09:18:09,Light Drizzle,13,13,28
09:20:09,Light Drizzle,13,13,28
09:22:08,Light Drizzle,13,13,28
09:24:09,Light Drizzle,13,13,28
09:26:09,Light Drizzle,13,13,28
09:28:09,Light Drizzle,13,13,28
09:30:09,Light Drizzle,13,13,28
09:32:08,Light Drizzle,13,13,28
09:34:09,Light Drizzle,13,13,28
09:36:09,Light Drizzle,13,13,28
09:38:08,Light Drizzle,13,13,28
09:40:08,Light Drizzle,13,13,28
09:42:09,Light Drizzle,13,13,28
09:44:09,Light Drizzle,13,13,28
09:46:09,Light Drizzle,13,13,28
09:48:08,Light Drizzle,13,13,28
09:50:08,Light Drizzle,13,13,28
09:52:09,Light Drizzle,13,13,28
09:54:09,Light Drizzle,13,13,28
09:56:08,Light Drizzle,13,13,28
09:58:09,Light Drizzle,13,13,28
10:00:09,Light Drizzle,13,13,28
10:02:09,Light Drizzle,13,13,28
10:04:09,Light Drizzle,13,13,28
10:06:09,Light Drizzle,13,13,28
10:08:08,Light Drizzle,13,13,28
10:10:08,Light Drizzle,13,13,28
10:12:09,Light Drizzle,13,13,28
10:14:09,Light Drizzle,13,13,28
10:16:09,Light Rain,15,15,27
10:18:09,Light Rain,15,15,27
10:20:09,Light Rain,15,15,27
10:22:09,Light Rain,15,15,27
10:24:08,Light Rain,15,15,27
10:26:09,Light Rain,15,15,27
10:28:09,Light Rain,15,15,27
10:30:08,Light Rain,15,15,27
10:32:08,Light Rain,15,15,27
10:34:09,Light Rain,15,15,27
10:36:09,Light Rain,15,15,27
10:38:08,Light Rain,15,15,27
10:40:08,Light Rain,15,15,27
10:42:09,Light Rain,15,15,27
10:44:09,Light Rain,15,15,27
10:46:08,Light Rain,15,15,27
10:48:09,Light Rain,15,15,27
10:50:09,Light Rain,15,15,27
10:52:08,Light Rain,15,15,27
10:54:09,Light Rain,15,15,27
10:56:09,Light Rain,15,15,27
10:58:08,Light Rain,15,15,27
11:00:09,Light Rain,15,15,27
11:02:09,Light Rain,15,15,27
11:04:08,Light Rain,15,15,27
11:06:08,Light Rain,15,15,27
11:08:09,Light Rain,15,15,27
11:10:09,Mostly Cloudy,16,16,32
11:12:09,Mostly Cloudy,16,16,32
11:14:09,Mostly Cloudy,16,16,32
11:16:08,Mostly Cloudy,16,16,32
11:18:09,Mostly Cloudy,16,16,32
11:20:09,Mostly Cloudy,16,16,32
11:22:09,Mostly Cloudy,16,16,32
11:24:09,Mostly Cloudy,16,16,32
11:26:09,Mostly Cloudy,16,16,32
11:28:09,Mostly Cloudy,16,16,32
11:30:09,Mostly Cloudy,16,16,32
11:32:09,Mostly Cloudy,16,16,32
11:34:09,Mostly Cloudy,16,16,32
11:36:08,Mostly Cloudy,16,16,32
11:38:09,Mostly Cloudy,16,16,32
11:40:09,Mostly Cloudy,16,16,32
11:42:09,Mostly Cloudy,16,16,32
11:44:09,Mostly Cloudy,16,16,32
11:46:08,Mostly Cloudy,16,16,32
11:48:09,Mostly Cloudy,16,16,32
11:50:09,Mostly Cloudy,16,16,32
11:52:09,Mostly Cloudy,16,16,32
11:54:09,Mostly Cloudy,16,16,32
11:56:08,Mostly Cloudy,16,16,32
11:58:09,Mostly Cloudy,16,16,32
12:00:09,Mostly Cloudy,16,16,32
12:02:09,Mostly Cloudy,16,16,32
12:04:08,Mostly Cloudy,16,16,32
12:06:09,Mostly Cloudy,16,16,32
12:08:09,Mostly Cloudy,16,16,32
12:10:09,Light Rain,16,16,32
12:12:08,Light Rain,16,16,32
12:14:09,Light Rain,16,16,32
12:16:09,Light Rain,16,16,32
12:18:08,Light Rain,16,16,32
12:20:09,Light Rain,16,16,32
12:22:09,Light Rain,16,16,32
12:24:08,Light Rain,16,16,32
12:26:09,Light Rain,16,16,32
12:28:09,Light Rain,16,16,32
12:30:09,Light Rain,16,16,32
12:32:09,Light Rain,16,16,32
12:34:08,Light Rain,16,16,32
12:36:09,Light Rain,16,16,32
12:38:09,Light Rain,16,16,32
12:40:09,Light Rain,16,16,32
12:42:09,Light Rain,16,16,32
12:44:09,Light Rain,16,16,32
12:46:08,Light Rain,16,16,32
12:48:09,Light Rain,16,16,32
12:50:09,Light Rain,16,16,32
12:52:08,Light Rain,16,16,32
12:54:09,Light Rain,16,16,32
12:56:09,Light Rain,16,16,32
12:58:08,Light Rain,16,16,32
13:00:09,Light Rain,16,16,32
13:02:09,Light Rain,16,16,32
13:04:08,Light Rain,16,16,32
13:06:09,Light Rain,16,16,32
13:08:09,Light Rain,16,16,32
13:10:08,Light Rain,12,12,27
13:12:09,Light Rain,12,12,27
13:14:08,Light Rain,12,12,27
13:16:09,Light Rain,12,12,27
13:18:08,Light Rain,12,12,27
13:20:09,Light Rain,12,12,27
13:22:09,Light Rain,12,12,27
13:24:08,Light Rain,12,12,27
13:26:08,Light Rain,12,12,27
13:28:09,Light Rain,12,12,27
13:30:09,Light Rain,12,12,27
13:32:09,Light Rain,12,12,27
13:34:09,Light Rain,12,12,27
13:36:09,Light Rain,12,12,27
13:38:08,Light Rain,12,12,27
13:40:08,Light Rain,12,12,27
13:42:09,Light Rain,12,12,27
13:44:09,Light Rain,12,12,27
13:46:09,Light Rain,12,12,27
13:48:09,Light Rain,12,12,27
13:50:09,Light Rain,12,12,27
13:52:09,Light Rain,12,12,27
13:54:08,Light Rain,12,12,27
13:56:08,Light Rain,12,12,27
13:58:09,Light Rain,12,12,27
14:00:09,Light Rain,12,12,27
14:02:08,Light Rain,12,12,27
14:04:09,Light Rain,12,12,27
14:06:09,Light Rain,12,12,27
14:08:08,Light Rain,12,12,27
14:10:09,Light Rain,13,13,24
14:12:09,Light Rain,13,13,24
14:14:08,Light Rain,13,13,24
14:16:09,Light Rain,13,13,24
14:18:09,Light Rain,13,13,24
14:20:08,Light Rain,13,13,24
14:22:09,Light Rain,13,13,24
14:24:09,Light Rain,13,13,24
14:26:09,Light Rain,13,13,24
14:28:09,Light Rain,13,13,24
14:30:09,Light Rain,13,13,24
14:32:09,Light Rain,13,13,24
14:34:08,Light Rain,13,13,24
14:36:09,Light Rain,13,13,24
14:38:09,Light Rain,13,13,24
14:40:08,Light Rain,13,13,24
14:42:09,Light Rain,13,13,24
14:44:09,Light Rain,13,13,24
14:46:09,Light Rain,13,13,24
14:48:09,Light Rain,13,13,24
14:50:09,Light Rain,13,13,24
14:52:09,Light Rain,13,13,24
14:54:08,Light Rain,13,13,24
14:56:09,Light Rain,13,13,24
14:58:08,Light Rain,13,13,24
15:00:09,Light Rain,13,13,24
15:02:08,Light Rain,13,13,24
15:04:09,Light Rain,13,13,24
15:06:09,Light Rain,13,13,24
15:08:09,Light Rain,13,13,24
15:10:08,Light Rain,15,15,22
15:12:09,Light Rain,15,15,22
15:14:09,Light Rain,15,15,22
15:16:09,Light Rain,15,15,22
15:18:09,Light Rain,15,15,22
15:20:08,Light Rain,15,15,22
15:22:09,Light Rain,15,15,22
15:24:09,Light Rain,15,15,22
15:26:09,Light Rain,15,15,22
15:28:08,Light Rain,15,15,22
15:30:08,Light Rain,15,15,22
15:32:09,Light Rain,15,15,22
15:34:09,Light Rain,15,15,22
15:36:08,Light Rain,15,15,22
15:38:09,Light Rain,15,15,22
15:40:09,Light Rain,15,15,22
15:42:09,Light Rain,15,15,22
15:44:08,Light Rain,15,15,22
15:46:09,Light Rain,15,15,22
15:48:09,Light Rain,15,15,22
15:50:09,Light Rain,15,15,22
15:52:08,Light Rain,15,15,22
15:54:09,Light Rain,15,15,22
15:56:09,Light Rain,15,15,22
15:58:09,Light Rain,15,15,22
16:00:09,Light Rain,15,15,22
16:02:09,Light Rain,15,15,22
16:04:09,Light Rain,15,15,22
16:06:08,Light Rain,15,15,22
16:08:09,Light Rain,15,15,22
16:10:09,Mostly Cloudy,15,15,22
16:12:08,Mostly Cloudy,15,15,22
16:14:08,Mostly Cloudy,15,15,22
16:16:09,Mostly Cloudy,15,15,22
16:18:08,Mostly Cloudy,15,15,22
16:20:09,Mostly Cloudy,15,15,22
16:22:09,Mostly Cloudy,15,15,22
16:24:09,Mostly Cloudy,15,15,22
16:26:08,Mostly Cloudy,15,15,22
16:28:09,Mostly Cloudy,15,15,22
16:30:09,Mostly Cloudy,15,15,22
16:32:08,Mostly Cloudy,15,15,22
16:34:09,Mostly Cloudy,15,15,22
16:36:09,Mostly Cloudy,15,15,22
16:38:08,Mostly Cloudy,15,15,22
16:40:09,Mostly Cloudy,15,15,22
16:42:09,Mostly Cloudy,15,15,22
16:44:09,Mostly Cloudy,15,15,22
16:46:09,Mostly Cloudy,15,15,22
16:48:09,Mostly Cloudy,15,15,22
16:50:08,Mostly Cloudy,15,15,22
16:52:09,Mostly Cloudy,15,15,22
16:54:09,Mostly Cloudy,15,15,22
16:56:08,Mostly Cloudy,15,15,22
16:58:08,Mostly Cloudy,15,15,22
17:00:09,Mostly Cloudy,15,15,22
17:02:09,Mostly Cloudy,15,15,22
17:04:09,Mostly Cloudy,15,15,22
17:06:09,Mostly Cloudy,15,15,22
17:08:08,Mostly Cloudy,15,15,22
17:10:08,Mostly Cloudy,15,15,22
17:12:09,Mostly Cloudy,15,15,22
17:14:09,Mostly Cloudy,15,15,22
17:16:08,Mostly Cloudy,15,15,24
17:18:09,Mostly Cloudy,15,15,24
17:20:08,Mostly Cloudy,15,15,24
17:22:08,Mostly Cloudy,15,15,24
17:24:09,Mostly Cloudy,15,15,24
17:26:09,Mostly Cloudy,15,15,24
17:28:08,Mostly Cloudy,15,15,24
17:30:09,Mostly Cloudy,15,15,24
17:32:09,Mostly Cloudy,15,15,24
17:34:09,Mostly Cloudy,15,15,24
17:36:08,Mostly Cloudy,15,15,24
17:38:09,Mostly Cloudy,15,15,24
17:40:09,Mostly Cloudy,15,15,24
17:42:08,Mostly Cloudy,15,15,24
17:44:09,Mostly Cloudy,15,15,24
17:46:09,Mostly Cloudy,15,15,24
17:48:08,Mostly Cloudy,15,15,24
17:50:08,Mostly Cloudy,15,15,24
17:52:09,Mostly Cloudy,15,15,24
17:54:08,Mostly Cloudy,15,15,24
17:56:08,Mostly Cloudy,15,15,24
17:58:09,Mostly Cloudy,15,15,24
18:00:09,Mostly Cloudy,15,15,24
18:02:08,Mostly Cloudy,15,15,24
18:04:08,Mostly Cloudy,15,15,24
18:06:09,Mostly Cloudy,15,15,24
18:08:09,Mostly Cloudy,15,15,24
18:10:09,Mostly Cloudy,15,15,24
18:12:09,Mostly Cloudy,15,15,24
18:14:09,Mostly Cloudy,15,15,24
18:16:08,Light Rain,13,13,22
18:18:09,Light Rain,13,13,22
18:20:09,Light Rain,13,13,22
18:22:09,Light Rain,13,13,22
18:24:09,Light Rain,13,13,22
18:26:08,Light Rain,13,13,22
18:28:09,Light Rain,13,13,22
18:30:09,Light Rain,13,13,22
18:32:09,Light Rain,13,13,22
18:34:09,Light Rain,13,13,22
18:36:08,Light Rain,13,13,22
18:38:09,Light Rain,13,13,22
18:40:09,Light Rain,13,13,22
18:42:08,Light Rain,13,13,22
18:44:08,Light Rain,13,13,22
18:46:09,Light Rain,13,13,22
18:48:09,Light Rain,13,13,22
18:50:09,Light Rain,13,13,22
18:52:09,Light Rain,13,13,22
18:54:09,Light Rain,13,13,22
18:56:08,Light Rain,13,13,22
18:58:09,Light Rain,13,13,22
19:00:09,Light Rain,13,13,22
19:02:09,Light Rain,13,13,22
19:04:09,Light Rain,13,13,22
19:06:09,Light Rain,13,13,22
19:08:08,Light Rain,13,13,22
19:10:09,Mostly Cloudy,13,13,22
19:12:09,Mostly Cloudy,13,13,22
19:14:09,Mostly Cloudy,13,13,22
19:16:09,Mostly Cloudy,13,13,22
19:18:09,Mostly Cloudy,13,13,22
19:20:09,Mostly Cloudy,13,13,22
19:22:09,Mostly Cloudy,13,13,22
19:24:09,Mostly Cloudy,13,13,22
19:26:08,Mostly Cloudy,13,13,22
19:28:09,Mostly Cloudy,13,13,22
19:30:09,Mostly Cloudy,13,13,22
19:32:08,Mostly Cloudy,13,13,22
19:34:09,Mostly Cloudy,13,13,22
19:36:09,Mostly Cloudy,13,13,22
19:38:08,Mostly Cloudy,13,13,22
19:40:09,Mostly Cloudy,13,13,22
19:42:09,Mostly Cloudy,13,13,22
19:44:08,Mostly Cloudy,13,13,22
19:46:08,Mostly Cloudy,13,13,22
19:48:09,Mostly Cloudy,13,13,22
19:50:09,Mostly Cloudy,13,13,22
19:52:08,Mostly Cloudy,13,13,22
19:54:09,Mostly Cloudy,13,13,22
19:56:09,Mostly Cloudy,13,13,22
19:58:09,Mostly Cloudy,13,13,22
20:00:09,Mostly Cloudy,13,13,22
20:02:09,Mostly Cloudy,13,13,22
20:04:08,Mostly Cloudy,13,13,22
20:06:09,Mostly Cloudy,13,13,22
20:08:09,Mostly Cloudy,13,13,22
20:10:09,Mostly Cloudy,13,13,22
20:12:09,Mostly Cloudy,12,12,20
20:14:09,Mostly Cloudy,12,12,20
20:16:09,Mostly Cloudy,12,12,20
20:18:09,Mostly Cloudy,12,12,20
20:20:09,Mostly Cloudy,12,12,20
20:22:09,Mostly Cloudy,12,12,20
20:24:08,Mostly Cloudy,12,12,20
20:26:09,Mostly Cloudy,12,12,20
20:28:09,Mostly Cloudy,12,12,20
20:30:08,Mostly Cloudy,12,12,20
20:32:09,Mostly Cloudy,12,12,20
20:34:09,Mostly Cloudy,12,12,20
20:36:08,Mostly Cloudy,12,12,20
20:38:09,Mostly Cloudy,12,12,20
20:40:09,Mostly Cloudy,12,12,20
20:42:08,Mostly Cloudy,12,12,20
20:44:09,Mostly Cloudy,12,12,20
20:46:09,Mostly Cloudy,12,12,20
20:48:09,Mostly Cloudy,12,12,20
20:50:08,Mostly Cloudy,12,12,20
20:52:09,Mostly Cloudy,12,12,20
20:54:09,Mostly Cloudy,12,12,20
20:56:09,Mostly Cloudy,12,12,20
20:58:08,Mostly Cloudy,12,12,20
21:00:08,Mostly Cloudy,12,12,20
21:02:09,Mostly Cloudy,12,12,20
21:04:09,Mostly Cloudy,12,12,20
21:06:08,Mostly Cloudy,12,12,20
21:08:09,Mostly Cloudy,12,12,20
21:10:09,Mostly Cloudy,12,12,20
21:12:08,Mostly Cloudy,12,12,24
21:14:09,Mostly Cloudy,12,12,24
21:16:09,Mostly Cloudy,12,12,24
21:18:09,Mostly Cloudy,12,12,24
21:20:09,Mostly Cloudy,12,12,24
21:22:09,Mostly Cloudy,12,12,24
21:24:08,Mostly Cloudy,12,12,24
21:26:09,Mostly Cloudy,12,12,24
21:28:09,Mostly Cloudy,12,12,24
21:30:09,Mostly Cloudy,12,12,24
21:32:08,Mostly Cloudy,12,12,24
21:34:09,Mostly Cloudy,12,12,24
21:36:09,Mostly Cloudy,12,12,24
21:38:09,Mostly Cloudy,12,12,24
21:40:09,Mostly Cloudy,12,12,24
21:42:09,Mostly Cloudy,12,12,24
21:44:09,Mostly Cloudy,12,12,24
21:46:09,Mostly Cloudy,12,12,24
21:48:09,Mostly Cloudy,12,12,24
21:50:08,Mostly Cloudy,12,12,24
21:52:08,Mostly Cloudy,12,12,24
21:54:09,Mostly Cloudy,12,12,24
21:56:09,Mostly Cloudy,12,12,24
21:58:08,Mostly Cloudy,12,12,24
22:00:08,Mostly Cloudy,12,12,24
22:02:09,Mostly Cloudy,12,12,24
22:04:09,Mostly Cloudy,12,12,24
22:06:09,Mostly Cloudy,12,12,24
22:08:09,Mostly Cloudy,12,12,24
22:10:08,Mostly Cloudy,12,12,24
22:12:09,Mostly Cloudy,12,12,24
22:14:09,Mostly Cloudy,12,12,24
22:16:09,Mostly Cloudy,12,12,24
22:18:08,Mostly Cloudy,12,12,22
22:20:09,Mostly Cloudy,12,12,22
22:22:09,Mostly Cloudy,12,12,22
22:24:09,Mostly Cloudy,12,12,22
22:26:08,Mostly Cloudy,12,12,22
22:28:09,Mostly Cloudy,12,12,22
22:30:09,Mostly Cloudy,12,12,22
22:32:08,Mostly Cloudy,12,12,22
22:34:09,Mostly Cloudy,12,12,22
22:36:09,Mostly Cloudy,12,12,22
22:38:08,Mostly Cloudy,12,12,22
22:40:08,Mostly Cloudy,12,12,22
22:42:09,Mostly Cloudy,12,12,22
22:44:09,Mostly Cloudy,12,12,22
22:46:08,Mostly Cloudy,12,12,22
22:48:08,Mostly Cloudy,12,12,22
22:50:09,Mostly Cloudy,12,12,22
22:52:09,Mostly Cloudy,12,12,22
22:54:09,Mostly Cloudy,12,12,22
22:56:08,Mostly Cloudy,12,12,22
22:58:08,Mostly Cloudy,12,12,22
23:00:09,Mostly Cloudy,12,12,22
23:02:09,Mostly Cloudy,12,12,22
23:04:08,Mostly Cloudy,12,12,22
23:06:09,Mostly Cloudy,12,12,22
23:08:09,Mostly Cloudy,12,12,22
23:10:09,Mostly Cloudy,12,12,22
23:12:08,Mostly Cloudy,12,12,22
23:14:09,Mostly Cloudy,12,12,22
23:16:09,Mostly Cloudy,12,12,22
23:18:09,Mostly Cloudy,12,12,22
23:20:09,Mostly Cloudy,12,12,22
23:22:08,Mostly Cloudy,12,12,22
23:24:09,Mostly Cloudy,12,12,22
23:26:09,Mostly Cloudy,12,12,22
23:28:08,Mostly Cloudy,12,12,22
23:30:09,Mostly Cloudy,12,12,22
23:32:09,Mostly Cloudy,12,12,22
23:34:08,Mostly Cloudy,12,12,22
23:36:09,Mostly Cloudy,12,12,22
23:38:09,Mostly Cloudy,12,12,22
23:40:08,Mostly Cloudy,12,12,22
23:42:08,Mostly Cloudy,12,12,22
23:44:09,Mostly Cloudy,12,12,22
23:46:09,Mostly Cloudy,12,12,22
23:48:08,Mostly Cloudy,12,12,22
23:50:09,Mostly Cloudy,12,12,22
23:52:08,Mostly Cloudy,12,12,22
23:54:09,Mostly Cloudy,12,12,22
23:56:09,Mostly Cloudy,12,12,22
23:58:08,Mostly Cloudy,12,12,22
