Time,Weather,Temperature,Feels_Like,Wind_Speed
00:00:09,Mostly Cloudy,7,4,14
00:02:09,Mostly Cloudy,7,4,14
00:04:09,Mostly Cloudy,7,4,14
00:06:09,Mostly Cloudy,7,4,14
00:08:08,Mostly Cloudy,7,4,14
00:10:09,Mostly Cloudy,7,4,14
00:12:09,Mostly Cloudy,7,3,16
00:14:09,Mostly Cloudy,7,3,16
00:16:08,Mostly Cloudy,7,3,16
00:18:09,Mostly Cloudy,7,3,16
00:20:09,Mostly Cloudy,7,3,16
00:22:08,Mostly Cloudy,7,3,16
00:24:08,Mostly Cloudy,7,3,16
00:26:09,Mostly Cloudy,7,3,16
00:28:09,Mostly Cloudy,7,3,16
00:30:09,Mostly Cloudy,7,3,16
00:32:08,Mostly Cloudy,7,3,16
00:34:08,Mostly Cloudy,7,3,16
00:36:09,Mostly Cloudy,7,3,16
00:38:08,Mostly Cloudy,7,3,16
00:40:08,Mostly Cloudy,7,3,16
00:42:08,Mostly Cloudy,7,3,16
00:44:09,Mostly Cloudy,7,3,16
00:46:09,Mostly Cloudy,7,3,16
00:48:09,Mostly Cloudy,7,3,16
00:50:09,Mostly Cloudy,7,3,16
00:52:09,Mostly Cloudy,7,3,16
00:54:09,Mostly Cloudy,7,3,16
00:56:08,Mostly Cloudy,7,3,16
00:58:09,Mostly Cloudy,7,3,16
01:00:16,Mostly Cloudy,7,3,16
01:02:09,Mostly Cloudy,7,3,16
01:04:09,Mostly Cloudy,7,3,16
01:06:09,Mostly Cloudy,7,3,16
01:08:08,Mostly Cloudy,7,3,16
01:10:09,Mostly Cloudy,7,3,16
01:12:09,Mostly Cloudy,7,3,16
01:14:09,Mostly Cloudy,7,3,16
01:16:09,Mostly Cloudy,7,3,16
01:18:09,Partly Cloudy,3,0,14
01:20:08,Partly Cloudy,3,0,14
01:22:09,Partly Cloudy,3,0,14
01:24:09,Partly Cloudy,3,0,14
01:26:09,Partly Cloudy,3,0,14
01:28:09,Partly Cloudy,3,0,14
01:30:08,Partly Cloudy,3,0,14
01:32:09,Partly Cloudy,3,0,14
01:34:09,Partly Cloudy,3,0,14
01:36:09,Partly Cloudy,3,0,14
01:38:09,Partly Cloudy,3,0,14
01:40:08,Partly Cloudy,3,0,14
01:42:09,Partly Cloudy,3,0,14
01:44:09,Partly Cloudy,3,0,14
01:46:08,Partly Cloudy,3,0,14
01:48:08,Partly Cloudy,3,0,14
01:50:09,Partly Cloudy,3,0,14
01:52:09,Partly Cloudy,3,0,14
01:54:09,Partly Cloudy,3,0,14
01:56:08,Partly Cloudy,3,0,14
01:58:08,Partly Cloudy,3,0,14
02:00:09,Partly Cloudy,3,0,14
02:02:09,Partly Cloudy,3,0,14
02:04:08,Partly Cloudy,3,0,14
02:06:09,Partly Cloudy,3,0,14
02:08:09,Partly Cloudy,3,0,14
02:10:08,Partly Cloudy,3,0,14
02:12:08,Partly Cloudy,3,0,19
02:14:09,Partly Cloudy,3,0,19
02:16:09,Partly Cloudy,3,0,19
02:18:08,Partly Cloudy,3,0,19
02:20:09,Partly Cloudy,3,0,19
02:22:08,Partly Cloudy,3,0,19
02:24:08,Partly Cloudy,3,0,19
02:26:09,Partly Cloudy,3,0,19
02:28:09,Partly Cloudy,3,0,19
02:30:08,Partly Cloudy,3,0,19
02:32:09,Partly Cloudy,3,0,19
02:34:09,Partly Cloudy,3,0,19
02:36:08,Partly Cloudy,3,0,19
02:38:09,Partly Cloudy,3,0,19
02:40:09,Partly Cloudy,3,0,19
02:42:08,Partly Cloudy,3,0,19
02:44:09,Partly Cloudy,3,0,19
02:46:09,Partly Cloudy,3,0,19
02:48:09,Partly Cloudy,3,0,19
02:50:08,Partly Cloudy,3,0,19
02:52:09,Partly Cloudy,3,0,19
02:54:09,Partly Cloudy,3,0,19
02:56:09,Partly Cloudy,3,0,19
02:58:08,Partly Cloudy,3,0,19
03:00:09,Partly Cloudy,3,0,19
03:02:09,Partly Cloudy,3,0,19
03:04:08,Partly Cloudy,3,0,19
03:06:08,Partly Cloudy,3,0,19
03:08:09,Partly Cloudy,3,0,19
03:10:09,Partly Cloudy,3,0,19
03:12:09,Partly Cloudy,3,0,19
03:14:08,Partly Cloudy,3,0,19
03:16:08,Partly Cloudy,3,0,19
03:18:09,Partly Cloudy,3,0,19
03:20:08,Partly Cloudy,3,0,19
03:22:09,Partly Cloudy,3,0,19
03:24:09,Partly Cloudy,3,0,19
03:26:09,Partly Cloudy,3,0,19
03:28:09,Partly Cloudy,3,0,19
03:30:09,Partly Cloudy,3,0,19
03:32:09,Partly Cloudy,3,0,19
03:34:08,Partly Cloudy,3,0,19
03:36:09,Partly Cloudy,3,0,19
03:38:09,Partly Cloudy,3,0,19
03:40:09,Partly Cloudy,3,0,19
03:42:08,Partly Cloudy,3,0,19
03:44:09,Partly Cloudy,3,0,19
03:46:08,Partly Cloudy,3,0,19
03:48:09,Partly Cloudy,3,0,19
03:50:09,Partly Cloudy,3,0,19
03:52:09,Partly Cloudy,3,0,19
03:54:08,Partly Cloudy,3,0,19
03:56:09,Partly Cloudy,3,0,19
03:58:09,Partly Cloudy,3,0,19
04:00:09,Partly Cloudy,3,0,19
04:02:09,Partly Cloudy,3,0,19
04:04:09,Partly Cloudy,3,0,19
04:06:09,Partly Cloudy,3,0,19
04:08:08,Partly Cloudy,3,0,19
04:10:08,Partly Cloudy,3,0,19
04:12:09,Partly Cloudy,3,0,19
04:14:09,Partly Cloudy,3,0,19
04:16:08,Partly Cloudy,3,0,19
04:18:09,Partly Cloudy,5,1,19
04:20:09,Partly Cloudy,5,1,19
04:22:09,Partly Cloudy,5,1,19
04:24:09,Partly Cloudy,5,1,19
04:26:09,Partly Cloudy,5,1,19
04:28:09,Partly Cloudy,5,1,19
04:30:08,Partly Cloudy,5,1,19
04:32:09,Partly Cloudy,5,1,19
04:34:09,Partly Cloudy,5,1,19
04:36:09,Partly Cloudy,5,1,19
04:38:08,Partly Cloudy,5,1,19
04:40:09,Partly Cloudy,5,1,19
04:42:09,Partly Cloudy,5,1,19
04:44:08,Partly Cloudy,5,1,19
04:46:08,Partly Cloudy,5,1,19
04:48:09,Partly Cloudy,5,1,19
04:50:09,Partly Cloudy,5,1,19
04:52:08,Partly Cloudy,5,1,19
04:54:08,Partly Cloudy,5,1,19
04:56:09,Partly Cloudy,5,1,19
04:58:09,Partly Cloudy,5,1,19
05:00:08,Partly Cloudy,5,1,19
05:02:09,Partly Cloudy,5,1,19
05:04:09,Partly Cloudy,5,1,19
05:06:09,Partly Cloudy,5,1,19
05:08:09,Partly Cloudy,5,1,19
05:10:09,Partly Cloudy,5,1,19
05:12:08,Partly Cloudy,3,0,19
05:14:09,Partly Cloudy,3,0,19
05:16:09,Partly Cloudy,3,0,19
05:18:08,Partly Cloudy,3,0,19
05:20:09,Partly Cloudy,3,0,19
05:22:09,Partly Cloudy,3,0,19
05:24:09,Partly Cloudy,3,0,19
05:26:08,Partly Cloudy,3,0,19
05:28:09,Partly Cloudy,3,0,19
05:30:09,Partly Cloudy,3,0,19
05:32:09,Partly Cloudy,3,0,19
05:34:08,Partly Cloudy,3,0,19
05:36:09,Partly Cloudy,3,0,19
05:38:09,Partly Cloudy,3,0,19
05:40:08,Partly Cloudy,3,0,19
05:42:09,Partly Cloudy,3,0,19
05:44:09,Partly Cloudy,3,0,19
05:46:09,Partly Cloudy,3,0,19
05:48:08,Partly Cloudy,3,0,19
05:50:08,Partly Cloudy,3,0,19
05:52:09,Partly Cloudy,3,0,19
05:54:09,Partly Cloudy,3,0,19
05:56:08,Partly Cloudy,3,0,19
05:58:09,Partly Cloudy,3,0,19
06:00:09,Partly Cloudy,3,0,19
06:02:09,Partly Cloudy,3,0,19
06:04:08,Partly Cloudy,3,0,19
06:06:08,Partly Cloudy,3,0,19
06:08:09,Partly Cloudy,3,0,19
06:10:09,Partly Cloudy,3,0,19
06:12:09,Mostly Cloudy,5,1,20
06:14:08,Mostly Cloudy,5,1,20
06:16:08,Mostly Cloudy,5,1,20
06:18:09,Mostly Cloudy,5,1,20
06:20:09,Mostly Cloudy,5,1,20
06:22:08,Mostly Cloudy,5,1,20
06:24:09,Mostly Cloudy,5,1,20
06:26:08,Mostly Cloudy,5,1,20
06:28:09,Mostly Cloudy,5,1,20
06:30:09,Mostly Cloudy,5,1,20
06:32:08,Mostly Cloudy,5,1,20
06:34:09,Mostly Cloudy,5,1,20
06:36:09,Mostly Cloudy,5,1,20
06:38:08,Mostly Cloudy,5,1,20
06:40:08,Mostly Cloudy,5,1,20
06:42:09,Mostly Cloudy,5,1,20
06:44:09,Mostly Cloudy,5,1,20
06:46:09,Mostly Cloudy,5,1,20
06:48:08,Mostly Cloudy,5,1,20
06:50:09,Mostly Cloudy,5,1,20
06:52:09,Mostly Cloudy,5,1,20
06:54:09,Mostly Cloudy,5,1,20
06:56:08,Mostly Cloudy,5,1,20
06:58:09,Mostly Cloudy,5,1,20
07:00:09,Mostly Cloudy,5,1,20
07:02:09,Mostly Cloudy,5,1,20
07:04:08,Mostly Cloudy,5,1,20
07:06:08,Mostly Cloudy,5,1,20
07:08:09,Mostly Cloudy,5,1,20
07:10:09,Mostly Cloudy,5,1,20
07:12:09,Mostly Cloudy,5,1,20
07:14:08,Mostly Cloudy,5,1,20
07:16:09,Mostly Cloudy,5,1,20
07:18:09,Mostly Cloudy,5,1,20
07:20:08,Mostly Cloudy,5,1,20
07:22:09,Mostly Cloudy,5,1,20
07:24:09,Mostly Cloudy,5,1,20
07:26:08,Mostly Cloudy,5,1,20
07:28:08,Mostly Cloudy,5,1,20
07:30:09,Mostly Cloudy,5,1,20
07:32:09,Mostly Cloudy,5,1,20
07:34:09,Mostly Cloudy,5,1,20
07:36:08,Mostly Cloudy,5,1,20
07:38:09,Mostly Cloudy,5,1,20
07:40:09,Mostly Cloudy,5,1,20
07:42:09,Mostly Cloudy,5,1,20
07:44:09,Mostly Cloudy,5,1,20
07:46:09,Mostly Cloudy,5,1,20
07:48:09,Mostly Cloudy,5,1,20
07:50:08,Mostly Cloudy,5,1,20
07:52:08,Mostly Cloudy,5,1,20
07:54:09,Mostly Cloudy,5,1,20
07:56:09,Mostly Cloudy,5,1,20
07:58:09,Mostly Cloudy,5,1,20
08:00:08,Mostly Cloudy,5,1,20
08:02:09,Mostly Cloudy,5,1,20
08:04:09,Mostly Cloudy,5,1,20
08:06:09,Mostly Cloudy,5,1,20
08:08:09,Mostly Cloudy,5,1,20
08:10:09,Mostly Cloudy,5,1,20
08:12:08,Mostly Cloudy,5,1,20
08:14:09,Mostly Cloudy,5,1,20
08:16:09,Mostly Cloudy,5,1,20
08:18:08,Mostly Cloudy,6,1,24
08:20:09,Mostly Cloudy,6,1,24
08:22:09,Mostly Cloudy,6,1,24
08:24:09,Mostly Cloudy,6,1,24
08:26:08,Mostly Cloudy,6,1,24
08:28:09,Mostly Cloudy,6,1,24
08:30:09,Mostly Cloudy,6,1,24
08:32:09,Mostly Cloudy,6,1,24
08:34:09,Mostly Cloudy,6,1,24
08:36:09,Mostly Cloudy,6,1,24
08:38:08,Mostly Cloudy,6,1,24
08:40:08,Mostly Cloudy,6,1,24
08:42:09,Mostly Cloudy,6,1,24
08:44:09,Mostly Cloudy,6,1,24
08:46:09,Mostly Cloudy,6,1,24
08:48:09,Mostly Cloudy,6,1,24
08:50:09,Mostly Cloudy,6,1,24
08:52:08,Mostly Cloudy,6,1,24
08:54:08,Mostly Cloudy,6,1,24
08:56:09,Mostly Cloudy,6,1,24
08:58:09,Mostly Cloudy,6,1,24
09:00:08,Mostly Cloudy,6,1,24
09:02:09,Mostly Cloudy,6,1,24
09:04:09,Mostly Cloudy,6,1,24
09:06:09,Mostly Cloudy,6,1,24
09:08:08,Mostly Cloudy,6,1,24
09:10:08,Mostly Cloudy,6,1,24
09:12:09,Mostly Cloudy,6,1,24
09:14:09,Mostly Cloudy,6,1,24
09:16:09,Mostly Cloudy,6,1,24
09:18:08,Mostly Cloudy,7,4,22
09:20:09,Mostly Cloudy,7,4,22
09:22:09,Mostly Cloudy,7,4,22
09:24:08,Mostly Cloudy,7,4,22
09:26:09,Mostly Cloudy,7,4,22
09:28:09,Mostly Cloudy,7,4,22
09:30:08,Mostly Cloudy,7,4,22
09:32:09,Mostly Cloudy,7,4,22
09:34:09,Mostly Cloudy,7,4,22
09:36:09,Mostly Cloudy,7,4,22
09:38:09,Mostly Cloudy,7,4,22
09:40:08,Mostly Cloudy,7,4,22
09:42:08,Mostly Cloudy,7,4,22
09:44:09,Mostly Cloudy,7,4,22
09:46:09,Mostly Cloudy,7,4,22
09:48:08,Mostly Cloudy,7,4,22
09:50:09,Mostly Cloudy,7,4,22
09:52:09,Mostly Cloudy,7,4,22
09:54:09,Mostly Cloudy,7,4,22
09:56:08,Mostly Cloudy,7,4,22
09:58:08,Mostly Cloudy,7,4,22
10:00:08,Mostly Cloudy,7,4,22
10:02:09,Mostly Cloudy,7,4,22
10:04:08,Mostly Cloudy,7,4,22
10:06:09,Mostly Cloudy,7,4,22
10:08:09,Mostly Cloudy,7,4,22
10:10:09,Mostly Cloudy,7,4,22
10:12:08,Mostly Cloudy,7,4,22
10:14:09,Mostly Cloudy,7,4,22
10:16:09,Mostly Cloudy,7,4,22
10:18:08,Partly Cloudy,8,5,27
10:20:09,Partly Cloudy,8,5,27
10:22:09,Partly Cloudy,8,5,27
10:24:09,Partly Cloudy,8,5,27
10:26:09,Partly Cloudy,8,5,27
10:28:08,Partly Cloudy,8,5,27
10:30:08,Partly Cloudy,8,5,27
10:32:09,Partly Cloudy,8,5,27
10:34:09,Partly Cloudy,8,5,27
10:36:09,Partly Cloudy,8,5,27
10:38:08,Partly Cloudy,8,5,27
10:40:09,Partly Cloudy,8,5,27
10:42:09,Partly Cloudy,8,5,27
10:44:09,Partly Cloudy,8,5,27
10:46:09,Partly Cloudy,8,5,27
10:48:09,Partly Cloudy,8,5,27
10:50:08,Partly Cloudy,8,5,27
10:52:08,Partly Cloudy,8,5,27
10:54:09,Partly Cloudy,8,5,27
10:56:09,Partly Cloudy,8,5,27
10:58:08,Partly Cloudy,8,5,27
11:00:08,Partly Cloudy,8,5,27
11:02:09,Partly Cloudy,8,5,27
11:04:09,Partly Cloudy,8,5,27
11:06:09,Partly Cloudy,8,5,27
11:08:08,Partly Cloudy,8,5,27
11:10:09,Partly Cloudy,8,5,27
11:12:09,Partly Cloudy,10,10,25
11:14:09,Partly Cloudy,10,10,25
11:16:08,Partly Cloudy,10,10,25
11:18:09,Partly Cloudy,10,10,25
11:20:09,Partly Cloudy,10,10,25
11:22:08,Partly Cloudy,10,10,25
11:24:08,Partly Cloudy,10,10,25
11:26:09,Partly Cloudy,10,10,25
11:28:09,Partly Cloudy,10,10,25
11:30:09,Partly Cloudy,10,10,25
11:32:09,Partly Cloudy,10,10,25
11:34:08,Partly Cloudy,10,10,25
11:36:08,Partly Cloudy,10,10,25
11:38:09,Partly Cloudy,10,10,25
11:40:09,Partly Cloudy,10,10,25
11:42:09,Partly Cloudy,10,10,25
11:44:08,Partly Cloudy,10,10,25
11:46:09,Partly Cloudy,10,10,25
11:48:09,Partly Cloudy,10,10,25
11:50:09,Partly Cloudy,10,10,25
11:52:09,Partly Cloudy,10,10,25
11:54:09,Partly Cloudy,10,10,25
11:56:08,Partly Cloudy,10,10,25
11:58:08,Partly Cloudy,10,10,25
12:00:09,Partly Cloudy,10,10,25
12:02:09,Partly Cloudy,10,10,25
12:04:09,Partly Cloudy,10,10,25
12:12:08,Mostly Cloudy,11,11,24
12:14:08,Mostly Cloudy,11,11,24
12:16:08,Mostly Cloudy,11,11,24
12:18:09,Mostly Cloudy,11,11,24
12:20:08,Mostly Cloudy,11,11,24
12:22:09,Mostly Cloudy,11,11,24
12:24:09,Mostly Cloudy,11,11,24
12:26:09,Mostly Cloudy,11,11,24
12:28:08,Mostly Cloudy,11,11,24
12:30:08,Mostly Cloudy,11,11,24
12:32:09,Mostly Cloudy,11,11,24
12:34:09,Mostly Cloudy,11,11,24
12:36:09,Mostly Cloudy,11,11,24
12:38:09,Mostly Cloudy,11,11,24
12:40:09,Mostly Cloudy,11,11,24
12:42:09,Mostly Cloudy,11,11,24
12:44:08,Mostly Cloudy,11,11,24
12:46:09,Mostly Cloudy,11,11,24
12:48:09,Mostly Cloudy,11,11,24
12:50:08,Mostly Cloudy,11,11,24
12:52:08,Mostly Cloudy,11,11,24
12:54:09,Mostly Cloudy,11,11,24
12:56:08,Mostly Cloudy,11,11,24
12:58:08,Mostly Cloudy,11,11,24
13:00:09,Mostly Cloudy,11,11,24
13:02:09,Mostly Cloudy,11,11,24
13:04:09,Mostly Cloudy,11,11,24
13:06:08,Mostly Cloudy,11,11,24
13:08:09,Mostly Cloudy,11,11,24
13:10:09,Mostly Cloudy,11,11,24
13:12:09,Partly Cloudy,12,12,28
13:14:09,Partly Cloudy,12,12,28
13:16:09,Partly Cloudy,12,12,28
13:18:09,Partly Cloudy,12,12,28
13:20:09,Partly Cloudy,12,12,28
13:22:09,Partly Cloudy,12,12,28
13:24:09,Partly Cloudy,12,12,28
13:26:08,Partly Cloudy,12,12,28
13:28:08,Partly Cloudy,12,12,28
13:30:08,Partly Cloudy,12,12,28
13:32:09,Partly Cloudy,12,12,28
13:34:09,Partly Cloudy,12,12,28
13:36:08,Partly Cloudy,12,12,28
13:38:09,Partly Cloudy,12,12,28
13:40:09,Partly Cloudy,12,12,28
13:42:09,Partly Cloudy,12,12,28
13:44:09,Partly Cloudy,12,12,28
13:46:09,Partly Cloudy,12,12,28
13:48:09,Partly Cloudy,12,12,28
13:50:09,Partly Cloudy,12,12,28
13:52:09,Partly Cloudy,12,12,28
13:54:08,Partly Cloudy,12,12,28
13:56:09,Partly Cloudy,12,12,28
13:58:08,Partly Cloudy,12,12,28
14:00:08,Partly Cloudy,12,12,28
14:02:09,Partly Cloudy,12,12,28
14:04:09,Partly Cloudy,12,12,28
14:06:08,Partly Cloudy,12,12,28
14:08:09,Partly Cloudy,12,12,28
14:10:09,Partly Cloudy,12,12,28
14:12:08,Mostly Cloudy,12,12,22
14:14:09,Mostly Cloudy,12,12,22
14:16:09,Mostly Cloudy,12,12,22
14:18:08,Mostly Cloudy,12,12,22
14:20:09,Mostly Cloudy,12,12,22
14:22:09,Mostly Cloudy,12,12,22
14:24:09,Mostly Cloudy,12,12,22
14:26:08,Mostly Cloudy,12,12,22
14:28:09,Mostly Cloudy,12,12,22
14:30:09,Mostly Cloudy,12,12,22
14:32:08,Mostly Cloudy,12,12,22
14:34:09,Mostly Cloudy,12,12,22
14:36:09,Mostly Cloudy,12,12,22
14:38:09,Mostly Cloudy,12,12,22
14:40:08,Mostly Cloudy,12,12,22
14:42:09,Mostly Cloudy,12,12,22
14:44:09,Mostly Cloudy,12,12,22
14:46:08,Mostly Cloudy,12,12,22
14:48:08,Mostly Cloudy,12,12,22
14:50:09,Mostly Cloudy,12,12,22
14:52:08,Mostly Cloudy,12,12,22
14:54:08,Mostly Cloudy,12,12,22
14:56:09,Mostly Cloudy,12,12,22
14:58:09,Mostly Cloudy,12,12,22
15:00:09,Mostly Cloudy,12,12,22
15:02:08,Mostly Cloudy,12,12,22
15:04:09,Mostly Cloudy,12,12,22
15:06:09,Mostly Cloudy,12,12,22
15:08:09,Mostly Cloudy,12,12,22
15:10:08,Mostly Cloudy,12,12,22
15:12:09,Mostly Cloudy,12,12,25
15:14:09,Mostly Cloudy,12,12,25
15:16:09,Mostly Cloudy,12,12,25
15:18:08,Mostly Cloudy,12,12,25
15:20:09,Mostly Cloudy,12,12,25
15:22:09,Mostly Cloudy,12,12,25
15:24:08,Mostly Cloudy,12,12,25
15:26:09,Mostly Cloudy,12,12,25
15:28:09,Mostly Cloudy,12,12,25
15:30:09,Mostly Cloudy,12,12,25
15:32:09,Mostly Cloudy,12,12,25
15:34:09,Mostly Cloudy,12,12,25
15:36:08,Mostly Cloudy,12,12,25
15:38:09,Mostly Cloudy,12,12,25
15:40:08,Mostly Cloudy,12,12,25
15:42:08,Mostly Cloudy,12,12,25
15:44:09,Mostly Cloudy,12,12,25
15:46:09,Mostly Cloudy,12,12,25
15:48:09,Mostly Cloudy,12,12,25
15:50:08,Mostly Cloudy,12,12,25
15:52:08,Mostly Cloudy,12,12,25
15:54:09,Mostly Cloudy,12,12,25
15:56:09,Mostly Cloudy,12,12,25
15:58:09,Mostly Cloudy,12,12,25
16:00:09,Mostly Cloudy,12,12,25
16:02:08,Mostly Cloudy,12,12,25
16:04:08,Mostly Cloudy,12,12,25
16:06:09,Mostly Cloudy,12,12,25
16:08:09,Mostly Cloudy,12,12,25
16:10:08,Mostly Cloudy,12,12,25
16:12:09,Mostly Cloudy,12,12,27
16:14:09,Mostly Cloudy,12,12,27
16:16:08,Mostly Cloudy,12,12,27
16:18:09,Mostly Cloudy,12,12,27
16:20:09,Mostly Cloudy,12,12,27
16:22:08,Mostly Cloudy,12,12,27
16:24:08,Mostly Cloudy,12,12,27
16:26:09,Mostly Cloudy,12,12,27
16:28:09,Mostly Cloudy,12,12,27
16:30:08,Mostly Cloudy,12,12,27
16:32:09,Mostly Cloudy,12,12,27
16:34:09,Mostly Cloudy,12,12,27
16:36:08,Mostly Cloudy,12,12,27
16:38:08,Mostly Cloudy,12,12,27
16:40:09,Mostly Cloudy,12,12,27
16:42:09,Mostly Cloudy,12,12,27
16:44:08,Mostly Cloudy,12,12,27
16:46:09,Mostly Cloudy,12,12,27
16:48:09,Mostly Cloudy,12,12,27
16:50:08,Mostly Cloudy,12,12,27
16:52:08,Mostly Cloudy,12,12,27
16:54:09,Mostly Cloudy,12,12,27
16:56:09,Mostly Cloudy,12,12,27
16:58:09,Mostly Cloudy,12,12,27
17:00:09,Mostly Cloudy,12,12,27
17:02:09,Mostly Cloudy,12,12,27
17:04:09,Mostly Cloudy,12,12,27
17:06:08,Mostly Cloudy,12,12,27
17:08:08,Mostly Cloudy,12,12,27
17:10:09,Mostly Cloudy,12,12,27
17:12:09,Mostly Cloudy,12,12,27
17:14:08,Mostly Cloudy,12,12,27
17:16:09,Mostly Cloudy,11,11,24
17:18:09,Mostly Cloudy,11,11,24
17:20:08,Mostly Cloudy,11,11,24
17:22:09,Mostly Cloudy,11,11,24
17:24:09,Mostly Cloudy,11,11,24
17:26:09,Mostly Cloudy,11,11,24
17:28:08,Mostly Cloudy,11,11,24
17:30:09,Mostly Cloudy,11,11,24
17:32:09,Mostly Cloudy,11,11,24
17:34:08,Mostly Cloudy,11,11,24
17:36:09,Mostly Cloudy,11,11,24
17:38:09,Mostly Cloudy,11,11,24
17:40:09,Mostly Cloudy,11,11,24
17:42:08,Mostly Cloudy,11,11,24
17:44:08,Mostly Cloudy,11,11,24
17:46:09,Mostly Cloudy,11,11,24
17:48:09,Mostly Cloudy,11,11,24
17:50:08,Mostly Cloudy,11,11,24
17:52:09,Mostly Cloudy,11,11,24
17:54:09,Mostly Cloudy,11,11,24
17:56:09,Mostly Cloudy,11,11,24
17:58:09,Mostly Cloudy,11,11,24
18:00:09,Mostly Cloudy,11,11,24
18:02:09,Mostly Cloudy,11,11,24
18:04:09,Mostly Cloudy,11,11,24
18:06:08,Mostly Cloudy,11,11,24
18:08:08,Mostly Cloudy,11,11,24
18:10:09,Mostly Cloudy,10,10,19
18:12:09,Mostly Cloudy,10,10,19
18:14:08,Mostly Cloudy,10,10,19
18:16:08,Mostly Cloudy,10,10,19
18:18:09,Mostly Cloudy,10,10,19
18:20:08,Mostly Cloudy,10,10,19
18:22:09,Mostly Cloudy,10,10,19
18:24:09,Mostly Cloudy,10,10,19
18:26:08,Mostly Cloudy,10,10,19
18:28:08,Mostly Cloudy,10,10,19
18:30:09,Mostly Cloudy,10,10,19
18:32:09,Mostly Cloudy,10,10,19
18:34:08,Mostly Cloudy,10,10,19
18:36:09,Mostly Cloudy,10,10,19
18:38:09,Mostly Cloudy,10,10,19
18:40:08,Mostly Cloudy,10,10,19
18:42:09,Mostly Cloudy,10,10,19
18:44:09,Mostly Cloudy,10,10,19
18:46:09,Mostly Cloudy,10,10,19
18:48:08,Mostly Cloudy,10,10,19
18:50:08,Mostly Cloudy,10,10,19
18:52:09,Mostly Cloudy,10,10,19
18:54:09,Mostly Cloudy,10,10,19
18:56:09,Mostly Cloudy,10,10,19
18:58:08,Mostly Cloudy,10,10,19
19:00:09,Mostly Cloudy,10,10,19
19:02:09,Mostly Cloudy,10,10,19
19:04:09,Mostly Cloudy,10,10,19
19:06:09,Mostly Cloudy,10,10,19
19:08:09,Mostly Cloudy,10,10,19
19:10:09,Mostly Cloudy,10,10,19
19:12:09,Mostly Cloudy,10,10,19
19:14:08,Mostly Cloudy,10,10,19
19:16:09,Showers in the Vicinity,10,10,19
19:18:08,Showers in the Vicinity,10,10,19
19:20:09,Showers in the Vicinity,10,10,19
19:22:09,Showers in the Vicinity,10,10,19
19:24:09,Showers in the Vicinity,10,10,19
19:26:08,Showers in the Vicinity,10,10,19
19:28:08,Showers in the Vicinity,10,10,19
19:30:09,Showers in the Vicinity,10,10,19
19:32:09,Showers in the Vicinity,10,10,19
19:34:08,Showers in the Vicinity,10,10,19
19:36:08,Showers in the Vicinity,10,10,19
19:38:09,Showers in the Vicinity,10,10,19
19:40:09,Showers in the Vicinity,10,10,19
19:42:09,Showers in the Vicinity,10,10,19
19:44:09,Showers in the Vicinity,10,10,19
19:46:08,Showers in the Vicinity,10,10,19
19:48:09,Showers in the Vicinity,10,10,19
19:50:09,Showers in the Vicinity,10,10,19
19:52:09,Showers in the Vicinity,10,10,19
19:54:08,Showers in the Vicinity,10,10,19
19:56:09,Showers in the Vicinity,10,10,19
19:58:09,Showers in the Vicinity,10,10,19
20:00:08,Showers in the Vicinity,10,10,19
20:02:09,Showers in the Vicinity,10,10,19
20:04:09,Showers in the Vicinity,10,10,19
20:06:08,Showers in the Vicinity,10,10,19
20:08:08,Showers in the Vicinity,10,10,19
20:10:09,Mostly Cloudy,8,6,14
20:12:09,Mostly Cloudy,8,6,14
20:14:08,Mostly Cloudy,8,6,14
20:16:08,Mostly Cloudy,8,6,14
20:18:09,Mostly Cloudy,8,6,14
20:20:08,Mostly Cloudy,8,6,14
20:22:09,Mostly Cloudy,8,6,14
20:24:09,Mostly Cloudy,8,6,14
20:26:09,Mostly Cloudy,8,6,14
20:28:08,Mostly Cloudy,8,6,14
20:30:09,Mostly Cloudy,8,6,14
20:32:09,Mostly Cloudy,8,6,14
20:34:09,Mostly Cloudy,8,6,14
20:36:09,Mostly Cloudy,8,6,14
20:38:09,Mostly Cloudy,8,6,14
20:40:09,Mostly Cloudy,8,6,14
20:42:09,Mostly Cloudy,8,6,14
20:44:09,Mostly Cloudy,8,6,14
20:46:09,Mostly Cloudy,8,6,14
20:48:09,Mostly Cloudy,8,6,14
20:50:08,Mostly Cloudy,8,6,14
20:52:09,Mostly Cloudy,8,6,14
20:54:08,Mostly Cloudy,8,6,14
20:56:08,Mostly Cloudy,8,6,14
20:58:09,Mostly Cloudy,8,6,14
21:00:09,Mostly Cloudy,8,6,14
21:02:08,Mostly Cloudy,8,6,14
21:04:08,Mostly Cloudy,8,6,14
21:06:09,Mostly Cloudy,8,6,14
21:08:09,Mostly Cloudy,8,6,14
21:10:08,Mostly Cloudy,8,6,14
21:12:08,Mostly Cloudy,8,6,14
21:14:09,Mostly Cloudy,8,6,14
21:16:09,Mostly Cloudy,7,5,16
21:18:08,Mostly Cloudy,7,5,16
21:20:09,Mostly Cloudy,7,5,16
21:22:08,Mostly Cloudy,7,5,16
21:24:08,Mostly Cloudy,7,5,16
21:26:09,Mostly Cloudy,7,5,16
21:28:09,Mostly Cloudy,7,5,16
21:30:09,Mostly Cloudy,7,5,16
21:32:08,Mostly Cloudy,7,5,16
21:34:09,Mostly Cloudy,7,5,16
21:36:09,Mostly Cloudy,7,5,16
21:38:09,Mostly Cloudy,7,5,16
21:40:08,Mostly Cloudy,7,5,16
21:42:08,Mostly Cloudy,7,5,16
21:44:09,Mostly Cloudy,7,5,16
21:46:09,Mostly Cloudy,7,5,16
21:48:08,Mostly Cloudy,7,5,16
21:50:08,Mostly Cloudy,7,5,16
21:52:08,Mostly Cloudy,7,5,16
21:54:09,Mostly Cloudy,7,5,16
21:56:09,Mostly Cloudy,7,5,16
21:58:09,Mostly Cloudy,7,5,16
22:00:08,Mostly Cloudy,7,5,16
22:02:09,Mostly Cloudy,7,5,16
22:04:09,Mostly Cloudy,7,5,16
22:06:08,Mostly Cloudy,7,5,16
22:08:08,Mostly Cloudy,7,5,16
22:10:08,Mostly Cloudy,7,5,16
22:12:09,Mostly Cloudy,7,5,16
22:14:09,Mostly Cloudy,7,5,16
22:16:08,Mostly Cloudy,7,5,16
22:18:09,Mostly Cloudy,7,5,16
22:20:09,Mostly Cloudy,7,5,16
22:22:09,Mostly Cloudy,7,5,16
22:24:08,Mostly Cloudy,7,5,16
22:26:08,Mostly Cloudy,7,5,16
22:28:09,Mostly Cloudy,7,5,16
22:30:09,Mostly Cloudy,7,5,16
22:32:08,Mostly Cloudy,7,5,16
22:34:08,Mostly Cloudy,7,5,16
22:36:09,Mostly Cloudy,7,5,16
22:38:09,Mostly Cloudy,7,5,16
22:40:09,Mostly Cloudy,7,5,16
22:42:08,Mostly Cloudy,7,5,16
22:44:09,Mostly Cloudy,7,5,16
22:46:09,Mostly Cloudy,7,5,16
22:48:09,Mostly Cloudy,7,5,16
22:50:09,Mostly Cloudy,7,5,16
22:52:08,Mostly Cloudy,7,5,16
22:54:09,Mostly Cloudy,7,5,16
22:56:09,Mostly Cloudy,7,5,16
22:58:09,Mostly Cloudy,7,5,16
23:00:08,Mostly Cloudy,7,5,16
23:02:08,Mostly Cloudy,7,5,16
23:04:09,Mostly Cloudy,7,5,16
23:06:09,Mostly Cloudy,7,5,16
23:08:09,Mostly Cloudy,7,5,16
23:10:09,Mostly Cloudy,5,2,11
23:12:09,Mostly Cloudy,5,2,11
23:14:09,Mostly Cloudy,5,2,11
23:16:09,Mostly Cloudy,5,2,11
23:18:08,Mostly Cloudy,5,2,11
23:20:09,Mostly Cloudy,5,2,11
23:22:09,Mostly Cloudy,5,2,11
23:24:08,Mostly Cloudy,5,2,11
23:26:08,Mostly Cloudy,5,2,11
23:28:09,Mostly Cloudy,5,2,11
23:30:09,Mostly Cloudy,5,2,11
23:32:09,Mostly Cloudy,5,2,11
