Time,Weather,Temperature,Feels_Like,Wind_Speed
00:00:09,Partly Cloudy,12,12,8
00:02:09,Partly Cloudy,12,12,8
00:04:09,Partly Cloudy,12,12,8
00:06:08,Partly Cloudy,12,12,8
00:08:08,Partly Cloudy,12,12,8
00:10:09,Partly Cloudy,12,12,8
00:12:09,Partly Cloudy,12,12,8
00:14:09,Partly Cloudy,12,12,8
00:16:08,Fair,12,12,8
00:18:09,Fair,12,12,8
00:20:08,Fair,12,12,8
00:22:09,Fair,12,12,8
00:24:09,Fair,12,12,8
00:26:08,Fair,12,12,8
00:28:09,Fair,12,12,8
00:30:09,Fair,12,12,8
00:32:09,Fair,12,12,8
00:34:08,Fair,12,12,8
00:36:09,Fair,12,12,8
00:38:09,Fair,12,12,8
00:40:08,Fair,12,12,8
00:42:09,Fair,12,12,8
00:44:09,Fair,12,12,8
00:46:09,Fair,12,12,8
00:48:08,Fair,12,12,8
00:50:09,Fair,12,12,8
00:52:09,Fair,12,12,8
00:54:09,Fair,12,12,8
00:56:08,Fair,12,12,8
00:58:09,Fair,12,12,8
01:00:16,Fair,12,12,8
01:02:08,Fair,12,12,8
01:04:09,Fair,12,12,8
01:06:09,Fair,12,12,8
01:08:08,Fair,12,12,8
01:10:08,Fair,12,12,8
01:12:09,Fair,10,10,4
01:14:09,Fair,10,10,4
01:16:08,Fair,10,10,4
01:18:09,Fair,10,10,4
01:20:08,Fair,10,10,4
01:22:09,Fair,10,10,4
01:24:08,Fair,10,10,4
01:26:08,Fair,10,10,4
01:28:09,Fair,10,10,4
01:30:09,Fair,10,10,4
01:32:08,Fair,10,10,4
01:34:08,Fair,10,10,4
01:36:08,Fair,10,10,4
01:38:09,Fair,10,10,4
01:40:09,Fair,10,10,4
01:42:08,Fair,10,10,4
01:44:09,Fair,10,10,4
01:46:09,Fair,10,10,4
01:48:09,Fair,10,10,4
01:50:08,Fair,10,10,4
01:52:09,Fair,10,10,4
01:54:09,Fair,10,10,4
01:56:08,Fair,10,10,4
01:58:08,Fair,10,10,4
02:00:09,Fair,10,10,4
02:02:08,Fair,10,10,4
02:04:09,Fair,10,10,4
02:06:09,Fair,10,10,4
02:08:09,Fair,10,10,4
02:10:08,Fair,10,10,4
02:12:08,Fair,8,7,8
02:14:09,Fair,8,7,8
02:16:09,Fair,8,7,8
02:18:08,Fair,8,7,8
02:20:09,Fair,8,7,8
02:22:09,Fair,8,7,8
02:24:09,Fair,8,7,8
02:26:08,Fair,8,7,8
02:28:08,Fair,8,7,8
02:30:09,Fair,8,7,8
02:32:09,Fair,8,7,8
02:34:08,Fair,8,7,8
02:36:08,Fair,8,7,8
02:38:09,Fair,8,7,8
02:40:09,Fair,8,7,8
02:42:09,Fair,8,7,8
02:44:08,Fair,8,7,8
02:46:09,Fair,8,7,8
02:48:09,Fair,8,7,8
02:50:08,Fair,8,7,8
02:52:08,Fair,8,7,8
02:54:08,Fair,8,7,8
02:56:09,Fair,8,7,8
02:58:09,Fair,8,7,8
03:00:09,Fair,8,7,8
03:02:09,Fair,8,7,8
03:04:09,Fair,8,7,8
03:06:09,Fair,8,7,8
03:08:09,Fair,8,7,8
03:10:09,Fair,8,7,8
03:12:08,Partly Cloudy,8,7,9
03:14:08,Partly Cloudy,8,7,9
03:16:09,Partly Cloudy,8,7,9
03:18:09,Partly Cloudy,8,7,9
03:20:08,Partly Cloudy,8,7,9
03:22:08,Partly Cloudy,8,7,9
03:24:09,Partly Cloudy,8,7,9
03:26:09,Partly Cloudy,8,7,9
03:28:08,Partly Cloudy,8,7,9
03:30:09,Partly Cloudy,8,7,9
03:32:09,Partly Cloudy,8,7,9
03:34:09,Partly Cloudy,8,7,9
03:36:08,Partly Cloudy,8,7,9
03:38:09,Partly Cloudy,8,7,9
03:40:09,Partly Cloudy,8,7,9
03:42:08,Partly Cloudy,8,7,9
03:44:08,Partly Cloudy,8,7,9
03:46:08,Partly Cloudy,8,7,9
03:48:09,Partly Cloudy,8,7,9
03:50:09,Partly Cloudy,8,7,9
03:52:08,Partly Cloudy,8,7,9
03:54:09,Partly Cloudy,8,7,9
03:56:09,Partly Cloudy,8,7,9
03:58:08,Partly Cloudy,8,7,9
04:00:09,Partly Cloudy,8,7,9
04:02:09,Partly Cloudy,8,7,9
04:04:09,Partly Cloudy,8,7,9
04:06:08,Partly Cloudy,8,7,9
04:08:08,Partly Cloudy,8,7,9
04:10:09,Partly Cloudy,8,7,9
04:12:09,Partly Cloudy,8,7,9
04:14:09,Partly Cloudy,8,7,9
04:16:08,Mostly Cloudy,8,7,9
04:18:09,Mostly Cloudy,8,7,9
04:20:09,Mostly Cloudy,8,7,9
04:22:08,Mostly Cloudy,8,7,9
04:24:08,Mostly Cloudy,8,7,9
04:26:08,Mostly Cloudy,8,7,9
04:28:09,Mostly Cloudy,8,7,9
04:30:09,Mostly Cloudy,8,7,9
04:32:08,Mostly Cloudy,8,7,9
04:34:08,Mostly Cloudy,8,7,9
04:36:09,Mostly Cloudy,8,7,9
04:38:09,Mostly Cloudy,8,7,9
04:40:09,Mostly Cloudy,8,7,9
04:42:08,Mostly Cloudy,8,7,9
04:44:08,Mostly Cloudy,8,7,9
04:46:09,Mostly Cloudy,8,7,9
04:48:08,Mostly Cloudy,8,7,9
04:50:09,Mostly Cloudy,8,7,9
04:52:09,Mostly Cloudy,8,7,9
04:54:09,Mostly Cloudy,8,7,9
04:56:08,Mostly Cloudy,8,7,9
04:58:08,Mostly Cloudy,8,7,9
05:00:09,Mostly Cloudy,8,7,9
05:02:09,Mostly Cloudy,8,7,9
05:04:08,Mostly Cloudy,8,7,9
05:06:08,Mostly Cloudy,8,7,9
05:08:09,Mostly Cloudy,8,7,9
05:10:09,Mostly Cloudy,8,7,9
05:12:08,Mostly Cloudy,8,7,9
05:14:09,Mostly Cloudy,8,7,9
05:16:09,Mostly Cloudy,10,10,9
05:18:08,Mostly Cloudy,10,10,9
05:20:09,Mostly Cloudy,10,10,9
05:22:09,Mostly Cloudy,10,10,9
05:24:08,Mostly Cloudy,10,10,9
05:26:09,Mostly Cloudy,10,10,9
05:28:09,Mostly Cloudy,10,10,9
05:30:08,Mostly Cloudy,10,10,9
05:32:09,Mostly Cloudy,10,10,9
05:34:09,Mostly Cloudy,10,10,9
05:36:09,Mostly Cloudy,10,10,9
05:38:08,Mostly Cloudy,10,10,9
05:40:09,Mostly Cloudy,10,10,9
05:42:09,Mostly Cloudy,10,10,9
05:44:09,Mostly Cloudy,10,10,9
05:46:09,Mostly Cloudy,10,10,9
05:48:08,Mostly Cloudy,10,10,9
05:50:08,Mostly Cloudy,10,10,9
05:52:09,Mostly Cloudy,10,10,9
05:54:08,Mostly Cloudy,10,10,9
05:56:08,Mostly Cloudy,10,10,9
05:58:08,Mostly Cloudy,10,10,9
06:00:09,Mostly Cloudy,10,10,9
06:02:09,Mostly Cloudy,10,10,9
06:04:09,Mostly Cloudy,10,10,9
06:06:08,Mostly Cloudy,10,10,9
06:08:08,Mostly Cloudy,10,10,9
06:10:09,Mostly Cloudy,10,10,9
06:12:09,Mostly Cloudy,10,10,9
06:14:08,Mostly Cloudy,10,10,9
06:16:08,Mostly Cloudy,12,12,9
06:18:09,Mostly Cloudy,12,12,9
06:20:08,Mostly Cloudy,12,12,9
06:22:09,Mostly Cloudy,12,12,9
06:24:09,Mostly Cloudy,12,12,9
06:26:09,Mostly Cloudy,12,12,9
06:28:09,Mostly Cloudy,12,12,9
06:30:09,Mostly Cloudy,12,12,9
06:32:09,Mostly Cloudy,12,12,9
06:34:09,Mostly Cloudy,12,12,9
06:36:08,Mostly Cloudy,12,12,9
06:38:09,Mostly Cloudy,12,12,9
06:40:09,Mostly Cloudy,12,12,9
06:42:08,Mostly Cloudy,12,12,9
06:44:09,Mostly Cloudy,12,12,9
06:46:09,Mostly Cloudy,12,12,9
06:48:08,Mostly Cloudy,12,12,9
06:50:08,Mostly Cloudy,12,12,9
06:52:09,Mostly Cloudy,12,12,9
06:54:09,Mostly Cloudy,12,12,9
06:56:09,Mostly Cloudy,12,12,9
06:58:09,Mostly Cloudy,12,12,9
07:00:08,Mostly Cloudy,12,12,9
07:02:09,Mostly Cloudy,12,12,9
07:04:09,Mostly Cloudy,12,12,9
07:06:08,Mostly Cloudy,12,12,9
07:08:09,Mostly Cloudy,12,12,9
07:10:09,Mostly Cloudy,12,12,9
07:12:09,Mostly Cloudy,12,12,9
07:14:08,Partly Cloudy,13,13,12
07:16:09,Partly Cloudy,13,13,12
07:18:09,Partly Cloudy,13,13,12
07:20:09,Partly Cloudy,13,13,12
07:22:08,Partly Cloudy,13,13,12
07:24:09,Partly Cloudy,13,13,12
07:26:09,Partly Cloudy,13,13,12
07:28:08,Partly Cloudy,13,13,12
07:30:09,Partly Cloudy,13,13,12
07:32:09,Partly Cloudy,13,13,12
07:34:09,Partly Cloudy,13,13,12
07:36:08,Partly Cloudy,13,13,12
07:38:08,Partly Cloudy,13,13,12
07:40:09,Partly Cloudy,13,13,12
07:42:09,Partly Cloudy,13,13,12
07:44:09,Partly Cloudy,16,16,16
07:46:08,Partly Cloudy,16,16,16
07:48:09,Partly Cloudy,16,16,16
07:50:09,Partly Cloudy,16,16,16
07:52:08,Partly Cloudy,16,16,16
07:54:08,Partly Cloudy,16,16,16
07:56:08,Partly Cloudy,16,16,16
07:58:09,Partly Cloudy,16,16,16
08:00:09,Partly Cloudy,16,16,16
08:02:09,Partly Cloudy,16,16,16
08:04:09,Partly Cloudy,16,16,16
08:06:08,Partly Cloudy,16,16,16
08:08:08,Partly Cloudy,16,16,16
08:10:09,Partly Cloudy,16,16,16
08:12:09,Partly Cloudy,16,16,16
08:14:09,Fair,16,16,19
08:16:08,Fair,16,16,19
08:18:09,Fair,16,16,19
08:20:09,Fair,16,16,19
08:22:09,Fair,16,16,19
08:24:08,Fair,16,16,19
08:26:09,Fair,16,16,19
08:28:09,Fair,16,16,19
08:30:09,Fair,16,16,19
08:32:08,Fair,16,16,19
08:34:09,Fair,16,16,19
08:36:09,Fair,16,16,19
08:38:08,Fair,16,16,19
08:40:09,Fair,16,16,19
08:42:08,Fair,16,16,19
08:44:08,Fair,17,17,16
08:46:09,Fair,17,17,16
08:48:09,Fair,17,17,16
08:50:09,Fair,17,17,16
08:52:08,Fair,17,17,16
08:54:09,Fair,17,17,16
08:56:09,Fair,17,17,16
08:58:09,Fair,17,17,16
09:00:08,Fair,17,17,16
09:02:09,Fair,17,17,16
09:04:09,Fair,17,17,16
09:06:09,Fair,17,17,16
09:08:09,Fair,17,17,16
09:10:09,Fair,17,17,16
09:12:08,Fair,17,17,16
09:14:08,Mostly Cloudy,17,17,14
09:16:09,Mostly Cloudy,17,17,14
09:18:08,Mostly Cloudy,17,17,14
09:20:08,Mostly Cloudy,17,17,14
09:22:09,Mostly Cloudy,17,17,14
09:24:09,Mostly Cloudy,17,17,14
09:26:09,Mostly Cloudy,17,17,14
09:28:08,Mostly Cloudy,17,17,14
09:30:09,Mostly Cloudy,17,17,14
09:32:09,Mostly Cloudy,17,17,14
09:34:09,Mostly Cloudy,17,17,14
09:36:08,Mostly Cloudy,17,17,14
09:38:08,Mostly Cloudy,17,17,14
09:40:09,Mostly Cloudy,17,17,14
09:42:08,Mostly Cloudy,17,17,14
09:44:08,Mostly Cloudy,17,17,16
09:46:09,Mostly Cloudy,17,17,16
09:48:09,Mostly Cloudy,17,17,16
09:50:08,Mostly Cloudy,17,17,16
09:52:09,Mostly Cloudy,17,17,16
09:54:09,Mostly Cloudy,17,17,16
09:56:09,Mostly Cloudy,17,17,16
09:58:08,Mostly Cloudy,17,17,16
10:00:08,Mostly Cloudy,17,17,16
10:02:09,Mostly Cloudy,17,17,16
10:04:09,Mostly Cloudy,17,17,16
10:06:09,Mostly Cloudy,17,17,16
10:08:08,Mostly Cloudy,17,17,16
10:10:08,Mostly Cloudy,17,17,16
10:12:09,Mostly Cloudy,17,17,16
10:14:09,Mostly Cloudy,17,17,16
10:16:09,Mostly Cloudy,17,17,16
10:18:08,Mostly Cloudy,17,17,16
10:20:09,Mostly Cloudy,17,17,16
10:22:09,Mostly Cloudy,17,17,16
10:24:08,Mostly Cloudy,17,17,16
10:26:09,Mostly Cloudy,17,17,16
10:28:09,Mostly Cloudy,17,17,16
10:30:09,Mostly Cloudy,17,17,16
10:32:08,Mostly Cloudy,17,17,16
10:34:09,Mostly Cloudy,17,17,16
10:36:09,Mostly Cloudy,17,17,16
10:38:09,Mostly Cloudy,17,17,16
10:40:08,Mostly Cloudy,17,17,16
10:42:09,Partly Cloudy,17,17,19
10:44:09,Partly Cloudy,17,17,19
10:46:08,Partly Cloudy,17,17,19
10:48:09,Partly Cloudy,17,17,19
10:50:09,Partly Cloudy,17,17,19
10:52:09,Partly Cloudy,17,17,19
10:54:09,Partly Cloudy,17,17,19
10:56:09,Partly Cloudy,17,17,19
10:58:09,Partly Cloudy,17,17,19
11:00:08,Partly Cloudy,17,17,19
11:02:08,Partly Cloudy,17,17,19
11:04:09,Partly Cloudy,17,17,19
11:06:09,Partly Cloudy,17,17,19
11:08:08,Partly Cloudy,17,17,19
11:10:08,Partly Cloudy,17,17,19
11:12:09,Mostly Cloudy,18,18,24
11:14:09,Mostly Cloudy,18,18,24
11:16:09,Mostly Cloudy,18,18,24
11:18:08,Mostly Cloudy,18,18,24
11:20:09,Mostly Cloudy,18,18,24
11:22:09,Mostly Cloudy,18,18,24
11:24:09,Mostly Cloudy,18,18,24
11:26:08,Mostly Cloudy,18,18,24
11:28:08,Mostly Cloudy,18,18,24
11:30:09,Mostly Cloudy,18,18,24
11:32:09,Mostly Cloudy,18,18,24
11:34:08,Mostly Cloudy,18,18,24
11:36:08,Mostly Cloudy,18,18,24
11:38:08,Mostly Cloudy,18,18,24
11:40:09,Mostly Cloudy,18,18,24
11:42:09,Mostly Cloudy,18,18,24
11:44:08,Mostly Cloudy,18,18,24
11:46:08,Mostly Cloudy,18,18,19
11:48:09,Mostly Cloudy,18,18,19
11:50:09,Mostly Cloudy,18,18,19
11:52:08,Mostly Cloudy,18,18,19
11:54:09,Mostly Cloudy,18,18,19
11:56:09,Mostly Cloudy,18,18,19
11:58:09,Mostly Cloudy,18,18,19
12:00:08,Mostly Cloudy,18,18,19
12:02:09,Mostly Cloudy,18,18,19
12:04:09,Mostly Cloudy,18,18,19
12:06:09,Mostly Cloudy,18,18,19
12:08:08,Mostly Cloudy,18,18,19
12:10:08,Mostly Cloudy,18,18,19
12:12:09,Mostly Cloudy,18,18,19
12:14:09,Mostly Cloudy,18,18,19
12:16:09,Mostly Cloudy,17,17,25
12:18:08,Mostly Cloudy,17,17,25
12:20:09,Mostly Cloudy,17,17,25
12:22:09,Mostly Cloudy,17,17,25
12:24:08,Mostly Cloudy,17,17,25
12:26:09,Mostly Cloudy,17,17,25
12:28:09,Mostly Cloudy,17,17,25
12:30:09,Mostly Cloudy,17,17,25
12:32:08,Mostly Cloudy,17,17,25
12:34:09,Mostly Cloudy,17,17,25
12:36:09,Mostly Cloudy,17,17,25
12:38:08,Mostly Cloudy,17,17,25
12:40:09,Mostly Cloudy,17,17,25
12:42:09,Mostly Cloudy,17,17,25
12:44:08,Mostly Cloudy,17,17,25
12:46:09,Mostly Cloudy,18,18,24
12:48:09,Mostly Cloudy,18,18,24
12:50:08,Mostly Cloudy,18,18,24
12:52:08,Mostly Cloudy,18,18,24
12:54:09,Mostly Cloudy,18,18,24
12:56:09,Mostly Cloudy,18,18,24
12:58:09,Mostly Cloudy,18,18,24
13:00:09,Mostly Cloudy,18,18,24
13:02:09,Mostly Cloudy,18,18,24
13:04:09,Mostly Cloudy,18,18,24
13:06:08,Mostly Cloudy,18,18,24
13:08:09,Mostly Cloudy,18,18,24
13:10:09,Mostly Cloudy,18,18,24
13:12:09,Mostly Cloudy,18,18,22
13:14:08,Mostly Cloudy,18,18,24
13:16:09,Mostly Cloudy,18,18,22
13:18:09,Mostly Cloudy,18,18,22
13:20:08,Mostly Cloudy,18,18,22
13:22:08,Mostly Cloudy,18,18,22
13:24:09,Mostly Cloudy,18,18,22
13:26:09,Mostly Cloudy,18,18,22
13:28:09,Mostly Cloudy,18,18,22
13:30:09,Mostly Cloudy,18,18,22
13:32:09,Mostly Cloudy,18,18,22
13:34:08,Mostly Cloudy,18,18,22
13:36:09,Mostly Cloudy,18,18,22
13:38:09,Mostly Cloudy,18,18,22
13:40:08,Mostly Cloudy,18,18,22
13:42:08,Mostly Cloudy,18,18,22
13:44:09,Mostly Cloudy,18,18,22
13:46:09,Mostly Cloudy,18,18,22
13:48:09,Mostly Cloudy,18,18,22
13:50:08,Mostly Cloudy,18,18,22
13:52:09,Mostly Cloudy,18,18,22
13:54:09,Mostly Cloudy,18,18,22
13:56:09,Mostly Cloudy,18,18,22
13:58:08,Mostly Cloudy,18,18,22
14:00:09,Mostly Cloudy,18,18,22
14:02:09,Mostly Cloudy,18,18,22
14:04:08,Mostly Cloudy,18,18,22
14:06:08,Mostly Cloudy,18,18,22
14:08:09,Mostly Cloudy,18,18,22
14:10:09,Mostly Cloudy,18,18,22
14:12:09,Mostly Cloudy,18,18,22
14:14:08,Mostly Cloudy,20,20,22
14:16:08,Mostly Cloudy,20,20,22
14:18:09,Mostly Cloudy,20,20,22
14:20:09,Mostly Cloudy,20,20,22
14:22:09,Mostly Cloudy,20,20,22
14:24:08,Mostly Cloudy,20,20,22
14:26:09,Mostly Cloudy,20,20,22
14:28:09,Mostly Cloudy,20,20,22
14:30:09,Mostly Cloudy,20,20,22
14:32:09,Mostly Cloudy,20,20,22
14:34:09,Mostly Cloudy,20,20,22
14:36:09,Mostly Cloudy,20,20,22
14:38:08,Mostly Cloudy,20,20,22
14:40:08,Mostly Cloudy,20,20,22
14:42:09,Mostly Cloudy,20,20,22
14:44:09,Mostly Cloudy,20,20,22
14:46:09,Mostly Cloudy,20,20,22
14:48:09,Light Rain Shower,17,17,25
14:50:08,Light Rain Shower,17,17,25
14:52:08,Light Rain Shower,17,17,25
14:54:09,Light Rain Shower,17,17,25
14:56:09,Light Rain Shower,17,17,25
14:58:09,Light Rain Shower,17,17,25
15:00:09,Light Rain Shower,17,17,25
15:02:09,Light Rain Shower,17,17,25
15:04:09,Light Rain Shower,17,17,25
15:06:08,Light Rain Shower,17,17,25
15:08:09,Light Rain Shower,17,17,25
15:10:09,Light Rain Shower,17,17,25
15:12:09,Light Rain Shower,17,17,25
15:14:08,Light Rain Shower,17,17,25
15:16:09,Light Rain Shower,17,17,25
15:18:09,Mostly Cloudy,18,18,22
15:20:08,Mostly Cloudy,18,18,22
15:22:09,Mostly Cloudy,18,18,22
15:24:09,Mostly Cloudy,18,18,22
15:26:09,Mostly Cloudy,18,18,22
15:28:09,Mostly Cloudy,18,18,22
15:30:09,Mostly Cloudy,18,18,22
15:32:08,Mostly Cloudy,18,18,22
15:34:09,Mostly Cloudy,18,18,22
15:36:09,Mostly Cloudy,18,18,22
15:38:09,Mostly Cloudy,18,18,22
15:40:09,Mostly Cloudy,18,18,22
15:42:08,Mostly Cloudy,18,18,22
15:44:09,Mostly Cloudy,18,18,22
15:46:09,Mostly Cloudy,18,18,25
15:48:09,Mostly Cloudy,18,18,25
15:50:08,Mostly Cloudy,18,18,25
15:52:09,Mostly Cloudy,18,18,25
15:54:09,Mostly Cloudy,18,18,25
15:56:08,Mostly Cloudy,18,18,25
15:58:09,Mostly Cloudy,18,18,25
16:00:09,Mostly Cloudy,18,18,25
16:02:08,Mostly Cloudy,18,18,25
16:04:09,Mostly Cloudy,18,18,25
16:06:09,Mostly Cloudy,18,18,25
16:08:09,Mostly Cloudy,18,18,25
16:10:09,Mostly Cloudy,18,18,25
16:12:08,Mostly Cloudy,18,18,28
16:14:08,Mostly Cloudy,18,18,28
16:16:09,Mostly Cloudy,18,18,28
16:18:08,Mostly Cloudy,18,18,28
16:20:09,Mostly Cloudy,18,18,28
16:22:08,Mostly Cloudy,18,18,28
16:24:08,Mostly Cloudy,18,18,28
16:26:09,Mostly Cloudy,18,18,28
16:28:09,Mostly Cloudy,18,18,28
16:30:08,Mostly Cloudy,18,18,28
16:32:08,Mostly Cloudy,18,18,28
16:34:09,Mostly Cloudy,18,18,28
16:36:09,Mostly Cloudy,18,18,28
16:38:09,Mostly Cloudy,18,18,28
16:40:09,Mostly Cloudy,18,18,28
16:42:08,Mostly Cloudy,18,18,28
16:44:08,Mostly Cloudy,18,18,28
16:46:09,Mostly Cloudy,18,18,28
16:48:09,Mostly Cloudy,18,18,28
16:50:09,Mostly Cloudy,18,18,28
16:52:08,Mostly Cloudy,18,18,28
16:54:08,Mostly Cloudy,18,18,28
16:56:09,Mostly Cloudy,18,18,28
16:58:09,Mostly Cloudy,18,18,28
17:00:09,Mostly Cloudy,18,18,28
17:02:08,Mostly Cloudy,18,18,28
17:04:08,Mostly Cloudy,18,18,28
17:06:08,Mostly Cloudy,18,18,28
17:08:09,Mostly Cloudy,18,18,28
17:10:08,Mostly Cloudy,18,18,28
17:12:08,Mostly Cloudy,18,18,28
17:14:09,Mostly Cloudy,18,18,28
17:16:09,Mostly Cloudy,18,18,28
17:18:08,Mostly Cloudy,17,17,24
17:20:09,Mostly Cloudy,17,17,24
17:22:09,Mostly Cloudy,17,17,24
17:24:09,Mostly Cloudy,17,17,24
17:26:09,Mostly Cloudy,17,17,24
17:28:08,Mostly Cloudy,17,17,24
17:30:08,Mostly Cloudy,17,17,24
17:32:09,Mostly Cloudy,17,17,24
17:34:09,Mostly Cloudy,17,17,24
17:36:09,Mostly Cloudy,17,17,24
17:38:08,Mostly Cloudy,17,17,24
17:40:09,Mostly Cloudy,17,17,24
17:42:09,Mostly Cloudy,17,17,24
17:44:08,Mostly Cloudy,17,17,24
17:46:09,Mostly Cloudy,17,17,24
17:48:09,Mostly Cloudy,17,17,24
17:50:09,Mostly Cloudy,17,17,24
17:52:08,Mostly Cloudy,17,17,24
17:54:08,Mostly Cloudy,17,17,24
17:56:09,Mostly Cloudy,17,17,24
17:58:09,Mostly Cloudy,17,17,24
18:00:09,Mostly Cloudy,17,17,24
18:02:08,Mostly Cloudy,17,17,24
18:04:09,Mostly Cloudy,17,17,24
18:06:09,Mostly Cloudy,17,17,24
18:08:09,Mostly Cloudy,17,17,24
18:10:08,Mostly Cloudy,17,17,24
18:12:09,Mostly Cloudy,17,17,24
18:14:09,Mostly Cloudy,17,17,24
18:16:09,Mostly Cloudy,17,17,24
18:18:08,Mostly Cloudy,17,17,24
18:20:09,Mostly Cloudy,17,17,20
18:22:09,Mostly Cloudy,17,17,20
18:24:08,Mostly Cloudy,17,17,20
18:26:09,Mostly Cloudy,17,17,20
18:28:09,Mostly Cloudy,17,17,20
18:30:08,Mostly Cloudy,17,17,20
18:32:08,Mostly Cloudy,17,17,20
18:34:09,Mostly Cloudy,17,17,20
18:36:09,Mostly Cloudy,17,17,20
18:38:09,Mostly Cloudy,17,17,20
18:40:08,Mostly Cloudy,17,17,20
18:42:09,Mostly Cloudy,17,17,20
18:44:09,Mostly Cloudy,17,17,20
18:46:09,Mostly Cloudy,17,17,20
18:48:08,Mostly Cloudy,17,17,20
18:50:08,Mostly Cloudy,17,17,20
18:52:09,Mostly Cloudy,17,17,20
18:54:09,Mostly Cloudy,17,17,20
18:56:08,Mostly Cloudy,17,17,20
18:58:09,Mostly Cloudy,17,17,20
19:00:09,Mostly Cloudy,17,17,20
19:02:09,Mostly Cloudy,17,17,20
19:04:08,Mostly Cloudy,17,17,20
19:06:09,Mostly Cloudy,17,17,20
19:08:09,Mostly Cloudy,17,17,20
19:10:08,Mostly Cloudy,17,17,20
19:12:09,Mostly Cloudy,17,17,20
19:14:09,Mostly Cloudy,17,17,20
19:16:08,Mostly Cloudy,17,17,20
19:18:09,Mostly Cloudy,17,17,20
19:20:09,Mostly Cloudy,16,16,24
19:22:08,Mostly Cloudy,16,16,24
19:24:08,Mostly Cloudy,16,16,24
19:26:09,Mostly Cloudy,16,16,24
19:28:09,Mostly Cloudy,16,16,24
19:30:09,Mostly Cloudy,16,16,24
19:32:09,Mostly Cloudy,16,16,24
19:34:09,Mostly Cloudy,16,16,24
19:36:09,Mostly Cloudy,16,16,24
19:38:08,Mostly Cloudy,16,16,24
19:40:09,Mostly Cloudy,16,16,24
19:42:09,Mostly Cloudy,16,16,24
19:44:09,Mostly Cloudy,16,16,24
19:46:09,Mostly Cloudy,16,16,24
19:48:09,Mostly Cloudy,16,16,24
19:50:09,Mostly Cloudy,16,16,24
19:52:08,Mostly Cloudy,16,16,24
19:54:08,Mostly Cloudy,16,16,24
19:56:09,Mostly Cloudy,16,16,24
19:58:09,Mostly Cloudy,16,16,24
20:00:08,Mostly Cloudy,16,16,24
20:02:09,Mostly Cloudy,16,16,24
20:04:09,Mostly Cloudy,16,16,24
20:06:08,Mostly Cloudy,16,16,24
20:08:09,Mostly Cloudy,16,16,24
20:10:09,Mostly Cloudy,16,16,24
20:12:08,Mostly Cloudy,16,16,24
20:14:08,Mostly Cloudy,15,15,22
20:16:09,Mostly Cloudy,15,15,22
20:18:09,Mostly Cloudy,15,15,22
20:20:08,Mostly Cloudy,15,15,22
20:22:09,Mostly Cloudy,15,15,22
20:24:09,Mostly Cloudy,15,15,22
20:26:08,Mostly Cloudy,15,15,22
20:28:09,Mostly Cloudy,15,15,22
20:30:09,Mostly Cloudy,15,15,22
20:32:08,Mostly Cloudy,15,15,22
20:34:09,Mostly Cloudy,15,15,22
20:36:09,Mostly Cloudy,15,15,22
20:38:09,Mostly Cloudy,15,15,22
20:40:08,Mostly Cloudy,15,15,22
20:42:09,Mostly Cloudy,15,15,22
20:44:09,Mostly Cloudy,15,15,22
20:46:09,Mostly Cloudy,15,15,22
20:48:09,Mostly Cloudy,15,15,22
20:50:08,Mostly Cloudy,15,15,22
20:52:09,Mostly Cloudy,15,15,22
20:54:09,Mostly Cloudy,15,15,22
20:56:09,Mostly Cloudy,15,15,22
20:58:08,Mostly Cloudy,15,15,22
21:00:09,Mostly Cloudy,15,15,22
21:02:09,Mostly Cloudy,15,15,22
21:04:09,Mostly Cloudy,15,15,22
21:06:09,Mostly Cloudy,15,15,22
21:08:09,Mostly Cloudy,15,15,22
21:10:08,Mostly Cloudy,13,13,22
21:12:09,Mostly Cloudy,13,13,22
21:14:09,Mostly Cloudy,13,13,22
21:16:09,Mostly Cloudy,13,13,22
21:18:09,Mostly Cloudy,13,13,22
21:20:09,Mostly Cloudy,13,13,22
21:22:09,Mostly Cloudy,13,13,22
21:24:08,Mostly Cloudy,13,13,22
21:26:08,Mostly Cloudy,13,13,22
21:28:09,Mostly Cloudy,13,13,22
21:30:09,Mostly Cloudy,13,13,22
21:32:08,Mostly Cloudy,13,13,22
21:34:08,Mostly Cloudy,13,13,22
21:36:09,Mostly Cloudy,13,13,22
21:38:09,Mostly Cloudy,13,13,22
21:40:09,Mostly Cloudy,13,13,22
21:42:08,Mostly Cloudy,13,13,22
21:44:09,Mostly Cloudy,13,13,22
21:46:09,Mostly Cloudy,13,13,22
21:48:08,Mostly Cloudy,13,13,22
21:50:08,Mostly Cloudy,13,13,22
21:52:09,Mostly Cloudy,13,13,22
21:54:09,Mostly Cloudy,13,13,22
21:56:08,Mostly Cloudy,13,13,22
21:58:09,Mostly Cloudy,13,13,22
22:00:09,Mostly Cloudy,13,13,22
22:02:08,Mostly Cloudy,13,13,22
22:04:08,Mostly Cloudy,13,13,22
22:06:09,Mostly Cloudy,13,13,22
22:08:09,Mostly Cloudy,13,13,22
22:10:09,Mostly Cloudy,12,12,19
22:12:08,Mostly Cloudy,12,12,19
22:14:09,Mostly Cloudy,12,12,19
22:16:09,Mostly Cloudy,12,12,19
22:18:08,Mostly Cloudy,12,12,19
22:20:08,Mostly Cloudy,12,12,19
22:22:09,Mostly Cloudy,12,12,19
22:24:09,Mostly Cloudy,12,12,19
22:26:09,Mostly Cloudy,12,12,19
22:28:09,Mostly Cloudy,12,12,19
22:30:08,Mostly Cloudy,12,12,19
22:32:09,Mostly Cloudy,12,12,19
22:34:09,Mostly Cloudy,12,12,19
22:36:08,Mostly Cloudy,12,12,19
22:38:08,Mostly Cloudy,12,12,19
22:40:09,Mostly Cloudy,12,12,19
22:42:09,Mostly Cloudy,12,12,19
22:44:08,Mostly Cloudy,12,12,19
22:46:09,Mostly Cloudy,12,12,19
22:48:09,Mostly Cloudy,12,12,19
22:50:09,Mostly Cloudy,12,12,19
22:52:08,Mostly Cloudy,12,12,19
22:54:09,Mostly Cloudy,12,12,19
22:56:09,Mostly Cloudy,12,12,19
22:58:09,Mostly Cloudy,12,12,19
23:00:08,Mostly Cloudy,12,12,19
23:02:09,Mostly Cloudy,12,12,19
23:04:09,Mostly Cloudy,12,12,19
23:06:09,Mostly Cloudy,12,12,19
23:08:08,Mostly Cloudy,12,12,19
23:10:09,Mostly Cloudy,13,13,22
23:12:09,Mostly Cloudy,13,13,22
23:14:09,Mostly Cloudy,13,13,22
23:16:08,Mostly Cloudy,13,13,22
23:18:09,Mostly Cloudy,13,13,22
23:20:09,Mostly Cloudy,13,13,22
23:22:08,Mostly Cloudy,13,13,22
23:24:08,Mostly Cloudy,13,13,22
23:26:08,Mostly Cloudy,13,13,22
23:28:09,Mostly Cloudy,13,13,22
23:30:09,Mostly Cloudy,13,13,22
23:32:09,Mostly Cloudy,13,13,22
23:34:09,Mostly Cloudy,13,13,22
23:36:08,Mostly Cloudy,13,13,22
23:38:09,Mostly Cloudy,13,13,22
23:40:09,Mostly Cloudy,13,13,22
23:42:09,Mostly Cloudy,13,13,22
23:44:09,Mostly Cloudy,13,13,22
23:46:08,Mostly Cloudy,13,13,22
23:48:08,Mostly Cloudy,13,13,22
23:50:09,Mostly Cloudy,13,13,22
23:52:09,Mostly Cloudy,13,13,22
23:54:09,Mostly Cloudy,13,13,22
23:56:09,Mostly Cloudy,13,13,22
23:58:09,Mostly Cloudy,13,13,22
