Time,Weather,Temperature,Feels_Like,Wind_Speed
00:00:09,Mostly Cloudy,11,11,24
00:02:09,Mostly Cloudy,11,11,24
00:04:09,Mostly Cloudy,11,11,24
00:06:09,Mostly Cloudy,11,11,24
00:08:08,Mostly Cloudy,11,11,24
00:10:09,Partly Cloudy,11,11,24
00:12:09,Partly Cloudy,11,11,24
00:14:09,Partly Cloudy,11,11,24
00:16:09,Partly Cloudy,11,11,24
00:18:08,Partly Cloudy,11,11,24
00:20:08,Partly Cloudy,11,11,24
00:22:09,Partly Cloudy,11,11,24
00:24:09,Partly Cloudy,11,11,24
00:26:09,Partly Cloudy,11,11,24
00:28:08,Partly Cloudy,11,11,24
00:30:09,Partly Cloudy,11,11,24
00:32:09,Partly Cloudy,11,11,24
00:34:08,Partly Cloudy,11,11,24
00:36:09,Partly Cloudy,11,11,24
00:38:08,Partly Cloudy,11,11,24
00:40:08,Partly Cloudy,11,11,24
00:42:09,Partly Cloudy,11,11,24
00:44:09,Partly Cloudy,11,11,24
00:46:08,Partly Cloudy,11,11,24
00:48:09,Partly Cloudy,11,11,24
00:50:09,Partly Cloudy,11,11,24
00:52:09,Partly Cloudy,11,11,24
00:54:08,Partly Cloudy,11,11,24
00:56:08,Partly Cloudy,11,11,24
00:58:09,Partly Cloudy,11,11,24
01:00:17,Partly Cloudy,11,11,24
01:02:08,Partly Cloudy,11,11,24
01:04:09,Partly Cloudy,11,11,24
01:06:09,Partly Cloudy,11,11,24
01:08:08,Partly Cloudy,11,11,24
01:10:08,Mostly Cloudy,11,11,27
01:12:09,Mostly Cloudy,11,11,27
01:14:09,Mostly Cloudy,11,11,27
01:16:08,Mostly Cloudy,11,11,27
01:18:09,Mostly Cloudy,11,11,27
01:20:09,Mostly Cloudy,11,11,27
01:22:08,Mostly Cloudy,11,11,27
01:24:09,Mostly Cloudy,11,11,27
01:26:09,Mostly Cloudy,11,11,27
01:28:08,Mostly Cloudy,11,11,27
01:30:09,Mostly Cloudy,11,11,27
01:32:08,Mostly Cloudy,11,11,27
01:34:09,Mostly Cloudy,11,11,27
01:36:08,Mostly Cloudy,11,11,27
01:38:09,Mostly Cloudy,11,11,27
01:40:09,Mostly Cloudy,11,11,27
01:42:09,Mostly Cloudy,11,11,27
01:44:09,Mostly Cloudy,11,11,27
01:46:09,Mostly Cloudy,11,11,27
01:48:09,Mostly Cloudy,11,11,27
01:50:09,Mostly Cloudy,11,11,27
01:52:09,Mostly Cloudy,11,11,27
01:54:08,Mostly Cloudy,11,11,27
01:56:08,Mostly Cloudy,11,11,27
01:58:09,Mostly Cloudy,11,11,27
02:00:09,Mostly Cloudy,11,11,27
02:02:08,Mostly Cloudy,11,11,27
02:04:08,Mostly Cloudy,11,11,27
02:06:09,Mostly Cloudy,11,11,27
02:08:08,Mostly Cloudy,11,11,27
02:10:09,Mostly Cloudy,11,11,27
02:12:09,Mostly Cloudy,11,11,27
02:14:09,Mostly Cloudy,11,11,27
02:16:08,Mostly Cloudy,11,11,25
02:18:09,Mostly Cloudy,11,11,25
02:20:08,Mostly Cloudy,11,11,25
02:22:08,Mostly Cloudy,11,11,25
02:24:09,Mostly Cloudy,11,11,25
02:26:09,Mostly Cloudy,11,11,25
02:28:08,Mostly Cloudy,11,11,25
02:30:09,Mostly Cloudy,11,11,25
02:32:09,Mostly Cloudy,11,11,25
02:34:08,Mostly Cloudy,11,11,25
02:36:09,Mostly Cloudy,11,11,25
02:38:09,Mostly Cloudy,11,11,25
02:40:09,Mostly Cloudy,11,11,25
02:42:08,Mostly Cloudy,11,11,25
02:44:09,Mostly Cloudy,11,11,25
02:46:09,Mostly Cloudy,11,11,25
02:48:08,Mostly Cloudy,11,11,25
02:50:09,Mostly Cloudy,11,11,25
02:52:09,Mostly Cloudy,11,11,25
02:54:08,Mostly Cloudy,11,11,25
02:56:08,Mostly Cloudy,11,11,25
02:58:09,Mostly Cloudy,11,11,25
03:00:08,Mostly Cloudy,11,11,25
03:02:09,Mostly Cloudy,11,11,25
03:04:09,Mostly Cloudy,11,11,25
03:06:08,Mostly Cloudy,11,11,25
03:08:09,Mostly Cloudy,11,11,25
03:10:09,Mostly Cloudy,11,11,25
03:12:09,Mostly Cloudy,11,11,25
03:14:08,Mostly Cloudy,11,11,25
03:16:09,Mostly Cloudy,11,11,25
03:18:08,Mostly Cloudy,11,11,25
03:20:09,Mostly Cloudy,11,11,25
03:22:09,Mostly Cloudy,12,12,25
03:24:08,Mostly Cloudy,12,12,25
03:26:09,Mostly Cloudy,12,12,25
03:28:09,Mostly Cloudy,12,12,25
03:30:08,Mostly Cloudy,12,12,25
03:32:09,Mostly Cloudy,12,12,25
03:34:09,Mostly Cloudy,12,12,25
03:36:08,Mostly Cloudy,12,12,25
03:38:09,Mostly Cloudy,12,12,25
03:40:09,Mostly Cloudy,12,12,25
03:42:09,Mostly Cloudy,12,12,25
03:44:09,Mostly Cloudy,12,12,25
03:46:09,Mostly Cloudy,12,12,25
03:48:09,Mostly Cloudy,12,12,25
03:50:09,Mostly Cloudy,12,12,25
03:52:09,Mostly Cloudy,12,12,25
03:54:08,Mostly Cloudy,12,12,25
03:56:09,Mostly Cloudy,12,12,25
03:58:09,Mostly Cloudy,12,12,25
04:00:09,Mostly Cloudy,12,12,25
04:02:08,Mostly Cloudy,12,12,25
04:04:09,Mostly Cloudy,12,12,25
04:06:09,Mostly Cloudy,12,12,25
04:08:08,Mostly Cloudy,12,12,25
04:10:09,Mostly Cloudy,11,11,24
04:12:09,Mostly Cloudy,11,11,24
04:14:08,Mostly Cloudy,11,11,24
04:16:08,Mostly Cloudy,11,11,24
04:18:09,Mostly Cloudy,11,11,24
04:20:09,Mostly Cloudy,11,11,24
04:22:08,Mostly Cloudy,11,11,24
04:24:09,Mostly Cloudy,11,11,24
04:26:09,Mostly Cloudy,11,11,24
04:28:08,Mostly Cloudy,11,11,24
04:30:09,Mostly Cloudy,11,11,24
04:32:09,Mostly Cloudy,11,11,24
04:34:08,Mostly Cloudy,11,11,24
04:36:09,Mostly Cloudy,11,11,24
04:38:08,Mostly Cloudy,11,11,24
04:40:09,Mostly Cloudy,11,11,24
04:42:09,Mostly Cloudy,11,11,24
04:44:08,Mostly Cloudy,11,11,24
04:46:08,Mostly Cloudy,11,11,24
04:48:09,Mostly Cloudy,11,11,24
04:50:09,Mostly Cloudy,11,11,24
04:52:09,Mostly Cloudy,11,11,24
04:54:09,Mostly Cloudy,11,11,24
04:56:08,Mostly Cloudy,11,11,24
04:58:09,Mostly Cloudy,11,11,24
05:00:09,Mostly Cloudy,11,11,24
05:02:09,Mostly Cloudy,11,11,24
05:04:08,Mostly Cloudy,11,11,24
05:06:09,Mostly Cloudy,11,11,24
05:08:09,Mostly Cloudy,11,11,24
05:10:08,Mostly Cloudy,11,11,24
05:12:09,Mostly Cloudy,11,11,24
05:14:09,Mostly Cloudy,11,11,24
05:16:09,Light Rain Shower,12,12,24
05:18:09,Light Rain Shower,12,12,24
05:20:09,Light Rain Shower,12,12,24
05:22:09,Light Rain Shower,12,12,24
05:24:09,Light Rain Shower,12,12,24
05:26:08,Light Rain Shower,12,12,24
05:28:08,Light Rain Shower,12,12,24
05:30:09,Light Rain Shower,12,12,24
05:32:09,Light Rain Shower,12,12,24
05:34:08,Light Rain Shower,12,12,24
05:36:09,Light Rain Shower,12,12,24
05:38:09,Light Rain Shower,12,12,24
05:40:09,Light Rain Shower,12,12,24
05:42:09,Light Rain Shower,12,12,24
05:44:09,Light Rain Shower,12,12,24
05:46:09,Light Rain Shower,12,12,24
05:48:08,Light Rain Shower,12,12,24
05:50:09,Light Rain Shower,12,12,24
05:52:09,Light Rain Shower,12,12,24
05:54:08,Light Rain Shower,12,12,24
05:56:08,Light Rain Shower,12,12,24
05:58:09,Light Rain Shower,12,12,24
06:00:09,Light Rain Shower,12,12,24
06:02:08,Light Rain Shower,12,12,24
06:04:09,Light Rain Shower,12,12,24
06:06:09,Light Rain Shower,12,12,24
06:08:08,Light Rain Shower,12,12,24
06:10:09,Mostly Cloudy,12,12,25
06:12:09,Mostly Cloudy,12,12,25
06:14:08,Mostly Cloudy,12,12,25
06:16:09,Mostly Cloudy,12,12,25
06:18:08,Mostly Cloudy,12,12,25
06:20:08,Mostly Cloudy,12,12,25
06:22:09,Mostly Cloudy,12,12,25
06:24:09,Mostly Cloudy,12,12,25
06:26:08,Mostly Cloudy,12,12,25
06:28:09,Mostly Cloudy,12,12,25
06:30:09,Mostly Cloudy,12,12,25
06:32:08,Mostly Cloudy,12,12,25
06:34:08,Mostly Cloudy,12,12,25
06:36:09,Mostly Cloudy,12,12,25
06:38:09,Mostly Cloudy,12,12,25
06:40:09,Mostly Cloudy,12,12,25
06:42:09,Mostly Cloudy,12,12,25
06:44:08,Mostly Cloudy,12,12,25
06:46:08,Mostly Cloudy,12,12,25
06:48:09,Mostly Cloudy,12,12,25
06:50:09,Mostly Cloudy,12,12,25
06:52:08,Mostly Cloudy,12,12,25
06:54:08,Mostly Cloudy,12,12,25
06:56:09,Mostly Cloudy,12,12,25
06:58:09,Mostly Cloudy,12,12,25
07:00:09,Mostly Cloudy,12,12,25
07:02:09,Mostly Cloudy,12,12,25
07:04:09,Mostly Cloudy,12,12,25
07:06:08,Mostly Cloudy,12,12,25
07:08:09,Mostly Cloudy,12,12,25
07:10:09,Mostly Cloudy,12,12,25
07:12:09,Mostly Cloudy,12,12,25
07:14:08,Mostly Cloudy,12,12,25
07:16:09,Mostly Cloudy,12,12,24
07:18:09,Mostly Cloudy,12,12,24
07:20:08,Mostly Cloudy,12,12,24
07:22:09,Mostly Cloudy,12,12,24
07:24:09,Mostly Cloudy,12,12,24
07:26:09,Mostly Cloudy,12,12,24
07:28:09,Mostly Cloudy,12,12,24
07:30:08,Mostly Cloudy,12,12,24
07:32:09,Mostly Cloudy,12,12,24
07:34:09,Mostly Cloudy,12,12,24
07:36:08,Mostly Cloudy,12,12,24
07:38:08,Mostly Cloudy,12,12,24
07:40:09,Mostly Cloudy,12,12,24
07:42:09,Mostly Cloudy,12,12,24
07:44:09,Mostly Cloudy,12,12,24
07:46:08,Mostly Cloudy,12,12,24
07:48:09,Mostly Cloudy,12,12,24
07:50:09,Mostly Cloudy,12,12,24
07:52:09,Mostly Cloudy,12,12,24
07:54:08,Mostly Cloudy,12,12,24
07:56:08,Mostly Cloudy,12,12,24
07:58:09,Mostly Cloudy,12,12,24
08:00:09,Mostly Cloudy,12,12,24
08:02:08,Mostly Cloudy,12,12,24
08:04:08,Mostly Cloudy,12,12,24
08:06:09,Mostly Cloudy,12,12,24
08:08:09,Mostly Cloudy,12,12,24
08:10:09,Mostly Cloudy,12,12,24
08:12:09,Mostly Cloudy,12,12,24
08:14:08,Mostly Cloudy,12,12,24
08:16:08,Mostly Cloudy,12,12,24
08:18:09,Mostly Cloudy,12,12,24
08:20:08,Mostly Cloudy,12,12,24
08:22:09,Mostly Cloudy,12,12,24
08:24:09,Mostly Cloudy,12,12,24
08:26:08,Mostly Cloudy,12,12,24
08:28:09,Mostly Cloudy,12,12,24
08:30:09,Mostly Cloudy,12,12,24
08:32:08,Mostly Cloudy,12,12,24
08:34:08,Mostly Cloudy,12,12,24
08:36:08,Mostly Cloudy,12,12,24
08:38:09,Mostly Cloudy,12,12,24
08:40:09,Mostly Cloudy,13,13,20
08:42:08,Mostly Cloudy,13,13,20
08:44:08,Mostly Cloudy,13,13,20
08:46:09,Mostly Cloudy,13,13,20
08:48:09,Mostly Cloudy,13,13,20
08:50:08,Mostly Cloudy,13,13,20
08:52:08,Mostly Cloudy,13,13,20
08:54:09,Mostly Cloudy,13,13,20
08:56:09,Mostly Cloudy,13,13,20
08:58:08,Mostly Cloudy,13,13,20
09:00:09,Mostly Cloudy,13,13,20
09:02:09,Mostly Cloudy,13,13,20
09:04:08,Mostly Cloudy,13,13,20
09:06:09,Mostly Cloudy,13,13,20
09:08:09,Mostly Cloudy,13,13,20
09:10:08,Mostly Cloudy,13,13,20
09:12:08,Mostly Cloudy,13,13,20
09:14:09,Mostly Cloudy,13,13,24
09:16:09,Mostly Cloudy,13,13,24
09:18:09,Mostly Cloudy,13,13,24
09:20:09,Mostly Cloudy,13,13,24
09:22:08,Mostly Cloudy,13,13,24
09:24:09,Mostly Cloudy,13,13,24
09:26:09,Mostly Cloudy,13,13,24
09:28:08,Mostly Cloudy,13,13,24
09:30:09,Mostly Cloudy,13,13,24
09:32:09,Mostly Cloudy,13,13,24
09:34:08,Mostly Cloudy,13,13,24
09:36:09,Mostly Cloudy,13,13,24
09:38:09,Mostly Cloudy,13,13,24
09:40:09,Mostly Cloudy,13,13,24
09:42:09,Mostly Cloudy,13,13,24
09:44:09,Mostly Cloudy,15,15,24
09:46:09,Mostly Cloudy,15,15,24
09:48:09,Mostly Cloudy,15,15,24
09:50:09,Mostly Cloudy,15,15,24
09:52:09,Mostly Cloudy,15,15,24
09:54:09,Mostly Cloudy,15,15,24
09:56:09,Mostly Cloudy,15,15,24
09:58:09,Mostly Cloudy,15,15,24
10:00:08,Mostly Cloudy,15,15,24
10:02:08,Mostly Cloudy,15,15,24
10:04:09,Mostly Cloudy,15,15,24
10:06:09,Mostly Cloudy,15,15,24
10:08:09,Light Rain Shower,13,13,25
10:10:09,Light Rain Shower,13,13,25
10:12:08,Light Rain Shower,13,13,25
10:14:09,Light Rain Shower,13,13,25
10:16:09,Light Rain Shower,13,13,25
10:18:09,Light Rain Shower,13,13,25
10:20:08,Light Rain Shower,13,13,25
10:22:09,Light Rain Shower,13,13,25
10:24:08,Light Rain Shower,13,13,25
10:26:09,Light Rain Shower,13,13,25
10:28:09,Light Rain Shower,13,13,25
10:30:09,Light Rain Shower,13,13,25
10:32:09,Light Rain Shower,13,13,25
10:34:09,Light Rain Shower,13,13,25
10:36:08,Light Rain Shower,13,13,25
10:38:08,Light Rain Shower,13,13,25
10:40:09,Light Rain Shower,13,13,25
10:42:09,Light Rain Shower,13,13,25
10:44:08,Mostly Cloudy,15,15,19
10:46:09,Mostly Cloudy,15,15,19
10:48:09,Mostly Cloudy,15,15,19
10:50:09,Mostly Cloudy,15,15,19
10:52:09,Mostly Cloudy,15,15,19
10:54:09,Mostly Cloudy,15,15,19
10:56:08,Mostly Cloudy,15,15,19
10:58:09,Mostly Cloudy,15,15,19
11:00:09,Mostly Cloudy,15,15,19
11:02:08,Mostly Cloudy,15,15,19
11:04:09,Mostly Cloudy,15,15,19
11:06:09,Mostly Cloudy,15,15,19
11:08:08,Mostly Cloudy,15,15,19
11:10:09,Mostly Cloudy,15,15,19
11:12:09,Mostly Cloudy,15,15,19
11:14:08,Mostly Cloudy,16,16,27
11:16:09,Mostly Cloudy,16,16,27
11:18:08,Mostly Cloudy,16,16,27
11:20:09,Mostly Cloudy,16,16,27
11:22:09,Mostly Cloudy,16,16,27
11:24:08,Mostly Cloudy,16,16,27
11:26:09,Mostly Cloudy,16,16,27
11:28:09,Mostly Cloudy,16,16,27
11:30:09,Mostly Cloudy,16,16,27
11:32:08,Mostly Cloudy,16,16,27
11:34:09,Mostly Cloudy,16,16,27
11:36:09,Mostly Cloudy,16,16,27
11:38:08,Mostly Cloudy,16,16,27
11:40:08,Mostly Cloudy,16,16,27
11:42:09,Mostly Cloudy,16,16,27
11:44:09,Light Rain Shower,15,15,22
11:46:09,Light Rain Shower,15,15,22
11:48:08,Light Rain Shower,15,15,22
11:50:09,Light Rain Shower,15,15,22
11:52:09,Light Rain Shower,15,15,22
11:54:09,Light Rain Shower,15,15,22
11:56:08,Light Rain Shower,15,15,22
11:58:09,Light Rain Shower,15,15,22
12:00:09,Light Rain Shower,15,15,22
12:02:09,Light Rain Shower,15,15,22
12:04:09,Light Rain Shower,15,15,22
12:06:09,Light Rain Shower,15,15,22
12:08:09,Mostly Cloudy,16,16,22
12:10:08,Mostly Cloudy,16,16,22
12:12:08,Mostly Cloudy,16,16,22
12:14:09,Mostly Cloudy,16,16,22
12:16:08,Mostly Cloudy,16,16,22
12:18:09,Mostly Cloudy,16,16,22
12:20:09,Mostly Cloudy,16,16,22
12:22:08,Mostly Cloudy,16,16,22
12:24:09,Mostly Cloudy,16,16,22
12:26:09,Mostly Cloudy,16,16,22
12:28:09,Mostly Cloudy,16,16,22
12:30:09,Mostly Cloudy,16,16,22
12:32:09,Mostly Cloudy,16,16,22
12:34:09,Mostly Cloudy,16,16,22
12:36:09,Mostly Cloudy,16,16,22
12:38:08,Mostly Cloudy,16,16,22
12:40:09,Mostly Cloudy,16,16,22
12:42:09,Mostly Cloudy,16,16,22
12:44:08,Showers in the Vicinity,17,17,24
12:46:09,Showers in the Vicinity,17,17,24
12:48:09,Showers in the Vicinity,17,17,24
12:50:09,Showers in the Vicinity,17,17,24
12:52:08,Showers in the Vicinity,17,17,24
12:54:09,Showers in the Vicinity,17,17,24
12:56:09,Showers in the Vicinity,17,17,24
12:58:09,Showers in the Vicinity,17,17,24
13:00:09,Showers in the Vicinity,17,17,24
13:02:09,Showers in the Vicinity,17,17,24
13:04:09,Showers in the Vicinity,17,17,24
13:06:09,Showers in the Vicinity,17,17,24
13:08:09,Showers in the Vicinity,17,17,24
13:10:09,Showers in the Vicinity,17,17,24
13:12:08,Showers in the Vicinity,17,17,24
13:14:08,Showers in the Vicinity,17,17,28
13:16:09,Showers in the Vicinity,17,17,28
13:18:08,Showers in the Vicinity,17,17,28
13:20:09,Showers in the Vicinity,17,17,28
13:22:09,Showers in the Vicinity,17,17,28
13:24:09,Showers in the Vicinity,17,17,28
13:26:08,Showers in the Vicinity,17,17,28
13:28:09,Showers in the Vicinity,17,17,28
13:30:09,Showers in the Vicinity,17,17,28
13:32:09,Showers in the Vicinity,17,17,28
13:34:09,Showers in the Vicinity,17,17,28
13:36:09,Showers in the Vicinity,17,17,28
13:38:08,Showers in the Vicinity,17,17,28
13:40:09,Showers in the Vicinity,17,17,28
13:42:09,Showers in the Vicinity,17,17,28
13:50:08,Showers in the Vicinity,18,18,25
13:52:09,Showers in the Vicinity,18,18,25
13:54:09,Showers in the Vicinity,18,18,25
13:56:09,Showers in the Vicinity,18,18,25
13:58:08,Showers in the Vicinity,18,18,25
14:00:09,Showers in the Vicinity,18,18,25
14:02:09,Showers in the Vicinity,18,18,25
14:04:08,Showers in the Vicinity,18,18,25
14:06:09,Showers in the Vicinity,18,18,25
14:08:09,Showers in the Vicinity,18,18,25
14:10:09,Showers in the Vicinity,18,18,25
14:12:08,Showers in the Vicinity,18,18,25
14:14:09,Mostly Cloudy,18,18,22
14:16:09,Mostly Cloudy,18,18,22
14:18:09,Mostly Cloudy,18,18,22
14:20:09,Mostly Cloudy,18,18,22
14:22:08,Mostly Cloudy,18,18,22
14:24:09,Mostly Cloudy,18,18,22
14:26:09,Mostly Cloudy,18,18,22
14:28:08,Mostly Cloudy,18,18,22
14:30:09,Mostly Cloudy,18,18,22
14:32:09,Mostly Cloudy,18,18,22
14:34:09,Mostly Cloudy,18,18,22
14:36:09,Mostly Cloudy,18,18,22
14:38:09,Mostly Cloudy,18,18,22
14:40:08,Mostly Cloudy,18,18,22
14:42:09,Mostly Cloudy,18,18,22
14:44:09,Light Rain Shower / Windy,16,16,38
14:46:08,Light Rain Shower / Windy,16,16,38
14:48:09,Light Rain Shower / Windy,16,16,38
14:50:09,Light Rain Shower / Windy,16,16,38
14:52:09,Light Rain Shower / Windy,16,16,38
14:54:08,Light Rain Shower / Windy,16,16,38
14:56:09,Light Rain Shower / Windy,16,16,38
14:58:09,Light Rain Shower / Windy,16,16,38
15:00:08,Light Rain Shower / Windy,16,16,38
15:02:09,Light Rain Shower / Windy,16,16,38
15:04:08,Light Rain Shower / Windy,16,16,38
15:06:09,Light Rain Shower / Windy,16,16,38
15:08:09,Light Rain Shower / Windy,16,16,38
15:10:08,Light Rain Shower / Windy,16,16,38
15:12:09,Light Rain Shower / Windy,16,16,38
15:14:09,Light Rain Shower / Windy,16,16,38
15:16:08,Light Rain Shower / Windy,16,16,38
15:18:09,Light Rain Shower / Windy,16,16,38
15:20:09,Showers in the Vicinity,17,17,19
15:22:09,Showers in the Vicinity,17,17,19
15:24:09,Showers in the Vicinity,17,17,19
15:26:08,Showers in the Vicinity,17,17,19
15:28:09,Showers in the Vicinity,17,17,19
15:30:09,Showers in the Vicinity,17,17,19
15:32:09,Showers in the Vicinity,17,17,19
15:34:09,Showers in the Vicinity,17,17,19
15:36:09,Showers in the Vicinity,17,17,19
15:38:08,Showers in the Vicinity,17,17,19
15:40:09,Showers in the Vicinity,17,17,19
15:42:09,Showers in the Vicinity,17,17,19
15:44:08,Showers in the Vicinity,16,16,12
15:46:09,Showers in the Vicinity,16,16,12
15:48:09,Showers in the Vicinity,16,16,12
15:50:08,Showers in the Vicinity,16,16,12
15:52:08,Showers in the Vicinity,16,16,12
15:54:09,Showers in the Vicinity,16,16,12
15:56:09,Showers in the Vicinity,16,16,12
15:58:08,Showers in the Vicinity,16,16,12
16:00:09,Showers in the Vicinity,16,16,12
16:02:09,Showers in the Vicinity,16,16,12
16:04:08,Showers in the Vicinity,16,16,12
16:06:09,Showers in the Vicinity,16,16,12
16:08:09,Showers in the Vicinity,16,16,12
16:10:09,Showers in the Vicinity,16,16,12
16:12:08,Showers in the Vicinity,16,16,12
16:14:09,Showers in the Vicinity,16,16,12
16:16:08,Showers in the Vicinity,16,16,12
16:18:09,Showers in the Vicinity,16,16,12
16:20:09,Light Rain Shower,15,15,20
16:22:08,Light Rain Shower,15,15,20
16:24:09,Light Rain Shower,15,15,20
16:26:09,Light Rain Shower,15,15,20
16:28:08,Light Rain Shower,15,15,20
16:30:09,Light Rain Shower,15,15,20
16:32:09,Light Rain Shower,15,15,20
16:34:08,Light Rain Shower,15,15,20
16:36:08,Light Rain Shower,15,15,20
16:38:09,Light Rain Shower,15,15,20
16:40:08,Light Rain Shower,15,15,20
16:42:09,Light Rain Shower,15,15,20
16:44:09,Light Rain Shower,15,15,20
16:46:09,Light Rain Shower,15,15,20
16:48:08,Light Rain Shower,15,15,20
16:50:08,Light Rain Shower,15,15,20
16:52:09,Light Rain Shower,15,15,20
16:54:09,Light Rain Shower,15,15,20
16:56:08,Light Rain Shower,15,15,20
16:58:08,Light Rain Shower,15,15,20
17:00:09,Light Rain Shower,15,15,20
17:02:09,Light Rain Shower,15,15,20
17:04:09,Light Rain Shower,15,15,20
17:06:09,Light Rain Shower,15,15,20
17:08:09,Light Rain Shower,15,15,20
17:10:09,Light Rain Shower,15,15,20
17:12:08,Light Rain Shower,15,15,20
17:14:09,Light Rain Shower,15,15,19
17:16:09,Light Rain Shower,15,15,19
17:18:09,Light Rain Shower,15,15,19
17:20:09,Light Rain Shower,15,15,19
17:22:09,Light Rain Shower,15,15,19
17:24:08,Light Rain Shower,15,15,19
17:26:08,Light Rain Shower,15,15,19
17:28:09,Light Rain Shower,15,15,19
17:30:09,Light Rain Shower,15,15,19
17:32:08,Light Rain Shower,15,15,19
17:34:09,Light Rain Shower,15,15,19
17:36:09,Light Rain Shower,15,15,19
17:38:08,Light Rain Shower,15,15,19
17:40:09,Light Rain Shower,15,15,19
17:42:09,Light Rain Shower,15,15,19
17:44:08,Light Rain Shower,15,15,19
17:46:09,Light Rain Shower,15,15,19
17:48:09,Light Rain Shower,15,15,19
17:50:09,Light Rain Shower,15,15,19
17:52:08,Light Rain Shower,15,15,19
17:54:08,Light Rain Shower,15,15,19
17:56:09,Light Rain Shower,15,15,19
17:58:09,Light Rain Shower,15,15,19
18:00:08,Light Rain Shower,15,15,19
18:02:09,Light Rain Shower,15,15,19
18:04:09,Light Rain Shower,15,15,19
18:06:08,Light Rain Shower,15,15,19
18:08:09,Light Rain Shower,15,15,19
18:10:09,Light Rain Shower,15,15,19
18:12:08,Light Rain Shower,15,15,19
18:14:09,Showers in the Vicinity,15,15,19
18:16:09,Showers in the Vicinity,15,15,19
18:18:08,Showers in the Vicinity,15,15,19
18:20:09,Showers in the Vicinity,15,15,19
18:22:09,Showers in the Vicinity,15,15,19
18:24:08,Showers in the Vicinity,15,15,19
18:26:08,Showers in the Vicinity,15,15,19
18:28:09,Showers in the Vicinity,15,15,19
18:30:09,Showers in the Vicinity,15,15,19
18:32:08,Showers in the Vicinity,15,15,19
18:34:09,Showers in the Vicinity,15,15,19
18:36:09,Showers in the Vicinity,15,15,19
18:38:09,Showers in the Vicinity,15,15,19
18:40:08,Showers in the Vicinity,15,15,19
18:42:09,Showers in the Vicinity,15,15,19
18:44:09,Showers in the Vicinity,15,15,19
18:46:09,Showers in the Vicinity,15,15,19
18:48:08,Showers in the Vicinity,15,15,19
18:50:09,Showers in the Vicinity,15,15,19
18:52:09,Showers in the Vicinity,15,15,19
18:54:09,Showers in the Vicinity,15,15,19
18:56:08,Showers in the Vicinity,15,15,19
18:58:09,Showers in the Vicinity,15,15,19
19:00:09,Showers in the Vicinity,15,15,19
19:02:08,Showers in the Vicinity,15,15,19
19:04:09,Showers in the Vicinity,15,15,19
19:06:09,Showers in the Vicinity,15,15,19
19:08:08,Showers in the Vicinity,15,15,19
19:10:09,Showers in the Vicinity,15,15,19
19:12:09,Showers in the Vicinity,15,15,19
19:14:08,Mostly Cloudy,12,12,14
19:16:09,Mostly Cloudy,12,12,14
19:18:09,Mostly Cloudy,12,12,14
19:20:08,Mostly Cloudy,12,12,14
19:22:09,Mostly Cloudy,12,12,14
19:24:09,Mostly Cloudy,12,12,14
19:26:08,Mostly Cloudy,12,12,14
19:28:09,Mostly Cloudy,12,12,14
19:30:09,Mostly Cloudy,12,12,14
19:32:09,Mostly Cloudy,12,12,14
19:34:08,Mostly Cloudy,12,12,14
19:36:09,Mostly Cloudy,12,12,14
19:38:09,Mostly Cloudy,12,12,14
19:40:08,Mostly Cloudy,12,12,14
19:42:09,Mostly Cloudy,12,12,14
19:44:09,Mostly Cloudy,12,12,14
19:46:08,Mostly Cloudy,12,12,14
19:48:09,Mostly Cloudy,12,12,14
19:50:09,Mostly Cloudy,12,12,14
19:52:08,Mostly Cloudy,12,12,14
19:54:08,Mostly Cloudy,12,12,14
19:56:09,Mostly Cloudy,12,12,14
19:58:09,Mostly Cloudy,12,12,14
20:00:08,Mostly Cloudy,12,12,14
20:02:09,Mostly Cloudy,12,12,14
20:04:09,Mostly Cloudy,12,12,14
20:06:09,Mostly Cloudy,12,12,14
20:08:08,Mostly Cloudy,12,12,14
20:10:09,Mostly Cloudy,12,12,14
20:12:09,Mostly Cloudy,12,12,14
20:14:09,Mostly Cloudy,12,12,12
20:16:08,Mostly Cloudy,12,12,12
20:18:09,Mostly Cloudy,12,12,12
20:20:09,Mostly Cloudy,12,12,12
20:22:08,Mostly Cloudy,12,12,12
20:24:09,Mostly Cloudy,12,12,12
20:26:09,Mostly Cloudy,12,12,12
20:28:08,Mostly Cloudy,12,12,12
20:30:09,Mostly Cloudy,12,12,12
20:32:09,Mostly Cloudy,12,12,12
20:34:09,Mostly Cloudy,12,12,12
20:36:09,Mostly Cloudy,12,12,12
20:38:09,Mostly Cloudy,12,12,12
20:40:09,Mostly Cloudy,12,12,12
20:42:08,Mostly Cloudy,12,12,12
20:44:08,Mostly Cloudy,12,12,12
20:46:09,Mostly Cloudy,12,12,12
20:48:09,Mostly Cloudy,12,12,12
20:50:09,Mostly Cloudy,12,12,12
20:52:09,Mostly Cloudy,12,12,12
20:54:09,Mostly Cloudy,12,12,12
20:56:09,Mostly Cloudy,12,12,12
20:58:08,Mostly Cloudy,12,12,12
21:00:09,Mostly Cloudy,12,12,12
21:02:09,Mostly Cloudy,12,12,12
21:04:08,Mostly Cloudy,12,12,12
21:06:09,Mostly Cloudy,12,12,12
21:08:09,Mostly Cloudy,12,12,12
21:10:08,Mostly Cloudy,12,12,12
21:12:09,Mostly Cloudy,12,12,12
21:14:09,Mostly Cloudy,12,12,11
21:16:09,Mostly Cloudy,12,12,11
21:18:09,Mostly Cloudy,12,12,11
21:20:09,Mostly Cloudy,12,12,11
21:22:09,Mostly Cloudy,12,12,11
21:24:09,Mostly Cloudy,12,12,11
21:26:09,Mostly Cloudy,12,12,11
21:28:08,Mostly Cloudy,12,12,11
21:30:09,Mostly Cloudy,12,12,11
21:32:09,Mostly Cloudy,12,12,11
21:34:08,Mostly Cloudy,12,12,11
21:36:09,Mostly Cloudy,12,12,11
21:38:09,Mostly Cloudy,12,12,11
21:40:09,Mostly Cloudy,12,12,11
21:42:08,Mostly Cloudy,12,12,11
21:44:08,Mostly Cloudy,12,12,11
21:46:09,Mostly Cloudy,12,12,11
21:48:08,Mostly Cloudy,12,12,11
21:50:09,Mostly Cloudy,12,12,11
21:52:09,Mostly Cloudy,12,12,11
21:54:09,Mostly Cloudy,12,12,11
21:56:08,Mostly Cloudy,12,12,11
21:58:09,Mostly Cloudy,12,12,11
22:00:08,Mostly Cloudy,12,12,11
22:02:09,Mostly Cloudy,12,12,11
22:04:08,Mostly Cloudy,12,12,11
22:06:09,Mostly Cloudy,12,12,11
22:08:09,Mostly Cloudy,12,12,11
22:10:08,Mostly Cloudy,12,12,11
22:12:08,Mostly Cloudy,12,12,11
22:14:09,Mostly Cloudy,12,12,11
22:16:09,Mostly Cloudy,12,12,11
22:18:09,Mostly Cloudy,12,12,11
22:20:09,Mostly Cloudy,12,12,11
22:22:08,Mostly Cloudy,12,12,11
22:24:08,Mostly Cloudy,12,12,11
22:26:09,Mostly Cloudy,12,12,11
22:28:09,Mostly Cloudy,12,12,11
22:30:09,Mostly Cloudy,12,12,11
22:32:08,Mostly Cloudy,12,12,11
22:34:09,Mostly Cloudy,12,12,11
22:36:08,Mostly Cloudy,12,12,11
22:38:09,Mostly Cloudy,12,12,11
22:40:09,Mostly Cloudy,12,12,11
22:42:08,Mostly Cloudy,12,12,11
22:44:09,Mostly Cloudy,12,12,11
22:46:09,Mostly Cloudy,12,12,11
22:48:09,Mostly Cloudy,12,12,11
22:50:08,Mostly Cloudy,12,12,11
22:52:09,Mostly Cloudy,12,12,11
22:54:09,Mostly Cloudy,12,12,11
22:56:09,Mostly Cloudy,12,12,11
22:58:09,Mostly Cloudy,12,12,11
23:00:09,Mostly Cloudy,12,12,11
23:02:09,Mostly Cloudy,12,12,11
23:04:08,Mostly Cloudy,12,12,11
23:06:09,Mostly Cloudy,12,12,11
23:08:09,Mostly Cloudy,12,12,11
23:10:08,Mostly Cloudy,12,12,11
23:12:08,Mostly Cloudy,12,12,11
23:14:09,Mostly Cloudy,12,12,12
23:16:09,Mostly Cloudy,12,12,12
23:18:08,Mostly Cloudy,12,12,12
23:20:09,Mostly Cloudy,12,12,12
23:22:09,Mostly Cloudy,12,12,12
23:24:08,Mostly Cloudy,12,12,12
23:26:09,Mostly Cloudy,12,12,12
23:28:09,Mostly Cloudy,12,12,12
23:30:08,Mostly Cloudy,12,12,12
23:32:09,Mostly Cloudy,12,12,12
23:34:09,Mostly Cloudy,12,12,12
23:36:08,Mostly Cloudy,12,12,12
23:38:09,Mostly Cloudy,12,12,12
23:40:09,Mostly Cloudy,12,12,12
23:42:09,Mostly Cloudy,12,12,12
23:44:09,Mostly Cloudy,12,12,12
23:46:09,Mostly Cloudy,12,12,12
23:48:09,Mostly Cloudy,12,12,12
23:50:09,Mostly Cloudy,12,12,12
23:52:09,Mostly Cloudy,12,12,12
23:54:09,Mostly Cloudy,12,12,12
23:56:09,Mostly Cloudy,12,12,12
23:58:08,Mostly Cloudy,12,12,12
