Time,Weather,Temperature,Feels_Like,Wind_Speed
00:00:08,Mostly Cloudy,15,15,9
00:02:09,Mostly Cloudy,15,15,9
00:04:09,Mostly Cloudy,15,15,9
00:06:08,Mostly Cloudy,15,15,9
00:08:09,Mostly Cloudy,15,15,9
00:10:09,Mostly Cloudy,13,13,12
00:12:08,Mostly Cloudy,13,13,12
00:14:09,Mostly Cloudy,13,13,12
00:16:09,Mostly Cloudy,13,13,12
00:18:09,Mostly Cloudy,13,13,12
00:20:09,Mostly Cloudy,13,13,12
00:22:09,Mostly Cloudy,13,13,12
00:24:09,Mostly Cloudy,13,13,12
00:26:09,Mostly Cloudy,13,13,12
00:28:09,Mostly Cloudy,13,13,12
00:30:08,Mostly Cloudy,13,13,12
00:32:08,Mostly Cloudy,13,13,12
00:34:09,Mostly Cloudy,13,13,12
00:36:09,Mostly Cloudy,13,13,12
00:38:09,Mostly Cloudy,13,13,12
00:40:08,Mostly Cloudy,13,13,12
00:42:09,Mostly Cloudy,13,13,12
00:44:09,Mostly Cloudy,13,13,12
00:46:09,Mostly Cloudy,13,13,12
00:48:08,Mostly Cloudy,13,13,12
00:50:09,Mostly Cloudy,13,13,12
00:52:09,Mostly Cloudy,13,13,12
00:54:08,Mostly Cloudy,13,13,12
00:56:08,Mostly Cloudy,13,13,12
00:58:08,Mostly Cloudy,13,13,12
01:00:17,Mostly Cloudy,13,13,12
01:02:09,Mostly Cloudy,13,13,12
01:04:09,Mostly Cloudy,13,13,12
01:06:09,Mostly Cloudy,13,13,12
01:08:08,Mostly Cloudy,13,13,12
01:10:08,Mostly Cloudy,15,15,11
01:12:08,Mostly Cloudy,15,15,11
01:14:09,Mostly Cloudy,15,15,11
01:16:09,Mostly Cloudy,15,15,11
01:18:09,Mostly Cloudy,15,15,11
01:20:09,Mostly Cloudy,15,15,11
01:22:09,Mostly Cloudy,15,15,11
01:24:08,Mostly Cloudy,15,15,11
01:26:08,Mostly Cloudy,15,15,11
01:28:09,Mostly Cloudy,15,15,11
01:30:09,Mostly Cloudy,15,15,11
01:32:08,Mostly Cloudy,15,15,11
01:34:08,Mostly Cloudy,15,15,11
01:36:09,Mostly Cloudy,15,15,11
01:38:09,Mostly Cloudy,15,15,11
01:40:08,Mostly Cloudy,15,15,11
01:42:09,Mostly Cloudy,15,15,11
01:44:09,Mostly Cloudy,15,15,11
01:46:09,Mostly Cloudy,15,15,11
01:48:08,Mostly Cloudy,15,15,11
01:50:08,Mostly Cloudy,15,15,11
01:52:09,Mostly Cloudy,15,15,11
01:54:09,Mostly Cloudy,15,15,11
01:56:10,Mostly Cloudy,15,15,11
01:58:09,Mostly Cloudy,15,15,11
02:00:08,Mostly Cloudy,15,15,11
02:02:08,Mostly Cloudy,15,15,11
02:04:09,Mostly Cloudy,15,15,11
02:06:09,Mostly Cloudy,15,15,11
02:08:09,Mostly Cloudy,15,15,11
02:10:08,Cloudy,15,15,9
02:12:09,Cloudy,15,15,9
02:14:09,Cloudy,15,15,9
02:16:08,Cloudy,15,15,9
02:18:09,Cloudy,15,15,9
02:20:09,Cloudy,15,15,9
02:22:09,Cloudy,15,15,9
02:24:09,Cloudy,15,15,9
02:26:09,Cloudy,15,15,9
02:28:09,Cloudy,15,15,9
02:30:08,Cloudy,15,15,9
02:32:09,Cloudy,15,15,9
02:34:09,Cloudy,15,15,9
02:36:08,Cloudy,15,15,9
02:38:09,Cloudy,15,15,9
02:40:09,Cloudy,15,15,9
02:42:08,Cloudy,15,15,9
02:44:08,Cloudy,15,15,9
02:46:09,Cloudy,15,15,9
02:48:09,Cloudy,15,15,9
02:50:09,Cloudy,15,15,9
02:52:08,Cloudy,15,15,9
02:54:09,Cloudy,15,15,9
02:56:09,Cloudy,15,15,9
02:58:09,Cloudy,15,15,9
03:00:09,Cloudy,15,15,9
03:02:09,Cloudy,15,15,9
03:04:08,Cloudy,15,15,9
03:06:09,Cloudy,15,15,9
03:08:09,Cloudy,15,15,9
03:10:09,Cloudy,15,15,9
03:12:08,Cloudy,15,15,9
03:14:08,Cloudy,15,15,9
03:16:08,Cloudy,15,15,9
03:18:09,Cloudy,15,15,9
03:20:09,Cloudy,15,15,9
03:22:09,Cloudy,15,15,9
03:24:09,Cloudy,15,15,9
03:26:09,Cloudy,15,15,9
03:28:08,Cloudy,15,15,9
03:30:09,Cloudy,15,15,9
03:32:09,Cloudy,15,15,9
03:34:08,Cloudy,15,15,9
03:36:09,Cloudy,15,15,9
03:38:09,Cloudy,15,15,9
03:40:09,Cloudy,15,15,9
03:42:08,Cloudy,15,15,9
03:44:08,Cloudy,15,15,9
03:46:08,Cloudy,15,15,9
03:48:09,Cloudy,15,15,9
03:50:09,Cloudy,15,15,9
03:52:09,Cloudy,15,15,9
03:54:08,Cloudy,15,15,9
03:56:09,Cloudy,15,15,9
03:58:09,Cloudy,15,15,9
04:00:09,Cloudy,15,15,9
04:02:08,Cloudy,15,15,9
04:04:08,Cloudy,15,15,9
04:06:09,Cloudy,15,15,9
04:08:09,Cloudy,15,15,9
04:10:09,Cloudy,15,15,9
04:12:08,Cloudy,15,15,9
04:14:08,Cloudy,15,15,9
04:16:09,Partly Cloudy,13,13,11
04:18:08,Partly Cloudy,13,13,11
04:20:08,Partly Cloudy,13,13,11
04:22:09,Partly Cloudy,13,13,11
04:24:09,Partly Cloudy,13,13,11
04:26:08,Partly Cloudy,13,13,11
04:28:08,Partly Cloudy,13,13,11
04:30:09,Partly Cloudy,13,13,11
04:32:08,Partly Cloudy,13,13,11
04:34:08,Partly Cloudy,13,13,11
04:36:09,Partly Cloudy,13,13,11
04:38:09,Partly Cloudy,13,13,11
04:40:08,Partly Cloudy,13,13,11
04:42:09,Partly Cloudy,13,13,11
04:44:09,Partly Cloudy,13,13,11
04:46:09,Partly Cloudy,13,13,11
04:48:08,Partly Cloudy,13,13,11
04:50:08,Partly Cloudy,13,13,11
04:52:09,Partly Cloudy,13,13,11
04:54:09,Partly Cloudy,13,13,11
04:56:08,Partly Cloudy,13,13,11
04:58:09,Partly Cloudy,13,13,11
05:00:09,Partly Cloudy,13,13,11
05:02:08,Partly Cloudy,13,13,11
05:04:09,Partly Cloudy,13,13,11
05:06:09,Partly Cloudy,13,13,11
05:08:09,Partly Cloudy,13,13,11
05:10:08,Mostly Cloudy,13,13,14
05:12:08,Mostly Cloudy,13,13,14
05:14:09,Mostly Cloudy,13,13,14
05:16:09,Mostly Cloudy,13,13,14
05:18:09,Mostly Cloudy,13,13,14
05:20:09,Mostly Cloudy,13,13,14
05:22:09,Mostly Cloudy,13,13,14
05:24:09,Mostly Cloudy,13,13,14
05:26:09,Mostly Cloudy,13,13,14
05:28:09,Mostly Cloudy,13,13,14
05:30:09,Mostly Cloudy,13,13,14
05:32:09,Mostly Cloudy,13,13,14
05:34:09,Mostly Cloudy,13,13,14
05:36:09,Mostly Cloudy,13,13,14
05:38:09,Mostly Cloudy,13,13,14
05:40:09,Mostly Cloudy,13,13,14
05:42:09,Mostly Cloudy,13,13,14
05:44:09,Mostly Cloudy,13,13,14
05:46:08,Mostly Cloudy,13,13,14
05:48:08,Mostly Cloudy,13,13,14
05:50:09,Mostly Cloudy,13,13,14
05:52:09,Mostly Cloudy,13,13,14
05:54:08,Mostly Cloudy,13,13,14
05:56:08,Mostly Cloudy,13,13,14
05:58:09,Mostly Cloudy,13,13,14
06:00:09,Mostly Cloudy,13,13,14
06:02:08,Mostly Cloudy,13,13,14
06:04:09,Mostly Cloudy,13,13,14
06:06:09,Mostly Cloudy,13,13,14
06:08:08,Mostly Cloudy,13,13,14
06:10:08,Mostly Cloudy,13,13,14
06:12:09,Mostly Cloudy,13,13,14
06:14:08,Mostly Cloudy,13,13,14
06:16:08,Mostly Cloudy,15,15,11
06:18:09,Mostly Cloudy,15,15,11
06:20:09,Mostly Cloudy,15,15,11
06:22:08,Mostly Cloudy,15,15,11
06:24:09,Mostly Cloudy,15,15,11
06:26:08,Mostly Cloudy,15,15,11
06:28:09,Mostly Cloudy,15,15,11
06:30:09,Mostly Cloudy,15,15,11
06:32:09,Mostly Cloudy,15,15,11
06:34:08,Mostly Cloudy,15,15,11
06:36:08,Mostly Cloudy,15,15,11
06:38:09,Mostly Cloudy,15,15,11
06:40:09,Mostly Cloudy,15,15,11
06:42:08,Mostly Cloudy,15,15,11
06:44:09,Mostly Cloudy,15,15,11
06:46:09,Mostly Cloudy,15,15,11
06:48:08,Mostly Cloudy,15,15,11
06:50:09,Mostly Cloudy,15,15,11
06:52:09,Mostly Cloudy,15,15,11
06:54:09,Mostly Cloudy,15,15,11
06:56:09,Mostly Cloudy,15,15,11
06:58:09,Mostly Cloudy,15,15,11
07:00:08,Mostly Cloudy,15,15,11
07:02:08,Mostly Cloudy,15,15,11
07:04:09,Mostly Cloudy,15,15,11
07:06:09,Mostly Cloudy,15,15,11
07:08:08,Mostly Cloudy,15,15,11
07:10:09,Mostly Cloudy,15,15,11
07:12:09,Mostly Cloudy,15,15,11
07:14:09,Mostly Cloudy,15,15,11
07:16:08,Mostly Cloudy,15,15,11
07:18:09,Mostly Cloudy,15,15,11
07:20:09,Mostly Cloudy,15,15,11
07:22:08,Mostly Cloudy,15,15,11
07:24:09,Mostly Cloudy,15,15,11
07:26:09,Mostly Cloudy,15,15,11
07:28:08,Mostly Cloudy,15,15,11
07:30:08,Mostly Cloudy,15,15,11
07:32:09,Mostly Cloudy,15,15,11
07:34:09,Mostly Cloudy,15,15,11
07:36:08,Mostly Cloudy,15,15,11
07:38:08,Mostly Cloudy,15,15,11
07:40:09,Mostly Cloudy,15,15,11
07:42:09,Mostly Cloudy,15,15,11
07:44:08,Mostly Cloudy,15,15,11
07:46:08,Mostly Cloudy,15,15,9
07:48:09,Mostly Cloudy,15,15,9
07:50:09,Mostly Cloudy,15,15,9
07:52:08,Mostly Cloudy,15,15,9
07:54:09,Mostly Cloudy,15,15,9
07:56:09,Mostly Cloudy,15,15,9
07:58:09,Mostly Cloudy,15,15,9
08:00:09,Mostly Cloudy,15,15,9
08:02:09,Mostly Cloudy,15,15,9
08:04:09,Mostly Cloudy,15,15,9
08:06:09,Mostly Cloudy,15,15,9
08:08:09,Mostly Cloudy,15,15,9
08:10:09,Mostly Cloudy,15,15,9
08:12:08,Mostly Cloudy,15,15,9
08:14:08,Mostly Cloudy,15,15,9
08:16:09,Mostly Cloudy,16,16,12
08:18:08,Mostly Cloudy,16,16,12
08:20:09,Mostly Cloudy,16,16,12
08:22:09,Mostly Cloudy,16,16,12
08:24:09,Mostly Cloudy,16,16,12
08:26:09,Mostly Cloudy,16,16,12
08:28:08,Mostly Cloudy,16,16,12
08:30:08,Mostly Cloudy,16,16,12
08:32:09,Mostly Cloudy,16,16,12
08:34:09,Mostly Cloudy,16,16,12
08:36:09,Mostly Cloudy,16,16,12
08:38:09,Mostly Cloudy,16,16,12
08:40:09,Mostly Cloudy,16,16,12
08:42:09,Mostly Cloudy,16,16,12
08:44:08,Mostly Cloudy,16,16,12
08:46:09,Mostly Cloudy,16,16,12
08:48:09,Mostly Cloudy,16,16,12
08:50:09,Mostly Cloudy,16,16,12
08:52:08,Mostly Cloudy,16,16,12
08:54:09,Mostly Cloudy,16,16,12
08:56:09,Mostly Cloudy,16,16,12
08:58:08,Mostly Cloudy,16,16,12
09:00:08,Mostly Cloudy,16,16,12
09:02:09,Mostly Cloudy,16,16,12
09:04:09,Mostly Cloudy,16,16,12
09:06:09,Mostly Cloudy,16,16,12
09:08:08,Mostly Cloudy,16,16,12
09:10:09,Mostly Cloudy,16,16,12
09:12:09,Mostly Cloudy,16,16,12
09:14:09,Mostly Cloudy,17,17,12
09:16:08,Mostly Cloudy,17,17,12
09:18:09,Mostly Cloudy,17,17,12
09:20:09,Mostly Cloudy,17,17,12
09:22:09,Mostly Cloudy,17,17,12
09:24:09,Mostly Cloudy,17,17,12
09:26:09,Mostly Cloudy,17,17,12
09:28:08,Mostly Cloudy,17,17,12
09:30:09,Mostly Cloudy,17,17,12
09:32:09,Mostly Cloudy,17,17,12
09:34:09,Mostly Cloudy,17,17,12
09:36:09,Mostly Cloudy,17,17,12
09:38:09,Mostly Cloudy,17,17,12
09:40:08,Mostly Cloudy,17,17,12
09:42:08,Mostly Cloudy,17,17,12
09:44:09,Mostly Cloudy,17,17,11
09:46:09,Mostly Cloudy,17,17,11
09:48:09,Mostly Cloudy,17,17,11
09:50:08,Mostly Cloudy,17,17,11
09:52:09,Mostly Cloudy,17,17,11
09:54:09,Mostly Cloudy,17,17,11
09:56:08,Mostly Cloudy,17,17,11
09:58:09,Mostly Cloudy,17,17,11
10:00:09,Mostly Cloudy,17,17,11
10:02:09,Mostly Cloudy,17,17,11
10:04:09,Mostly Cloudy,17,17,11
10:06:09,Mostly Cloudy,17,17,11
10:08:09,Mostly Cloudy,17,17,11
10:10:09,Mostly Cloudy,17,17,11
10:12:08,Partly Cloudy,17,17,9
10:14:08,Partly Cloudy,17,17,9
10:16:09,Partly Cloudy,17,17,9
10:18:08,Partly Cloudy,17,17,9
10:20:09,Partly Cloudy,17,17,9
10:22:09,Partly Cloudy,17,17,9
10:24:09,Partly Cloudy,17,17,9
10:26:09,Partly Cloudy,17,17,9
10:28:09,Partly Cloudy,17,17,9
10:30:09,Partly Cloudy,17,17,9
10:32:08,Partly Cloudy,17,17,9
10:34:09,Partly Cloudy,17,17,9
10:36:09,Partly Cloudy,17,17,9
10:38:09,Partly Cloudy,17,17,9
10:40:08,Partly Cloudy,17,17,9
10:42:09,Partly Cloudy,17,17,9
10:44:09,Partly Cloudy,18,18,9
10:46:09,Partly Cloudy,18,18,9
10:48:09,Partly Cloudy,18,18,9
10:50:09,Partly Cloudy,18,18,9
10:52:09,Partly Cloudy,18,18,9
10:54:08,Partly Cloudy,18,18,9
10:56:08,Partly Cloudy,18,18,9
10:58:09,Partly Cloudy,18,18,9
11:00:09,Partly Cloudy,18,18,9
11:02:09,Partly Cloudy,18,18,9
11:04:08,Partly Cloudy,18,18,9
11:06:08,Partly Cloudy,18,18,9
11:08:09,Partly Cloudy,18,18,9
11:10:09,Partly Cloudy,18,18,9
11:12:08,Partly Cloudy,18,18,9
11:14:08,Partly Cloudy,18,18,8
11:16:09,Partly Cloudy,18,18,8
11:18:08,Partly Cloudy,18,18,8
11:20:08,Partly Cloudy,18,18,8
11:22:09,Partly Cloudy,18,18,8
11:24:09,Partly Cloudy,18,18,8
11:26:08,Partly Cloudy,18,18,8
11:28:09,Partly Cloudy,18,18,8
11:30:09,Partly Cloudy,18,18,8
11:32:08,Partly Cloudy,18,18,8
11:34:08,Partly Cloudy,18,18,8
11:36:09,Partly Cloudy,18,18,8
11:38:09,Partly Cloudy,18,18,8
11:40:09,Partly Cloudy,18,18,8
11:42:08,Partly Cloudy,18,18,8
11:44:09,Mostly Cloudy,18,18,4
11:46:09,Mostly Cloudy,18,18,4
11:48:09,Mostly Cloudy,18,18,4
11:50:08,Mostly Cloudy,18,18,4
11:52:09,Mostly Cloudy,18,18,4
11:54:09,Mostly Cloudy,18,18,4
11:56:09,Mostly Cloudy,18,18,4
11:58:09,Mostly Cloudy,18,18,4
12:00:09,Mostly Cloudy,18,18,4
12:02:09,Mostly Cloudy,18,18,4
12:04:08,Mostly Cloudy,18,18,4
12:06:09,Mostly Cloudy,18,18,4
12:08:09,Mostly Cloudy,18,18,4
12:10:08,Mostly Cloudy,18,18,4
12:12:09,Mostly Cloudy,21,21,8
12:14:09,Mostly Cloudy,21,21,8
12:16:09,Mostly Cloudy,21,21,8
12:18:08,Mostly Cloudy,21,21,8
12:20:09,Mostly Cloudy,21,21,8
12:22:09,Mostly Cloudy,21,21,8
12:24:09,Mostly Cloudy,21,21,8
12:26:08,Mostly Cloudy,21,21,8
12:28:09,Mostly Cloudy,21,21,8
12:30:09,Mostly Cloudy,21,21,8
12:32:08,Mostly Cloudy,21,21,8
12:34:08,Mostly Cloudy,21,21,8
12:36:09,Mostly Cloudy,21,21,8
12:38:09,Mostly Cloudy,21,21,8
12:40:09,Mostly Cloudy,21,21,8
12:42:08,Mostly Cloudy,20,20,9
12:44:08,Mostly Cloudy,20,20,9
12:46:09,Mostly Cloudy,20,20,9
12:48:09,Mostly Cloudy,20,20,9
12:50:08,Mostly Cloudy,20,20,9
12:52:08,Mostly Cloudy,20,20,9
12:54:09,Mostly Cloudy,20,20,9
12:56:09,Mostly Cloudy,20,20,9
12:58:09,Mostly Cloudy,20,20,9
13:00:08,Mostly Cloudy,20,20,9
13:02:08,Mostly Cloudy,20,20,9
13:04:09,Mostly Cloudy,20,20,9
13:06:09,Mostly Cloudy,20,20,9
13:08:08,Mostly Cloudy,20,20,9
13:10:09,Mostly Cloudy,20,20,9
13:12:09,Mostly Cloudy,20,20,4
13:14:09,Mostly Cloudy,20,20,4
13:16:08,Mostly Cloudy,20,20,4
13:18:09,Mostly Cloudy,20,20,4
13:20:08,Mostly Cloudy,20,20,4
13:22:08,Mostly Cloudy,20,20,4
13:24:08,Mostly Cloudy,20,20,4
13:26:09,Mostly Cloudy,20,20,4
13:28:09,Mostly Cloudy,20,20,4
13:30:09,Mostly Cloudy,20,20,4
13:32:09,Mostly Cloudy,20,20,4
13:34:09,Mostly Cloudy,20,20,4
13:36:09,Mostly Cloudy,20,20,4
13:38:08,Mostly Cloudy,20,20,4
13:40:08,Mostly Cloudy,20,20,4
13:42:09,Mostly Cloudy,20,20,4
13:44:09,Mostly Cloudy,20,20,4
13:46:08,Mostly Cloudy,21,21,8
13:48:09,Mostly Cloudy,21,21,8
13:50:09,Mostly Cloudy,21,21,8
13:52:09,Mostly Cloudy,21,21,8
13:54:08,Mostly Cloudy,21,21,8
13:56:09,Mostly Cloudy,21,21,8
13:58:09,Mostly Cloudy,21,21,8
14:00:08,Mostly Cloudy,21,21,8
14:02:09,Mostly Cloudy,21,21,8
14:04:09,Mostly Cloudy,21,21,8
14:06:09,Mostly Cloudy,21,21,8
14:08:09,Mostly Cloudy,21,21,8
14:10:08,Mostly Cloudy,21,21,8
14:12:09,Mostly Cloudy,21,21,8
14:14:09,Mostly Cloudy,21,21,8
14:16:08,Mostly Cloudy,21,21,8
14:18:09,Mostly Cloudy,21,21,8
14:20:09,Mostly Cloudy,21,21,8
14:22:09,Mostly Cloudy,21,21,8
14:24:09,Mostly Cloudy,21,21,8
14:26:09,Mostly Cloudy,21,21,8
14:28:08,Mostly Cloudy,21,21,8
14:30:09,Mostly Cloudy,21,21,8
14:32:09,Mostly Cloudy,21,21,8
14:34:08,Mostly Cloudy,21,21,8
14:36:09,Mostly Cloudy,21,21,8
14:38:09,Mostly Cloudy,21,21,8
14:40:09,Mostly Cloudy,21,21,8
14:42:08,Mostly Cloudy,21,21,8
14:44:08,Mostly Cloudy,21,21,8
14:46:09,Mostly Cloudy,21,21,8
14:48:09,Mostly Cloudy,21,21,8
14:50:09,Mostly Cloudy,21,21,8
14:52:08,Mostly Cloudy,21,21,8
14:54:09,Mostly Cloudy,21,21,8
14:56:09,Mostly Cloudy,21,21,8
14:58:09,Mostly Cloudy,21,21,8
15:00:08,Mostly Cloudy,21,21,8
15:02:08,Mostly Cloudy,21,21,8
15:04:09,Mostly Cloudy,21,21,8
15:06:09,Mostly Cloudy,21,21,8
15:08:09,Mostly Cloudy,21,21,8
15:10:08,Mostly Cloudy,21,21,8
15:12:09,Mostly Cloudy,21,21,8
15:14:09,Mostly Cloudy,21,21,12
15:16:09,Mostly Cloudy,21,21,12
15:18:08,Mostly Cloudy,21,21,12
15:20:08,Mostly Cloudy,21,21,12
15:22:09,Mostly Cloudy,21,21,12
15:24:09,Mostly Cloudy,21,21,12
15:26:09,Mostly Cloudy,21,21,12
15:28:08,Mostly Cloudy,21,21,12
15:30:09,Mostly Cloudy,21,21,12
15:32:09,Mostly Cloudy,21,21,12
15:34:09,Mostly Cloudy,21,21,12
15:36:09,Mostly Cloudy,21,21,12
15:38:08,Partly Cloudy,21,21,12
15:40:09,Partly Cloudy,21,21,12
15:42:09,Partly Cloudy,21,21,12
15:44:09,Partly Cloudy,21,21,12
15:46:09,Partly Cloudy,21,21,12
15:48:08,Partly Cloudy,21,21,12
15:50:09,Partly Cloudy,21,21,12
15:52:09,Partly Cloudy,21,21,12
15:54:09,Partly Cloudy,21,21,12
15:56:08,Partly Cloudy,21,21,12
15:58:09,Partly Cloudy,21,21,12
16:00:09,Partly Cloudy,21,21,12
16:02:09,Partly Cloudy,21,21,12
16:04:08,Partly Cloudy,21,21,12
16:06:09,Partly Cloudy,21,21,12
16:08:09,Partly Cloudy,21,21,12
16:10:08,Partly Cloudy,21,21,12
16:12:09,Partly Cloudy,21,21,12
16:20:09,Partly Cloudy,21,21,14
16:22:09,Partly Cloudy,21,21,14
16:24:08,Partly Cloudy,21,21,14
16:26:09,Partly Cloudy,21,21,14
16:28:09,Partly Cloudy,21,21,14
16:30:09,Partly Cloudy,21,21,14
16:32:08,Partly Cloudy,21,21,14
16:34:09,Partly Cloudy,21,21,14
16:36:09,Partly Cloudy,21,21,14
16:38:08,Partly Cloudy,21,21,14
16:40:09,Partly Cloudy,21,21,14
16:42:09,Partly Cloudy,21,21,14
16:44:09,Partly Cloudy,21,21,14
16:46:08,Partly Cloudy,21,21,14
16:48:09,Partly Cloudy,21,21,14
16:50:09,Partly Cloudy,21,21,14
16:52:08,Partly Cloudy,21,21,14
16:54:09,Partly Cloudy,21,21,14
16:56:09,Partly Cloudy,21,21,14
16:58:09,Partly Cloudy,21,21,14
17:00:08,Partly Cloudy,21,21,14
17:02:09,Partly Cloudy,21,21,14
17:04:09,Partly Cloudy,21,21,14
17:06:09,Partly Cloudy,21,21,14
17:08:08,Fair,20,20,14
17:10:08,Fair,20,20,14
17:12:09,Fair,20,20,14
17:14:09,Fair,20,20,14
17:16:09,Fair,20,20,14
17:18:09,Fair,20,20,14
17:20:09,Fair,20,20,14
17:22:08,Fair,20,20,14
17:24:09,Fair,20,20,14
17:26:09,Fair,20,20,14
17:28:09,Fair,20,20,14
17:30:09,Fair,20,20,14
17:32:08,Fair,20,20,14
17:34:09,Fair,20,20,14
17:36:09,Fair,20,20,14
17:38:09,Fair,20,20,14
17:40:08,Fair,20,20,14
17:42:09,Fair,20,20,14
17:44:09,Fair,20,20,14
17:46:08,Fair,20,20,14
17:48:09,Fair,20,20,14
17:50:09,Fair,20,20,14
17:52:09,Fair,20,20,14
17:54:08,Fair,20,20,14
17:56:08,Fair,20,20,14
17:58:09,Fair,20,20,14
18:00:09,Fair,20,20,14
18:02:09,Fair,20,20,14
18:04:08,Fair,20,20,14
18:06:08,Fair,20,20,14
18:08:09,Fair,20,20,14
18:10:09,Fair,20,20,14
18:12:09,Fair,20,20,14
18:14:08,Fair,18,18,12
18:16:09,Fair,18,18,12
18:18:09,Fair,18,18,12
18:20:08,Fair,18,18,12
18:22:09,Fair,18,18,12
18:24:09,Fair,18,18,12
18:26:09,Fair,18,18,12
18:28:08,Fair,18,18,12
18:30:09,Fair,18,18,12
18:32:09,Fair,18,18,12
18:34:09,Fair,18,18,12
18:36:08,Fair,18,18,12
18:38:09,Fair,18,18,12
18:40:09,Fair,18,18,12
18:42:09,Fair,18,18,12
18:44:08,Fair,18,18,12
18:46:09,Fair,18,18,12
18:48:09,Fair,18,18,12
18:50:09,Fair,18,18,12
18:52:08,Fair,18,18,12
18:54:09,Fair,18,18,12
18:56:09,Fair,18,18,12
18:58:08,Fair,18,18,12
19:00:09,Fair,18,18,12
19:02:09,Fair,18,18,12
19:04:09,Fair,18,18,12
19:06:09,Fair,18,18,12
19:08:08,Fair,18,18,12
19:10:09,Fair,18,18,12
19:12:09,Fair,17,17,9
19:14:08,Fair,17,17,9
19:16:08,Fair,17,17,9
19:18:09,Fair,17,17,9
19:20:09,Fair,17,17,9
19:22:08,Fair,17,17,9
19:24:09,Fair,17,17,9
19:26:08,Fair,17,17,9
19:28:09,Fair,17,17,9
19:30:09,Fair,17,17,9
19:32:09,Fair,17,17,9
19:34:09,Fair,17,17,9
19:36:08,Fair,17,17,9
19:38:08,Fair,17,17,9
19:40:09,Fair,17,17,9
19:42:09,Fair,17,17,9
19:44:08,Fair,17,17,9
19:46:09,Fair,17,17,9
19:48:09,Fair,17,17,9
19:50:09,Fair,17,17,9
19:52:08,Fair,17,17,9
19:54:09,Fair,17,17,9
19:56:09,Fair,17,17,9
19:58:09,Fair,17,17,9
20:00:09,Fair,17,17,9
20:02:08,Fair,17,17,9
20:04:09,Fair,17,17,9
20:06:09,Fair,17,17,9
20:08:09,Fair,15,15,9
20:10:08,Fair,15,15,9
20:12:09,Fair,15,15,9
20:14:09,Fair,15,15,9
20:16:08,Fair,15,15,9
20:18:09,Fair,15,15,9
20:20:09,Fair,15,15,9
20:22:09,Fair,15,15,9
20:24:09,Fair,15,15,9
20:26:09,Fair,15,15,9
20:28:09,Fair,15,15,9
20:30:08,Fair,15,15,9
20:32:09,Fair,15,15,9
20:34:09,Fair,15,15,9
20:36:09,Fair,15,15,9
20:38:08,Fair,15,15,9
20:40:09,Fair,15,15,9
20:42:09,Fair,15,15,9
20:44:08,Fair,15,15,9
20:46:09,Fair,15,15,9
20:48:09,Fair,15,15,9
20:50:09,Fair,15,15,9
20:52:09,Fair,15,15,9
20:54:08,Fair,15,15,9
20:56:08,Fair,15,15,9
20:58:09,Fair,15,15,9
21:00:09,Fair,15,15,9
21:02:09,Fair,15,15,9
21:04:08,Fair,15,15,9
21:06:09,Fair,15,15,9
21:08:09,Fair,15,15,9
21:10:08,Fair,15,15,9
21:12:09,Fair,15,15,9
21:14:09,Fair,13,13,8
21:16:08,Fair,13,13,8
21:18:09,Fair,13,13,8
21:20:09,Fair,13,13,8
21:22:09,Fair,13,13,8
21:24:09,Fair,13,13,8
21:26:09,Fair,13,13,8
21:28:08,Fair,13,13,8
21:30:08,Fair,13,13,8
21:32:09,Fair,13,13,8
21:34:09,Fair,13,13,8
21:36:09,Fair,13,13,8
21:38:09,Fair,13,13,8
21:40:09,Fair,13,13,8
21:42:09,Fair,13,13,8
21:44:08,Fair,13,13,8
21:46:08,Fair,13,13,8
21:48:08,Fair,13,13,8
21:50:09,Fair,13,13,8
21:52:09,Fair,13,13,8
21:54:08,Fair,13,13,8
21:56:08,Fair,13,13,8
21:58:09,Fair,13,13,8
22:00:09,Fair,13,13,8
22:02:09,Fair,13,13,8
22:04:08,Fair,13,13,8
22:06:09,Fair,13,13,8
22:08:09,Fair,13,13,8
22:10:09,Fair,13,13,8
22:12:09,Fair,12,12,4
22:14:09,Fair,12,12,4
22:16:09,Fair,12,12,4
22:18:08,Fair,12,12,4
22:20:09,Fair,12,12,4
22:22:09,Fair,12,12,4
22:24:09,Fair,12,12,4
22:26:08,Fair,12,12,4
22:28:09,Fair,12,12,4
22:30:09,Fair,12,12,4
22:32:09,Fair,12,12,4
22:34:08,Fair,12,12,4
22:36:08,Fair,12,12,4
22:38:09,Fair,12,12,4
22:40:09,Fair,12,12,4
22:42:09,Fair,12,12,4
22:44:09,Fair,12,12,4
22:46:08,Fair,12,12,4
22:48:09,Fair,12,12,4
22:50:09,Fair,12,12,4
22:52:08,Fair,12,12,4
22:54:08,Fair,12,12,4
22:56:09,Fair,12,12,4
22:58:09,Fair,12,12,4
23:00:08,Fair,12,12,4
23:02:09,Fair,12,12,4
23:04:09,Fair,12,12,4
23:06:09,Fair,12,12,4
23:08:09,Fair,12,12,4
23:10:09,Fair,12,12,4
23:12:08,Fair,12,12,4
23:14:09,Fair,12,12,8
23:16:09,Fair,12,12,8
23:18:09,Fair,12,12,8
23:20:09,Fair,12,12,8
23:22:08,Fair,12,12,8
23:24:09,Fair,12,12,8
23:26:09,Fair,12,12,8
23:28:09,Fair,12,12,8
23:30:09,Fair,12,12,8
23:32:09,Fair,12,12,8
23:34:09,Fair,12,12,8
23:36:09,Fair,12,12,8
23:38:08,Fair,12,12,8
23:40:09,Fair,12,12,8
23:42:09,Fair,12,12,8
23:44:09,Fair,12,12,8
23:46:08,Fair,12,12,8
23:48:08,Fair,12,12,8
23:50:09,Fair,12,12,8
23:52:09,Fair,12,12,8
23:54:08,Fair,12,12,8
23:56:09,Fair,12,12,8
23:58:09,Fair,12,12,8
