Time,Weather,Temperature,Feels_Like,Wind_Speed
00:00:09,Mostly Cloudy,8,6,20
00:02:09,Mostly Cloudy,8,6,20
00:04:08,Mostly Cloudy,8,6,20
00:06:09,Mostly Cloudy,8,6,20
00:08:09,Mostly Cloudy,8,6,20
00:10:09,Mostly Cloudy,8,6,20
00:12:09,Mostly Cloudy,8,6,20
00:14:09,Mostly Cloudy,8,6,20
00:16:09,Mostly Cloudy,8,5,27
00:18:08,Mostly Cloudy,8,5,27
00:20:09,Mostly Cloudy,8,5,27
00:22:09,Mostly Cloudy,8,5,27
00:24:09,Mostly Cloudy,8,5,27
00:26:08,Mostly Cloudy,8,5,27
00:28:08,Mostly Cloudy,8,5,27
00:30:09,Mostly Cloudy,8,5,27
00:32:09,Mostly Cloudy,8,5,27
00:34:09,Mostly Cloudy,8,5,27
00:36:08,Mostly Cloudy,8,5,27
00:38:08,Mostly Cloudy,8,5,27
00:40:09,Mostly Cloudy,8,5,27
00:42:09,Mostly Cloudy,8,5,27
00:44:08,Mostly Cloudy,8,5,27
00:46:08,Mostly Cloudy,8,5,27
00:48:09,Mostly Cloudy,8,5,27
00:50:09,Mostly Cloudy,8,5,27
00:52:08,Mostly Cloudy,8,5,27
00:54:09,Mostly Cloudy,8,5,27
00:56:09,Mostly Cloudy,8,5,27
00:58:09,Mostly Cloudy,8,5,27
01:00:16,Mostly Cloudy,8,5,27
01:02:08,Mostly Cloudy,8,5,27
01:04:09,Mostly Cloudy,8,5,27
01:06:09,Mostly Cloudy,8,5,27
01:08:09,Mostly Cloudy,8,5,27
01:10:08,Mostly Cloudy,8,5,27
01:12:09,Mostly Cloudy,8,5,27
01:14:09,Mostly Cloudy,8,5,27
01:16:09,Mostly Cloudy,8,5,27
01:18:09,Mostly Cloudy,8,5,27
01:20:09,Mostly Cloudy,8,5,27
01:22:09,Mostly Cloudy,8,5,27
01:24:08,Mostly Cloudy,8,5,27
01:26:09,Mostly Cloudy,8,5,27
01:28:09,Mostly Cloudy,8,5,27
01:30:09,Mostly Cloudy,8,5,27
01:32:08,Mostly Cloudy,8,5,27
01:34:08,Mostly Cloudy,8,5,27
01:36:09,Mostly Cloudy,8,5,27
01:38:09,Mostly Cloudy,8,5,27
01:40:09,Mostly Cloudy,8,5,27
01:42:08,Mostly Cloudy,8,5,27
01:44:09,Mostly Cloudy,8,5,27
01:46:09,Mostly Cloudy,8,5,27
01:48:08,Mostly Cloudy,8,5,27
01:50:09,Mostly Cloudy,8,5,27
01:52:09,Mostly Cloudy,8,5,27
01:54:08,Mostly Cloudy,8,5,27
01:56:08,Mostly Cloudy,8,5,27
01:58:09,Mostly Cloudy,8,5,27
02:00:08,Mostly Cloudy,8,5,27
02:02:09,Mostly Cloudy,8,5,27
02:04:09,Mostly Cloudy,8,5,27
02:06:08,Mostly Cloudy,8,5,27
02:08:09,Mostly Cloudy,8,5,27
02:10:09,Mostly Cloudy,8,5,27
02:12:08,Mostly Cloudy,8,5,27
02:14:09,Mostly Cloudy,8,5,27
02:16:09,Mostly Cloudy,8,5,25
02:18:09,Mostly Cloudy,8,5,25
02:20:09,Mostly Cloudy,8,5,25
02:22:09,Mostly Cloudy,8,5,25
02:24:08,Mostly Cloudy,8,5,25
02:26:08,Mostly Cloudy,8,5,25
02:28:08,Mostly Cloudy,8,5,25
02:30:09,Mostly Cloudy,8,5,25
02:32:09,Mostly Cloudy,8,5,25
02:34:08,Mostly Cloudy,8,5,25
02:36:08,Mostly Cloudy,8,5,25
02:38:08,Mostly Cloudy,8,5,25
02:40:09,Mostly Cloudy,8,5,25
02:42:09,Mostly Cloudy,8,5,25
02:44:08,Mostly Cloudy,8,5,25
02:46:09,Mostly Cloudy,8,5,25
02:48:09,Mostly Cloudy,8,5,25
02:50:08,Mostly Cloudy,8,5,25
02:52:08,Mostly Cloudy,8,5,25
02:54:09,Mostly Cloudy,8,5,25
02:56:09,Mostly Cloudy,8,5,25
02:58:08,Mostly Cloudy,8,5,25
03:00:09,Mostly Cloudy,8,5,25
03:02:09,Mostly Cloudy,8,5,25
03:04:08,Mostly Cloudy,8,5,25
03:06:09,Mostly Cloudy,8,5,25
03:08:09,Mostly Cloudy,8,5,25
03:10:08,Mostly Cloudy,8,5,25
03:12:09,Mostly Cloudy,8,5,25
03:14:09,Mostly Cloudy,8,5,25
03:16:08,Mostly Cloudy,8,5,28
03:18:09,Mostly Cloudy,8,5,28
03:20:09,Mostly Cloudy,8,5,28
03:22:09,Mostly Cloudy,8,5,28
03:24:09,Mostly Cloudy,8,5,28
03:26:09,Mostly Cloudy,8,5,28
03:28:09,Mostly Cloudy,8,5,28
03:30:08,Mostly Cloudy,8,5,28
03:32:08,Mostly Cloudy,8,5,28
03:34:09,Mostly Cloudy,8,5,28
03:36:08,Mostly Cloudy,8,5,28
03:38:09,Mostly Cloudy,8,5,28
03:40:09,Mostly Cloudy,8,5,28
03:42:08,Mostly Cloudy,8,5,28
03:44:08,Mostly Cloudy,8,5,28
03:46:09,Mostly Cloudy,8,5,28
03:48:09,Mostly Cloudy,8,5,28
03:50:08,Mostly Cloudy,8,5,28
03:52:09,Mostly Cloudy,8,5,28
03:54:09,Mostly Cloudy,8,5,28
03:56:09,Mostly Cloudy,8,5,28
03:58:09,Mostly Cloudy,8,5,28
04:00:09,Mostly Cloudy,8,5,28
04:02:08,Mostly Cloudy,8,5,28
04:04:09,Mostly Cloudy,8,5,28
04:06:09,Mostly Cloudy,8,5,28
04:08:09,Mostly Cloudy,8,5,28
04:10:08,Mostly Cloudy,8,5,28
04:12:09,Mostly Cloudy,8,5,28
04:14:09,Mostly Cloudy,7,3,28
04:16:09,Mostly Cloudy,7,3,28
04:18:08,Mostly Cloudy,7,3,28
04:20:08,Mostly Cloudy,7,3,28
04:22:09,Mostly Cloudy,7,3,28
04:24:09,Mostly Cloudy,7,3,28
04:26:09,Mostly Cloudy,7,3,28
04:28:08,Mostly Cloudy,7,3,28
04:30:08,Mostly Cloudy,7,3,28
04:32:09,Mostly Cloudy,7,3,28
04:34:08,Mostly Cloudy,7,3,28
04:36:09,Mostly Cloudy,7,3,28
04:38:09,Mostly Cloudy,7,3,28
04:40:09,Mostly Cloudy,7,3,28
04:42:09,Mostly Cloudy,7,3,28
04:44:09,Mostly Cloudy,7,3,28
04:46:09,Mostly Cloudy,7,3,28
04:48:08,Mostly Cloudy,7,3,28
04:50:08,Mostly Cloudy,7,3,28
04:52:09,Mostly Cloudy,7,3,28
04:54:09,Mostly Cloudy,7,3,28
04:56:09,Mostly Cloudy,7,3,28
04:58:08,Mostly Cloudy,7,3,28
05:00:08,Mostly Cloudy,7,3,28
05:02:09,Mostly Cloudy,7,3,28
05:04:09,Mostly Cloudy,7,3,28
05:06:09,Mostly Cloudy,7,3,28
05:08:08,Mostly Cloudy,7,3,28
05:10:09,Mostly Cloudy,7,3,28
05:12:08,Mostly Cloudy,7,3,28
05:14:09,Mostly Cloudy,8,5,28
05:16:09,Mostly Cloudy,8,5,28
05:34:09,Mostly Cloudy,8,5,28
05:36:09,Mostly Cloudy,8,5,28
05:38:09,Mostly Cloudy,8,5,28
05:40:09,Mostly Cloudy,8,5,28
05:42:09,Mostly Cloudy,8,5,28
05:44:09,Mostly Cloudy,8,5,28
05:46:08,Mostly Cloudy,8,5,28
05:48:08,Mostly Cloudy,8,5,28
05:50:08,Mostly Cloudy,8,5,28
05:52:09,Mostly Cloudy,8,5,28
05:54:09,Mostly Cloudy,8,5,28
05:56:08,Mostly Cloudy,8,5,28
05:58:09,Mostly Cloudy,8,5,28
06:00:09,Mostly Cloudy,8,5,28
06:02:09,Mostly Cloudy,8,5,28
06:04:09,Mostly Cloudy,8,5,28
06:06:09,Mostly Cloudy,8,5,28
06:08:08,Mostly Cloudy,8,5,28
06:10:08,Mostly Cloudy,8,5,32
06:12:09,Mostly Cloudy,8,5,32
06:14:09,Mostly Cloudy,8,5,32
06:16:08,Mostly Cloudy,8,5,32
06:18:09,Mostly Cloudy,8,5,32
06:20:09,Mostly Cloudy,8,5,32
06:22:09,Mostly Cloudy,8,5,32
06:24:08,Mostly Cloudy,8,5,32
06:26:09,Mostly Cloudy,8,5,32
06:28:08,Mostly Cloudy,8,5,32
06:30:08,Mostly Cloudy,8,5,32
06:32:09,Mostly Cloudy,8,5,32
06:34:09,Mostly Cloudy,8,5,32
06:36:08,Mostly Cloudy,8,5,32
06:38:09,Mostly Cloudy,8,5,32
06:40:09,Mostly Cloudy,8,5,32
06:42:09,Mostly Cloudy,8,5,32
06:44:08,Mostly Cloudy,8,5,32
06:46:09,Mostly Cloudy,8,5,32
06:48:09,Mostly Cloudy,8,5,32
06:50:08,Mostly Cloudy,8,5,32
06:52:08,Mostly Cloudy,8,5,32
06:54:09,Mostly Cloudy,8,5,32
06:56:09,Mostly Cloudy,8,5,32
06:58:09,Mostly Cloudy,8,5,32
07:00:08,Mostly Cloudy,8,5,32
07:02:08,Mostly Cloudy,8,5,32
07:04:09,Mostly Cloudy,8,5,32
07:06:09,Mostly Cloudy,8,5,32
07:08:08,Mostly Cloudy,8,5,32
07:10:09,Mostly Cloudy,8,5,27
07:12:09,Mostly Cloudy,8,5,27
07:14:08,Mostly Cloudy,8,5,27
07:16:09,Mostly Cloudy,8,5,27
07:18:09,Mostly Cloudy,8,5,27
07:20:09,Mostly Cloudy,8,5,27
07:22:09,Mostly Cloudy,8,5,27
07:24:08,Mostly Cloudy,8,5,27
07:26:09,Mostly Cloudy,8,5,27
07:28:09,Mostly Cloudy,8,5,27
07:30:09,Mostly Cloudy,8,5,27
07:32:09,Mostly Cloudy,8,5,27
07:34:09,Mostly Cloudy,8,5,27
07:36:08,Mostly Cloudy,8,5,27
07:38:09,Mostly Cloudy,8,5,27
07:40:09,Mostly Cloudy,8,5,27
07:42:08,Mostly Cloudy,8,5,27
07:44:09,Mostly Cloudy,8,5,27
07:46:09,Mostly Cloudy,8,5,27
07:48:09,Mostly Cloudy,10,10,32
07:50:08,Mostly Cloudy,10,10,32
07:52:09,Mostly Cloudy,10,10,32
07:54:09,Mostly Cloudy,10,10,32
07:56:08,Mostly Cloudy,10,10,32
07:58:08,Mostly Cloudy,10,10,32
08:00:09,Mostly Cloudy,10,10,32
08:02:09,Mostly Cloudy,10,10,32
08:04:09,Mostly Cloudy,10,10,32
08:06:09,Mostly Cloudy,10,10,32
08:08:09,Mostly Cloudy,10,10,32
08:10:09,Mostly Cloudy,10,10,32
08:12:08,Mostly Cloudy,11,11,32
08:14:09,Mostly Cloudy,11,11,32
08:16:09,Mostly Cloudy,11,11,32
08:18:09,Mostly Cloudy,11,11,32
08:20:09,Mostly Cloudy,11,11,32
08:22:09,Mostly Cloudy,11,11,32
08:24:09,Mostly Cloudy,11,11,32
08:26:08,Mostly Cloudy,11,11,32
08:28:09,Mostly Cloudy,11,11,32
08:30:09,Mostly Cloudy,11,11,32
08:32:09,Mostly Cloudy,11,11,32
08:34:09,Mostly Cloudy,11,11,32
08:36:09,Mostly Cloudy,11,11,32
08:38:09,Mostly Cloudy,11,11,32
08:40:09,Mostly Cloudy,11,11,32
08:42:09,Mostly Cloudy,11,11,32
08:44:09,Mostly Cloudy,11,11,32
08:46:09,Mostly Cloudy,11,11,32
08:48:09,Mostly Cloudy / Windy,11,11,33
08:50:08,Mostly Cloudy / Windy,11,11,33
08:52:09,Mostly Cloudy / Windy,11,11,33
08:54:09,Mostly Cloudy / Windy,11,11,33
08:56:09,Mostly Cloudy / Windy,11,11,33
08:58:08,Mostly Cloudy / Windy,11,11,33
09:00:09,Mostly Cloudy / Windy,11,11,33
09:02:09,Mostly Cloudy / Windy,11,11,33
09:04:08,Mostly Cloudy / Windy,11,11,33
09:06:09,Mostly Cloudy / Windy,11,11,33
09:08:09,Mostly Cloudy / Windy,11,11,33
09:10:09,Mostly Cloudy / Windy,11,11,33
09:12:08,Mostly Cloudy / Windy,11,11,33
09:14:09,Mostly Cloudy / Windy,11,11,33
09:16:09,Mostly Cloudy / Windy,11,11,33
09:18:08,Mostly Cloudy / Windy,11,11,38
09:20:08,Mostly Cloudy / Windy,11,11,38
09:22:09,Mostly Cloudy / Windy,11,11,38
09:24:09,Mostly Cloudy / Windy,11,11,38
09:26:08,Mostly Cloudy / Windy,11,11,38
09:28:08,Mostly Cloudy / Windy,11,11,38
09:30:09,Mostly Cloudy / Windy,11,11,38
09:32:09,Mostly Cloudy / Windy,11,11,38
09:34:09,Mostly Cloudy / Windy,11,11,38
09:36:08,Mostly Cloudy / Windy,11,11,38
09:38:09,Mostly Cloudy / Windy,11,11,38
09:40:08,Mostly Cloudy,11,11,28
09:42:09,Mostly Cloudy,11,11,28
09:44:09,Mostly Cloudy,11,11,28
09:46:08,Mostly Cloudy,11,11,28
09:48:09,Mostly Cloudy,11,11,28
09:50:09,Mostly Cloudy,11,11,28
09:52:09,Mostly Cloudy,11,11,28
09:54:08,Mostly Cloudy,11,11,28
09:56:09,Mostly Cloudy,11,11,28
09:58:09,Mostly Cloudy,11,11,28
10:00:08,Mostly Cloudy,11,11,28
10:02:09,Mostly Cloudy,11,11,28
10:04:09,Mostly Cloudy,11,11,28
10:06:09,Mostly Cloudy,11,11,28
10:08:09,Mostly Cloudy,11,11,28
10:10:09,Mostly Cloudy,11,11,28
10:12:09,Mostly Cloudy,11,11,28
10:14:08,Mostly Cloudy,11,11,28
10:16:08,Mostly Cloudy / Windy,12,12,37
10:18:09,Mostly Cloudy / Windy,12,12,37
10:20:08,Mostly Cloudy / Windy,12,12,37
10:22:09,Mostly Cloudy / Windy,12,12,37
10:24:09,Mostly Cloudy / Windy,12,12,37
10:26:09,Mostly Cloudy / Windy,12,12,37
10:28:09,Mostly Cloudy / Windy,12,12,37
10:30:09,Mostly Cloudy / Windy,12,12,37
10:32:08,Mostly Cloudy / Windy,12,12,37
10:34:09,Mostly Cloudy / Windy,12,12,37
10:36:09,Mostly Cloudy / Windy,12,12,37
10:38:09,Mostly Cloudy / Windy,12,12,37
10:40:08,Hail / Windy,10,10,45
10:42:08,Hail / Windy,10,10,45
10:44:09,Hail / Windy,10,10,45
10:46:09,Hail / Windy,10,10,45
10:48:09,Hail / Windy,10,10,45
10:50:08,Hail / Windy,10,10,45
10:52:08,Hail / Windy,10,10,45
10:54:09,Hail / Windy,10,10,45
10:56:09,Hail / Windy,10,10,45
10:58:08,Hail / Windy,10,10,45
11:00:09,Hail / Windy,10,10,45
11:02:09,Hail / Windy,10,10,45
11:04:09,Hail / Windy,10,10,45
11:06:08,Hail / Windy,10,10,45
11:08:09,Hail / Windy,10,10,45
11:10:09,Light Rain Shower,12,12,24
11:12:09,Light Rain Shower,12,12,24
11:14:08,Light Rain Shower,12,12,24
11:16:08,Light Rain Shower,12,12,24
11:18:09,Light Rain Shower,12,12,24
11:20:08,Light Rain Shower,12,12,24
11:22:09,Light Rain Shower,12,12,24
11:24:09,Light Rain Shower,12,12,24
11:26:09,Light Rain Shower,12,12,24
11:28:08,Light Rain Shower,12,12,24
11:30:09,Light Rain Shower,12,12,24
11:32:09,Light Rain Shower,12,12,24
11:34:09,Light Rain Shower,12,12,24
11:36:08,Light Rain Shower,12,12,24
11:38:09,Light Rain Shower,12,12,24
11:40:09,Light Rain Shower,12,12,24
11:42:09,Light Rain Shower,12,12,24
11:44:08,Partly Cloudy / Windy,12,12,37
11:46:09,Partly Cloudy / Windy,12,12,37
11:48:09,Partly Cloudy / Windy,12,12,37
11:50:08,Partly Cloudy / Windy,12,12,37
11:52:09,Partly Cloudy / Windy,12,12,37
11:54:09,Partly Cloudy / Windy,12,12,37
11:56:08,Partly Cloudy / Windy,12,12,37
11:58:08,Partly Cloudy / Windy,12,12,37
12:00:09,Partly Cloudy / Windy,12,12,37
12:02:09,Partly Cloudy / Windy,12,12,37
12:04:08,Partly Cloudy / Windy,12,12,37
12:06:09,Partly Cloudy / Windy,12,12,37
12:08:09,Partly Cloudy / Windy,12,12,37
12:10:09,Partly Cloudy / Windy,12,12,37
12:12:09,Partly Cloudy / Windy,12,12,37
12:14:09,Partly Cloudy / Windy,12,12,37
12:16:09,Partly Cloudy / Windy,12,12,37
12:18:09,Partly Cloudy / Windy,13,13,37
12:20:08,Partly Cloudy / Windy,13,13,37
12:22:09,Partly Cloudy / Windy,13,13,37
12:24:09,Partly Cloudy / Windy,13,13,37
12:26:08,Partly Cloudy / Windy,13,13,37
12:28:09,Partly Cloudy / Windy,13,13,37
12:30:09,Partly Cloudy / Windy,13,13,37
12:32:08,Partly Cloudy / Windy,13,13,37
12:34:08,Partly Cloudy / Windy,13,13,37
12:36:09,Partly Cloudy / Windy,13,13,37
12:38:09,Partly Cloudy / Windy,13,13,37
12:40:08,Partly Cloudy / Windy,13,13,37
12:42:09,Showers in the Vicinity,13,13,40
12:44:09,Showers in the Vicinity,13,13,40
12:46:08,Showers in the Vicinity,13,13,40
12:48:08,Showers in the Vicinity,13,13,40
12:50:09,Showers in the Vicinity,13,13,40
12:52:09,Showers in the Vicinity,13,13,40
12:54:08,Showers in the Vicinity,13,13,40
12:56:08,Showers in the Vicinity,13,13,40
12:58:09,Showers in the Vicinity,13,13,40
13:00:09,Showers in the Vicinity,13,13,40
13:02:09,Showers in the Vicinity,13,13,40
13:04:08,Showers in the Vicinity,13,13,40
13:06:09,Showers in the Vicinity,13,13,40
13:08:09,Showers in the Vicinity,13,13,40
13:10:09,Showers in the Vicinity,13,13,40
13:12:09,Fair,12,12,28
13:14:08,Fair,12,12,28
13:16:08,Fair,12,12,28
13:18:09,Fair,12,12,28
13:20:08,Fair,12,12,28
13:22:09,Fair,12,12,28
13:24:09,Fair,12,12,28
13:26:08,Fair,12,12,28
13:28:08,Fair,12,12,28
13:30:09,Fair,12,12,28
13:32:09,Fair,12,12,28
13:34:08,Fair,12,12,28
13:36:08,Fair,12,12,28
13:38:09,Fair,12,12,28
13:40:09,Fair,12,12,28
13:42:08,Mostly Cloudy / Windy,13,13,33
13:44:09,Mostly Cloudy / Windy,13,13,33
13:46:09,Mostly Cloudy / Windy,13,13,33
13:48:09,Mostly Cloudy / Windy,13,13,33
13:50:08,Mostly Cloudy / Windy,13,13,33
13:52:09,Mostly Cloudy / Windy,13,13,33
13:54:09,Mostly Cloudy / Windy,13,13,33
13:56:09,Mostly Cloudy / Windy,13,13,33
13:58:08,Mostly Cloudy / Windy,13,13,33
14:00:09,Mostly Cloudy / Windy,13,13,33
14:02:09,Mostly Cloudy / Windy,13,13,33
14:04:08,Mostly Cloudy / Windy,13,13,33
14:06:09,Mostly Cloudy / Windy,13,13,33
14:08:09,Mostly Cloudy / Windy,13,13,33
14:10:09,Partly Cloudy / Windy,15,15,38
14:12:08,Partly Cloudy / Windy,15,15,38
14:14:09,Partly Cloudy / Windy,15,15,38
14:16:09,Partly Cloudy / Windy,15,15,38
14:18:09,Partly Cloudy / Windy,15,15,38
14:20:09,Partly Cloudy / Windy,15,15,38
14:22:09,Partly Cloudy / Windy,15,15,38
14:24:09,Partly Cloudy / Windy,15,15,38
14:26:08,Partly Cloudy / Windy,15,15,38
14:28:09,Partly Cloudy / Windy,15,15,38
14:30:09,Partly Cloudy / Windy,15,15,38
14:32:08,Partly Cloudy / Windy,15,15,38
14:34:08,Partly Cloudy / Windy,15,15,38
14:36:09,Partly Cloudy / Windy,15,15,38
14:38:09,Partly Cloudy / Windy,15,15,38
14:40:08,Partly Cloudy / Windy,15,15,38
14:42:09,Partly Cloudy / Windy,15,15,38
14:44:09,Partly Cloudy / Windy,15,15,38
14:46:08,Light Rain Shower,12,12,32
14:48:09,Light Rain Shower,12,12,32
14:50:09,Light Rain Shower,12,12,32
14:52:09,Light Rain Shower,12,12,32
14:54:09,Light Rain Shower,12,12,32
14:56:09,Light Rain Shower,12,12,32
14:58:09,Light Rain Shower,12,12,32
15:00:08,Light Rain Shower,12,12,32
15:02:09,Light Rain Shower,12,12,32
15:04:09,Light Rain Shower,12,12,32
15:06:08,Light Rain Shower,12,12,32
15:08:09,Light Rain Shower,12,12,32
15:10:09,Light Rain Shower,12,12,32
15:12:08,Light Rain Shower,12,12,32
15:14:09,Light Rain Shower,12,12,32
15:16:09,Partly Cloudy,13,13,32
15:18:09,Partly Cloudy,13,13,32
15:20:09,Partly Cloudy,13,13,32
15:22:09,Partly Cloudy,13,13,32
15:24:08,Partly Cloudy,13,13,32
15:26:08,Partly Cloudy,13,13,32
15:28:09,Partly Cloudy,13,13,32
15:30:09,Partly Cloudy,13,13,32
15:32:08,Partly Cloudy,13,13,32
15:34:08,Partly Cloudy,13,13,32
15:36:09,Partly Cloudy,13,13,32
15:38:09,Partly Cloudy,13,13,32
15:40:08,Partly Cloudy,13,13,32
15:42:09,Partly Cloudy,13,13,32
15:44:09,Partly Cloudy,13,13,32
15:46:09,Partly Cloudy / Windy,16,16,37
15:48:08,Partly Cloudy / Windy,16,16,37
15:50:08,Partly Cloudy / Windy,16,16,37
15:52:09,Partly Cloudy / Windy,16,16,37
15:54:09,Partly Cloudy / Windy,16,16,37
15:56:09,Partly Cloudy / Windy,16,16,37
15:58:09,Partly Cloudy / Windy,16,16,37
16:00:09,Partly Cloudy / Windy,16,16,37
16:02:08,Partly Cloudy / Windy,16,16,37
16:04:08,Partly Cloudy / Windy,16,16,37
16:06:09,Partly Cloudy / Windy,16,16,37
16:08:09,Partly Cloudy / Windy,16,16,37
16:10:08,Partly Cloudy / Windy,15,15,33
16:12:09,Partly Cloudy / Windy,15,15,33
16:14:09,Partly Cloudy / Windy,15,15,33
16:16:08,Partly Cloudy / Windy,15,15,33
16:18:09,Partly Cloudy / Windy,15,15,33
16:20:09,Partly Cloudy / Windy,15,15,33
16:22:08,Partly Cloudy / Windy,15,15,33
16:24:09,Partly Cloudy / Windy,15,15,33
16:26:09,Partly Cloudy / Windy,15,15,33
16:28:08,Partly Cloudy / Windy,15,15,33
16:30:09,Partly Cloudy / Windy,15,15,33
16:32:08,Partly Cloudy / Windy,15,15,33
16:34:08,Partly Cloudy / Windy,15,15,33
16:36:09,Partly Cloudy / Windy,15,15,33
16:38:09,Partly Cloudy / Windy,15,15,33
16:40:08,Partly Cloudy / Windy,15,15,33
16:42:09,Partly Cloudy / Windy,15,15,33
16:44:09,Partly Cloudy / Windy,15,15,33
16:46:09,Partly Cloudy / Windy,15,15,33
16:48:08,Partly Cloudy / Windy,15,15,33
16:50:08,Partly Cloudy / Windy,15,15,33
16:52:09,Partly Cloudy / Windy,15,15,33
16:54:09,Partly Cloudy / Windy,15,15,33
16:56:08,Partly Cloudy / Windy,15,15,33
16:58:09,Partly Cloudy / Windy,15,15,33
17:00:09,Partly Cloudy / Windy,15,15,33
17:02:08,Partly Cloudy / Windy,15,15,33
17:04:09,Partly Cloudy / Windy,15,15,33
17:06:09,Partly Cloudy / Windy,15,15,33
17:08:09,Partly Cloudy / Windy,15,15,33
17:10:09,Partly Cloudy / Windy,15,15,33
17:12:09,Partly Cloudy / Windy,15,15,33
17:14:09,Partly Cloudy / Windy,15,15,41
17:16:09,Partly Cloudy / Windy,15,15,41
17:18:09,Partly Cloudy / Windy,15,15,41
17:20:09,Partly Cloudy / Windy,15,15,41
17:22:08,Partly Cloudy / Windy,15,15,41
17:24:09,Partly Cloudy / Windy,15,15,41
17:26:09,Partly Cloudy / Windy,15,15,41
17:28:09,Partly Cloudy / Windy,15,15,41
17:30:08,Partly Cloudy / Windy,15,15,41
17:32:08,Partly Cloudy / Windy,15,15,41
17:34:09,Partly Cloudy / Windy,15,15,41
17:36:09,Partly Cloudy / Windy,15,15,41
17:38:09,Partly Cloudy / Windy,15,15,41
17:40:08,Partly Cloudy / Windy,15,15,41
17:42:09,Partly Cloudy / Windy,15,15,41
17:44:09,Partly Cloudy / Windy,15,15,41
17:46:08,Partly Cloudy / Windy,15,15,41
17:48:08,Partly Cloudy / Windy,15,15,41
17:50:08,Partly Cloudy / Windy,15,15,41
17:52:09,Partly Cloudy / Windy,15,15,41
17:54:09,Partly Cloudy / Windy,15,15,41
17:56:08,Partly Cloudy / Windy,15,15,41
17:58:09,Partly Cloudy / Windy,15,15,41
18:00:09,Partly Cloudy / Windy,15,15,41
18:02:08,Partly Cloudy / Windy,15,15,41
18:04:09,Partly Cloudy / Windy,15,15,41
18:06:09,Partly Cloudy / Windy,15,15,41
18:08:08,Partly Cloudy / Windy,15,15,41
18:10:08,Partly Cloudy / Windy,15,15,41
18:12:08,Partly Cloudy / Windy,13,13,38
18:14:09,Partly Cloudy / Windy,13,13,38
18:16:09,Partly Cloudy / Windy,13,13,38
18:18:08,Partly Cloudy / Windy,13,13,38
18:20:09,Partly Cloudy / Windy,13,13,38
18:22:08,Partly Cloudy / Windy,13,13,38
18:24:09,Partly Cloudy / Windy,13,13,38
18:26:09,Partly Cloudy / Windy,13,13,38
18:28:09,Partly Cloudy / Windy,13,13,38
18:30:09,Partly Cloudy / Windy,13,13,38
18:32:08,Partly Cloudy / Windy,13,13,38
18:34:09,Partly Cloudy / Windy,13,13,38
18:36:09,Partly Cloudy / Windy,13,13,38
18:38:08,Partly Cloudy / Windy,13,13,38
18:40:09,Partly Cloudy / Windy,13,13,38
18:42:09,Partly Cloudy / Windy,13,13,38
18:44:09,Partly Cloudy / Windy,13,13,38
18:46:08,Partly Cloudy / Windy,13,13,38
18:48:09,Partly Cloudy / Windy,13,13,38
18:50:09,Partly Cloudy / Windy,13,13,38
18:52:09,Partly Cloudy / Windy,13,13,38
18:54:09,Partly Cloudy / Windy,13,13,38
18:56:09,Partly Cloudy / Windy,13,13,38
18:58:08,Partly Cloudy / Windy,13,13,38
19:00:08,Partly Cloudy / Windy,13,13,38
19:02:09,Partly Cloudy / Windy,13,13,38
19:04:09,Partly Cloudy / Windy,13,13,38
19:06:08,Partly Cloudy / Windy,13,13,38
19:08:09,Partly Cloudy / Windy,13,13,38
19:10:09,Partly Cloudy / Windy,13,13,38
19:12:09,Partly Cloudy / Windy,13,13,38
19:14:09,Partly Cloudy / Windy,13,13,38
19:16:08,Partly Cloudy / Windy,13,13,38
19:18:09,Fair / Windy,13,13,33
19:20:08,Fair / Windy,13,13,33
19:22:09,Fair / Windy,13,13,33
19:24:09,Fair / Windy,13,13,33
19:26:08,Fair / Windy,13,13,33
19:28:09,Fair / Windy,13,13,33
19:30:08,Fair / Windy,13,13,33
19:32:09,Fair / Windy,13,13,33
19:34:09,Fair / Windy,13,13,33
19:36:09,Fair / Windy,13,13,33
19:38:08,Fair / Windy,13,13,33
19:40:09,Fair / Windy,13,13,33
19:42:08,Fair / Windy,13,13,33
19:44:09,Fair / Windy,13,13,33
19:46:08,Fair / Windy,13,13,33
19:48:09,Fair / Windy,13,13,33
19:50:09,Fair / Windy,13,13,33
19:52:08,Fair / Windy,13,13,33
19:54:08,Fair / Windy,13,13,33
19:56:09,Fair / Windy,13,13,33
19:58:09,Fair / Windy,13,13,33
20:00:09,Fair / Windy,13,13,33
20:02:08,Fair / Windy,13,13,33
20:04:09,Fair / Windy,13,13,33
20:06:09,Fair / Windy,13,13,33
20:08:09,Fair / Windy,13,13,33
20:10:08,Fair / Windy,13,13,33
20:12:09,Fair / Windy,13,13,33
20:14:09,Fair / Windy,12,12,33
20:16:09,Fair / Windy,12,12,33
20:18:08,Fair / Windy,12,12,33
20:20:09,Fair / Windy,12,12,33
20:22:09,Fair / Windy,12,12,33
20:24:08,Fair / Windy,12,12,33
20:26:08,Fair / Windy,12,12,33
20:28:09,Fair / Windy,12,12,33
20:30:09,Fair / Windy,12,12,33
20:32:09,Fair / Windy,12,12,33
20:34:09,Fair / Windy,12,12,33
20:36:09,Fair / Windy,12,12,33
20:38:08,Fair / Windy,12,12,33
20:40:09,Fair / Windy,12,12,33
20:42:09,Fair / Windy,12,12,33
20:44:08,Fair / Windy,12,12,33
20:46:09,Fair / Windy,12,12,33
20:48:09,Fair / Windy,12,12,33
20:50:09,Fair / Windy,12,12,33
20:52:08,Fair / Windy,12,12,33
20:54:09,Fair / Windy,12,12,33
20:56:09,Fair / Windy,12,12,33
20:58:09,Fair / Windy,12,12,33
21:00:09,Fair / Windy,12,12,33
21:02:09,Fair / Windy,12,12,33
21:04:09,Fair / Windy,12,12,33
21:06:09,Fair / Windy,12,12,33
21:08:09,Fair / Windy,12,12,33
21:10:09,Fair / Windy,12,12,33
21:12:09,Fair,10,10,32
21:14:08,Fair,10,10,32
21:16:09,Fair,10,10,32
21:18:09,Fair,10,10,32
21:20:08,Fair,10,10,32
21:22:09,Fair,10,10,32
21:24:09,Fair,10,10,32
21:26:08,Fair,10,10,32
21:28:09,Fair,10,10,32
21:30:08,Fair,10,10,32
21:32:09,Fair,10,10,32
21:34:09,Fair,10,10,32
21:36:09,Fair,10,10,32
21:38:09,Fair,10,10,32
21:40:09,Fair,10,10,32
21:42:09,Fair,10,10,32
21:44:09,Fair,10,10,32
21:46:08,Fair,10,10,32
21:48:09,Fair,10,10,32
21:50:09,Fair,10,10,32
21:52:09,Fair,10,10,32
21:54:08,Fair,10,10,32
21:56:09,Fair,10,10,32
21:58:09,Fair,10,10,32
22:00:09,Fair,10,10,32
22:02:09,Fair,10,10,32
22:04:09,Fair,10,10,32
22:06:09,Fair,10,10,32
22:08:08,Fair,10,10,32
22:10:09,Fair,10,10,32
22:12:09,Partly Cloudy,10,10,27
22:14:09,Partly Cloudy,10,10,27
22:16:08,Partly Cloudy,10,10,27
22:18:09,Partly Cloudy,10,10,27
22:20:09,Partly Cloudy,10,10,27
22:22:08,Partly Cloudy,10,10,27
22:24:09,Partly Cloudy,10,10,27
22:26:08,Partly Cloudy,10,10,27
22:28:09,Partly Cloudy,10,10,27
22:30:09,Partly Cloudy,10,10,27
22:32:09,Partly Cloudy,10,10,27
22:34:08,Partly Cloudy,10,10,27
22:36:09,Partly Cloudy,10,10,27
22:38:09,Partly Cloudy,10,10,27
22:40:09,Partly Cloudy,10,10,27
22:42:08,Partly Cloudy,10,10,27
22:44:09,Partly Cloudy,10,10,27
22:46:09,Partly Cloudy,10,10,27
22:48:09,Partly Cloudy,10,10,27
22:50:09,Partly Cloudy,10,10,27
22:52:09,Partly Cloudy,10,10,27
22:54:09,Partly Cloudy,10,10,27
22:56:08,Partly Cloudy,10,10,27
22:58:08,Partly Cloudy,10,10,27
23:00:09,Partly Cloudy,10,10,27
23:02:08,Partly Cloudy,10,10,27
23:04:09,Partly Cloudy,10,10,27
23:06:09,Partly Cloudy,10,10,27
23:08:09,Partly Cloudy,10,10,27
23:10:09,Partly Cloudy,10,10,27
23:12:08,Partly Cloudy,10,10,27
23:14:09,Partly Cloudy,10,10,27
23:16:09,Partly Cloudy,10,10,27
23:18:09,Partly Cloudy,10,10,27
23:20:08,Partly Cloudy,10,10,27
23:22:09,Partly Cloudy,10,10,27
23:24:09,Partly Cloudy,10,10,27
23:26:09,Partly Cloudy,10,10,27
23:28:08,Partly Cloudy,10,10,27
23:30:09,Partly Cloudy,10,10,27
23:32:09,Partly Cloudy,10,10,27
23:34:08,Partly Cloudy,10,10,27
23:36:08,Partly Cloudy,10,10,27
23:38:09,Partly Cloudy,10,10,27
23:40:09,Partly Cloudy,10,10,27
23:42:08,Partly Cloudy,10,10,27
23:44:09,Partly Cloudy,10,10,27
23:46:09,Partly Cloudy,10,10,27
23:48:09,Partly Cloudy,10,10,27
23:50:08,Partly Cloudy,10,10,27
23:52:09,Partly Cloudy,10,10,27
23:54:09,Partly Cloudy,10,10,27
23:56:09,Partly Cloudy,10,10,27
23:58:08,Partly Cloudy,10,10,27
