Time,Weather,Temperature,Feels_Like,Wind_Speed
00:00:09,Light Drizzle,7,5,8
00:02:09,Light Drizzle,7,5,8
00:04:09,Light Drizzle,7,5,8
00:06:08,Light Drizzle,7,5,8
00:08:09,Light Drizzle,7,5,8
00:10:08,Light Drizzle,7,5,8
00:12:09,Light Drizzle,7,5,8
00:14:09,Light Drizzle,7,5,8
00:16:09,Light Drizzle,7,5,8
00:18:09,Mostly Cloudy,6,6,4
00:20:08,Mostly Cloudy,6,6,4
00:22:09,Mostly Cloudy,6,6,4
00:24:09,Mostly Cloudy,6,6,4
00:26:08,Mostly Cloudy,6,6,4
00:28:08,Mostly Cloudy,6,6,4
00:30:09,Mostly Cloudy,6,6,4
00:32:09,Mostly Cloudy,6,6,4
00:34:09,Mostly Cloudy,6,6,4
00:36:09,Mostly Cloudy,6,6,4
00:38:08,Mostly Cloudy,6,6,4
00:40:08,Mostly Cloudy,6,6,4
00:42:09,Mostly Cloudy,6,6,4
00:44:08,Mostly Cloudy,6,6,4
00:46:09,Mostly Cloudy,6,6,4
00:48:09,Mostly Cloudy,6,6,4
00:50:08,Mostly Cloudy,6,6,4
00:52:08,Mostly Cloudy,6,6,4
00:54:09,Mostly Cloudy,6,6,4
00:56:08,Mostly Cloudy,6,6,4
00:58:09,Mostly Cloudy,6,6,4
01:00:17,Mostly Cloudy,6,6,4
01:02:08,Mostly Cloudy,6,6,4
01:04:09,Mostly Cloudy,6,6,4
01:06:09,Mostly Cloudy,6,6,4
01:08:08,Mostly Cloudy,6,6,4
01:10:09,Mostly Cloudy,6,6,4
01:12:09,Mostly Cloudy,6,6,4
01:14:09,Mostly Cloudy,6,6,4
01:16:08,Mostly Cloudy,6,6,4
01:18:09,Mostly Cloudy,5,2,12
01:20:08,Mostly Cloudy,5,2,12
01:22:08,Mostly Cloudy,5,2,12
01:24:09,Mostly Cloudy,5,2,12
01:26:09,Mostly Cloudy,5,2,12
01:28:09,Mostly Cloudy,5,2,12
01:30:09,Mostly Cloudy,5,2,12
01:32:09,Mostly Cloudy,5,2,12
01:34:08,Mostly Cloudy,5,2,12
01:36:09,Mostly Cloudy,5,2,12
01:38:09,Mostly Cloudy,5,2,12
01:40:08,Mostly Cloudy,5,2,12
01:42:09,Mostly Cloudy,5,2,12
01:44:08,Mostly Cloudy,5,2,12
01:46:09,Mostly Cloudy,5,2,12
01:48:09,Mostly Cloudy,5,2,12
01:50:09,Mostly Cloudy,5,2,12
01:52:09,Mostly Cloudy,5,2,12
01:54:09,Mostly Cloudy,5,2,12
01:56:09,Mostly Cloudy,5,2,12
01:58:09,Mostly Cloudy,5,2,12
02:00:09,Mostly Cloudy,5,2,12
02:02:08,Mostly Cloudy,5,2,12
02:04:09,Mostly Cloudy,5,2,12
02:06:09,Mostly Cloudy,5,2,12
02:08:08,Mostly Cloudy,5,2,12
02:10:09,Mostly Cloudy,5,2,12
02:12:09,Mostly Cloudy,6,3,12
02:14:08,Mostly Cloudy,6,3,12
02:16:09,Mostly Cloudy,6,3,12
02:18:08,Mostly Cloudy,6,3,12
02:20:09,Mostly Cloudy,6,3,12
02:22:09,Mostly Cloudy,6,3,12
02:24:08,Mostly Cloudy,6,3,12
02:26:09,Mostly Cloudy,6,3,12
02:28:08,Mostly Cloudy,6,3,12
02:30:09,Mostly Cloudy,6,3,12
02:32:08,Mostly Cloudy,6,3,12
02:34:09,Mostly Cloudy,6,3,12
02:36:08,Mostly Cloudy,6,3,12
02:38:09,Mostly Cloudy,6,3,12
02:40:09,Mostly Cloudy,6,3,12
02:42:08,Mostly Cloudy,6,3,12
02:44:09,Mostly Cloudy,6,3,12
02:46:09,Mostly Cloudy,6,3,12
02:48:08,Mostly Cloudy,6,3,12
02:50:09,Mostly Cloudy,6,3,12
02:52:08,Mostly Cloudy,6,3,12
02:54:08,Mostly Cloudy,6,3,12
02:56:09,Mostly Cloudy,6,3,12
02:58:08,Mostly Cloudy,6,3,12
03:00:09,Mostly Cloudy,6,3,12
03:02:09,Mostly Cloudy,6,3,12
03:04:09,Mostly Cloudy,6,3,12
03:06:08,Mostly Cloudy,6,3,12
03:08:09,Mostly Cloudy,6,3,12
03:10:08,Mostly Cloudy,6,3,12
03:12:09,Mist,6,2,16
03:14:09,Mist,6,2,16
03:16:08,Mist,6,2,16
03:18:09,Mist,6,2,16
03:20:09,Mist,6,2,16
03:22:09,Mist,6,2,16
03:24:08,Mist,6,2,16
03:26:09,Mist,6,2,16
03:28:08,Mist,6,2,16
03:30:09,Mist,6,2,16
03:32:08,Mist,6,2,16
03:34:09,Mist,6,2,16
03:36:08,Mist,6,2,16
03:38:09,Mist,6,2,16
03:40:09,Mist,6,2,16
03:42:08,Mist,6,2,16
03:44:09,Mist,6,2,16
03:46:09,Mist,6,2,16
03:48:09,Mist,6,2,16
03:50:09,Mist,6,2,16
03:52:08,Mist,6,2,16
03:54:09,Mist,6,2,16
03:56:09,Mist,6,2,16
03:58:08,Mist,6,2,16
04:00:09,Mist,6,2,16
04:02:08,Mist,6,2,16
04:04:09,Mist,6,2,16
04:06:09,Mist,6,2,16
04:08:08,Mist,6,2,16
04:10:08,Mist,6,2,16
04:12:09,Partly Cloudy,5,1,14
04:14:08,Partly Cloudy,5,1,14
04:16:09,Partly Cloudy,5,1,14
04:18:08,Partly Cloudy,5,1,14
04:20:09,Partly Cloudy,5,1,14
04:22:09,Partly Cloudy,5,1,14
04:24:09,Partly Cloudy,5,1,14
04:26:09,Partly Cloudy,5,1,14
04:28:09,Partly Cloudy,5,1,14
04:30:09,Partly Cloudy,5,1,14
04:32:09,Partly Cloudy,5,1,14
04:34:09,Partly Cloudy,5,1,14
04:36:09,Partly Cloudy,5,1,14
04:38:08,Partly Cloudy,5,1,14
04:40:09,Partly Cloudy,5,1,14
04:42:09,Partly Cloudy,5,1,14
04:44:09,Partly Cloudy,5,1,14
04:46:08,Partly Cloudy,5,1,14
04:48:09,Partly Cloudy,5,1,14
04:50:09,Partly Cloudy,5,1,14
04:52:08,Partly Cloudy,5,1,14
04:54:09,Partly Cloudy,5,1,14
04:56:09,Partly Cloudy,5,1,14
04:58:09,Partly Cloudy,5,1,14
05:00:09,Partly Cloudy,5,1,14
05:02:09,Partly Cloudy,5,1,14
05:04:09,Partly Cloudy,5,1,14
05:06:08,Partly Cloudy,5,1,14
05:08:09,Partly Cloudy,5,1,14
05:10:09,Partly Cloudy,5,1,14
05:12:08,Fair,5,2,11
05:14:09,Fair,5,2,11
05:16:08,Fair,5,2,11
05:18:08,Fair,5,2,11
05:20:09,Fair,5,2,11
05:22:08,Fair,5,2,11
05:24:08,Fair,5,2,11
05:26:09,Fair,5,2,11
05:28:08,Fair,5,2,11
05:30:09,Fair,5,2,11
05:32:08,Fair,5,2,11
05:34:09,Fair,5,2,11
05:36:09,Fair,5,2,11
05:38:08,Fair,5,2,11
05:40:08,Fair,5,2,11
05:42:09,Fair,5,2,11
05:44:08,Fair,5,2,11
05:46:09,Fair,5,2,11
05:48:08,Fair,5,2,11
05:50:09,Fair,5,2,11
05:52:09,Fair,5,2,11
05:54:08,Fair,5,2,11
05:56:09,Fair,5,2,11
05:58:09,Fair,5,2,11
06:00:08,Fair,5,2,11
06:02:09,Fair,5,2,11
06:04:09,Fair,5,2,11
06:06:08,Fair,5,2,11
06:08:09,Fair,5,2,11
06:10:09,Fair,5,2,11
06:12:08,Fair,3,1,9
06:14:09,Fair,3,1,9
06:16:09,Fair,3,1,9
06:18:08,Fair,3,1,9
06:20:09,Fair,3,1,9
06:22:09,Fair,3,1,9
06:24:08,Fair,3,1,9
06:26:08,Fair,3,1,9
06:28:09,Fair,3,1,9
06:30:09,Fair,3,1,9
06:32:08,Fair,3,1,9
06:34:09,Fair,3,1,9
06:36:08,Fair,3,1,9
06:38:09,Fair,3,1,9
06:40:09,Fair,3,1,9
06:42:09,Fair,3,1,9
06:44:09,Fair,3,1,9
06:46:09,Fair,3,1,9
06:48:09,Fair,3,1,9
06:50:09,Fair,3,1,9
06:52:09,Fair,3,1,9
06:54:09,Fair,3,1,9
06:56:09,Fair,3,1,9
06:58:09,Fair,3,1,9
07:00:08,Fair,3,1,9
07:02:09,Fair,3,1,9
07:04:08,Fair,3,1,9
07:06:08,Fair,3,1,9
07:08:09,Fair,3,1,9
07:10:08,Fair,3,1,9
07:12:09,Fair,3,1,9
07:14:09,Fair,3,1,9
07:16:09,Fair,3,1,9
07:18:08,Fair,6,3,12
07:20:09,Fair,6,3,12
07:22:09,Fair,6,3,12
07:24:08,Fair,6,3,12
07:26:09,Fair,6,3,12
07:28:08,Fair,6,3,12
07:30:09,Fair,6,3,12
07:32:08,Fair,6,3,12
07:34:08,Fair,6,3,12
07:36:09,Fair,6,3,12
07:38:08,Fair,6,3,12
07:40:09,Fair,6,3,12
07:42:09,Fair,6,3,12
07:44:09,Fair,6,3,12
07:46:09,Fair,6,3,12
07:48:09,Fair,6,3,12
07:50:09,Fair,6,3,12
07:52:08,Fair,6,3,12
07:54:09,Fair,6,3,12
07:56:09,Fair,6,3,12
07:58:08,Fair,6,3,12
08:00:09,Fair,6,3,12
08:02:09,Fair,6,3,12
08:04:09,Fair,6,3,12
08:06:09,Fair,6,3,12
08:08:08,Fair,6,3,12
08:10:09,Fair,6,3,12
08:12:09,Mostly Cloudy,7,4,24
08:14:09,Mostly Cloudy,7,4,24
08:16:09,Mostly Cloudy,7,4,24
08:18:08,Mostly Cloudy,7,4,24
08:20:09,Mostly Cloudy,7,4,24
08:22:09,Mostly Cloudy,7,4,24
08:24:08,Mostly Cloudy,7,4,24
08:26:09,Mostly Cloudy,7,4,24
08:28:09,Mostly Cloudy,7,4,24
08:30:08,Mostly Cloudy,7,4,24
08:32:09,Mostly Cloudy,7,4,24
08:34:08,Mostly Cloudy,7,4,24
08:36:09,Mostly Cloudy,7,4,24
08:38:09,Mostly Cloudy,7,4,24
08:40:08,Mostly Cloudy,7,4,24
08:42:09,Mostly Cloudy,7,5,19
08:44:09,Mostly Cloudy,7,5,19
08:46:08,Mostly Cloudy,7,5,19
08:48:09,Mostly Cloudy,7,5,19
08:50:08,Mostly Cloudy,7,5,19
08:52:09,Mostly Cloudy,7,5,19
08:54:09,Mostly Cloudy,7,5,19
08:56:08,Mostly Cloudy,7,5,19
08:58:09,Mostly Cloudy,7,5,19
09:00:08,Mostly Cloudy,7,5,19
09:02:09,Mostly Cloudy,7,5,19
09:04:09,Mostly Cloudy,7,5,19
09:06:08,Mostly Cloudy,7,5,19
09:08:08,Mostly Cloudy,7,5,19
09:10:09,Mostly Cloudy,7,5,19
09:12:08,Mostly Cloudy,7,6,11
09:14:09,Mostly Cloudy,7,6,11
09:16:09,Mostly Cloudy,7,6,11
09:18:09,Mostly Cloudy,7,6,11
09:20:08,Mostly Cloudy,7,6,11
09:22:09,Mostly Cloudy,7,6,11
09:24:09,Mostly Cloudy,7,6,11
09:26:09,Mostly Cloudy,7,6,11
09:28:09,Mostly Cloudy,7,6,11
09:30:08,Mostly Cloudy,7,6,11
09:32:09,Mostly Cloudy,7,6,11
09:34:09,Mostly Cloudy,7,6,11
09:36:09,Mostly Cloudy,7,6,11
09:38:08,Mostly Cloudy,7,6,11
09:40:09,Mostly Cloudy,7,6,11
09:42:09,Mostly Cloudy,7,6,11
09:44:08,Mostly Cloudy,7,6,11
09:46:08,Mostly Cloudy,7,6,11
09:48:09,Mostly Cloudy,7,4,24
09:50:09,Mostly Cloudy,7,4,24
09:52:09,Mostly Cloudy,7,4,24
09:54:09,Mostly Cloudy,7,4,24
09:56:08,Mostly Cloudy,7,4,24
09:58:09,Mostly Cloudy,7,4,24
10:00:08,Mostly Cloudy,7,4,24
10:02:09,Mostly Cloudy,7,4,24
10:04:08,Mostly Cloudy,7,4,24
10:06:09,Mostly Cloudy,7,4,24
10:08:08,Mostly Cloudy,7,4,24
10:10:09,Mostly Cloudy,7,4,24
10:12:09,Mostly Cloudy,8,6,22
10:14:08,Mostly Cloudy,8,6,22
10:16:09,Mostly Cloudy,8,6,22
10:18:08,Mostly Cloudy,8,6,22
10:20:09,Mostly Cloudy,8,6,22
10:22:08,Mostly Cloudy,8,6,22
10:24:09,Mostly Cloudy,8,6,22
10:26:09,Mostly Cloudy,8,6,22
10:28:08,Mostly Cloudy,8,6,22
10:30:08,Mostly Cloudy,8,6,22
10:32:08,Mostly Cloudy,8,6,22
10:34:09,Mostly Cloudy,8,6,22
10:36:08,Mostly Cloudy,8,6,22
10:38:09,Mostly Cloudy,8,6,22
10:40:08,Mostly Cloudy,8,6,22
10:42:09,Mostly Cloudy,8,5,28
10:44:09,Mostly Cloudy,8,5,28
10:46:08,Mostly Cloudy,8,5,28
10:48:09,Mostly Cloudy,8,5,28
10:50:08,Mostly Cloudy,8,5,28
10:52:09,Mostly Cloudy,8,5,28
10:54:09,Mostly Cloudy,8,5,28
10:56:09,Mostly Cloudy,8,5,28
10:58:08,Mostly Cloudy,8,5,28
11:00:09,Mostly Cloudy,8,5,28
11:02:08,Mostly Cloudy,8,5,28
11:04:09,Mostly Cloudy,8,5,28
11:06:09,Mostly Cloudy,8,5,28
11:08:08,Mostly Cloudy,8,5,28
11:10:09,Mostly Cloudy,8,6,20
11:12:08,Mostly Cloudy,8,6,20
11:14:09,Mostly Cloudy,8,6,20
11:16:08,Mostly Cloudy,8,6,20
11:18:09,Mostly Cloudy,8,6,20
11:20:08,Mostly Cloudy,8,6,20
11:22:09,Mostly Cloudy,8,6,20
11:24:08,Mostly Cloudy,8,6,20
11:26:08,Mostly Cloudy,8,6,20
11:28:09,Mostly Cloudy,8,6,20
11:30:08,Mostly Cloudy,8,6,20
11:32:09,Mostly Cloudy,8,6,20
11:34:09,Mostly Cloudy,8,6,20
11:36:09,Mostly Cloudy,8,6,20
11:38:09,Mostly Cloudy,8,6,20
11:40:09,Mostly Cloudy,8,6,20
11:42:09,Mostly Cloudy,8,6,20
11:44:08,Mostly Cloudy,8,6,20
11:46:09,Mostly Cloudy,8,6,20
11:48:09,Mostly Cloudy,8,6,20
11:50:08,Mostly Cloudy,8,6,20
11:52:09,Mostly Cloudy,8,6,20
11:54:09,Mostly Cloudy,8,6,20
11:56:09,Mostly Cloudy,8,6,20
11:58:08,Mostly Cloudy,8,6,20
12:00:09,Mostly Cloudy,8,6,20
12:02:09,Mostly Cloudy,8,6,20
12:04:08,Mostly Cloudy,8,6,20
12:06:08,Mostly Cloudy,8,6,20
12:08:09,Mostly Cloudy,8,6,20
12:10:08,Mostly Cloudy,8,6,20
12:12:09,Mostly Cloudy,8,6,20
12:14:09,Mostly Cloudy,8,6,19
12:16:09,Mostly Cloudy,8,6,19
12:18:08,Mostly Cloudy,8,6,19
12:20:09,Mostly Cloudy,8,6,19
12:22:08,Mostly Cloudy,8,6,19
12:24:09,Mostly Cloudy,8,6,19
12:26:09,Mostly Cloudy,8,6,19
12:28:09,Mostly Cloudy,8,6,19
12:30:09,Mostly Cloudy,8,6,19
12:32:08,Mostly Cloudy,8,6,19
12:34:09,Mostly Cloudy,8,6,19
12:36:08,Mostly Cloudy,8,6,19
12:38:09,Mostly Cloudy,8,6,19
12:40:09,Mostly Cloudy,8,6,19
12:42:09,Mostly Cloudy,8,6,19
12:44:09,Mostly Cloudy,8,6,22
12:46:08,Mostly Cloudy,8,6,22
12:48:08,Mostly Cloudy,8,6,22
12:50:09,Mostly Cloudy,8,6,22
12:52:09,Mostly Cloudy,8,6,22
12:54:09,Mostly Cloudy,8,6,22
12:56:08,Mostly Cloudy,8,6,22
12:58:09,Mostly Cloudy,8,6,22
13:00:08,Mostly Cloudy,8,6,22
13:02:09,Mostly Cloudy,8,6,22
13:04:09,Mostly Cloudy,8,6,22
13:06:09,Mostly Cloudy,8,6,22
13:08:08,Mostly Cloudy,8,6,22
13:10:09,Mostly Cloudy,8,6,22
13:12:09,Mostly Cloudy,8,6,22
13:14:08,Mostly Cloudy,10,10,19
13:16:09,Mostly Cloudy,10,10,19
13:18:09,Mostly Cloudy,10,10,19
13:20:08,Mostly Cloudy,10,10,19
13:22:09,Mostly Cloudy,10,10,19
13:24:09,Mostly Cloudy,10,10,19
13:26:09,Mostly Cloudy,10,10,19
13:28:08,Mostly Cloudy,10,10,19
13:30:09,Mostly Cloudy,10,10,19
13:32:09,Mostly Cloudy,10,10,19
13:34:08,Mostly Cloudy,10,10,19
13:36:09,Mostly Cloudy,10,10,19
13:38:09,Mostly Cloudy,10,10,8
13:40:08,Mostly Cloudy,10,10,8
13:42:09,Mostly Cloudy,10,10,8
13:44:08,Mostly Cloudy,10,10,8
13:46:09,Mostly Cloudy,10,10,8
13:48:09,Mostly Cloudy,10,10,8
13:50:08,Mostly Cloudy,10,10,8
13:52:09,Mostly Cloudy,10,10,8
13:54:09,Mostly Cloudy,10,10,8
13:56:08,Mostly Cloudy,10,10,8
13:58:09,Mostly Cloudy,10,10,8
14:00:08,Mostly Cloudy,10,10,8
14:02:09,Mostly Cloudy,10,10,8
14:04:08,Mostly Cloudy,10,10,8
14:06:09,Mostly Cloudy,10,10,8
14:08:08,Mostly Cloudy,10,10,8
14:10:09,Mostly Cloudy,10,10,8
14:12:09,Mostly Cloudy,10,10,8
14:14:09,Mostly Cloudy,10,10,8
14:16:08,Mostly Cloudy,10,10,8
14:18:09,Mostly Cloudy,10,10,8
14:20:08,Mostly Cloudy,10,10,8
14:22:09,Mostly Cloudy,10,10,8
14:24:08,Mostly Cloudy,10,10,8
14:26:09,Mostly Cloudy,10,10,8
14:28:09,Mostly Cloudy,10,10,8
14:30:09,Mostly Cloudy,10,10,8
14:32:09,Mostly Cloudy,10,10,8
14:34:08,Mostly Cloudy,10,10,8
14:36:09,Mostly Cloudy,10,10,8
14:38:09,Mostly Cloudy,10,10,8
14:40:09,Mostly Cloudy,10,10,8
14:42:09,Mostly Cloudy,10,10,8
14:44:08,Mostly Cloudy,11,11,11
14:46:09,Mostly Cloudy,11,11,11
14:48:08,Mostly Cloudy,11,11,11
14:50:09,Mostly Cloudy,11,11,11
14:52:09,Mostly Cloudy,11,11,11
14:54:08,Mostly Cloudy,11,11,11
14:56:09,Mostly Cloudy,11,11,11
14:58:09,Mostly Cloudy,11,11,11
15:00:09,Mostly Cloudy,11,11,11
15:02:08,Mostly Cloudy,11,11,11
15:04:09,Mostly Cloudy,11,11,11
15:06:09,Mostly Cloudy,11,11,11
15:08:09,Mostly Cloudy,11,11,11
15:10:09,Mostly Cloudy,11,11,11
15:12:09,Mostly Cloudy,11,11,11
15:14:09,Mostly Cloudy,11,11,20
15:16:09,Mostly Cloudy,11,11,20
15:18:09,Mostly Cloudy,11,11,20
15:20:09,Mostly Cloudy,11,11,20
15:22:09,Mostly Cloudy,11,11,20
15:24:09,Mostly Cloudy,11,11,20
15:26:09,Mostly Cloudy,11,11,20
15:28:09,Mostly Cloudy,11,11,20
15:30:09,Mostly Cloudy,11,11,20
15:32:08,Mostly Cloudy,11,11,20
15:34:08,Mostly Cloudy,11,11,20
15:36:09,Mostly Cloudy,11,11,20
15:38:09,Mostly Cloudy,11,11,20
15:40:09,Mostly Cloudy,11,11,20
15:42:09,Mostly Cloudy,11,11,20
15:44:09,Mostly Cloudy,11,11,19
15:46:09,Mostly Cloudy,11,11,19
15:48:09,Mostly Cloudy,11,11,19
15:50:09,Mostly Cloudy,11,11,19
15:52:09,Mostly Cloudy,11,11,19
15:54:08,Mostly Cloudy,11,11,19
15:56:09,Mostly Cloudy,11,11,19
15:58:08,Mostly Cloudy,11,11,19
16:00:09,Mostly Cloudy,11,11,19
16:02:09,Mostly Cloudy,11,11,19
16:04:08,Mostly Cloudy,11,11,19
16:06:09,Mostly Cloudy,11,11,19
16:08:09,Mostly Cloudy,11,11,19
16:10:09,Mostly Cloudy,11,11,19
16:12:09,Mostly Cloudy,11,11,19
16:14:09,Mostly Cloudy,11,11,22
16:16:08,Mostly Cloudy,11,11,22
16:18:09,Mostly Cloudy,11,11,22
16:20:09,Mostly Cloudy,11,11,22
16:22:09,Mostly Cloudy,11,11,22
16:24:08,Mostly Cloudy,11,11,22
16:26:09,Mostly Cloudy,11,11,22
16:28:08,Mostly Cloudy,11,11,22
16:30:08,Mostly Cloudy,11,11,22
16:32:09,Mostly Cloudy,11,11,22
16:34:09,Mostly Cloudy,11,11,22
16:36:09,Mostly Cloudy,11,11,22
16:38:09,Mostly Cloudy,11,11,22
16:40:08,Mostly Cloudy,11,11,22
16:42:09,Mostly Cloudy,11,11,22
16:44:09,Mostly Cloudy,10,10,16
16:46:08,Mostly Cloudy,10,10,16
16:48:09,Mostly Cloudy,10,10,16
16:50:08,Mostly Cloudy,10,10,16
16:52:09,Mostly Cloudy,10,10,16
16:54:08,Mostly Cloudy,10,10,16
16:56:08,Mostly Cloudy,10,10,16
16:58:09,Mostly Cloudy,10,10,16
17:00:08,Mostly Cloudy,10,10,16
17:02:09,Mostly Cloudy,10,10,16
17:04:08,Mostly Cloudy,10,10,16
17:06:09,Mostly Cloudy,10,10,16
17:08:09,Mostly Cloudy,10,10,16
17:10:08,Mostly Cloudy,10,10,16
17:12:09,Mostly Cloudy,10,10,16
17:14:09,Mostly Cloudy,10,10,22
17:16:08,Mostly Cloudy,10,10,22
17:18:09,Mostly Cloudy,10,10,22
17:20:09,Mostly Cloudy,10,10,22
17:22:09,Mostly Cloudy,10,10,22
17:24:09,Mostly Cloudy,10,10,22
17:26:08,Mostly Cloudy,10,10,22
17:28:09,Mostly Cloudy,10,10,22
17:30:09,Mostly Cloudy,10,10,22
17:32:09,Mostly Cloudy,10,10,22
17:34:09,Mostly Cloudy,10,10,22
17:36:09,Mostly Cloudy,10,10,22
17:38:09,Mostly Cloudy,10,10,22
17:40:08,Mostly Cloudy,10,10,22
17:42:09,Mostly Cloudy,10,10,22
17:44:08,Mostly Cloudy,10,10,22
17:46:09,Mostly Cloudy,10,10,22
17:48:08,Mostly Cloudy,10,10,22
17:50:09,Mostly Cloudy,10,10,22
17:52:08,Mostly Cloudy,10,10,22
17:54:08,Mostly Cloudy,10,10,22
17:56:09,Mostly Cloudy,10,10,22
17:58:08,Mostly Cloudy,10,10,22
18:00:09,Mostly Cloudy,10,10,22
18:02:09,Mostly Cloudy,10,10,22
18:04:08,Mostly Cloudy,10,10,22
18:06:09,Mostly Cloudy,10,10,22
18:08:09,Mostly Cloudy,10,10,22
18:10:09,Mostly Cloudy,10,10,22
18:12:09,Mostly Cloudy,10,10,22
18:14:08,Mostly Cloudy,11,11,28
18:16:09,Mostly Cloudy,11,11,28
18:18:08,Mostly Cloudy,11,11,28
18:20:09,Mostly Cloudy,11,11,28
18:22:09,Mostly Cloudy,11,11,28
18:24:08,Mostly Cloudy,11,11,28
18:26:08,Mostly Cloudy,11,11,28
18:28:09,Mostly Cloudy,11,11,28
18:30:09,Mostly Cloudy,11,11,28
18:32:08,Mostly Cloudy,11,11,28
18:34:09,Mostly Cloudy,11,11,28
18:36:09,Mostly Cloudy,11,11,28
18:38:09,Mostly Cloudy,11,11,28
18:40:08,Mostly Cloudy,11,11,28
18:42:09,Mostly Cloudy,11,11,28
18:44:08,Mostly Cloudy,11,11,28
18:46:09,Mostly Cloudy,11,11,28
18:48:09,Mostly Cloudy,11,11,28
18:50:08,Mostly Cloudy,11,11,28
18:52:09,Mostly Cloudy,11,11,28
18:54:08,Mostly Cloudy,11,11,28
18:56:09,Mostly Cloudy,11,11,28
18:58:08,Mostly Cloudy,11,11,28
19:00:09,Mostly Cloudy,11,11,28
19:02:09,Mostly Cloudy,11,11,28
19:04:08,Mostly Cloudy,11,11,28
19:06:09,Mostly Cloudy,11,11,28
19:08:08,Mostly Cloudy,11,11,28
19:10:09,Mostly Cloudy,11,11,28
19:12:09,Mostly Cloudy,11,11,28
19:14:09,Mostly Cloudy / Windy,11,11,38
19:16:09,Mostly Cloudy / Windy,11,11,38
19:18:08,Mostly Cloudy / Windy,11,11,38
19:20:09,Mostly Cloudy / Windy,11,11,38
19:22:09,Mostly Cloudy / Windy,11,11,38
19:24:09,Mostly Cloudy / Windy,11,11,38
19:26:09,Mostly Cloudy / Windy,11,11,38
19:28:09,Mostly Cloudy / Windy,11,11,38
19:30:09,Mostly Cloudy / Windy,11,11,38
19:32:09,Mostly Cloudy / Windy,11,11,38
19:34:09,Mostly Cloudy / Windy,11,11,38
19:36:09,Mostly Cloudy / Windy,11,11,38
19:38:08,Mostly Cloudy / Windy,11,11,38
19:40:09,Mostly Cloudy / Windy,11,11,38
19:42:08,Mostly Cloudy / Windy,11,11,38
19:44:09,Mostly Cloudy / Windy,11,11,38
19:46:09,Mostly Cloudy / Windy,11,11,38
19:48:09,Mostly Cloudy / Windy,11,11,38
19:50:09,Mostly Cloudy / Windy,11,11,38
19:52:09,Mostly Cloudy / Windy,11,11,38
19:54:09,Mostly Cloudy / Windy,11,11,38
19:56:08,Mostly Cloudy / Windy,11,11,38
19:58:09,Mostly Cloudy / Windy,11,11,38
20:00:08,Mostly Cloudy / Windy,11,11,38
20:02:09,Mostly Cloudy / Windy,11,11,38
20:04:08,Mostly Cloudy / Windy,11,11,38
20:06:09,Mostly Cloudy / Windy,11,11,38
20:08:08,Mostly Cloudy / Windy,11,11,38
20:10:09,Mostly Cloudy / Windy,11,11,38
20:12:08,Mostly Cloudy / Windy,11,11,38
20:14:09,Mostly Cloudy,11,11,28
20:16:09,Mostly Cloudy,11,11,28
20:18:08,Mostly Cloudy,11,11,28
20:20:09,Mostly Cloudy,11,11,28
20:22:08,Mostly Cloudy,11,11,28
20:24:09,Mostly Cloudy,11,11,28
20:26:09,Mostly Cloudy,11,11,28
20:28:09,Mostly Cloudy,11,11,28
20:30:08,Mostly Cloudy,11,11,28
20:32:08,Mostly Cloudy,11,11,28
20:34:09,Mostly Cloudy,11,11,28
20:36:09,Mostly Cloudy,11,11,28
20:38:08,Mostly Cloudy,11,11,28
20:40:08,Mostly Cloudy,11,11,28
20:42:09,Mostly Cloudy,11,11,28
20:44:09,Mostly Cloudy,11,11,28
20:46:09,Mostly Cloudy,11,11,28
20:48:09,Mostly Cloudy,11,11,28
20:50:08,Mostly Cloudy,11,11,28
20:52:09,Mostly Cloudy,11,11,28
20:54:08,Mostly Cloudy,11,11,28
20:56:09,Mostly Cloudy,11,11,28
20:58:09,Mostly Cloudy,11,11,28
21:00:09,Mostly Cloudy,11,11,28
21:02:09,Mostly Cloudy,11,11,28
21:04:08,Mostly Cloudy,11,11,28
21:06:09,Mostly Cloudy,11,11,28
21:08:08,Mostly Cloudy,11,11,28
21:10:09,Mostly Cloudy,11,11,28
21:12:08,Mostly Cloudy,11,11,28
21:14:09,Mostly Cloudy,11,11,25
21:16:08,Mostly Cloudy,11,11,25
21:18:09,Mostly Cloudy,11,11,25
21:20:09,Mostly Cloudy,11,11,25
21:22:08,Mostly Cloudy,11,11,25
21:24:09,Mostly Cloudy,11,11,25
21:26:09,Mostly Cloudy,11,11,25
21:28:08,Mostly Cloudy,11,11,25
21:30:09,Mostly Cloudy,11,11,25
21:32:08,Mostly Cloudy,11,11,25
21:34:08,Mostly Cloudy,11,11,25
21:36:09,Mostly Cloudy,11,11,25
21:38:09,Mostly Cloudy,11,11,25
21:40:08,Mostly Cloudy,11,11,25
21:42:09,Mostly Cloudy,11,11,25
21:44:09,Mostly Cloudy,11,11,25
21:46:09,Mostly Cloudy,11,11,25
21:48:09,Mostly Cloudy,11,11,25
21:50:09,Mostly Cloudy,11,11,25
21:52:08,Mostly Cloudy,11,11,25
21:54:09,Mostly Cloudy,11,11,25
21:56:09,Mostly Cloudy,11,11,25
21:58:09,Mostly Cloudy,11,11,25
22:00:09,Mostly Cloudy,11,11,25
22:02:08,Mostly Cloudy,11,11,25
22:04:09,Mostly Cloudy,11,11,25
22:06:08,Mostly Cloudy,11,11,25
22:08:09,Mostly Cloudy,11,11,25
22:10:09,Mostly Cloudy,11,11,25
22:12:09,Mostly Cloudy,11,11,25
22:14:09,Mostly Cloudy,12,12,28
22:16:09,Mostly Cloudy,12,12,28
22:18:08,Mostly Cloudy,12,12,28
22:20:09,Mostly Cloudy,12,12,28
22:22:09,Mostly Cloudy,12,12,28
22:24:09,Mostly Cloudy,12,12,28
22:26:09,Mostly Cloudy,12,12,28
22:28:08,Mostly Cloudy,12,12,28
22:30:09,Mostly Cloudy,12,12,28
22:32:09,Mostly Cloudy,12,12,28
22:34:08,Mostly Cloudy,12,12,28
22:36:09,Mostly Cloudy,12,12,28
22:38:09,Mostly Cloudy,12,12,28
22:40:09,Mostly Cloudy,12,12,28
22:42:09,Mostly Cloudy,12,12,28
22:44:09,Mostly Cloudy,12,12,28
22:46:09,Mostly Cloudy,12,12,28
22:48:09,Mostly Cloudy,12,12,28
22:50:09,Mostly Cloudy,12,12,28
22:52:09,Mostly Cloudy,12,12,28
22:54:09,Mostly Cloudy,12,12,28
22:56:09,Mostly Cloudy,12,12,28
22:58:09,Mostly Cloudy,12,12,28
23:00:09,Mostly Cloudy,12,12,28
23:02:09,Mostly Cloudy,12,12,28
23:04:08,Mostly Cloudy,12,12,28
23:06:08,Mostly Cloudy,12,12,28
23:08:09,Mostly Cloudy,12,12,28
23:10:08,Mostly Cloudy,12,12,28
23:12:09,Mostly Cloudy,12,12,28
23:14:09,Mostly Cloudy,12,12,28
23:16:08,Mostly Cloudy,12,12,28
23:18:09,Mostly Cloudy,12,12,28
23:20:09,Mostly Cloudy,12,12,28
23:22:09,Mostly Cloudy,12,12,28
23:24:09,Mostly Cloudy,12,12,28
23:26:09,Mostly Cloudy,12,12,28
23:28:08,Mostly Cloudy,12,12,28
23:30:09,Mostly Cloudy,12,12,28
23:32:08,Mostly Cloudy,12,12,28
23:34:09,Mostly Cloudy,12,12,28
23:36:09,Mostly Cloudy,12,12,28
23:38:09,Mostly Cloudy,12,12,28
23:40:09,Mostly Cloudy,12,12,28
23:42:08,Mostly Cloudy,12,12,28
23:44:09,Mostly Cloudy,12,12,28
23:46:09,Mostly Cloudy,12,12,28
23:48:09,Mostly Cloudy,12,12,28
23:50:09,Mostly Cloudy,12,12,28
23:52:09,Mostly Cloudy,12,12,28
23:54:09,Mostly Cloudy,12,12,28
23:56:09,Mostly Cloudy,12,12,28
23:58:09,Mostly Cloudy,12,12,28
