Time,Weather,Temperature,Feels_Like,Wind_Speed
00:00:08,Fair,7,5,11
00:02:08,Fair,7,5,11
00:04:08,Fair,7,5,11
00:06:09,Fair,7,5,11
00:08:09,Fair,7,5,11
00:10:09,Fair,7,5,11
00:12:08,Fair,7,5,11
00:14:09,Fair,7,5,11
00:16:09,Fair,7,5,8
00:18:09,Fair,7,5,8
00:20:09,Fair,7,5,8
00:22:09,Fair,7,5,8
00:24:08,Fair,7,5,8
00:26:08,Fair,7,5,8
00:28:09,Fair,7,5,8
00:30:09,Fair,7,5,8
00:32:08,Fair,7,5,8
00:34:08,Fair,7,5,8
00:36:09,Fair,7,5,8
00:38:09,Fair,7,5,8
00:40:08,Fair,7,5,8
00:42:09,Fair,7,5,8
00:44:09,Fair,7,5,8
00:46:09,Fair,7,5,8
00:48:08,Fair,7,5,8
00:50:09,Fair,7,5,8
00:52:09,Fair,7,5,8
00:54:09,Fair,7,5,8
00:56:08,Fair,7,5,8
00:58:08,Fair,7,5,8
01:00:16,Fair,7,5,8
01:02:09,Fair,7,5,8
01:04:08,Fair,7,5,8
01:06:09,Fair,7,5,8
01:08:09,Fair,7,5,8
01:10:08,Fair,7,5,8
01:12:09,Fair,7,5,8
01:14:09,Fair,7,5,8
01:16:09,Fair,7,5,8
01:18:09,Fair,7,5,8
01:20:09,Fair,7,5,8
01:22:09,Fair,7,5,8
01:24:09,Fair,7,5,8
01:26:09,Fair,7,5,8
01:28:09,Fair,7,5,8
01:30:08,Fair,7,5,8
01:32:08,Fair,7,5,8
01:34:09,Fair,7,5,8
01:36:08,Fair,7,5,8
01:38:08,Fair,7,5,8
01:40:09,Fair,7,5,8
01:42:08,Fair,7,5,8
01:44:09,Fair,7,5,8
01:46:09,Fair,7,5,8
01:48:08,Fair,7,5,8
01:50:08,Fair,7,5,8
01:52:09,Fair,7,5,8
01:54:09,Fair,7,5,8
01:56:08,Fair,7,5,8
01:58:09,Fair,7,5,8
02:00:09,Fair,7,5,8
02:02:08,Fair,7,5,8
02:04:08,Fair,7,5,8
02:06:09,Fair,7,5,8
02:08:09,Fair,7,5,8
02:10:08,Partly Cloudy,7,7,4
02:12:08,Partly Cloudy,7,7,4
02:14:09,Partly Cloudy,7,7,4
02:16:09,Partly Cloudy,7,7,4
02:18:09,Partly Cloudy,7,7,4
02:20:08,Partly Cloudy,7,7,4
02:22:08,Partly Cloudy,7,7,4
02:24:08,Partly Cloudy,7,7,4
02:26:09,Partly Cloudy,7,7,4
02:28:09,Partly Cloudy,7,7,4
02:30:09,Partly Cloudy,7,7,4
02:32:09,Partly Cloudy,7,7,4
02:34:08,Partly Cloudy,7,7,4
02:36:09,Partly Cloudy,7,7,4
02:38:09,Partly Cloudy,7,7,4
02:40:08,Partly Cloudy,7,7,4
02:42:09,Partly Cloudy,7,7,4
02:44:09,Partly Cloudy,7,7,4
02:46:09,Partly Cloudy,7,7,4
02:48:08,Partly Cloudy,7,7,4
02:50:08,Partly Cloudy,7,7,4
02:52:08,Partly Cloudy,7,7,4
02:54:09,Partly Cloudy,7,7,4
02:56:09,Partly Cloudy,7,7,4
02:58:09,Partly Cloudy,7,7,4
03:00:08,Partly Cloudy,7,7,4
03:02:09,Partly Cloudy,7,7,4
03:04:09,Partly Cloudy,7,7,4
03:06:08,Partly Cloudy,7,7,4
03:08:09,Partly Cloudy,7,7,4
03:10:09,Mostly Cloudy,7,6,8
03:12:09,Mostly Cloudy,7,6,8
03:14:08,Mostly Cloudy,7,6,8
03:16:08,Mostly Cloudy,7,6,8
03:18:09,Mostly Cloudy,7,6,8
03:20:09,Mostly Cloudy,7,6,8
03:22:08,Mostly Cloudy,7,6,8
03:24:09,Mostly Cloudy,7,6,8
03:26:09,Mostly Cloudy,7,6,8
03:28:09,Mostly Cloudy,7,6,8
03:30:09,Mostly Cloudy,7,6,8
03:32:09,Mostly Cloudy,7,6,8
03:34:08,Mostly Cloudy,7,6,8
03:36:09,Mostly Cloudy,7,6,8
03:38:09,Mostly Cloudy,7,6,8
03:40:09,Mostly Cloudy,7,6,8
03:42:08,Mostly Cloudy,7,6,8
03:44:08,Mostly Cloudy,7,6,8
03:46:09,Mostly Cloudy,7,6,8
03:48:08,Mostly Cloudy,7,6,8
03:50:08,Mostly Cloudy,7,6,8
03:52:09,Mostly Cloudy,7,6,8
03:54:09,Mostly Cloudy,7,6,8
03:56:08,Mostly Cloudy,7,6,8
03:58:08,Mostly Cloudy,7,6,8
04:00:09,Mostly Cloudy,7,6,8
04:02:09,Mostly Cloudy,7,6,8
04:04:09,Mostly Cloudy,7,6,8
04:06:09,Mostly Cloudy,7,6,8
04:08:09,Mostly Cloudy,7,6,8
04:10:09,Mostly Cloudy,7,6,8
04:12:08,Mostly Cloudy,7,6,8
04:14:08,Mostly Cloudy,7,6,8
04:16:09,Mostly Cloudy,8,7,11
04:18:09,Mostly Cloudy,8,7,11
04:20:08,Mostly Cloudy,8,7,11
04:22:09,Mostly Cloudy,8,7,11
04:24:09,Mostly Cloudy,8,7,11
04:26:08,Mostly Cloudy,8,7,11
04:28:09,Mostly Cloudy,8,7,11
04:30:09,Mostly Cloudy,8,7,11
04:32:09,Mostly Cloudy,8,7,11
04:34:08,Mostly Cloudy,8,7,11
04:36:09,Mostly Cloudy,8,7,11
04:38:09,Mostly Cloudy,8,7,11
04:40:09,Mostly Cloudy,8,7,11
04:42:08,Mostly Cloudy,8,7,11
04:44:09,Mostly Cloudy,8,7,11
04:46:09,Mostly Cloudy,8,7,11
04:48:08,Mostly Cloudy,8,7,11
04:50:09,Mostly Cloudy,8,7,11
04:52:09,Mostly Cloudy,8,7,11
04:54:08,Mostly Cloudy,8,7,11
04:56:08,Mostly Cloudy,8,7,11
04:58:09,Mostly Cloudy,8,7,11
05:00:09,Mostly Cloudy,8,7,11
05:02:08,Mostly Cloudy,8,7,11
05:04:08,Mostly Cloudy,8,7,11
05:06:09,Mostly Cloudy,8,7,11
05:08:09,Mostly Cloudy,8,7,11
05:10:09,Partly Cloudy,7,5,12
05:12:09,Partly Cloudy,7,5,12
05:14:09,Partly Cloudy,7,5,12
05:16:09,Partly Cloudy,7,5,12
05:18:08,Partly Cloudy,7,5,12
05:20:09,Partly Cloudy,7,5,12
05:22:09,Partly Cloudy,7,5,12
05:24:08,Partly Cloudy,7,5,12
05:26:09,Partly Cloudy,7,5,12
05:28:09,Partly Cloudy,7,5,12
05:30:08,Partly Cloudy,7,5,12
05:32:08,Partly Cloudy,7,5,12
05:34:09,Partly Cloudy,7,5,12
05:36:09,Partly Cloudy,7,5,12
05:38:08,Partly Cloudy,7,5,12
05:40:09,Partly Cloudy,7,5,12
05:42:09,Partly Cloudy,7,5,12
05:44:09,Partly Cloudy,7,5,12
05:46:08,Partly Cloudy,7,5,12
05:48:08,Partly Cloudy,7,5,12
05:50:09,Partly Cloudy,7,5,12
05:52:09,Partly Cloudy,7,5,12
05:54:08,Partly Cloudy,7,5,12
05:56:08,Partly Cloudy,7,5,12
05:58:09,Partly Cloudy,7,5,12
06:00:09,Partly Cloudy,7,5,12
06:02:08,Partly Cloudy,7,5,12
06:04:09,Partly Cloudy,7,5,12
06:06:09,Partly Cloudy,7,5,12
06:08:09,Partly Cloudy,7,5,12
06:10:09,Partly Cloudy,7,5,12
06:12:09,Partly Cloudy,7,5,12
06:14:09,Partly Cloudy,7,5,12
06:16:09,Mostly Cloudy,8,6,20
06:18:09,Mostly Cloudy,8,6,20
06:20:09,Mostly Cloudy,8,6,20
06:22:09,Mostly Cloudy,8,6,20
06:24:09,Mostly Cloudy,8,6,20
06:26:08,Mostly Cloudy,8,6,20
06:28:08,Mostly Cloudy,8,6,20
06:30:09,Mostly Cloudy,8,6,20
06:32:09,Mostly Cloudy,8,6,20
06:34:08,Mostly Cloudy,8,6,20
06:36:09,Mostly Cloudy,8,6,20
06:38:09,Mostly Cloudy,8,6,20
06:40:09,Mostly Cloudy,8,6,20
06:42:08,Mostly Cloudy,8,6,20
06:44:08,Mostly Cloudy,8,6,20
06:46:09,Mostly Cloudy,8,6,20
06:48:09,Mostly Cloudy,8,6,20
06:50:09,Mostly Cloudy,8,6,20
06:52:08,Mostly Cloudy,8,6,20
06:54:08,Mostly Cloudy,8,6,20
06:56:09,Mostly Cloudy,8,6,20
06:58:09,Mostly Cloudy,8,6,20
07:00:09,Mostly Cloudy,8,6,20
07:02:08,Mostly Cloudy,8,6,20
07:04:08,Mostly Cloudy,8,6,20
07:06:09,Mostly Cloudy,8,6,20
07:08:09,Mostly Cloudy,8,6,20
07:10:08,Mostly Cloudy,8,6,19
07:12:08,Mostly Cloudy,8,6,19
07:14:09,Mostly Cloudy,8,6,19
07:16:09,Mostly Cloudy,8,6,19
07:18:08,Mostly Cloudy,8,6,19
07:20:09,Mostly Cloudy,8,6,19
07:22:09,Mostly Cloudy,8,6,19
07:24:08,Mostly Cloudy,8,6,19
07:26:09,Mostly Cloudy,8,6,19
07:28:09,Mostly Cloudy,8,6,19
07:30:09,Mostly Cloudy,8,6,19
07:32:09,Mostly Cloudy,8,6,19
07:34:08,Mostly Cloudy,8,6,19
07:36:09,Mostly Cloudy,8,6,19
07:38:08,Mostly Cloudy,8,6,19
07:40:09,Mostly Cloudy,8,6,19
07:42:09,Mostly Cloudy,8,6,19
07:44:08,Mostly Cloudy,8,6,19
07:46:08,Partly Cloudy,10,10,16
07:48:09,Partly Cloudy,10,10,16
07:50:09,Partly Cloudy,10,10,16
07:52:08,Partly Cloudy,10,10,16
07:54:09,Partly Cloudy,10,10,16
07:56:09,Partly Cloudy,10,10,16
07:58:09,Partly Cloudy,10,10,16
08:00:08,Partly Cloudy,10,10,16
08:02:08,Partly Cloudy,10,10,16
08:04:09,Partly Cloudy,10,10,16
08:06:08,Partly Cloudy,10,10,16
08:08:08,Partly Cloudy,10,10,16
08:10:08,Partly Cloudy,10,10,16
08:12:09,Partly Cloudy,10,10,16
08:14:08,Partly Cloudy,10,10,16
08:16:09,Partly Cloudy,10,10,22
08:18:09,Partly Cloudy,10,10,22
08:20:09,Partly Cloudy,10,10,22
08:22:08,Partly Cloudy,10,10,22
08:24:09,Partly Cloudy,10,10,22
08:26:08,Partly Cloudy,10,10,22
08:28:09,Partly Cloudy,10,10,22
08:30:09,Partly Cloudy,10,10,22
08:32:09,Partly Cloudy,10,10,22
08:34:08,Partly Cloudy,10,10,22
08:36:09,Partly Cloudy,10,10,22
08:38:09,Partly Cloudy,10,10,22
08:40:09,Partly Cloudy,10,10,20
08:42:09,Partly Cloudy,10,10,20
08:44:09,Partly Cloudy,10,10,20
08:46:09,Partly Cloudy,10,10,20
08:48:08,Partly Cloudy,10,10,20
08:50:08,Partly Cloudy,10,10,20
08:52:09,Partly Cloudy,10,10,20
08:54:09,Partly Cloudy,10,10,20
08:56:08,Partly Cloudy,10,10,20
08:58:09,Partly Cloudy,10,10,20
09:00:09,Partly Cloudy,10,10,20
09:02:08,Partly Cloudy,10,10,20
09:04:08,Partly Cloudy,10,10,20
09:06:09,Partly Cloudy,10,10,20
09:08:09,Partly Cloudy,10,10,20
09:10:08,Partly Cloudy,11,11,22
09:12:09,Partly Cloudy,11,11,22
09:14:09,Partly Cloudy,11,11,22
09:16:09,Partly Cloudy,11,11,22
09:18:09,Partly Cloudy,11,11,22
09:20:09,Partly Cloudy,11,11,22
09:22:08,Partly Cloudy,11,11,22
09:24:09,Partly Cloudy,11,11,22
09:26:09,Partly Cloudy,11,11,22
09:28:09,Partly Cloudy,11,11,22
09:30:08,Partly Cloudy,11,11,22
09:32:09,Partly Cloudy,11,11,22
09:34:09,Partly Cloudy,11,11,22
09:36:09,Partly Cloudy,11,11,22
09:38:08,Partly Cloudy,11,11,22
09:40:09,Partly Cloudy,11,11,22
09:42:09,Partly Cloudy,11,11,22
09:44:08,Partly Cloudy,11,11,22
09:46:08,Partly Cloudy,11,11,22
09:48:09,Partly Cloudy,11,11,22
09:50:09,Partly Cloudy,11,11,22
09:52:08,Partly Cloudy,11,11,22
09:54:08,Partly Cloudy,11,11,22
09:56:09,Partly Cloudy,11,11,22
09:58:09,Partly Cloudy,11,11,22
10:00:08,Partly Cloudy,11,11,22
10:02:09,Partly Cloudy,11,11,22
10:04:09,Partly Cloudy,11,11,22
10:06:08,Partly Cloudy,11,11,22
10:08:08,Partly Cloudy,11,11,22
10:10:09,Partly Cloudy,11,11,22
10:12:09,Partly Cloudy,11,11,22
10:14:09,Partly Cloudy,11,11,22
10:16:09,Fair,11,11,24
10:18:09,Fair,11,11,24
10:20:09,Fair,11,11,24
10:22:09,Fair,11,11,24
10:24:08,Fair,11,11,24
10:26:09,Fair,11,11,24
10:28:09,Fair,11,11,24
10:30:08,Fair,11,11,24
10:32:09,Fair,11,11,24
10:34:09,Fair,11,11,24
10:36:09,Fair,11,11,24
10:38:08,Fair,11,11,24
10:40:09,Fair,12,12,24
10:42:09,Fair,12,12,24
10:44:09,Fair,12,12,24
10:46:08,Fair,12,12,24
10:48:09,Fair,12,12,24
10:50:09,Fair,12,12,24
10:52:09,Fair,12,12,24
10:54:08,Fair,12,12,24
10:56:08,Fair,12,12,24
10:58:09,Fair,12,12,24
11:00:08,Fair,12,12,24
11:02:08,Fair,12,12,24
11:04:09,Fair,12,12,24
11:06:09,Fair,12,12,24
11:08:09,Fair,12,12,24
11:10:08,Fair,12,12,24
11:12:09,Fair,12,12,24
11:14:09,Fair,12,12,24
11:16:08,Fair,12,12,24
11:18:09,Fair,12,12,24
11:20:08,Fair,12,12,24
11:22:09,Fair,12,12,24
11:24:09,Fair,12,12,24
11:26:09,Fair,12,12,24
11:28:09,Fair,12,12,24
11:30:08,Fair,12,12,24
11:32:09,Fair,12,12,24
11:34:09,Fair,12,12,24
11:36:08,Fair,12,12,24
11:38:09,Fair,12,12,24
11:40:09,Fair,12,12,22
11:42:09,Fair,12,12,22
11:44:08,Fair,12,12,22
11:46:09,Fair,12,12,22
11:48:09,Fair,12,12,22
11:50:09,Fair,12,12,22
11:52:08,Fair,12,12,22
11:54:09,Fair,12,12,22
11:56:09,Fair,12,12,22
11:58:09,Fair,12,12,22
12:00:08,Fair,12,12,22
12:02:08,Fair,12,12,22
12:04:09,Fair,12,12,22
12:06:09,Fair,12,12,22
12:08:08,Fair,12,12,22
12:10:08,Fair,12,12,22
12:12:09,Fair,12,12,22
12:14:09,Fair,12,12,22
12:16:08,Fair,12,12,24
12:18:09,Fair,12,12,24
12:20:09,Fair,12,12,24
12:22:08,Fair,12,12,24
12:24:09,Fair,12,12,24
12:26:09,Fair,12,12,24
12:28:09,Fair,12,12,24
12:30:08,Fair,12,12,24
12:32:08,Fair,12,12,24
12:34:08,Fair,12,12,24
12:36:09,Fair,12,12,24
12:38:08,Fair,12,12,24
12:40:09,Fair,12,12,24
12:42:09,Fair,12,12,24
12:44:09,Fair,12,12,24
12:46:09,Fair,12,12,24
12:48:08,Fair,12,12,24
12:50:09,Fair,12,12,24
12:52:09,Fair,12,12,24
12:54:08,Fair,12,12,24
12:56:09,Fair,12,12,24
12:58:09,Fair,12,12,24
13:00:08,Fair,12,12,24
13:02:09,Fair,12,12,24
13:04:09,Fair,12,12,24
13:06:08,Fair,12,12,24
13:08:09,Fair,12,12,24
13:10:09,Fair,12,12,24
13:12:09,Fair,13,13,25
13:14:08,Fair,13,13,25
13:16:08,Fair,13,13,25
13:18:09,Fair,13,13,25
13:20:08,Fair,13,13,25
13:22:09,Fair,13,13,25
13:24:09,Fair,13,13,25
13:26:09,Fair,13,13,25
13:28:09,Fair,13,13,25
13:30:08,Fair,13,13,25
13:32:09,Fair,13,13,25
13:34:09,Fair,13,13,25
13:36:09,Fair,13,13,25
13:38:08,Fair,13,13,25
13:40:09,Fair,13,13,25
13:42:09,Fair,13,13,25
13:44:08,Fair,13,13,25
13:46:09,Fair,13,13,25
13:48:09,Fair,13,13,27
13:50:09,Fair,13,13,27
13:52:08,Fair,13,13,27
13:54:08,Fair,13,13,27
13:56:09,Fair,13,13,27
13:58:09,Fair,13,13,27
14:00:09,Fair,13,13,27
14:02:09,Fair,13,13,27
14:04:09,Fair,13,13,27
14:06:09,Fair,13,13,27
14:08:08,Fair,13,13,27
14:10:08,Fair,13,13,27
14:12:09,Fair,13,13,24
14:14:09,Fair,13,13,24
14:16:09,Fair,13,13,24
14:18:09,Fair,13,13,24
14:20:09,Fair,13,13,24
14:22:09,Fair,13,13,24
14:24:08,Fair,13,13,24
14:26:09,Fair,13,13,24
14:28:09,Fair,13,13,24
14:30:09,Fair,13,13,24
14:32:08,Fair,13,13,24
14:34:09,Fair,13,13,24
14:36:09,Fair,13,13,24
14:38:08,Fair,13,13,24
14:40:09,Fair,13,13,24
14:42:09,Fair,13,13,25
14:44:08,Fair,13,13,25
14:46:09,Fair,13,13,25
14:48:09,Fair,13,13,25
14:50:08,Fair,13,13,25
14:52:09,Fair,13,13,25
14:54:09,Fair,13,13,25
14:56:09,Fair,13,13,25
14:58:09,Fair,13,13,25
15:00:09,Fair,13,13,25
15:02:09,Fair,13,13,25
15:04:09,Fair,13,13,25
15:06:09,Fair,13,13,25
15:08:08,Fair,13,13,25
15:10:09,Fair,13,13,25
15:12:08,Fair,13,13,25
15:14:08,Fair,13,13,27
15:16:09,Fair,13,13,27
15:18:09,Fair,13,13,27
15:20:08,Fair,13,13,27
15:22:09,Fair,13,13,27
15:24:09,Fair,13,13,27
15:26:08,Fair,13,13,27
15:28:09,Fair,13,13,27
15:30:09,Fair,13,13,27
15:32:08,Fair,13,13,27
15:34:08,Fair,13,13,27
15:36:09,Fair,13,13,27
15:38:09,Fair,13,13,27
15:40:09,Fair,13,13,27
15:42:08,Fair,13,13,27
15:44:09,Fair,15,15,25
15:46:09,Fair,15,15,25
15:48:08,Fair,15,15,25
15:50:08,Fair,15,15,25
15:52:09,Fair,15,15,25
15:54:09,Fair,15,15,25
15:56:09,Fair,15,15,25
15:58:08,Fair,15,15,25
16:00:09,Fair,15,15,25
16:02:09,Fair,15,15,25
16:04:08,Fair,15,15,25
16:06:09,Fair,15,15,25
16:08:09,Fair,13,13,25
16:10:09,Fair,13,13,25
16:12:09,Fair,13,13,25
16:14:09,Fair,13,13,25
16:16:09,Fair,13,13,25
16:18:09,Fair,13,13,25
16:20:09,Fair,13,13,25
16:22:09,Fair,13,13,25
16:24:09,Fair,13,13,25
16:26:09,Fair,13,13,25
16:28:09,Fair,13,13,25
16:30:09,Fair,13,13,25
16:32:08,Fair,13,13,25
16:34:09,Fair,13,13,25
16:36:09,Fair,13,13,25
16:38:09,Fair,13,13,25
16:40:08,Fair,13,13,25
16:42:09,Fair,13,13,25
16:44:09,Fair,13,13,25
16:46:08,Fair,13,13,25
16:48:08,Fair,13,13,25
16:50:08,Fair,13,13,25
16:52:09,Fair,13,13,25
16:54:08,Fair,13,13,25
16:56:08,Fair,13,13,25
16:58:09,Fair,13,13,25
17:00:09,Fair,13,13,25
17:02:08,Fair,13,13,25
17:04:09,Fair,13,13,25
17:06:09,Fair,13,13,25
17:08:09,Fair,13,13,25
17:10:08,Fair,13,13,25
17:12:09,Fair,13,13,25
17:14:09,Fair,13,13,27
17:16:08,Fair,13,13,27
17:18:09,Fair,13,13,27
17:20:09,Fair,13,13,27
17:22:08,Fair,13,13,27
17:24:09,Fair,13,13,27
17:26:09,Fair,13,13,27
17:28:09,Fair,13,13,27
17:30:08,Fair,13,13,27
17:32:08,Fair,13,13,27
17:34:09,Fair,13,13,27
17:36:09,Fair,13,13,27
17:38:09,Fair,13,13,27
17:40:09,Fair,13,13,27
17:42:09,Fair,13,13,27
17:44:09,Fair,13,13,27
17:46:08,Fair,13,13,27
17:48:09,Fair,13,13,27
17:50:09,Fair,13,13,27
17:52:09,Fair,13,13,27
17:54:09,Fair,13,13,27
17:56:09,Fair,13,13,27
17:58:08,Fair,13,13,27
18:00:09,Fair,13,13,27
18:02:09,Fair,13,13,27
18:04:08,Fair,13,13,27
18:06:09,Fair,13,13,27
18:08:09,Fair,13,13,27
18:10:09,Fair,13,13,27
18:12:09,Fair,13,13,27
18:14:08,Fair,15,15,24
18:16:08,Fair,15,15,24
18:18:09,Fair,15,15,24
18:20:08,Fair,15,15,24
18:22:08,Fair,15,15,24
18:24:08,Fair,15,15,24
18:26:09,Fair,15,15,24
18:28:09,Fair,15,15,24
18:30:09,Fair,15,15,24
18:32:08,Fair,15,15,24
18:34:09,Fair,15,15,24
18:36:09,Fair,15,15,24
18:38:08,Fair,15,15,24
18:40:09,Fair,15,15,24
18:42:08,Fair,15,15,24
18:44:08,Fair,15,15,24
18:46:09,Fair,15,15,24
18:48:09,Fair,15,15,24
18:50:09,Fair,15,15,24
18:52:08,Fair,15,15,24
18:54:09,Fair,15,15,24
18:56:09,Fair,15,15,24
18:58:09,Fair,15,15,24
19:00:09,Fair,15,15,24
19:02:09,Fair,15,15,24
19:04:09,Fair,15,15,24
19:06:08,Fair,15,15,24
19:08:08,Fair,15,15,24
19:10:09,Fair,15,15,24
19:12:09,Fair,15,15,24
19:14:08,Fair,15,15,24
19:16:09,Fair,15,15,24
19:18:09,Fair,13,13,19
19:20:08,Fair,13,13,19
19:22:09,Fair,13,13,19
19:24:09,Fair,13,13,19
19:26:09,Fair,13,13,19
19:28:08,Fair,13,13,19
19:30:08,Fair,13,13,19
19:32:09,Fair,13,13,19
19:34:09,Fair,13,13,19
19:36:08,Fair,13,13,19
19:38:09,Fair,13,13,19
19:40:09,Fair,13,13,19
19:42:08,Fair,13,13,19
19:44:09,Fair,13,13,19
19:46:08,Fair,13,13,19
19:48:09,Fair,13,13,19
19:50:09,Fair,13,13,19
19:52:09,Fair,13,13,19
19:54:08,Fair,13,13,19
19:56:09,Fair,13,13,19
19:58:09,Fair,13,13,19
20:00:08,Fair,13,13,19
20:02:09,Fair,13,13,19
20:04:09,Fair,13,13,19
20:06:08,Fair,13,13,19
20:08:09,Fair,13,13,19
20:10:09,Fair,13,13,19
20:12:08,Fair,12,12,16
20:14:09,Fair,12,12,16
20:16:09,Fair,12,12,16
20:18:08,Fair,12,12,16
20:20:09,Fair,12,12,16
20:22:09,Fair,12,12,16
20:24:09,Fair,12,12,16
20:26:09,Fair,12,12,16
20:28:09,Fair,12,12,16
20:30:08,Fair,12,12,16
20:32:08,Fair,12,12,16
20:34:08,Fair,12,12,16
20:36:09,Fair,12,12,16
20:38:09,Fair,12,12,16
20:40:09,Fair,12,12,16
20:42:08,Fair,12,12,16
20:44:09,Fair,12,12,16
20:46:09,Fair,12,12,16
20:48:09,Fair,12,12,16
20:50:09,Fair,12,12,16
20:52:08,Fair,12,12,16
20:54:08,Fair,12,12,16
20:56:09,Fair,12,12,16
20:58:09,Fair,12,12,16
21:00:08,Fair,12,12,16
21:02:09,Fair,12,12,16
21:04:09,Fair,12,12,16
21:06:09,Fair,12,12,16
21:08:09,Fair,12,12,16
21:10:09,Fair,12,12,16
21:12:09,Fair,12,12,16
21:14:09,Fair,12,12,16
21:16:09,Fair,12,12,16
21:18:09,Fair,11,11,9
21:20:09,Fair,11,11,9
21:22:08,Fair,11,11,9
21:24:09,Fair,11,11,9
21:26:09,Fair,11,11,9
21:28:08,Fair,11,11,9
21:30:08,Fair,11,11,9
21:32:09,Fair,11,11,9
21:34:09,Fair,11,11,9
21:36:09,Fair,11,11,9
21:38:09,Fair,11,11,9
21:40:08,Fair,11,11,9
21:42:08,Fair,11,11,9
21:44:09,Fair,11,11,9
21:46:09,Fair,11,11,9
21:48:08,Fair,11,11,9
21:50:09,Fair,11,11,9
21:52:09,Fair,11,11,9
21:54:09,Fair,11,11,9
21:56:08,Fair,11,11,9
21:58:09,Fair,11,11,9
22:00:09,Fair,11,11,9
22:02:08,Fair,11,11,9
22:04:09,Fair,11,11,9
22:06:09,Fair,11,11,9
22:08:08,Fair,11,11,9
22:10:09,Fair,11,11,9
22:12:09,Fair,10,10,16
22:14:09,Fair,10,10,16
22:16:08,Fair,10,10,16
22:18:09,Fair,10,10,16
22:20:09,Fair,10,10,16
22:26:09,Fair,10,10,16
22:28:08,Fair,10,10,16
22:30:09,Fair,10,10,16
22:32:09,Fair,10,10,16
22:34:09,Fair,10,10,16
22:36:08,Fair,10,10,16
22:38:09,Fair,10,10,16
22:40:09,Fair,10,10,16
22:42:09,Fair,10,10,16
22:44:09,Fair,10,10,16
22:46:09,Fair,10,10,16
22:48:09,Fair,10,10,16
22:50:09,Fair,10,10,16
22:52:09,Fair,10,10,16
22:54:08,Fair,10,10,16
22:56:09,Fair,10,10,16
22:58:09,Fair,10,10,16
23:00:09,Fair,10,10,16
23:02:09,Fair,10,10,16
23:04:09,Fair,10,10,16
23:06:09,Fair,10,10,16
23:08:09,Fair,10,10,16
23:10:09,Fair,10,10,19
23:12:08,Fair,10,10,19
23:14:09,Fair,10,10,19
23:16:09,Fair,10,10,19
23:18:08,Fair,10,10,19
23:20:09,Fair,10,10,19
23:22:09,Fair,10,10,19
23:24:08,Fair,10,10,19
23:26:09,Fair,10,10,19
23:28:09,Fair,10,10,19
23:30:08,Fair,10,10,19
23:32:08,Fair,10,10,19
23:34:09,Fair,10,10,19
23:36:09,Fair,10,10,19
23:38:08,Fair,10,10,19
23:40:08,Fair,10,10,19
23:42:09,Fair,10,10,19
23:44:09,Fair,10,10,19
23:46:08,Fair,10,10,19
23:48:09,Fair,10,10,19
23:50:09,Fair,10,10,19
23:52:09,Fair,10,10,19
23:54:08,Fair,10,10,19
23:56:09,Fair,10,10,19
23:58:09,Fair,10,10,19
