Time,Weather,Temperature,Feels_Like,Wind_Speed
00:00:09,Partly Cloudy,11,11,19
00:02:09,Partly Cloudy,11,11,19
00:04:09,Partly Cloudy,11,11,19
00:06:08,Partly Cloudy,11,11,19
00:08:08,Partly Cloudy,11,11,19
00:10:09,Partly Cloudy,11,11,19
00:12:09,Partly Cloudy,11,11,19
00:14:08,Partly Cloudy,11,11,19
00:16:09,Partly Cloudy,11,11,19
00:18:08,Mostly Cloudy,12,12,22
00:20:09,Mostly Cloudy,12,12,22
00:22:08,Mostly Cloudy,12,12,22
00:24:09,Mostly Cloudy,12,12,22
00:26:09,Mostly Cloudy,12,12,22
00:28:08,Mostly Cloudy,12,12,22
00:30:09,Mostly Cloudy,12,12,22
00:32:08,Mostly Cloudy,12,12,22
00:34:08,Mostly Cloudy,12,12,22
00:36:09,Mostly Cloudy,12,12,22
00:38:09,Mostly Cloudy,12,12,22
00:40:08,Mostly Cloudy,12,12,22
00:42:09,Mostly Cloudy,12,12,22
00:44:09,Mostly Cloudy,12,12,22
00:46:09,Mostly Cloudy,12,12,22
00:48:08,Mostly Cloudy,12,12,22
00:50:09,Mostly Cloudy,12,12,22
00:52:09,Mostly Cloudy,12,12,22
00:54:09,Mostly Cloudy,12,12,22
00:56:09,Mostly Cloudy,12,12,22
00:58:09,Mostly Cloudy,12,12,22
01:00:17,Mostly Cloudy,12,12,22
01:02:09,Mostly Cloudy,12,12,22
01:04:09,Mostly Cloudy,12,12,22
01:06:08,Mostly Cloudy,12,12,22
01:08:09,Mostly Cloudy,12,12,22
01:10:09,Mostly Cloudy,12,12,22
01:12:09,Mostly Cloudy,12,12,22
01:14:08,Mostly Cloudy,12,12,22
01:16:09,Mostly Cloudy,12,12,22
01:18:08,Mostly Cloudy,12,12,22
01:20:09,Mostly Cloudy,12,12,22
01:22:09,Mostly Cloudy,12,12,22
01:24:08,Mostly Cloudy,12,12,22
01:26:09,Mostly Cloudy,12,12,22
01:28:09,Mostly Cloudy,12,12,22
01:30:08,Mostly Cloudy,12,12,22
01:32:09,Mostly Cloudy,12,12,22
01:34:09,Mostly Cloudy,12,12,22
01:36:08,Mostly Cloudy,12,12,22
01:38:09,Mostly Cloudy,12,12,22
01:40:09,Mostly Cloudy,12,12,22
01:42:08,Mostly Cloudy,12,12,22
01:44:09,Mostly Cloudy,12,12,22
01:46:09,Mostly Cloudy,12,12,22
01:48:09,Mostly Cloudy,12,12,22
01:50:08,Mostly Cloudy,12,12,22
01:52:08,Mostly Cloudy,12,12,22
01:54:09,Mostly Cloudy,12,12,22
01:56:08,Mostly Cloudy,12,12,22
01:58:09,Mostly Cloudy,12,12,22
02:00:09,Mostly Cloudy,12,12,22
02:02:08,Mostly Cloudy,12,12,22
02:04:09,Mostly Cloudy,12,12,22
02:06:09,Mostly Cloudy,12,12,22
02:08:08,Mostly Cloudy,12,12,22
02:10:09,Mostly Cloudy,12,12,20
02:12:09,Mostly Cloudy,12,12,20
02:14:09,Mostly Cloudy,12,12,20
02:16:08,Mostly Cloudy,12,12,20
02:18:09,Mostly Cloudy,12,12,20
02:20:09,Mostly Cloudy,12,12,20
02:22:09,Mostly Cloudy,12,12,20
02:24:09,Mostly Cloudy,12,12,20
02:26:09,Mostly Cloudy,12,12,20
02:28:08,Mostly Cloudy,12,12,20
02:30:09,Mostly Cloudy,12,12,20
02:32:09,Mostly Cloudy,12,12,20
02:34:09,Mostly Cloudy,12,12,20
02:36:08,Mostly Cloudy,12,12,20
02:38:09,Mostly Cloudy,12,12,20
02:40:09,Mostly Cloudy,12,12,20
02:42:08,Mostly Cloudy,12,12,20
02:44:09,Mostly Cloudy,12,12,20
02:46:09,Mostly Cloudy,12,12,20
02:48:09,Mostly Cloudy,12,12,20
02:50:09,Mostly Cloudy,12,12,20
02:52:09,Mostly Cloudy,12,12,20
02:54:08,Mostly Cloudy,12,12,20
02:56:08,Mostly Cloudy,12,12,20
02:58:09,Mostly Cloudy,12,12,20
03:00:09,Mostly Cloudy,12,12,20
03:02:08,Mostly Cloudy,12,12,20
03:04:08,Mostly Cloudy,12,12,20
03:06:09,Mostly Cloudy,12,12,20
03:08:09,Mostly Cloudy,12,12,20
03:10:08,Mostly Cloudy,12,12,20
03:12:09,Mostly Cloudy,12,12,20
03:14:09,Mostly Cloudy,12,12,20
03:16:09,Mostly Cloudy,12,12,20
03:18:09,Mostly Cloudy,12,12,20
03:20:09,Mostly Cloudy,12,12,20
03:22:09,Mostly Cloudy,12,12,20
03:24:08,Mostly Cloudy,12,12,20
03:26:09,Mostly Cloudy,12,12,20
03:28:09,Mostly Cloudy,12,12,20
03:30:08,Mostly Cloudy,12,12,20
03:32:09,Mostly Cloudy,12,12,20
03:34:09,Mostly Cloudy,12,12,20
03:36:09,Mostly Cloudy,12,12,20
03:38:08,Mostly Cloudy,12,12,20
03:40:09,Mostly Cloudy,12,12,20
03:42:09,Mostly Cloudy,12,12,20
03:44:09,Mostly Cloudy,12,12,20
03:46:08,Mostly Cloudy,12,12,20
03:48:09,Mostly Cloudy,12,12,20
03:50:09,Mostly Cloudy,12,12,20
03:52:09,Mostly Cloudy,12,12,20
03:54:08,Mostly Cloudy,12,12,20
03:56:09,Mostly Cloudy,12,12,20
03:58:09,Mostly Cloudy,12,12,20
04:00:08,Mostly Cloudy,12,12,20
04:02:09,Mostly Cloudy,12,12,20
04:04:09,Mostly Cloudy,12,12,20
04:06:09,Mostly Cloudy,12,12,20
04:08:08,Mostly Cloudy,12,12,20
04:10:09,Mostly Cloudy,12,12,20
04:12:09,Mostly Cloudy,12,12,20
04:14:08,Mostly Cloudy,12,12,20
04:16:09,Mostly Cloudy,12,12,19
04:18:09,Mostly Cloudy,12,12,19
04:20:08,Mostly Cloudy,12,12,19
04:22:09,Mostly Cloudy,12,12,19
04:24:09,Mostly Cloudy,12,12,19
04:26:08,Mostly Cloudy,12,12,19
04:28:09,Mostly Cloudy,12,12,19
04:30:09,Mostly Cloudy,12,12,19
04:32:08,Mostly Cloudy,12,12,19
04:34:09,Mostly Cloudy,12,12,19
04:36:09,Mostly Cloudy,12,12,19
04:38:09,Mostly Cloudy,12,12,19
04:40:08,Mostly Cloudy,12,12,19
04:42:09,Mostly Cloudy,12,12,19
04:44:08,Mostly Cloudy,12,12,19
04:46:08,Mostly Cloudy,12,12,19
04:48:09,Mostly Cloudy,12,12,19
04:50:09,Mostly Cloudy,12,12,19
04:52:09,Mostly Cloudy,12,12,19
04:54:08,Mostly Cloudy,12,12,19
04:56:09,Mostly Cloudy,12,12,19
04:58:09,Mostly Cloudy,12,12,19
05:00:08,Mostly Cloudy,12,12,19
05:02:08,Mostly Cloudy,12,12,19
05:04:09,Mostly Cloudy,12,12,19
05:06:09,Mostly Cloudy,12,12,19
05:08:09,Mostly Cloudy,12,12,19
05:10:09,Mostly Cloudy,12,12,24
05:12:08,Mostly Cloudy,12,12,24
05:14:08,Mostly Cloudy,12,12,24
05:16:08,Mostly Cloudy,12,12,24
05:18:09,Mostly Cloudy,12,12,24
05:20:09,Mostly Cloudy,12,12,24
05:22:09,Mostly Cloudy,12,12,24
05:24:09,Mostly Cloudy,12,12,24
05:26:08,Mostly Cloudy,12,12,24
05:28:08,Mostly Cloudy,12,12,24
05:30:09,Mostly Cloudy,12,12,24
05:32:09,Mostly Cloudy,12,12,24
05:34:09,Mostly Cloudy,12,12,24
05:36:08,Mostly Cloudy,12,12,24
05:38:09,Mostly Cloudy,12,12,24
05:40:09,Mostly Cloudy,12,12,24
05:42:08,Mostly Cloudy,12,12,24
05:44:09,Mostly Cloudy,12,12,24
05:46:09,Mostly Cloudy,12,12,24
05:48:08,Mostly Cloudy,12,12,24
05:50:09,Mostly Cloudy,12,12,24
05:52:09,Mostly Cloudy,12,12,24
05:54:09,Mostly Cloudy,12,12,24
05:56:09,Mostly Cloudy,12,12,24
05:58:09,Mostly Cloudy,12,12,24
06:00:09,Mostly Cloudy,12,12,24
06:02:09,Mostly Cloudy,12,12,24
06:04:09,Mostly Cloudy,12,12,24
06:06:08,Mostly Cloudy,12,12,24
06:08:09,Mostly Cloudy,12,12,24
06:10:09,Mostly Cloudy,12,12,24
06:12:09,Mostly Cloudy,12,12,24
06:14:08,Mostly Cloudy,12,12,24
06:16:08,Mostly Cloudy,12,12,24
06:18:09,Mostly Cloudy,12,12,24
06:20:09,Mostly Cloudy,12,12,24
06:22:08,Mostly Cloudy,12,12,24
06:24:08,Mostly Cloudy,12,12,24
06:26:09,Mostly Cloudy,12,12,24
06:28:08,Mostly Cloudy,12,12,24
06:30:09,Mostly Cloudy,12,12,24
06:32:09,Mostly Cloudy,12,12,24
06:34:09,Mostly Cloudy,12,12,24
06:36:08,Mostly Cloudy,12,12,24
06:38:09,Mostly Cloudy,12,12,24
06:40:09,Mostly Cloudy,12,12,24
06:42:08,Mostly Cloudy,12,12,24
06:44:09,Mostly Cloudy,12,12,24
06:46:09,Mostly Cloudy,12,12,24
06:48:09,Mostly Cloudy,12,12,24
06:50:08,Mostly Cloudy,12,12,24
06:52:09,Mostly Cloudy,12,12,24
06:54:09,Mostly Cloudy,12,12,24
06:56:08,Mostly Cloudy,12,12,24
06:58:08,Mostly Cloudy,12,12,24
07:00:09,Mostly Cloudy,12,12,24
07:02:09,Mostly Cloudy,12,12,24
07:04:09,Mostly Cloudy,12,12,24
07:06:09,Mostly Cloudy,12,12,24
07:08:08,Mostly Cloudy,12,12,24
07:10:08,Mostly Cloudy,12,12,24
07:12:09,Mostly Cloudy,12,12,24
07:14:09,Mostly Cloudy,13,13,22
07:16:10,Mostly Cloudy,13,13,22
07:18:09,Mostly Cloudy,13,13,22
07:20:08,Mostly Cloudy,13,13,22
07:22:09,Mostly Cloudy,13,13,22
07:24:09,Mostly Cloudy,13,13,22
07:26:09,Mostly Cloudy,13,13,22
07:28:08,Mostly Cloudy,13,13,22
07:30:09,Mostly Cloudy,13,13,22
07:32:09,Mostly Cloudy,13,13,22
07:34:08,Mostly Cloudy,13,13,22
07:36:08,Mostly Cloudy,13,13,22
07:38:09,Mostly Cloudy,13,13,22
07:40:09,Mostly Cloudy,13,13,22
07:42:08,Mostly Cloudy,13,13,22
07:44:09,Mostly Cloudy,13,13,25
07:46:09,Mostly Cloudy,13,13,25
07:48:09,Mostly Cloudy,13,13,25
07:50:08,Mostly Cloudy,13,13,25
07:52:09,Mostly Cloudy,13,13,25
07:54:09,Mostly Cloudy,13,13,25
07:56:09,Mostly Cloudy,13,13,25
07:58:08,Mostly Cloudy,13,13,25
08:00:09,Mostly Cloudy,13,13,25
08:02:09,Mostly Cloudy,13,13,25
08:04:08,Mostly Cloudy,13,13,25
08:06:08,Mostly Cloudy,13,13,25
08:08:09,Mostly Cloudy,13,13,25
08:10:09,Mostly Cloudy,13,13,25
08:12:09,Mostly Cloudy,13,13,25
08:14:08,Mostly Cloudy,15,15,25
08:16:09,Mostly Cloudy,15,15,25
08:18:08,Mostly Cloudy,15,15,25
08:20:08,Mostly Cloudy,15,15,25
08:22:09,Mostly Cloudy,15,15,25
08:24:09,Mostly Cloudy,15,15,25
08:26:09,Mostly Cloudy,15,15,25
08:28:08,Mostly Cloudy,15,15,25
08:30:09,Mostly Cloudy,15,15,25
08:32:09,Mostly Cloudy,15,15,25
08:34:08,Mostly Cloudy,15,15,25
08:36:08,Mostly Cloudy,15,15,25
08:38:09,Mostly Cloudy,15,15,25
08:40:09,Mostly Cloudy,15,15,25
08:42:08,Mostly Cloudy,15,15,25
08:44:09,Mostly Cloudy,15,15,24
08:46:09,Mostly Cloudy,15,15,24
08:48:09,Mostly Cloudy,15,15,24
08:50:08,Mostly Cloudy,15,15,24
08:52:08,Mostly Cloudy,15,15,24
08:54:09,Mostly Cloudy,15,15,24
08:56:09,Mostly Cloudy,15,15,24
08:58:08,Mostly Cloudy,15,15,24
09:00:08,Mostly Cloudy,15,15,24
09:02:09,Mostly Cloudy,15,15,24
09:04:09,Mostly Cloudy,15,15,24
09:06:09,Mostly Cloudy,15,15,24
09:08:08,Mostly Cloudy,15,15,24
09:10:09,Mostly Cloudy,15,15,24
09:12:09,Mostly Cloudy,15,15,24
09:14:08,Mostly Cloudy,15,15,24
09:16:09,Mostly Cloudy,15,15,27
09:18:08,Mostly Cloudy,15,15,27
09:20:09,Mostly Cloudy,15,15,27
09:22:09,Mostly Cloudy,15,15,27
09:24:09,Mostly Cloudy,15,15,27
09:26:09,Mostly Cloudy,15,15,27
09:28:09,Mostly Cloudy,15,15,27
09:30:09,Mostly Cloudy,15,15,27
09:32:09,Mostly Cloudy,15,15,27
09:34:09,Mostly Cloudy,15,15,27
09:36:09,Mostly Cloudy,15,15,27
09:38:09,Mostly Cloudy,15,15,27
09:40:09,Mostly Cloudy,15,15,27
09:42:09,Mostly Cloudy,16,16,25
09:44:08,Mostly Cloudy,16,16,25
09:46:09,Mostly Cloudy,16,16,25
09:48:09,Mostly Cloudy,16,16,25
09:50:09,Mostly Cloudy,16,16,25
09:52:08,Mostly Cloudy,16,16,25
09:54:09,Mostly Cloudy,16,16,25
09:56:09,Mostly Cloudy,16,16,25
09:58:08,Mostly Cloudy,16,16,25
10:00:08,Mostly Cloudy,16,16,25
10:02:09,Mostly Cloudy,16,16,25
10:04:09,Mostly Cloudy,16,16,25
10:06:08,Mostly Cloudy,16,16,25
10:08:09,Mostly Cloudy,16,16,25
10:10:08,Mostly Cloudy,16,16,25
10:12:09,Mostly Cloudy,16,16,27
10:14:09,Mostly Cloudy,16,16,27
10:16:09,Mostly Cloudy,16,16,27
10:18:09,Mostly Cloudy,16,16,27
10:20:08,Mostly Cloudy,16,16,27
10:22:09,Mostly Cloudy,16,16,27
10:24:09,Mostly Cloudy,16,16,27
10:26:09,Mostly Cloudy,16,16,27
10:28:09,Mostly Cloudy,16,16,27
10:30:09,Mostly Cloudy,16,16,27
10:32:09,Mostly Cloudy,16,16,27
10:34:09,Mostly Cloudy,16,16,27
10:36:08,Mostly Cloudy,16,16,27
10:38:09,Mostly Cloudy,16,16,27
10:40:09,Mostly Cloudy,17,17,28
10:42:08,Mostly Cloudy,17,17,28
10:44:09,Mostly Cloudy,17,17,28
10:46:09,Mostly Cloudy,17,17,28
10:48:08,Mostly Cloudy,17,17,28
10:50:09,Mostly Cloudy,17,17,28
10:52:09,Mostly Cloudy,17,17,28
10:54:09,Mostly Cloudy,17,17,28
10:56:09,Mostly Cloudy,17,17,28
10:58:09,Mostly Cloudy,17,17,28
11:00:08,Mostly Cloudy,17,17,28
11:02:09,Mostly Cloudy,17,17,28
11:04:09,Mostly Cloudy,17,17,28
11:06:08,Mostly Cloudy,17,17,28
11:08:09,Mostly Cloudy,17,17,28
11:10:09,Mostly Cloudy,17,17,28
11:12:09,Mostly Cloudy,17,17,28
11:14:09,Mostly Cloudy,17,17,28
11:16:08,Mostly Cloudy,16,16,25
11:18:09,Mostly Cloudy,16,16,25
11:20:09,Mostly Cloudy,16,16,25
11:22:08,Mostly Cloudy,16,16,25
11:24:09,Mostly Cloudy,16,16,25
11:26:09,Mostly Cloudy,16,16,25
11:28:09,Mostly Cloudy,16,16,25
11:30:09,Mostly Cloudy,16,16,25
11:32:09,Mostly Cloudy,16,16,25
11:34:09,Mostly Cloudy,16,16,25
11:36:09,Mostly Cloudy,16,16,25
11:38:09,Mostly Cloudy,16,16,25
11:40:08,Mostly Cloudy,16,16,25
11:42:09,Mostly Cloudy,16,16,25
11:44:09,Mostly Cloudy,16,16,25
11:46:08,Cloudy,16,16,20
11:48:09,Cloudy,16,16,20
11:50:09,Cloudy,16,16,20
11:52:08,Cloudy,16,16,20
11:54:09,Cloudy,16,16,20
11:56:09,Cloudy,16,16,20
11:58:09,Cloudy,16,16,20
12:00:08,Cloudy,16,16,20
12:02:09,Cloudy,16,16,20
12:04:09,Cloudy,16,16,20
12:06:08,Cloudy,16,16,20
12:08:09,Cloudy,16,16,20
12:10:09,Cloudy,16,16,20
12:12:09,Cloudy,16,16,20
12:14:08,Cloudy,16,16,20
12:16:09,Cloudy,16,16,20
12:18:09,Cloudy,16,16,20
12:20:08,Cloudy,16,16,20
12:22:09,Light Drizzle,17,17,22
12:24:09,Light Drizzle,17,17,22
12:26:08,Light Drizzle,17,17,22
12:28:08,Light Drizzle,17,17,22
12:30:09,Light Drizzle,17,17,22
12:32:09,Light Drizzle,17,17,22
12:34:09,Light Drizzle,17,17,22
12:36:08,Light Drizzle,17,17,22
12:38:09,Light Drizzle,17,17,22
12:40:09,Mostly Cloudy,17,17,25
12:42:08,Mostly Cloudy,17,17,25
12:44:09,Mostly Cloudy,17,17,25
12:46:09,Mostly Cloudy,17,17,25
12:48:09,Mostly Cloudy,17,17,25
12:50:08,Mostly Cloudy,17,17,25
12:52:09,Mostly Cloudy,17,17,25
12:54:09,Mostly Cloudy,17,17,25
12:56:08,Mostly Cloudy,17,17,25
12:58:09,Mostly Cloudy,17,17,25
13:00:09,Mostly Cloudy,17,17,25
13:02:09,Mostly Cloudy,17,17,25
13:04:09,Mostly Cloudy,17,17,25
13:06:08,Mostly Cloudy,17,17,25
13:08:09,Mostly Cloudy,17,17,25
13:10:09,Mostly Cloudy,17,17,25
13:12:08,Mostly Cloudy,17,17,25
13:14:08,Mostly Cloudy,17,17,25
13:16:09,Mostly Cloudy,18,18,28
13:18:09,Mostly Cloudy,18,18,28
13:20:09,Mostly Cloudy,18,18,28
13:22:08,Mostly Cloudy,18,18,28
13:24:09,Mostly Cloudy,18,18,28
13:26:09,Mostly Cloudy,18,18,28
13:28:08,Mostly Cloudy,18,18,28
13:30:09,Mostly Cloudy,18,18,28
13:32:09,Mostly Cloudy,18,18,28
13:34:08,Mostly Cloudy,18,18,28
13:36:09,Mostly Cloudy,18,18,28
13:38:09,Mostly Cloudy,18,18,28
13:40:08,Mostly Cloudy,18,18,28
13:42:09,Mostly Cloudy,18,18,28
13:44:09,Mostly Cloudy,18,18,28
13:46:09,Mostly Cloudy,17,17,24
13:48:09,Mostly Cloudy,17,17,24
13:50:08,Mostly Cloudy,17,17,24
13:52:08,Mostly Cloudy,17,17,24
13:54:09,Mostly Cloudy,17,17,24
13:56:09,Mostly Cloudy,17,17,24
13:58:09,Mostly Cloudy,17,17,24
14:00:08,Mostly Cloudy,17,17,24
14:02:09,Mostly Cloudy,17,17,24
14:04:09,Mostly Cloudy,17,17,24
14:06:08,Mostly Cloudy,17,17,24
14:08:09,Mostly Cloudy,17,17,24
14:10:09,Mostly Cloudy,18,18,27
14:12:09,Mostly Cloudy,18,18,27
14:14:09,Mostly Cloudy,18,18,27
14:16:08,Mostly Cloudy,18,18,27
14:18:09,Mostly Cloudy,18,18,27
14:20:08,Mostly Cloudy,18,18,27
14:22:08,Mostly Cloudy,18,18,27
14:24:09,Mostly Cloudy,18,18,27
14:26:09,Mostly Cloudy,18,18,27
14:28:09,Mostly Cloudy,18,18,27
14:30:08,Mostly Cloudy,18,18,27
14:32:09,Mostly Cloudy,18,18,27
14:34:09,Mostly Cloudy,18,18,27
14:36:08,Mostly Cloudy,18,18,27
14:38:09,Mostly Cloudy,18,18,27
14:40:09,Mostly Cloudy,18,18,27
14:42:09,Mostly Cloudy,18,18,27
14:44:08,Mostly Cloudy,18,18,27
14:46:09,Mostly Cloudy / Windy,18,18,33
14:48:09,Mostly Cloudy / Windy,18,18,33
14:50:08,Mostly Cloudy / Windy,18,18,33
14:52:09,Mostly Cloudy / Windy,18,18,33
14:54:09,Mostly Cloudy / Windy,18,18,33
14:56:08,Mostly Cloudy / Windy,18,18,33
14:58:09,Mostly Cloudy / Windy,18,18,33
15:00:09,Mostly Cloudy / Windy,18,18,33
15:02:09,Mostly Cloudy / Windy,18,18,33
15:04:09,Mostly Cloudy / Windy,18,18,33
15:06:08,Mostly Cloudy / Windy,18,18,33
15:08:09,Mostly Cloudy / Windy,18,18,33
15:10:09,Mostly Cloudy / Windy,18,18,33
15:12:09,Mostly Cloudy / Windy,18,18,33
15:14:08,Cloudy,18,18,27
15:16:09,Cloudy,18,18,27
15:18:08,Cloudy,18,18,27
15:20:09,Cloudy,18,18,27
15:22:09,Cloudy,18,18,27
15:24:09,Cloudy,18,18,27
15:26:08,Cloudy,18,18,27
15:28:09,Cloudy,18,18,27
15:30:09,Cloudy,18,18,27
15:32:08,Cloudy,18,18,27
15:34:09,Cloudy,18,18,27
15:36:09,Cloudy,18,18,27
15:38:09,Cloudy,18,18,27
15:40:08,Cloudy,18,18,27
15:42:09,Cloudy,18,18,27
15:44:09,Cloudy,18,18,28
15:46:09,Cloudy,18,18,28
15:48:08,Cloudy,18,18,28
15:50:09,Cloudy,18,18,28
15:52:09,Cloudy,18,18,28
15:54:08,Cloudy,18,18,28
15:56:08,Cloudy,18,18,28
15:58:09,Cloudy,18,18,28
16:00:09,Cloudy,18,18,28
16:02:08,Cloudy,18,18,28
16:04:09,Cloudy,18,18,28
16:06:09,Cloudy,18,18,28
16:08:08,Mostly Cloudy / Windy,20,20,37
16:10:09,Mostly Cloudy / Windy,20,20,37
16:12:09,Mostly Cloudy / Windy,20,20,37
16:14:09,Mostly Cloudy / Windy,20,20,37
16:16:08,Mostly Cloudy / Windy,20,20,37
16:18:09,Mostly Cloudy / Windy,20,20,37
16:20:09,Mostly Cloudy / Windy,20,20,37
16:22:08,Mostly Cloudy / Windy,20,20,37
16:24:08,Mostly Cloudy / Windy,20,20,37
16:26:09,Mostly Cloudy / Windy,20,20,37
16:28:09,Mostly Cloudy / Windy,20,20,37
16:30:09,Mostly Cloudy / Windy,20,20,37
16:32:08,Mostly Cloudy / Windy,20,20,37
16:34:09,Mostly Cloudy / Windy,20,20,37
16:36:09,Mostly Cloudy / Windy,20,20,37
16:38:09,Mostly Cloudy / Windy,20,20,37
16:40:08,Mostly Cloudy / Windy,20,20,37
16:42:09,Mostly Cloudy / Windy,20,20,37
16:44:09,Mostly Cloudy / Windy,20,20,37
16:46:08,Mostly Cloudy / Windy,20,20,37
16:48:08,Mostly Cloudy / Windy,20,20,37
16:50:09,Mostly Cloudy / Windy,20,20,37
16:52:08,Mostly Cloudy / Windy,20,20,37
16:54:09,Mostly Cloudy / Windy,20,20,37
16:56:09,Mostly Cloudy / Windy,20,20,37
16:58:09,Mostly Cloudy / Windy,20,20,37
17:00:08,Mostly Cloudy / Windy,20,20,37
17:02:09,Mostly Cloudy / Windy,20,20,37
17:04:09,Mostly Cloudy / Windy,20,20,37
17:06:08,Mostly Cloudy / Windy,20,20,37
17:08:09,Mostly Cloudy / Windy,20,20,37
17:10:09,Mostly Cloudy / Windy,20,20,37
17:12:09,Mostly Cloudy / Windy,20,20,37
17:14:09,Partly Cloudy / Windy,20,20,33
17:16:09,Partly Cloudy / Windy,20,20,33
17:18:09,Partly Cloudy / Windy,20,20,33
17:20:09,Partly Cloudy / Windy,20,20,33
17:22:09,Partly Cloudy / Windy,20,20,33
17:24:09,Partly Cloudy / Windy,20,20,33
17:26:09,Partly Cloudy / Windy,20,20,33
17:28:09,Partly Cloudy / Windy,20,20,33
17:30:09,Partly Cloudy / Windy,20,20,33
17:32:09,Partly Cloudy / Windy,20,20,33
17:34:09,Partly Cloudy / Windy,20,20,33
17:36:09,Partly Cloudy / Windy,20,20,33
17:38:09,Partly Cloudy / Windy,20,20,33
17:40:08,Partly Cloudy / Windy,20,20,33
17:42:09,Partly Cloudy / Windy,20,20,33
17:44:09,Partly Cloudy / Windy,20,20,33
17:46:09,Partly Cloudy / Windy,20,20,33
17:48:09,Partly Cloudy / Windy,20,20,33
17:50:09,Partly Cloudy / Windy,20,20,33
17:52:09,Partly Cloudy / Windy,20,20,33
17:54:09,Partly Cloudy / Windy,20,20,33
17:56:09,Partly Cloudy / Windy,20,20,33
17:58:08,Partly Cloudy / Windy,20,20,33
18:00:09,Partly Cloudy / Windy,20,20,33
18:02:08,Partly Cloudy / Windy,20,20,33
18:04:08,Partly Cloudy / Windy,20,20,33
18:06:08,Partly Cloudy / Windy,20,20,33
18:08:09,Partly Cloudy / Windy,20,20,33
18:10:09,Partly Cloudy / Windy,20,20,33
18:12:08,Partly Cloudy / Windy,20,20,33
18:14:08,Mostly Cloudy,20,20,27
18:16:09,Mostly Cloudy,20,20,27
18:18:08,Mostly Cloudy,20,20,27
18:20:08,Mostly Cloudy,20,20,27
18:22:09,Mostly Cloudy,20,20,27
18:24:09,Mostly Cloudy,20,20,27
18:26:09,Mostly Cloudy,20,20,27
18:28:09,Mostly Cloudy,20,20,27
18:30:09,Mostly Cloudy,20,20,27
18:32:09,Mostly Cloudy,20,20,27
18:34:08,Mostly Cloudy,20,20,27
18:36:09,Mostly Cloudy,20,20,27
18:38:09,Mostly Cloudy,20,20,27
18:40:09,Mostly Cloudy,20,20,27
18:42:08,Mostly Cloudy,20,20,27
18:44:08,Mostly Cloudy,20,20,27
18:46:09,Mostly Cloudy,20,20,27
18:48:09,Mostly Cloudy,20,20,27
18:50:08,Mostly Cloudy,20,20,27
18:52:08,Mostly Cloudy,20,20,27
18:54:09,Mostly Cloudy,20,20,27
18:56:09,Mostly Cloudy,20,20,27
18:58:09,Mostly Cloudy,20,20,27
19:00:08,Mostly Cloudy,20,20,27
19:02:09,Mostly Cloudy,20,20,27
19:04:09,Mostly Cloudy,20,20,27
19:06:08,Mostly Cloudy,20,20,27
19:08:09,Mostly Cloudy,18,18,22
19:10:09,Mostly Cloudy,18,18,22
19:12:08,Mostly Cloudy,18,18,22
19:14:09,Mostly Cloudy,18,18,22
19:16:09,Mostly Cloudy,18,18,22
19:18:08,Mostly Cloudy,18,18,22
19:20:09,Mostly Cloudy,18,18,22
19:22:09,Mostly Cloudy,18,18,22
19:24:09,Mostly Cloudy,18,18,22
19:26:09,Mostly Cloudy,18,18,22
19:28:09,Mostly Cloudy,18,18,22
19:30:09,Mostly Cloudy,18,18,22
19:32:08,Mostly Cloudy,18,18,22
19:34:09,Mostly Cloudy,18,18,22
19:36:08,Mostly Cloudy,18,18,22
19:38:08,Mostly Cloudy,18,18,22
19:40:09,Mostly Cloudy,18,18,22
19:42:09,Mostly Cloudy,18,18,22
19:44:08,Mostly Cloudy,18,18,22
19:46:09,Mostly Cloudy,18,18,22
19:48:08,Mostly Cloudy,18,18,22
19:50:08,Mostly Cloudy,18,18,22
19:52:09,Mostly Cloudy,18,18,22
19:54:09,Mostly Cloudy,18,18,22
19:56:09,Mostly Cloudy,18,18,22
19:58:09,Mostly Cloudy,18,18,22
20:00:09,Mostly Cloudy,18,18,22
20:02:08,Mostly Cloudy,18,18,22
20:04:09,Mostly Cloudy,18,18,22
20:06:09,Mostly Cloudy,18,18,22
20:08:09,Mostly Cloudy,18,18,22
20:10:09,Mostly Cloudy,18,18,22
20:12:09,Mostly Cloudy,18,18,22
20:14:09,Mostly Cloudy,17,17,9
20:16:08,Mostly Cloudy,17,17,9
20:18:09,Mostly Cloudy,17,17,9
20:20:09,Mostly Cloudy,17,17,9
20:22:08,Mostly Cloudy,17,17,9
20:24:08,Mostly Cloudy,17,17,9
20:26:09,Mostly Cloudy,17,17,9
20:28:09,Mostly Cloudy,17,17,9
20:30:08,Mostly Cloudy,17,17,9
20:32:08,Mostly Cloudy,17,17,9
20:34:09,Mostly Cloudy,17,17,9
20:36:08,Mostly Cloudy,17,17,9
20:38:08,Mostly Cloudy,17,17,9
20:40:09,Mostly Cloudy,17,17,9
20:42:09,Mostly Cloudy,17,17,9
20:44:08,Mostly Cloudy,17,17,9
20:46:09,Mostly Cloudy,17,17,9
20:48:09,Mostly Cloudy,17,17,9
20:50:09,Mostly Cloudy,17,17,9
20:52:09,Mostly Cloudy,17,17,9
20:54:09,Mostly Cloudy,17,17,9
20:56:08,Mostly Cloudy,17,17,9
20:58:09,Mostly Cloudy,17,17,9
21:00:08,Mostly Cloudy,17,17,9
21:02:08,Mostly Cloudy,17,17,9
21:04:09,Mostly Cloudy,17,17,9
21:06:09,Mostly Cloudy,17,17,9
21:08:09,Mostly Cloudy,17,17,9
21:10:09,Mostly Cloudy,17,17,9
21:12:09,Mostly Cloudy,17,17,9
21:14:09,Mostly Cloudy,17,17,4
21:16:08,Mostly Cloudy,17,17,4
21:18:09,Mostly Cloudy,17,17,4
21:20:09,Mostly Cloudy,17,17,4
21:22:08,Mostly Cloudy,17,17,4
21:24:09,Mostly Cloudy,17,17,4
21:26:09,Mostly Cloudy,17,17,4
21:28:09,Mostly Cloudy,17,17,4
21:30:08,Mostly Cloudy,17,17,4
21:32:09,Mostly Cloudy,17,17,4
21:34:09,Mostly Cloudy,17,17,4
21:36:09,Mostly Cloudy,17,17,4
21:38:08,Mostly Cloudy,17,17,4
21:40:09,Mostly Cloudy,17,17,4
21:42:09,Mostly Cloudy,17,17,4
21:44:09,Mostly Cloudy,17,17,4
21:46:08,Mostly Cloudy,17,17,4
21:48:09,Mostly Cloudy,17,17,4
21:50:09,Mostly Cloudy,17,17,4
21:52:09,Mostly Cloudy,17,17,4
21:54:08,Mostly Cloudy,17,17,4
21:56:08,Mostly Cloudy,17,17,4
21:58:09,Mostly Cloudy,17,17,4
22:00:09,Mostly Cloudy,17,17,4
22:02:09,Mostly Cloudy,17,17,4
22:04:09,Mostly Cloudy,17,17,4
22:06:09,Mostly Cloudy,17,17,4
22:08:09,Mostly Cloudy,17,17,4
22:10:08,Mostly Cloudy,17,17,4
22:12:09,Mostly Cloudy,17,17,4
22:14:09,Mostly Cloudy,17,17,9
22:16:09,Mostly Cloudy,17,17,9
22:18:09,Mostly Cloudy,17,17,9
22:20:09,Mostly Cloudy,17,17,9
22:22:09,Mostly Cloudy,17,17,9
22:24:09,Mostly Cloudy,17,17,9
22:26:09,Mostly Cloudy,17,17,9
22:28:09,Mostly Cloudy,17,17,9
22:30:09,Mostly Cloudy,17,17,9
22:32:09,Mostly Cloudy,17,17,9
22:34:08,Mostly Cloudy,17,17,9
22:36:09,Mostly Cloudy,17,17,9
22:38:09,Mostly Cloudy,17,17,9
22:40:08,Mostly Cloudy,17,17,9
22:42:09,Mostly Cloudy,17,17,9
22:44:09,Mostly Cloudy,17,17,9
22:46:09,Mostly Cloudy,17,17,9
22:48:09,Mostly Cloudy,17,17,9
22:50:09,Mostly Cloudy,17,17,9
22:52:08,Mostly Cloudy,17,17,9
22:54:09,Mostly Cloudy,17,17,9
22:56:09,Mostly Cloudy,17,17,9
22:58:08,Mostly Cloudy,17,17,9
23:00:09,Mostly Cloudy,17,17,9
23:02:09,Mostly Cloudy,17,17,9
23:04:09,Mostly Cloudy,17,17,9
23:06:08,Mostly Cloudy,17,17,9
23:08:09,Mostly Cloudy,17,17,9
23:10:08,Mostly Cloudy,17,17,9
23:12:08,Mostly Cloudy,17,17,9
23:14:09,Mostly Cloudy,17,17,9
23:16:09,Mostly Cloudy,17,17,9
23:18:09,Mostly Cloudy,17,17,9
23:20:09,Mostly Cloudy,17,17,9
23:22:09,Mostly Cloudy,17,17,9
23:24:08,Mostly Cloudy,17,17,9
23:26:09,Mostly Cloudy,17,17,9
23:28:08,Mostly Cloudy,17,17,9
23:30:08,Mostly Cloudy,17,17,9
23:32:09,Mostly Cloudy,17,17,9
23:34:09,Mostly Cloudy,17,17,9
23:36:08,Mostly Cloudy,17,17,9
23:38:08,Mostly Cloudy,17,17,9
23:40:09,Mostly Cloudy,17,17,9
23:42:08,Mostly Cloudy,17,17,9
23:44:09,Mostly Cloudy,17,17,9
23:46:09,Mostly Cloudy,17,17,9
23:48:09,Mostly Cloudy,17,17,9
23:50:09,Mostly Cloudy,17,17,9
23:52:09,Mostly Cloudy,17,17,9
23:54:09,Mostly Cloudy,17,17,9
23:56:08,Mostly Cloudy,17,17,9
23:58:09,Mostly Cloudy,17,17,9
