Time,Weather,Temperature,Feels_Like,Wind_Speed
00:00:08,Mostly Cloudy,7,5,16
00:02:09,Mostly Cloudy,7,5,16
00:04:09,Mostly Cloudy,7,5,16
00:06:09,Mostly Cloudy,7,5,16
00:08:08,Mostly Cloudy,7,5,16
00:10:09,Mostly Cloudy,7,5,14
00:12:09,Mostly Cloudy,7,5,14
00:14:09,Mostly Cloudy,7,5,14
00:16:08,Mostly Cloudy,7,5,14
00:18:09,Mostly Cloudy,7,5,14
00:20:09,Mostly Cloudy,7,5,14
00:22:08,Mostly Cloudy,7,5,14
00:24:09,Mostly Cloudy,7,5,14
00:26:09,Mostly Cloudy,7,5,14
00:28:08,Mostly Cloudy,7,5,14
00:30:08,Mostly Cloudy,7,5,14
00:32:09,Mostly Cloudy,7,5,14
00:34:09,Mostly Cloudy,7,5,14
00:36:09,Mostly Cloudy,7,5,14
00:38:08,Mostly Cloudy,7,5,14
00:40:08,Mostly Cloudy,7,5,14
00:42:09,Mostly Cloudy,7,5,14
00:44:09,Mostly Cloudy,7,5,14
00:46:08,Mostly Cloudy,7,5,14
00:48:08,Mostly Cloudy,7,5,14
00:50:09,Mostly Cloudy,7,5,14
00:52:09,Mostly Cloudy,7,5,14
00:54:08,Mostly Cloudy,7,5,14
00:56:09,Mostly Cloudy,7,5,14
00:58:09,Mostly Cloudy,7,5,14
01:00:17,Mostly Cloudy,7,5,14
01:02:09,Mostly Cloudy,7,5,14
01:04:09,Mostly Cloudy,7,5,14
01:06:09,Mostly Cloudy,7,5,14
01:08:08,Mostly Cloudy,7,5,14
01:10:09,Mostly Cloudy,7,5,14
01:12:08,Mostly Cloudy,7,5,14
01:14:08,Mostly Cloudy,7,5,14
01:16:09,Mostly Cloudy,7,5,14
01:18:08,Mostly Cloudy,7,5,14
01:20:09,Mostly Cloudy,7,5,14
01:22:09,Mostly Cloudy,7,5,14
01:24:09,Mostly Cloudy,7,5,14
01:26:08,Mostly Cloudy,7,5,14
01:28:09,Mostly Cloudy,7,5,14
01:30:09,Mostly Cloudy,7,5,14
01:32:09,Mostly Cloudy,7,5,14
01:34:08,Mostly Cloudy,7,5,14
01:36:09,Mostly Cloudy,7,5,14
01:38:09,Mostly Cloudy,7,5,14
01:40:09,Mostly Cloudy,7,5,14
01:42:09,Mostly Cloudy,7,5,14
01:44:09,Mostly Cloudy,7,5,14
01:46:08,Mostly Cloudy,7,5,14
01:48:09,Mostly Cloudy,7,5,14
01:50:09,Mostly Cloudy,7,5,14
01:52:09,Mostly Cloudy,7,5,14
01:54:09,Mostly Cloudy,7,5,14
01:56:09,Mostly Cloudy,7,5,14
01:58:08,Mostly Cloudy,7,5,14
02:00:09,Mostly Cloudy,7,5,14
02:02:09,Mostly Cloudy,7,5,14
02:04:09,Mostly Cloudy,7,5,14
02:06:09,Mostly Cloudy,7,5,14
02:08:09,Mostly Cloudy,7,5,14
02:10:09,Mostly Cloudy,7,6,8
02:12:08,Mostly Cloudy,7,6,8
02:14:08,Mostly Cloudy,7,6,8
02:16:09,Mostly Cloudy,7,6,8
02:18:09,Mostly Cloudy,7,6,8
02:20:09,Mostly Cloudy,7,6,8
02:22:09,Mostly Cloudy,7,6,8
02:24:09,Mostly Cloudy,7,6,8
02:26:09,Mostly Cloudy,7,6,8
02:28:09,Mostly Cloudy,7,6,8
02:30:09,Mostly Cloudy,7,6,8
02:32:08,Mostly Cloudy,7,6,8
02:34:08,Mostly Cloudy,7,6,8
02:36:09,Mostly Cloudy,7,6,8
02:38:09,Mostly Cloudy,7,6,8
02:40:09,Mostly Cloudy,7,6,8
02:42:08,Mostly Cloudy,7,6,8
02:44:08,Mostly Cloudy,7,6,8
02:46:09,Mostly Cloudy,7,6,8
02:48:09,Mostly Cloudy,7,6,8
02:50:09,Mostly Cloudy,7,6,8
02:52:08,Mostly Cloudy,7,6,8
02:54:09,Mostly Cloudy,7,6,8
02:56:09,Mostly Cloudy,7,6,8
02:58:09,Mostly Cloudy,7,6,8
03:00:08,Mostly Cloudy,7,6,8
03:02:08,Mostly Cloudy,7,6,8
03:04:09,Mostly Cloudy,7,6,8
03:06:09,Mostly Cloudy,7,6,8
03:08:09,Mostly Cloudy,7,6,8
03:10:09,Mostly Cloudy,7,6,8
03:12:08,Mostly Cloudy,7,6,8
03:14:08,Mostly Cloudy,7,7,4
03:16:09,Mostly Cloudy,7,7,4
03:18:08,Mostly Cloudy,7,7,4
03:20:08,Mostly Cloudy,7,7,4
03:22:09,Mostly Cloudy,7,7,4
03:24:09,Mostly Cloudy,7,7,4
03:26:08,Mostly Cloudy,7,7,4
03:28:08,Mostly Cloudy,7,7,4
03:30:09,Mostly Cloudy,7,7,4
03:32:09,Mostly Cloudy,7,7,4
03:34:09,Mostly Cloudy,7,7,4
03:36:09,Mostly Cloudy,7,7,4
03:38:09,Mostly Cloudy,7,7,4
03:40:09,Mostly Cloudy,7,7,4
03:42:09,Mostly Cloudy,7,7,4
03:44:09,Mostly Cloudy,7,7,4
03:46:09,Mostly Cloudy,7,7,4
03:48:08,Mostly Cloudy,7,7,4
03:50:09,Mostly Cloudy,7,7,4
03:52:09,Mostly Cloudy,7,7,4
03:54:09,Mostly Cloudy,7,7,4
03:56:08,Mostly Cloudy,7,7,4
03:58:08,Mostly Cloudy,7,7,4
04:00:09,Mostly Cloudy,7,7,4
04:02:09,Mostly Cloudy,7,7,4
04:04:08,Mostly Cloudy,7,7,4
04:06:08,Mostly Cloudy,7,7,4
04:08:09,Mostly Cloudy,7,7,4
04:10:09,Mostly Cloudy,7,7,4
04:12:09,Mostly Cloudy,7,7,4
04:14:08,Mostly Cloudy,7,5,11
04:16:09,Mostly Cloudy,7,5,11
04:18:09,Mostly Cloudy,7,5,11
04:20:08,Mostly Cloudy,7,5,11
04:22:09,Mostly Cloudy,7,5,11
04:24:09,Mostly Cloudy,7,5,11
04:26:09,Mostly Cloudy,7,5,11
04:28:08,Mostly Cloudy,7,5,11
04:30:09,Mostly Cloudy,7,5,11
04:32:09,Mostly Cloudy,7,5,11
04:34:08,Mostly Cloudy,7,5,11
04:36:08,Mostly Cloudy,7,5,11
04:38:08,Mostly Cloudy,7,5,11
04:40:09,Mostly Cloudy,7,5,11
04:42:09,Mostly Cloudy,7,5,11
04:44:09,Mostly Cloudy,7,5,11
04:46:09,Mostly Cloudy,7,5,11
04:48:09,Mostly Cloudy,7,5,11
04:50:09,Mostly Cloudy,7,5,11
04:52:08,Mostly Cloudy,7,5,11
04:54:09,Mostly Cloudy,7,5,11
04:56:09,Mostly Cloudy,7,5,11
04:58:09,Mostly Cloudy,7,5,11
05:00:08,Mostly Cloudy,7,5,11
05:02:09,Mostly Cloudy,7,5,11
05:04:09,Mostly Cloudy,7,5,11
05:06:09,Mostly Cloudy,7,5,11
05:08:09,Mostly Cloudy,7,5,11
05:10:09,Mostly Cloudy,7,5,11
05:12:09,Mostly Cloudy,7,5,11
05:14:09,Mostly Cloudy,7,5,12
05:16:09,Mostly Cloudy,7,5,12
05:18:09,Mostly Cloudy,7,5,12
05:20:09,Mostly Cloudy,7,5,12
05:22:09,Mostly Cloudy,7,5,12
05:24:08,Mostly Cloudy,7,5,12
05:26:08,Mostly Cloudy,7,5,12
05:28:09,Mostly Cloudy,7,5,12
05:30:09,Mostly Cloudy,7,5,12
05:32:09,Mostly Cloudy,7,5,12
05:34:08,Mostly Cloudy,7,5,12
05:36:08,Mostly Cloudy,7,5,12
05:38:09,Mostly Cloudy,7,5,12
05:40:09,Mostly Cloudy,7,5,12
05:42:08,Mostly Cloudy,7,5,12
05:44:08,Mostly Cloudy,7,5,12
05:46:09,Mostly Cloudy,7,5,12
05:48:09,Mostly Cloudy,7,5,12
05:50:08,Mostly Cloudy,7,5,12
05:52:08,Mostly Cloudy,7,5,12
05:54:09,Mostly Cloudy,7,5,12
05:56:09,Mostly Cloudy,7,5,12
05:58:08,Mostly Cloudy,7,5,12
06:00:09,Mostly Cloudy,7,5,12
06:02:09,Mostly Cloudy,7,5,12
06:04:09,Mostly Cloudy,7,5,12
06:06:08,Mostly Cloudy,7,5,12
06:08:09,Mostly Cloudy,7,5,12
06:10:09,Mostly Cloudy,7,5,12
06:12:09,Mostly Cloudy,7,5,12
06:14:08,Mostly Cloudy,7,7,4
06:16:08,Mostly Cloudy,7,7,4
06:18:09,Mostly Cloudy,7,7,4
06:20:08,Mostly Cloudy,7,7,4
06:22:08,Mostly Cloudy,7,7,4
06:24:09,Mostly Cloudy,7,7,4
06:26:09,Mostly Cloudy,7,7,4
06:28:09,Mostly Cloudy,7,7,4
06:30:08,Mostly Cloudy,7,7,4
06:32:09,Mostly Cloudy,7,7,4
06:34:09,Mostly Cloudy,7,7,4
06:36:09,Mostly Cloudy,7,7,4
06:38:09,Mostly Cloudy,7,7,4
06:40:09,Mostly Cloudy,7,7,4
06:42:08,Mostly Cloudy,7,7,4
06:44:09,Mostly Cloudy,7,7,4
06:46:09,Mostly Cloudy,7,7,4
06:48:09,Mostly Cloudy,7,7,4
06:50:08,Mostly Cloudy,7,7,4
06:52:08,Mostly Cloudy,7,7,4
06:54:09,Mostly Cloudy,7,7,4
06:56:09,Mostly Cloudy,7,7,4
06:58:08,Mostly Cloudy,7,7,4
07:00:08,Mostly Cloudy,7,7,4
07:02:09,Mostly Cloudy,7,7,4
07:04:09,Mostly Cloudy,7,7,4
07:06:08,Mostly Cloudy,7,7,4
07:08:09,Mostly Cloudy,7,7,4
07:10:09,Mostly Cloudy,7,7,4
07:12:09,Mostly Cloudy,7,7,4
07:14:08,Mostly Cloudy,8,6,14
07:16:09,Mostly Cloudy,8,6,14
07:18:08,Mostly Cloudy,8,6,14
07:20:09,Mostly Cloudy,8,6,14
07:22:09,Mostly Cloudy,8,6,14
07:24:08,Mostly Cloudy,8,6,14
07:26:08,Mostly Cloudy,8,6,14
07:28:09,Mostly Cloudy,8,6,14
07:30:09,Mostly Cloudy,8,6,14
07:32:09,Mostly Cloudy,8,6,14
07:34:09,Mostly Cloudy,8,6,14
07:36:09,Mostly Cloudy,8,6,14
07:38:09,Mostly Cloudy,8,6,14
07:40:09,Mostly Cloudy,8,6,14
07:42:09,Mostly Cloudy,8,6,14
07:44:08,Mostly Cloudy,8,6,14
07:46:09,Mostly Cloudy,8,6,14
07:48:09,Mostly Cloudy,8,6,14
07:50:09,Mostly Cloudy,8,6,14
07:52:09,Mostly Cloudy,8,6,14
07:54:08,Mostly Cloudy,8,6,14
07:56:08,Mostly Cloudy,8,6,14
07:58:09,Mostly Cloudy,8,6,14
08:00:09,Mostly Cloudy,8,6,14
08:02:09,Mostly Cloudy,8,6,14
08:04:08,Mostly Cloudy,8,6,14
08:06:09,Mostly Cloudy,8,6,14
08:08:09,Mostly Cloudy,8,7,9
08:10:08,Mostly Cloudy,8,7,9
08:12:09,Mostly Cloudy,8,7,9
08:14:09,Mostly Cloudy,8,7,9
08:16:08,Mostly Cloudy,8,7,9
08:18:09,Mostly Cloudy,8,7,9
08:20:09,Mostly Cloudy,8,7,9
08:22:08,Mostly Cloudy,8,7,9
08:24:08,Mostly Cloudy,8,7,9
08:26:09,Mostly Cloudy,8,7,9
08:28:09,Mostly Cloudy,8,7,9
08:30:09,Mostly Cloudy,8,7,9
08:32:09,Mostly Cloudy,8,7,9
08:34:09,Mostly Cloudy,8,7,9
08:36:09,Mostly Cloudy,8,7,9
08:38:08,Mostly Cloudy,8,7,9
08:40:09,Mostly Cloudy,8,7,9
08:42:09,Mostly Cloudy,8,7,9
08:44:09,Mostly Cloudy,8,7,8
08:46:08,Mostly Cloudy,8,7,8
08:48:08,Mostly Cloudy,8,7,8
08:50:09,Mostly Cloudy,8,7,8
08:52:09,Mostly Cloudy,8,7,8
08:54:08,Mostly Cloudy,8,7,8
08:56:09,Mostly Cloudy,8,7,8
08:58:09,Mostly Cloudy,8,7,8
09:00:09,Mostly Cloudy,8,7,8
09:02:09,Mostly Cloudy,8,7,8
09:04:08,Mostly Cloudy,8,7,8
09:06:08,Mostly Cloudy,8,7,8
09:08:08,Mostly Cloudy,8,7,8
09:10:09,Mostly Cloudy,8,7,8
09:12:09,Mostly Cloudy,8,7,8
09:14:08,Mostly Cloudy,8,7,11
09:16:09,Mostly Cloudy,8,7,11
09:18:08,Mostly Cloudy,8,7,11
09:20:09,Mostly Cloudy,8,7,11
09:22:09,Mostly Cloudy,8,7,11
09:24:09,Mostly Cloudy,8,7,11
09:26:08,Mostly Cloudy,8,7,11
09:28:09,Mostly Cloudy,8,7,11
09:30:09,Mostly Cloudy,8,7,11
09:32:09,Mostly Cloudy,8,7,11
09:34:09,Mostly Cloudy,8,7,11
09:36:09,Mostly Cloudy,8,7,11
09:38:09,Mostly Cloudy,8,7,11
09:40:08,Mostly Cloudy,8,7,11
09:42:09,Mostly Cloudy,8,7,11
09:44:09,Mostly Cloudy,8,8,3
09:46:09,Mostly Cloudy,8,8,3
09:48:08,Mostly Cloudy,8,8,3
09:50:08,Mostly Cloudy,8,8,3
09:52:09,Mostly Cloudy,8,8,3
09:54:09,Mostly Cloudy,8,8,3
09:56:08,Mostly Cloudy,8,8,3
09:58:09,Mostly Cloudy,8,8,3
10:00:09,Mostly Cloudy,8,8,3
10:02:08,Mostly Cloudy,8,8,3
10:04:08,Mostly Cloudy,8,8,3
10:06:09,Mostly Cloudy,8,8,3
10:08:09,Mostly Cloudy,8,8,3
10:10:09,Mostly Cloudy,8,8,3
10:12:09,Mostly Cloudy,8,8,3
10:14:09,Mostly Cloudy,10,10,3
10:16:08,Mostly Cloudy,10,10,3
10:18:09,Mostly Cloudy,10,10,3
10:20:09,Mostly Cloudy,10,10,3
10:22:09,Mostly Cloudy,10,10,3
10:24:08,Mostly Cloudy,10,10,3
10:26:09,Mostly Cloudy,10,10,3
10:28:09,Mostly Cloudy,10,10,3
10:30:08,Mostly Cloudy,10,10,3
10:32:09,Mostly Cloudy,10,10,3
10:34:09,Mostly Cloudy,10,10,3
10:36:09,Mostly Cloudy,10,10,3
10:38:09,Mostly Cloudy,10,10,3
10:40:09,Mostly Cloudy,10,10,3
10:42:09,Mostly Cloudy,10,10,3
10:44:09,Mostly Cloudy,11,11,8
10:46:08,Mostly Cloudy,11,11,8
10:48:09,Mostly Cloudy,11,11,8
10:50:09,Mostly Cloudy,11,11,8
10:52:08,Mostly Cloudy,11,11,8
10:54:08,Mostly Cloudy,11,11,8
10:56:09,Mostly Cloudy,11,11,8
10:58:09,Mostly Cloudy,11,11,8
11:00:09,Mostly Cloudy,11,11,8
11:02:09,Mostly Cloudy,11,11,8
11:04:08,Mostly Cloudy,11,11,8
11:06:09,Mostly Cloudy,11,11,8
11:08:09,Mostly Cloudy,11,11,8
11:10:08,Mostly Cloudy,11,11,8
11:12:08,Mostly Cloudy,11,11,8
11:14:09,Mostly Cloudy,10,10,4
11:16:09,Mostly Cloudy,10,10,4
11:18:08,Mostly Cloudy,10,10,4
11:20:08,Mostly Cloudy,10,10,4
11:22:09,Mostly Cloudy,10,10,4
11:24:09,Mostly Cloudy,10,10,4
11:26:09,Mostly Cloudy,10,10,4
11:28:08,Mostly Cloudy,10,10,4
11:30:09,Mostly Cloudy,10,10,4
11:32:09,Mostly Cloudy,10,10,4
11:34:08,Mostly Cloudy,10,10,4
11:36:08,Mostly Cloudy,10,10,4
11:38:09,Mostly Cloudy,12,12,4
11:40:09,Mostly Cloudy,12,12,4
11:42:08,Mostly Cloudy,12,12,4
11:44:08,Mostly Cloudy,12,12,4
11:46:09,Mostly Cloudy,12,12,4
11:48:08,Mostly Cloudy,12,12,4
11:50:09,Mostly Cloudy,12,12,4
11:52:10,Mostly Cloudy,12,12,4
11:54:09,Mostly Cloudy,12,12,4
11:56:09,Mostly Cloudy,12,12,4
11:58:08,Mostly Cloudy,12,12,4
12:00:08,Mostly Cloudy,12,12,4
12:02:09,Mostly Cloudy,12,12,4
12:04:09,Mostly Cloudy,12,12,4
12:06:09,Mostly Cloudy,12,12,4
12:08:08,Mostly Cloudy,12,12,4
12:10:09,Mostly Cloudy,12,12,4
12:12:09,Mostly Cloudy,12,12,4
12:14:09,Mostly Cloudy,12,12,12
12:16:08,Mostly Cloudy,12,12,12
12:18:09,Mostly Cloudy,12,12,12
12:20:09,Mostly Cloudy,12,12,12
12:22:09,Mostly Cloudy,12,12,12
12:24:09,Mostly Cloudy,12,12,12
12:26:09,Mostly Cloudy,12,12,12
12:28:08,Mostly Cloudy,12,12,12
12:30:09,Mostly Cloudy,12,12,12
12:32:08,Mostly Cloudy,12,12,12
12:34:09,Mostly Cloudy,12,12,12
12:36:09,Mostly Cloudy,12,12,12
12:38:09,Mostly Cloudy,12,12,12
12:40:08,Mostly Cloudy,12,12,12
12:42:09,Mostly Cloudy,12,12,12
12:44:09,Mostly Cloudy,12,12,12
12:46:08,Mostly Cloudy,12,12,12
12:48:08,Mostly Cloudy,12,12,12
12:50:09,Mostly Cloudy,13,13,20
12:52:09,Mostly Cloudy,13,13,20
12:54:09,Mostly Cloudy,13,13,20
12:56:08,Mostly Cloudy,13,13,20
12:58:09,Mostly Cloudy,13,13,20
13:00:09,Mostly Cloudy,13,13,20
13:02:09,Mostly Cloudy,13,13,20
13:04:08,Mostly Cloudy,13,13,20
13:06:09,Mostly Cloudy,13,13,20
13:08:09,Mostly Cloudy,13,13,20
13:10:09,Mostly Cloudy,13,13,20
13:12:08,Mostly Cloudy,13,13,20
13:14:08,Mostly Cloudy,12,12,16
13:16:09,Mostly Cloudy,12,12,16
13:18:09,Mostly Cloudy,12,12,16
13:20:09,Mostly Cloudy,12,12,16
13:22:09,Mostly Cloudy,12,12,16
13:24:09,Mostly Cloudy,12,12,16
13:26:09,Mostly Cloudy,12,12,16
13:28:08,Mostly Cloudy,12,12,16
13:30:08,Mostly Cloudy,12,12,16
13:32:09,Mostly Cloudy,12,12,16
13:34:09,Mostly Cloudy,12,12,16
13:36:09,Mostly Cloudy,12,12,16
13:38:08,Mostly Cloudy,12,12,16
13:40:09,Mostly Cloudy,12,12,16
13:42:09,Mostly Cloudy,12,12,16
13:44:09,Mostly Cloudy,12,12,11
13:46:08,Mostly Cloudy,12,12,11
13:48:08,Mostly Cloudy,12,12,11
13:50:08,Mostly Cloudy,12,12,11
13:52:09,Mostly Cloudy,12,12,11
13:54:09,Mostly Cloudy,12,12,11
13:56:08,Mostly Cloudy,12,12,11
13:58:09,Mostly Cloudy,12,12,11
14:00:09,Mostly Cloudy,12,12,11
14:02:08,Mostly Cloudy,12,12,11
14:04:09,Mostly Cloudy,12,12,11
14:06:09,Mostly Cloudy,12,12,11
14:08:09,Mostly Cloudy,12,12,11
14:10:08,Mostly Cloudy,12,12,11
14:12:08,Mostly Cloudy,12,12,11
14:14:09,Mostly Cloudy,13,13,19
14:16:09,Mostly Cloudy,13,13,19
14:18:09,Mostly Cloudy,13,13,19
14:20:09,Mostly Cloudy,13,13,19
14:22:09,Mostly Cloudy,13,13,19
14:24:08,Mostly Cloudy,13,13,19
14:26:08,Mostly Cloudy,13,13,19
14:28:09,Mostly Cloudy,13,13,19
14:30:09,Mostly Cloudy,13,13,19
14:32:08,Mostly Cloudy,13,13,19
14:34:09,Mostly Cloudy,13,13,19
14:36:08,Mostly Cloudy,13,13,19
14:38:08,Mostly Cloudy,12,12,19
14:40:09,Mostly Cloudy,12,12,19
14:42:09,Mostly Cloudy,12,12,19
14:44:08,Mostly Cloudy,12,12,19
14:46:09,Mostly Cloudy,12,12,19
14:48:09,Mostly Cloudy,12,12,19
14:50:09,Mostly Cloudy,12,12,19
14:52:09,Mostly Cloudy,12,12,19
14:54:09,Mostly Cloudy,12,12,19
14:56:09,Mostly Cloudy,12,12,19
14:58:08,Mostly Cloudy,12,12,19
15:00:09,Mostly Cloudy,12,12,19
15:02:09,Mostly Cloudy,12,12,19
15:04:08,Mostly Cloudy,12,12,19
15:06:09,Mostly Cloudy,12,12,19
15:08:09,Mostly Cloudy,12,12,19
15:10:08,Mostly Cloudy,12,12,19
15:12:09,Mostly Cloudy,12,12,19
15:14:09,Mostly Cloudy,12,12,24
15:16:09,Mostly Cloudy,12,12,24
15:18:09,Mostly Cloudy,12,12,24
15:20:09,Mostly Cloudy,12,12,24
15:22:09,Mostly Cloudy,12,12,24
15:24:09,Mostly Cloudy,12,12,24
15:26:09,Mostly Cloudy,12,12,24
15:28:08,Mostly Cloudy,12,12,24
15:30:08,Mostly Cloudy,12,12,24
15:32:09,Mostly Cloudy,12,12,24
15:34:09,Mostly Cloudy,12,12,24
15:36:09,Mostly Cloudy,12,12,24
15:38:08,Mostly Cloudy,13,13,19
15:40:09,Mostly Cloudy,13,13,19
15:42:09,Mostly Cloudy,13,13,19
15:44:08,Mostly Cloudy,13,13,19
15:46:09,Mostly Cloudy,13,13,19
15:48:08,Mostly Cloudy,13,13,19
15:50:09,Mostly Cloudy,13,13,19
15:52:09,Mostly Cloudy,13,13,19
15:54:09,Mostly Cloudy,13,13,19
15:56:08,Mostly Cloudy,13,13,19
15:58:09,Mostly Cloudy,13,13,19
16:00:09,Mostly Cloudy,13,13,19
16:02:09,Mostly Cloudy,13,13,19
16:04:08,Mostly Cloudy,13,13,19
16:06:09,Mostly Cloudy,13,13,19
16:08:09,Mostly Cloudy,13,13,19
16:10:08,Mostly Cloudy,13,13,19
16:12:09,Mostly Cloudy,13,13,19
16:14:09,Mostly Cloudy,12,12,20
16:16:09,Mostly Cloudy,12,12,20
16:18:08,Mostly Cloudy,12,12,20
16:20:09,Mostly Cloudy,12,12,20
16:22:09,Mostly Cloudy,12,12,20
16:24:09,Mostly Cloudy,12,12,20
16:26:08,Mostly Cloudy,12,12,20
16:28:09,Mostly Cloudy,12,12,20
16:30:09,Mostly Cloudy,12,12,20
16:32:08,Mostly Cloudy,12,12,20
16:34:08,Mostly Cloudy,12,12,20
16:36:09,Mostly Cloudy,12,12,20
16:38:09,Mostly Cloudy,12,12,20
16:40:08,Mostly Cloudy,12,12,20
16:42:08,Mostly Cloudy,12,12,20
16:44:09,Mostly Cloudy,12,12,19
16:46:09,Mostly Cloudy,12,12,19
16:48:09,Mostly Cloudy,12,12,19
16:50:08,Mostly Cloudy,12,12,19
16:52:09,Mostly Cloudy,12,12,19
16:54:09,Mostly Cloudy,12,12,19
16:56:09,Mostly Cloudy,12,12,19
16:58:08,Mostly Cloudy,12,12,19
17:00:09,Mostly Cloudy,12,12,19
17:02:09,Mostly Cloudy,12,12,19
17:04:09,Mostly Cloudy,12,12,19
17:06:08,Mostly Cloudy,12,12,19
17:08:08,Mostly Cloudy,12,12,19
17:10:09,Mostly Cloudy,12,12,19
17:12:09,Mostly Cloudy,12,12,19
17:14:08,Mostly Cloudy,12,12,19
17:16:09,Mostly Cloudy,12,12,19
17:18:09,Mostly Cloudy,12,12,19
17:20:09,Mostly Cloudy,12,12,20
17:22:08,Mostly Cloudy,12,12,20
17:24:09,Mostly Cloudy,12,12,20
17:26:09,Mostly Cloudy,12,12,20
17:28:08,Mostly Cloudy,12,12,20
17:30:08,Mostly Cloudy,12,12,20
17:32:08,Mostly Cloudy,12,12,20
17:34:09,Mostly Cloudy,12,12,20
17:36:09,Mostly Cloudy,12,12,20
17:38:09,Mostly Cloudy,12,12,20
17:40:08,Mostly Cloudy,12,12,20
17:42:09,Mostly Cloudy,12,12,20
17:44:09,Mostly Cloudy,12,12,20
17:46:09,Mostly Cloudy,12,12,20
17:48:09,Mostly Cloudy,12,12,20
17:50:08,Mostly Cloudy,12,12,20
17:52:09,Mostly Cloudy,12,12,20
17:54:09,Mostly Cloudy,12,12,20
17:56:09,Mostly Cloudy,12,12,20
17:58:08,Mostly Cloudy,12,12,20
18:00:09,Mostly Cloudy,12,12,20
18:02:08,Mostly Cloudy,12,12,20
18:04:09,Mostly Cloudy,12,12,20
18:06:09,Mostly Cloudy,12,12,20
18:08:09,Mostly Cloudy,12,12,20
18:10:09,Mostly Cloudy,12,12,20
18:12:09,Mostly Cloudy,12,12,20
18:14:09,Mostly Cloudy,12,12,20
18:16:08,Mostly Cloudy,12,12,20
18:18:09,Mostly Cloudy,12,12,20
18:20:09,Mostly Cloudy,11,11,12
18:22:08,Mostly Cloudy,11,11,12
18:24:09,Mostly Cloudy,11,11,12
18:26:09,Mostly Cloudy,11,11,12
18:28:08,Mostly Cloudy,11,11,12
18:30:08,Mostly Cloudy,11,11,12
18:32:09,Mostly Cloudy,11,11,12
18:34:09,Mostly Cloudy,11,11,12
18:36:09,Mostly Cloudy,11,11,12
18:38:09,Mostly Cloudy,11,11,12
18:40:08,Mostly Cloudy,11,11,12
18:42:08,Mostly Cloudy,11,11,12
18:44:09,Mostly Cloudy,11,11,12
18:46:09,Mostly Cloudy,11,11,12
18:48:09,Mostly Cloudy,11,11,12
18:50:08,Mostly Cloudy,11,11,12
18:52:09,Mostly Cloudy,11,11,12
18:54:09,Mostly Cloudy,11,11,12
18:56:09,Mostly Cloudy,11,11,12
18:58:08,Mostly Cloudy,11,11,12
19:00:08,Mostly Cloudy,11,11,12
19:02:09,Mostly Cloudy,11,11,12
19:04:09,Mostly Cloudy,11,11,12
19:06:09,Mostly Cloudy,11,11,12
19:08:08,Mostly Cloudy,11,11,12
19:10:08,Mostly Cloudy,11,11,12
19:12:09,Mostly Cloudy,11,11,12
19:14:09,Mostly Cloudy,12,12,16
19:16:09,Mostly Cloudy,12,12,16
19:18:08,Mostly Cloudy,12,12,16
19:20:09,Mostly Cloudy,12,12,16
19:22:09,Mostly Cloudy,12,12,16
19:24:08,Mostly Cloudy,12,12,16
19:26:08,Mostly Cloudy,12,12,16
19:28:09,Mostly Cloudy,12,12,16
19:30:09,Mostly Cloudy,12,12,16
19:32:09,Mostly Cloudy,12,12,16
19:34:08,Mostly Cloudy,12,12,16
19:36:09,Mostly Cloudy,12,12,16
19:38:09,Mostly Cloudy,12,12,16
19:40:08,Mostly Cloudy,12,12,16
19:42:08,Mostly Cloudy,12,12,16
19:44:09,Mostly Cloudy,12,12,16
19:46:09,Mostly Cloudy,12,12,16
19:48:08,Mostly Cloudy,12,12,16
19:50:09,Mostly Cloudy,12,12,16
19:52:08,Mostly Cloudy,12,12,16
19:54:08,Mostly Cloudy,12,12,16
19:56:08,Mostly Cloudy,12,12,16
19:58:09,Mostly Cloudy,12,12,16
20:00:09,Mostly Cloudy,12,12,16
20:02:09,Mostly Cloudy,12,12,16
20:04:09,Mostly Cloudy,12,12,16
20:06:09,Mostly Cloudy,12,12,16
20:08:09,Mostly Cloudy,12,12,16
20:10:09,Mostly Cloudy,12,12,16
20:12:08,Mostly Cloudy,12,12,16
20:14:09,Light Drizzle,11,11,9
20:16:09,Light Drizzle,11,11,9
20:18:08,Light Drizzle,11,11,9
20:20:09,Light Drizzle,11,11,9
20:22:09,Light Drizzle,11,11,9
20:24:08,Light Drizzle,11,11,9
20:26:08,Light Drizzle,11,11,9
20:28:09,Light Drizzle,11,11,9
20:30:09,Light Drizzle,11,11,9
20:32:09,Light Drizzle,11,11,9
20:34:09,Light Drizzle,11,11,9
20:36:09,Light Drizzle,11,11,9
20:38:09,Light Drizzle,11,11,9
20:40:08,Light Drizzle,11,11,9
20:42:09,Light Drizzle,11,11,9
20:44:09,Light Drizzle,11,11,9
20:46:08,Light Drizzle,11,11,9
20:48:08,Light Drizzle,11,11,9
20:50:09,Light Drizzle,11,11,9
20:52:09,Light Drizzle,11,11,9
20:54:09,Light Drizzle,11,11,9
20:56:09,Light Drizzle,11,11,9
20:58:08,Light Drizzle,11,11,9
21:00:08,Light Drizzle,11,11,9
21:02:09,Light Drizzle,11,11,9
21:04:09,Light Drizzle,11,11,9
21:06:09,Light Drizzle,11,11,9
21:08:08,Light Drizzle,11,11,9
21:10:09,Light Drizzle,11,11,9
21:12:09,Light Drizzle,11,11,9
21:14:09,Partly Cloudy,11,11,25
21:16:08,Partly Cloudy,11,11,25
21:18:09,Partly Cloudy,11,11,25
21:20:09,Partly Cloudy,11,11,25
21:22:08,Partly Cloudy,11,11,25
21:24:08,Partly Cloudy,11,11,25
21:26:09,Partly Cloudy,11,11,25
21:28:09,Partly Cloudy,11,11,25
21:30:09,Partly Cloudy,11,11,25
21:32:08,Partly Cloudy,11,11,25
21:34:09,Partly Cloudy,11,11,25
21:36:09,Partly Cloudy,11,11,25
21:38:09,Partly Cloudy,11,11,25
21:40:08,Partly Cloudy,11,11,25
21:42:08,Partly Cloudy,11,11,25
21:44:09,Partly Cloudy,11,11,25
21:46:09,Partly Cloudy,11,11,25
21:48:09,Partly Cloudy,11,11,25
21:50:08,Partly Cloudy,11,11,25
21:52:09,Partly Cloudy,11,11,25
21:54:09,Partly Cloudy,11,11,25
21:56:09,Partly Cloudy,11,11,25
21:58:08,Partly Cloudy,11,11,25
22:00:09,Partly Cloudy,11,11,25
22:02:09,Partly Cloudy,11,11,25
22:04:09,Partly Cloudy,11,11,25
22:06:09,Partly Cloudy,11,11,25
22:08:09,Partly Cloudy,11,11,25
22:10:08,Partly Cloudy,11,11,25
22:12:09,Partly Cloudy,11,11,25
22:14:09,Mostly Cloudy,11,11,28
22:16:08,Mostly Cloudy,11,11,28
22:18:09,Mostly Cloudy,11,11,28
22:20:09,Mostly Cloudy,11,11,28
22:22:09,Mostly Cloudy,11,11,28
22:24:09,Mostly Cloudy,11,11,28
22:26:09,Mostly Cloudy,11,11,28
22:28:08,Mostly Cloudy,11,11,28
22:30:09,Mostly Cloudy,11,11,28
22:32:09,Mostly Cloudy,11,11,28
22:34:09,Mostly Cloudy,11,11,28
22:36:08,Mostly Cloudy,11,11,28
22:38:08,Mostly Cloudy,11,11,28
22:40:09,Mostly Cloudy,11,11,28
22:42:09,Mostly Cloudy,11,11,28
22:44:09,Mostly Cloudy,11,11,28
22:46:09,Mostly Cloudy,11,11,28
22:48:08,Mostly Cloudy,11,11,28
22:50:09,Mostly Cloudy,11,11,28
22:52:09,Mostly Cloudy,11,11,28
22:54:09,Mostly Cloudy,11,11,28
22:56:09,Mostly Cloudy,11,11,28
22:58:08,Mostly Cloudy,11,11,28
23:00:09,Mostly Cloudy,11,11,28
23:02:09,Mostly Cloudy,11,11,28
23:04:09,Mostly Cloudy,11,11,28
23:06:08,Mostly Cloudy,11,11,28
23:08:08,Mostly Cloudy,11,11,28
23:10:09,Mostly Cloudy,11,11,28
23:12:09,Mostly Cloudy,11,11,28
23:14:09,Mostly Cloudy,11,11,27
23:16:09,Mostly Cloudy,11,11,27
23:18:09,Mostly Cloudy,11,11,27
23:20:09,Mostly Cloudy,11,11,27
23:22:09,Mostly Cloudy,11,11,27
23:24:09,Mostly Cloudy,11,11,27
23:26:09,Mostly Cloudy,11,11,27
23:28:08,Mostly Cloudy,11,11,27
23:30:08,Mostly Cloudy,11,11,27
23:32:09,Mostly Cloudy,11,11,27
23:34:09,Mostly Cloudy,11,11,27
23:36:08,Mostly Cloudy,11,11,27
23:38:08,Mostly Cloudy,11,11,27
23:40:09,Mostly Cloudy,11,11,27
23:42:09,Mostly Cloudy,11,11,27
23:44:08,Mostly Cloudy,11,11,27
23:46:09,Mostly Cloudy,11,11,27
23:48:09,Mostly Cloudy,11,11,27
23:50:08,Mostly Cloudy,11,11,27
23:52:09,Mostly Cloudy,11,11,27
23:54:09,Mostly Cloudy,11,11,27
23:56:09,Mostly Cloudy,11,11,27
23:58:08,Mostly Cloudy,11,11,27
