Time,Weather,Temperature,Feels_Like,Wind_Speed
00:00:08,Cloudy,11,11,9
00:02:09,Cloudy,11,11,9
00:04:09,Cloudy,11,11,9
00:06:09,Cloudy,11,11,9
00:08:08,Cloudy,11,11,9
00:10:09,Cloudy,11,11,9
00:12:09,Cloudy,11,11,9
00:14:09,Cloudy,11,11,9
00:16:08,Cloudy,11,11,9
00:18:08,Light Rain,11,11,12
00:20:09,Light Rain,11,11,12
00:22:09,Light Rain,11,11,12
00:24:09,Light Rain,11,11,12
00:26:08,Light Rain,11,11,12
00:28:08,Light Rain,11,11,12
00:30:09,Light Rain,11,11,12
00:32:09,Light Rain,11,11,12
00:34:09,Light Rain,11,11,12
00:36:08,Light Rain,11,11,12
00:38:09,Light Rain,11,11,12
00:40:09,Light Rain,11,11,12
00:42:09,Light Rain,11,11,12
00:44:09,Light Rain,11,11,12
00:46:09,Light Rain,11,11,12
00:48:08,Light Rain,11,11,12
00:50:09,Light Rain,11,11,12
00:52:09,Light Rain,11,11,12
00:54:09,Light Rain,11,11,12
00:56:08,Light Rain,11,11,12
00:58:09,Light Rain,11,11,12
01:00:16,Light Rain,11,11,12
01:02:09,Light Rain,11,11,12
01:04:09,Light Rain,11,11,12
01:06:08,Light Rain,11,11,12
01:08:09,Light Rain,11,11,12
01:10:09,Light Rain,11,11,12
01:12:09,Light Rain,11,11,14
01:14:09,Light Rain,11,11,14
01:16:08,Light Rain,11,11,14
01:18:09,Light Rain,11,11,14
01:20:09,Light Rain,11,11,14
01:22:09,Light Rain,11,11,14
01:24:09,Light Rain,11,11,14
01:26:09,Light Rain,11,11,14
01:28:09,Light Rain,11,11,14
01:30:09,Light Rain,11,11,14
01:32:09,Light Rain,11,11,14
01:34:09,Light Rain,11,11,14
01:36:09,Light Rain,11,11,14
01:38:09,Light Rain,11,11,14
01:40:08,Light Rain,11,11,14
01:42:08,Light Rain,11,11,14
01:44:09,Light Rain,11,11,14
01:46:09,Light Rain,11,11,14
01:48:09,Light Rain,11,11,14
01:50:08,Light Rain,11,11,14
01:52:08,Light Rain,11,11,14
01:54:09,Light Rain,11,11,14
01:56:09,Light Rain,11,11,14
01:58:09,Light Rain,11,11,14
02:00:08,Light Rain,11,11,14
02:02:09,Light Rain,11,11,14
02:04:08,Light Rain,11,11,14
02:06:09,Light Rain,11,11,14
02:08:09,Light Rain,11,11,14
02:10:08,Light Rain,11,11,14
02:12:09,Mostly Cloudy,11,11,12
02:14:08,Mostly Cloudy,11,11,12
02:16:08,Mostly Cloudy,11,11,12
02:18:09,Mostly Cloudy,11,11,12
02:20:08,Mostly Cloudy,11,11,12
02:22:09,Mostly Cloudy,11,11,12
02:24:09,Mostly Cloudy,11,11,12
02:26:08,Mostly Cloudy,11,11,12
02:28:08,Mostly Cloudy,11,11,12
02:30:08,Mostly Cloudy,11,11,12
02:32:09,Mostly Cloudy,11,11,12
02:34:09,Mostly Cloudy,11,11,12
02:36:08,Mostly Cloudy,11,11,12
02:38:09,Mostly Cloudy,11,11,12
02:40:09,Mostly Cloudy,11,11,12
02:42:09,Mostly Cloudy,11,11,12
02:44:08,Mostly Cloudy,11,11,12
02:46:09,Mostly Cloudy,11,11,12
02:48:09,Mostly Cloudy,11,11,12
02:50:08,Mostly Cloudy,11,11,12
02:52:08,Mostly Cloudy,11,11,12
02:54:09,Mostly Cloudy,11,11,12
02:56:09,Mostly Cloudy,11,11,12
02:58:08,Mostly Cloudy,11,11,12
03:00:08,Mostly Cloudy,11,11,12
03:02:08,Mostly Cloudy,11,11,12
03:04:08,Mostly Cloudy,11,11,12
03:06:09,Mostly Cloudy,11,11,12
03:08:09,Mostly Cloudy,11,11,12
03:10:09,Mostly Cloudy,11,11,12
03:12:08,Mostly Cloudy,11,11,12
03:14:09,Mostly Cloudy,11,11,12
03:16:09,Mostly Cloudy,11,11,12
03:18:08,Light Rain,11,11,11
03:20:09,Light Rain,11,11,11
03:22:09,Light Rain,11,11,11
03:24:08,Light Rain,11,11,11
03:26:09,Light Rain,11,11,11
03:28:09,Light Rain,11,11,11
03:30:09,Light Rain,11,11,11
03:32:08,Light Rain,11,11,11
03:34:09,Light Rain,11,11,11
03:36:09,Light Rain,11,11,11
03:38:08,Light Rain,11,11,11
03:40:08,Light Rain,11,11,11
03:42:09,Light Rain,11,11,11
03:44:09,Light Rain,11,11,11
03:46:08,Light Rain,11,11,11
03:48:09,Light Rain,11,11,11
03:50:09,Light Rain,11,11,11
03:52:09,Light Rain,11,11,11
03:54:09,Light Rain,11,11,11
03:56:08,Light Rain,11,11,11
03:58:08,Light Rain,11,11,11
04:00:09,Light Rain,11,11,11
04:02:09,Light Rain,11,11,11
04:04:09,Light Rain,11,11,11
04:06:08,Light Rain,11,11,11
04:08:09,Light Rain,11,11,11
04:10:09,Light Rain,11,11,11
04:12:08,Light Rain,11,11,9
04:14:09,Light Rain,11,11,9
04:16:09,Light Rain,11,11,9
04:18:09,Light Rain,11,11,9
04:20:09,Light Rain,11,11,9
04:22:08,Light Rain,11,11,9
04:24:08,Light Rain,11,11,9
04:26:09,Light Rain,11,11,9
04:28:09,Light Rain,11,11,9
04:30:09,Light Rain,11,11,9
04:32:09,Light Rain,11,11,9
04:34:08,Light Rain,11,11,9
04:36:08,Light Rain,11,11,9
04:38:09,Light Rain,11,11,9
04:40:09,Light Rain,11,11,9
04:42:09,Light Rain,11,11,9
04:44:08,Light Rain,11,11,9
04:46:09,Light Rain,11,11,9
04:48:09,Light Rain,11,11,9
04:50:09,Light Rain,11,11,9
04:52:09,Light Rain,11,11,9
04:54:08,Light Rain,11,11,9
04:56:09,Light Rain,11,11,9
04:58:08,Light Rain,11,11,9
05:00:09,Light Rain,11,11,9
05:02:09,Light Rain,11,11,9
05:04:09,Light Rain,11,11,9
05:06:08,Light Rain,11,11,9
05:08:08,Light Rain,11,11,9
05:10:08,Light Rain,11,11,9
05:12:09,Light Rain,11,11,9
05:14:08,Light Rain,11,11,9
05:16:08,Light Rain,11,11,9
05:18:09,Light Rain,11,11,9
05:20:08,Light Rain,11,11,9
05:22:09,Light Rain,11,11,9
05:24:09,Light Rain,11,11,9
05:26:08,Light Rain,11,11,9
05:28:09,Light Rain,11,11,9
05:30:09,Light Rain,11,11,9
05:32:09,Light Rain,11,11,9
05:34:09,Light Rain,11,11,9
05:36:08,Light Rain,11,11,9
05:38:09,Light Rain,11,11,9
05:40:09,Light Rain,11,11,9
05:42:09,Light Rain,11,11,9
05:44:08,Light Rain,11,11,9
05:46:08,Light Rain,11,11,9
05:48:08,Light Rain,11,11,9
05:50:09,Light Rain,11,11,9
05:52:09,Light Rain,11,11,9
05:54:08,Light Rain,11,11,9
05:56:08,Light Rain,11,11,9
05:58:09,Light Rain,11,11,9
06:00:09,Light Rain,11,11,9
06:02:09,Light Rain,11,11,9
06:04:09,Light Rain,11,11,9
06:06:08,Light Rain,11,11,9
06:08:08,Light Rain,11,11,9
06:10:09,Light Rain,11,11,9
06:12:09,Light Rain,11,11,8
06:14:09,Light Rain,11,11,8
06:16:09,Light Rain,11,11,8
06:18:09,Light Rain,11,11,8
06:20:09,Light Rain,11,11,8
06:22:09,Light Rain,11,11,8
06:24:08,Light Rain,11,11,8
06:26:09,Light Rain,11,11,8
06:28:09,Light Rain,11,11,8
06:30:08,Light Rain,11,11,8
06:32:09,Light Rain,11,11,8
06:34:09,Light Rain,11,11,8
06:36:09,Light Rain,11,11,8
06:38:09,Light Rain,11,11,8
06:40:09,Light Rain,11,11,8
06:42:09,Light Rain,11,11,8
06:44:08,Light Rain,11,11,8
06:46:08,Light Rain,11,11,8
06:48:09,Light Rain,11,11,8
06:50:09,Light Rain,11,11,8
06:52:08,Light Rain,11,11,8
06:54:08,Light Rain,11,11,8
06:56:09,Light Rain,11,11,8
06:58:09,Light Rain,11,11,8
07:00:09,Light Rain,11,11,8
07:02:09,Light Rain,11,11,8
07:04:09,Light Rain,11,11,8
07:06:09,Light Rain,11,11,8
07:08:09,Light Rain,11,11,8
07:10:08,Light Rain,11,11,8
07:12:09,Light Drizzle,11,11,8
07:14:09,Light Drizzle,11,11,8
07:16:09,Light Drizzle,11,11,8
07:18:08,Light Drizzle,11,11,8
07:20:09,Light Drizzle,11,11,8
07:22:09,Light Drizzle,11,11,8
07:24:09,Light Drizzle,11,11,8
07:26:08,Light Drizzle,11,11,8
07:28:08,Light Drizzle,11,11,8
07:30:09,Light Drizzle,11,11,8
07:32:09,Light Drizzle,11,11,8
07:34:09,Light Drizzle,11,11,8
07:36:08,Light Drizzle,11,11,8
07:38:09,Light Drizzle,11,11,8
07:40:09,Light Drizzle,11,11,8
07:42:09,Light Drizzle,11,11,8
07:44:08,Light Drizzle,12,12,4
07:46:08,Light Drizzle,12,12,4
07:48:09,Light Drizzle,12,12,4
07:50:09,Light Drizzle,12,12,4
07:52:08,Light Drizzle,12,12,4
07:54:08,Light Drizzle,12,12,4
07:56:08,Light Drizzle,12,12,4
07:58:09,Light Drizzle,12,12,4
08:00:09,Light Drizzle,12,12,4
08:02:08,Light Drizzle,12,12,4
08:04:09,Light Drizzle,12,12,4
08:06:09,Light Drizzle,12,12,4
08:08:09,Light Drizzle,12,12,4
08:10:09,Light Drizzle,12,12,4
08:12:08,Light Drizzle,12,12,4
08:14:08,Light Rain,12,12,4
08:16:08,Light Rain,12,12,4
08:18:09,Light Rain,12,12,4
08:20:09,Light Rain,12,12,4
08:22:08,Light Rain,12,12,4
08:24:08,Light Rain,12,12,4
08:26:09,Light Rain,12,12,4
08:28:09,Light Rain,12,12,4
08:30:09,Light Rain,12,12,4
08:32:08,Light Rain,12,12,4
08:34:09,Light Rain,12,12,4
08:36:09,Light Rain,12,12,4
08:38:09,Light Rain,12,12,4
08:40:08,Light Rain,12,12,4
08:42:08,Light Rain,12,12,4
08:44:09,Light Drizzle,12,12,4
08:46:09,Light Drizzle,12,12,4
08:48:09,Light Drizzle,12,12,4
08:50:08,Light Drizzle,12,12,4
08:52:08,Light Drizzle,12,12,4
08:54:09,Light Drizzle,12,12,4
08:56:09,Light Drizzle,12,12,4
08:58:09,Light Drizzle,12,12,4
09:00:08,Light Drizzle,12,12,4
09:02:09,Light Drizzle,12,12,4
09:04:09,Light Drizzle,12,12,4
09:06:09,Light Drizzle,12,12,4
09:08:09,Light Drizzle,12,12,4
09:10:08,Light Drizzle,12,12,4
09:12:09,Light Drizzle,12,12,4
09:14:09,Light Drizzle,12,12,4
09:16:09,Light Drizzle,12,12,4
09:18:09,Cloudy,12,12,3
09:20:09,Cloudy,12,12,3
09:22:09,Cloudy,12,12,3
09:24:08,Cloudy,12,12,3
09:26:09,Cloudy,12,12,3
09:28:09,Cloudy,12,12,3
09:30:09,Cloudy,12,12,3
09:32:09,Cloudy,12,12,3
09:34:09,Cloudy,12,12,3
09:36:09,Cloudy,12,12,3
09:38:08,Cloudy,12,12,3
09:40:09,Cloudy,12,12,3
09:42:09,Cloudy,12,12,4
09:44:09,Cloudy,12,12,4
09:46:08,Cloudy,12,12,4
09:48:09,Cloudy,12,12,4
09:50:09,Cloudy,12,12,4
09:52:08,Cloudy,12,12,4
09:54:08,Cloudy,12,12,4
09:56:08,Cloudy,12,12,4
09:58:09,Cloudy,12,12,4
10:00:09,Cloudy,12,12,4
10:02:08,Cloudy,12,12,4
10:04:09,Cloudy,12,12,4
10:06:09,Cloudy,12,12,4
10:08:09,Cloudy,12,12,4
10:10:08,Cloudy,12,12,4
10:12:08,Cloudy,12,12,3
10:14:09,Cloudy,12,12,3
10:16:09,Cloudy,12,12,3
10:18:08,Cloudy,12,12,3
10:20:09,Cloudy,12,12,3
10:22:09,Cloudy,12,12,3
10:24:09,Cloudy,12,12,3
10:26:08,Cloudy,12,12,3
10:28:09,Cloudy,12,12,3
10:30:09,Cloudy,12,12,3
10:32:09,Cloudy,12,12,3
10:34:08,Cloudy,12,12,3
10:36:09,Cloudy,12,12,3
10:38:09,Cloudy,12,12,3
10:40:09,Cloudy,12,12,3
10:42:08,Cloudy,12,12,3
10:44:09,Cloudy,13,13,1
10:46:09,Cloudy,13,13,1
10:48:08,Cloudy,13,13,1
10:50:08,Cloudy,13,13,1
10:52:09,Cloudy,13,13,1
10:54:09,Cloudy,13,13,1
10:56:08,Cloudy,13,13,1
10:58:09,Cloudy,13,13,1
11:00:09,Cloudy,13,13,1
11:02:09,Cloudy,13,13,1
11:04:08,Cloudy,13,13,1
11:06:08,Cloudy,13,13,1
11:08:09,Cloudy,13,13,1
11:10:09,Cloudy,13,13,1
11:12:09,Cloudy,13,13,1
11:14:08,Light Rain,13,13,1
11:16:08,Light Rain,13,13,1
11:18:09,Light Rain,13,13,1
11:20:09,Light Rain,13,13,1
11:22:09,Light Rain,13,13,1
11:24:09,Light Rain,13,13,1
11:26:09,Light Rain,13,13,1
11:28:08,Light Rain,13,13,1
11:30:09,Light Rain,13,13,1
11:32:09,Light Rain,13,13,1
11:34:09,Light Rain,13,13,1
11:36:08,Light Rain,13,13,1
11:38:08,Light Rain,13,13,1
11:40:09,Light Rain,13,13,1
11:42:09,Mostly Cloudy,16,16,8
11:44:08,Mostly Cloudy,16,16,8
11:46:09,Mostly Cloudy,16,16,8
11:48:09,Mostly Cloudy,16,16,8
11:50:09,Mostly Cloudy,16,16,8
11:52:08,Mostly Cloudy,16,16,8
11:54:09,Mostly Cloudy,16,16,8
11:56:09,Mostly Cloudy,16,16,8
11:58:09,Mostly Cloudy,16,16,8
12:00:08,Mostly Cloudy,16,16,8
12:02:09,Mostly Cloudy,16,16,8
12:04:09,Mostly Cloudy,16,16,8
12:06:09,Mostly Cloudy,16,16,8
12:08:08,Mostly Cloudy,16,16,8
12:10:08,Mostly Cloudy,16,16,8
12:12:09,Mostly Cloudy,15,15,11
12:14:09,Mostly Cloudy,15,15,11
12:16:09,Mostly Cloudy,15,15,11
12:18:08,Mostly Cloudy,15,15,11
12:20:09,Mostly Cloudy,15,15,11
12:22:09,Mostly Cloudy,15,15,11
12:24:09,Mostly Cloudy,15,15,11
12:26:09,Mostly Cloudy,15,15,11
12:28:08,Mostly Cloudy,15,15,11
12:30:09,Mostly Cloudy,15,15,11
12:32:09,Mostly Cloudy,15,15,11
12:34:09,Mostly Cloudy,15,15,11
12:36:09,Mostly Cloudy,15,15,11
12:38:09,Mostly Cloudy,16,16,11
12:40:09,Mostly Cloudy,16,16,11
12:42:09,Mostly Cloudy,16,16,11
12:44:08,Mostly Cloudy,16,16,11
12:46:08,Mostly Cloudy,16,16,11
12:48:09,Mostly Cloudy,16,16,11
12:50:09,Mostly Cloudy,16,16,11
12:52:08,Mostly Cloudy,16,16,11
12:54:09,Mostly Cloudy,16,16,11
12:56:09,Mostly Cloudy,16,16,11
12:58:09,Mostly Cloudy,16,16,11
13:00:09,Mostly Cloudy,16,16,11
13:02:09,Mostly Cloudy,16,16,11
13:04:08,Mostly Cloudy,16,16,11
13:06:08,Mostly Cloudy,16,16,11
13:08:09,Mostly Cloudy,16,16,11
13:10:09,Mostly Cloudy,16,16,11
13:12:08,Mostly Cloudy,16,16,11
13:14:09,Mostly Cloudy,16,16,14
13:16:09,Mostly Cloudy,16,16,14
13:18:08,Mostly Cloudy,16,16,14
13:20:08,Mostly Cloudy,16,16,14
13:22:09,Mostly Cloudy,16,16,14
13:24:09,Mostly Cloudy,16,16,14
13:26:08,Mostly Cloudy,16,16,14
13:28:09,Mostly Cloudy,16,16,14
13:30:09,Mostly Cloudy,16,16,14
13:32:09,Mostly Cloudy,16,16,14
13:34:08,Mostly Cloudy,16,16,14
13:36:09,Mostly Cloudy,16,16,14
13:38:09,Mostly Cloudy,16,16,14
13:40:09,Mostly Cloudy,16,16,14
13:42:09,Mostly Cloudy,16,16,14
13:44:08,Mostly Cloudy,17,17,16
13:46:08,Mostly Cloudy,17,17,16
13:48:09,Mostly Cloudy,17,17,16
13:50:09,Mostly Cloudy,17,17,16
13:52:08,Mostly Cloudy,17,17,16
13:54:08,Mostly Cloudy,17,17,16
13:56:09,Mostly Cloudy,17,17,16
13:58:09,Mostly Cloudy,17,17,16
14:00:09,Mostly Cloudy,17,17,16
14:02:09,Mostly Cloudy,17,17,16
14:04:08,Mostly Cloudy,17,17,16
14:06:09,Mostly Cloudy,17,17,16
14:08:09,Mostly Cloudy,17,17,16
14:10:09,Mostly Cloudy,17,17,16
14:12:09,Mostly Cloudy,17,17,16
14:14:08,Mostly Cloudy,17,17,14
14:16:08,Mostly Cloudy,17,17,14
14:18:09,Mostly Cloudy,17,17,14
14:20:09,Mostly Cloudy,17,17,14
14:22:08,Mostly Cloudy,17,17,14
14:24:09,Mostly Cloudy,17,17,14
14:26:09,Mostly Cloudy,17,17,14
14:28:09,Mostly Cloudy,17,17,14
14:30:08,Mostly Cloudy,17,17,14
14:32:08,Mostly Cloudy,17,17,14
14:34:09,Mostly Cloudy,17,17,14
14:36:09,Mostly Cloudy,17,17,14
14:38:09,Mostly Cloudy,17,17,14
14:40:08,Mostly Cloudy,17,17,14
14:42:09,Mostly Cloudy,17,17,14
14:44:09,Mostly Cloudy,16,16,14
14:46:09,Mostly Cloudy,16,16,14
14:48:08,Mostly Cloudy,16,16,14
14:50:08,Mostly Cloudy,16,16,14
14:52:09,Mostly Cloudy,16,16,14
14:54:09,Mostly Cloudy,16,16,14
14:56:08,Mostly Cloudy,16,16,14
14:58:08,Mostly Cloudy,16,16,14
15:00:08,Mostly Cloudy,16,16,14
15:02:09,Mostly Cloudy,16,16,14
15:04:09,Mostly Cloudy,16,16,14
15:06:08,Mostly Cloudy,16,16,14
15:08:09,Mostly Cloudy,16,16,14
15:10:09,Mostly Cloudy,16,16,14
15:12:09,Mostly Cloudy,16,16,14
15:14:08,Mostly Cloudy,16,16,14
15:16:09,Mostly Cloudy,16,16,14
15:18:09,Mostly Cloudy,16,16,14
15:20:08,Mostly Cloudy,16,16,14
15:22:09,Mostly Cloudy,16,16,14
15:24:09,Mostly Cloudy,16,16,14
15:26:09,Mostly Cloudy,16,16,14
15:28:09,Mostly Cloudy,16,16,14
15:30:08,Mostly Cloudy,16,16,14
15:32:08,Mostly Cloudy,16,16,14
15:34:08,Mostly Cloudy,16,16,14
15:36:08,Mostly Cloudy,16,16,14
15:38:09,Mostly Cloudy,16,16,14
15:40:09,Mostly Cloudy,16,16,14
15:42:08,Mostly Cloudy,16,16,14
15:44:08,Mostly Cloudy,16,16,14
15:46:09,Mostly Cloudy,16,16,14
15:48:09,Mostly Cloudy,16,16,14
15:50:09,Mostly Cloudy,16,16,14
15:52:08,Mostly Cloudy,16,16,14
15:54:08,Mostly Cloudy,16,16,14
15:56:09,Mostly Cloudy,16,16,14
15:58:09,Mostly Cloudy,16,16,14
16:00:08,Mostly Cloudy,16,16,14
16:02:09,Mostly Cloudy,16,16,14
16:04:09,Mostly Cloudy,16,16,14
16:06:09,Mostly Cloudy,16,16,14
16:08:09,Mostly Cloudy,16,16,14
16:10:08,Mostly Cloudy,16,16,14
16:12:08,Mostly Cloudy,16,16,14
16:14:09,Mostly Cloudy,16,16,14
16:16:09,Mostly Cloudy,16,16,14
16:18:08,Mostly Cloudy,15,15,19
16:20:09,Mostly Cloudy,15,15,19
16:22:09,Mostly Cloudy,15,15,19
16:24:09,Mostly Cloudy,15,15,19
16:26:08,Mostly Cloudy,15,15,19
16:28:09,Mostly Cloudy,15,15,19
16:30:09,Mostly Cloudy,15,15,19
16:32:09,Mostly Cloudy,15,15,19
16:34:08,Mostly Cloudy,15,15,19
16:36:08,Mostly Cloudy,15,15,19
16:38:09,Mostly Cloudy,15,15,19
16:40:09,Mostly Cloudy,15,15,19
16:42:08,Mostly Cloudy,15,15,19
16:44:08,Mostly Cloudy,15,15,19
16:46:09,Mostly Cloudy,15,15,19
16:48:09,Mostly Cloudy,15,15,19
16:50:08,Mostly Cloudy,15,15,19
16:52:08,Mostly Cloudy,15,15,19
16:54:08,Mostly Cloudy,15,15,19
16:56:09,Mostly Cloudy,15,15,19
16:58:09,Mostly Cloudy,15,15,19
17:00:09,Mostly Cloudy,15,15,19
17:02:08,Mostly Cloudy,15,15,19
17:04:09,Mostly Cloudy,15,15,19
17:06:09,Mostly Cloudy,15,15,19
17:08:09,Mostly Cloudy,15,15,19
17:10:08,Mostly Cloudy,15,15,19
17:12:09,Mostly Cloudy,15,15,20
17:14:09,Mostly Cloudy,15,15,20
17:16:09,Mostly Cloudy,15,15,20
17:18:08,Mostly Cloudy,15,15,20
17:20:08,Mostly Cloudy,15,15,20
17:22:08,Mostly Cloudy,15,15,20
17:24:09,Mostly Cloudy,15,15,20
17:26:09,Mostly Cloudy,15,15,20
17:28:09,Mostly Cloudy,15,15,20
17:30:08,Mostly Cloudy,15,15,20
17:32:08,Mostly Cloudy,15,15,20
17:34:09,Mostly Cloudy,15,15,20
17:36:09,Mostly Cloudy,15,15,20
17:38:09,Mostly Cloudy,15,15,20
17:40:09,Mostly Cloudy,15,15,20
17:42:08,Mostly Cloudy,15,15,20
17:44:09,Mostly Cloudy,15,15,20
17:46:09,Mostly Cloudy,15,15,20
17:48:09,Mostly Cloudy,15,15,20
17:50:08,Mostly Cloudy,15,15,20
17:52:08,Mostly Cloudy,15,15,20
17:54:09,Mostly Cloudy,15,15,20
17:56:09,Mostly Cloudy,15,15,20
17:58:09,Mostly Cloudy,15,15,20
18:00:08,Mostly Cloudy,15,15,20
18:02:08,Mostly Cloudy,15,15,20
18:04:08,Mostly Cloudy,15,15,20
18:06:09,Mostly Cloudy,15,15,20
18:08:09,Mostly Cloudy,15,15,20
18:10:09,Mostly Cloudy,15,15,9
18:12:08,Mostly Cloudy,15,15,9
18:14:09,Mostly Cloudy,15,15,9
18:16:09,Mostly Cloudy,15,15,9
18:18:09,Mostly Cloudy,15,15,9
18:20:08,Mostly Cloudy,15,15,9
18:22:08,Mostly Cloudy,15,15,9
18:24:09,Mostly Cloudy,15,15,9
18:26:09,Mostly Cloudy,15,15,9
18:28:08,Mostly Cloudy,15,15,9
18:30:09,Mostly Cloudy,15,15,9
18:32:09,Mostly Cloudy,15,15,9
18:34:09,Mostly Cloudy,15,15,9
18:36:09,Mostly Cloudy,15,15,9
18:38:09,Mostly Cloudy,15,15,9
18:40:09,Mostly Cloudy,15,15,9
18:42:09,Mostly Cloudy,15,15,9
18:44:08,Mostly Cloudy,15,15,9
18:46:08,Mostly Cloudy,15,15,9
18:48:09,Mostly Cloudy,15,15,9
18:50:09,Mostly Cloudy,15,15,9
18:52:09,Mostly Cloudy,15,15,9
18:54:09,Mostly Cloudy,15,15,9
18:56:09,Mostly Cloudy,15,15,9
18:58:09,Mostly Cloudy,15,15,9
19:00:08,Mostly Cloudy,15,15,9
19:02:08,Mostly Cloudy,15,15,9
19:04:09,Mostly Cloudy,15,15,9
19:06:09,Mostly Cloudy,15,15,9
19:08:08,Mostly Cloudy,15,15,9
19:10:09,Mostly Cloudy,15,15,12
19:12:09,Mostly Cloudy,15,15,12
19:14:09,Mostly Cloudy,15,15,12
19:16:08,Mostly Cloudy,15,15,12
19:18:09,Mostly Cloudy,15,15,12
19:20:09,Mostly Cloudy,15,15,12
19:22:09,Mostly Cloudy,15,15,12
19:24:08,Mostly Cloudy,15,15,12
19:26:09,Mostly Cloudy,15,15,12
19:28:09,Mostly Cloudy,15,15,12
19:30:09,Mostly Cloudy,15,15,12
19:32:08,Mostly Cloudy,15,15,12
19:34:08,Mostly Cloudy,15,15,12
19:36:09,Mostly Cloudy,15,15,12
19:38:09,Mostly Cloudy,15,15,12
19:40:09,Mostly Cloudy,15,15,12
19:42:09,Mostly Cloudy,15,15,12
19:44:08,Mostly Cloudy,15,15,12
19:46:08,Mostly Cloudy,15,15,12
19:48:09,Mostly Cloudy,15,15,12
19:50:09,Mostly Cloudy,15,15,12
19:52:09,Mostly Cloudy,15,15,12
19:54:08,Mostly Cloudy,15,15,12
19:56:09,Mostly Cloudy,15,15,12
19:58:09,Mostly Cloudy,15,15,12
20:00:08,Mostly Cloudy,15,15,12
20:02:08,Mostly Cloudy,15,15,12
20:04:09,Mostly Cloudy,15,15,12
20:06:09,Mostly Cloudy,15,15,12
20:08:09,Mostly Cloudy,15,15,12
20:10:08,Mostly Cloudy,15,15,12
20:12:08,Mostly Cloudy,15,15,12
20:14:09,Mostly Cloudy,15,15,12
20:16:09,Mostly Cloudy,15,15,12
20:18:08,Mostly Cloudy,15,15,12
20:20:08,Mostly Cloudy,15,15,12
20:22:09,Mostly Cloudy,15,15,12
20:24:09,Mostly Cloudy,15,15,12
20:26:08,Mostly Cloudy,15,15,12
20:28:09,Mostly Cloudy,15,15,12
20:30:09,Mostly Cloudy,15,15,12
20:32:09,Mostly Cloudy,15,15,12
20:34:09,Mostly Cloudy,15,15,12
20:36:08,Mostly Cloudy,15,15,12
20:38:08,Mostly Cloudy,15,15,12
20:40:09,Mostly Cloudy,15,15,12
20:42:09,Mostly Cloudy,15,15,12
20:44:08,Mostly Cloudy,15,15,12
20:46:09,Mostly Cloudy,15,15,12
20:48:09,Mostly Cloudy,15,15,12
20:50:09,Mostly Cloudy,15,15,12
20:52:08,Mostly Cloudy,15,15,12
20:54:09,Mostly Cloudy,15,15,12
20:56:09,Mostly Cloudy,15,15,12
20:58:09,Mostly Cloudy,15,15,12
21:00:09,Mostly Cloudy,15,15,12
21:02:08,Mostly Cloudy,15,15,12
21:04:09,Mostly Cloudy,15,15,12
21:06:09,Mostly Cloudy,15,15,12
21:08:08,Mostly Cloudy,15,15,12
21:10:09,Mostly Cloudy,15,15,12
21:12:09,Mostly Cloudy,15,15,12
21:14:08,Mostly Cloudy,15,15,12
21:16:08,Mostly Cloudy,13,13,12
21:18:09,Mostly Cloudy,13,13,12
21:20:08,Mostly Cloudy,13,13,12
21:22:08,Mostly Cloudy,13,13,12
21:24:09,Mostly Cloudy,13,13,12
21:26:09,Mostly Cloudy,13,13,12
21:28:09,Mostly Cloudy,13,13,12
21:30:08,Mostly Cloudy,13,13,12
21:32:09,Mostly Cloudy,13,13,12
21:34:09,Mostly Cloudy,13,13,12
21:36:08,Mostly Cloudy,13,13,12
21:38:09,Mostly Cloudy,13,13,12
21:40:09,Mostly Cloudy,13,13,12
21:42:08,Mostly Cloudy,13,13,12
21:44:09,Mostly Cloudy,13,13,12
21:46:09,Mostly Cloudy,13,13,12
21:48:08,Mostly Cloudy,13,13,12
21:50:08,Mostly Cloudy,13,13,12
21:52:09,Mostly Cloudy,13,13,12
21:54:09,Mostly Cloudy,13,13,12
21:56:08,Mostly Cloudy,13,13,12
21:58:09,Mostly Cloudy,13,13,12
22:00:09,Mostly Cloudy,13,13,12
22:02:09,Mostly Cloudy,13,13,12
22:04:08,Mostly Cloudy,13,13,12
22:06:09,Mostly Cloudy,13,13,12
22:08:09,Mostly Cloudy,13,13,12
22:10:09,Mostly Cloudy,13,13,12
22:12:08,Mostly Cloudy,13,13,12
22:14:09,Mostly Cloudy,13,13,12
22:16:08,Mostly Cloudy,13,13,12
22:18:09,Mostly Cloudy,13,13,9
22:20:09,Mostly Cloudy,13,13,9
22:22:08,Mostly Cloudy,13,13,9
22:24:09,Mostly Cloudy,13,13,9
22:26:09,Mostly Cloudy,13,13,9
22:28:08,Mostly Cloudy,13,13,9
22:30:09,Mostly Cloudy,13,13,9
22:32:09,Mostly Cloudy,13,13,9
22:34:09,Mostly Cloudy,13,13,9
22:36:08,Mostly Cloudy,13,13,9
22:38:09,Mostly Cloudy,13,13,9
22:40:09,Mostly Cloudy,13,13,9
22:42:08,Mostly Cloudy,13,13,9
22:44:09,Mostly Cloudy,13,13,9
22:46:09,Mostly Cloudy,13,13,9
22:48:09,Mostly Cloudy,13,13,9
22:50:08,Mostly Cloudy,13,13,9
22:52:08,Mostly Cloudy,13,13,9
22:54:09,Mostly Cloudy,13,13,9
22:56:09,Mostly Cloudy,13,13,9
22:58:09,Mostly Cloudy,13,13,9
23:00:08,Mostly Cloudy,13,13,9
23:02:09,Mostly Cloudy,13,13,9
23:04:09,Mostly Cloudy,13,13,9
23:06:08,Mostly Cloudy,13,13,9
23:08:09,Mostly Cloudy,13,13,9
23:10:09,Mostly Cloudy,13,13,9
23:12:08,Mostly Cloudy,13,13,9
23:14:08,Mostly Cloudy,13,13,9
23:16:09,Mostly Cloudy,13,13,11
23:18:08,Mostly Cloudy,13,13,11
23:20:09,Mostly Cloudy,13,13,11
23:22:09,Mostly Cloudy,13,13,11
23:24:08,Mostly Cloudy,13,13,11
23:26:08,Mostly Cloudy,13,13,11
23:28:08,Mostly Cloudy,13,13,11
23:30:09,Mostly Cloudy,13,13,11
23:32:09,Mostly Cloudy,13,13,11
23:34:09,Mostly Cloudy,13,13,11
23:36:08,Mostly Cloudy,13,13,11
23:38:08,Mostly Cloudy,13,13,11
23:40:08,Mostly Cloudy,13,13,11
23:42:09,Mostly Cloudy,13,13,11
23:44:09,Mostly Cloudy,13,13,11
23:46:09,Mostly Cloudy,13,13,11
23:48:08,Mostly Cloudy,13,13,11
23:50:09,Mostly Cloudy,13,13,11
23:52:09,Mostly Cloudy,13,13,11
23:54:08,Mostly Cloudy,13,13,11
23:56:09,Mostly Cloudy,13,13,11
23:58:09,Mostly Cloudy,13,13,11
