Time,Weather,Temperature,Feels_Like,Wind_Speed
00:00:09,Mostly Cloudy,2,0,14
00:02:08,Mostly Cloudy,2,0,14
00:04:09,Mostly Cloudy,2,0,14
00:06:08,Mostly Cloudy,2,0,14
00:08:09,Mostly Cloudy,2,0,14
00:10:09,Mostly Cloudy,2,0,11
00:12:09,Mostly Cloudy,2,0,11
00:14:09,Mostly Cloudy,2,0,11
00:16:09,Mostly Cloudy,2,0,11
00:18:09,Mostly Cloudy,2,0,11
00:20:08,Mostly Cloudy,2,0,11
00:22:09,Mostly Cloudy,2,0,11
00:24:09,Mostly Cloudy,2,0,11
00:26:08,Mostly Cloudy,2,0,11
00:28:08,Mostly Cloudy,2,0,11
00:30:09,Mostly Cloudy,2,0,11
00:32:09,Mostly Cloudy,2,0,11
00:34:09,Mostly Cloudy,2,0,11
00:36:09,Mostly Cloudy,2,0,11
00:38:08,Mostly Cloudy,2,0,11
00:40:09,Mostly Cloudy,2,0,11
00:42:09,Mostly Cloudy,2,0,11
00:44:09,Mostly Cloudy,2,0,11
00:46:09,Mostly Cloudy,2,0,11
00:48:08,Mostly Cloudy,2,0,11
00:50:08,Mostly Cloudy,2,0,11
00:52:08,Mostly Cloudy,2,0,11
00:54:09,Mostly Cloudy,2,0,11
00:56:09,Mostly Cloudy,2,0,11
00:58:08,Mostly Cloudy,2,0,11
01:00:16,Mostly Cloudy,2,0,11
01:02:09,Mostly Cloudy,2,0,11
01:04:09,Mostly Cloudy,2,0,11
01:06:08,Mostly Cloudy,2,0,11
01:08:08,Mostly Cloudy,2,0,11
01:10:09,Mostly Cloudy,2,0,11
01:12:09,Mostly Cloudy,2,0,11
01:14:09,Mostly Cloudy,2,0,11
01:16:09,Mostly Cloudy,2,0,11
01:18:09,Mostly Cloudy,2,0,11
01:20:09,Mostly Cloudy,2,0,11
01:22:09,Mostly Cloudy,2,0,11
01:24:08,Mostly Cloudy,2,0,11
01:26:09,Mostly Cloudy,2,0,11
01:28:09,Mostly Cloudy,2,0,11
01:30:09,Mostly Cloudy,2,0,11
01:32:09,Mostly Cloudy,2,0,11
01:34:09,Mostly Cloudy,2,0,11
01:36:08,Mostly Cloudy,2,0,11
01:38:08,Mostly Cloudy,2,0,11
01:40:09,Mostly Cloudy,2,0,11
01:42:09,Mostly Cloudy,2,0,11
01:44:09,Mostly Cloudy,2,0,11
01:46:08,Mostly Cloudy,2,0,11
01:48:09,Mostly Cloudy,2,0,11
01:50:09,Mostly Cloudy,2,0,11
01:52:09,Mostly Cloudy,2,0,11
01:54:08,Mostly Cloudy,2,0,11
01:56:09,Mostly Cloudy,2,0,11
01:58:09,Mostly Cloudy,2,0,11
02:00:09,Mostly Cloudy,2,0,11
02:02:09,Mostly Cloudy,2,0,11
02:04:09,Mostly Cloudy,2,0,11
02:06:09,Mostly Cloudy,2,0,11
02:08:08,Mostly Cloudy,2,0,11
02:10:09,Mostly Cloudy,2,0,9
02:12:09,Mostly Cloudy,2,0,9
02:14:08,Mostly Cloudy,2,0,9
02:16:09,Mostly Cloudy,2,0,9
02:18:09,Mostly Cloudy,2,0,9
02:20:08,Mostly Cloudy,2,0,9
02:22:09,Mostly Cloudy,2,0,9
02:24:08,Mostly Cloudy,2,0,9
02:26:08,Mostly Cloudy,2,0,9
02:28:08,Mostly Cloudy,2,0,9
02:30:09,Mostly Cloudy,2,0,9
02:32:09,Mostly Cloudy,2,0,9
02:34:08,Mostly Cloudy,2,0,9
02:36:09,Mostly Cloudy,2,0,9
02:38:09,Mostly Cloudy,2,0,9
02:40:08,Mostly Cloudy,2,0,9
02:42:09,Mostly Cloudy,2,0,9
02:44:09,Mostly Cloudy,2,0,9
02:46:09,Mostly Cloudy,2,0,9
02:48:08,Mostly Cloudy,2,0,9
02:50:08,Mostly Cloudy,2,0,9
02:52:09,Mostly Cloudy,2,0,9
02:54:09,Mostly Cloudy,2,0,9
02:56:09,Mostly Cloudy,2,0,9
02:58:09,Mostly Cloudy,2,0,9
03:00:08,Mostly Cloudy,2,0,9
03:02:09,Mostly Cloudy,2,0,9
03:04:09,Mostly Cloudy,2,0,9
03:06:09,Mostly Cloudy,2,0,9
03:08:08,Mostly Cloudy,2,0,9
03:10:08,Mostly Cloudy,2,-1,14
03:12:09,Mostly Cloudy,2,-1,14
03:14:09,Mostly Cloudy,2,-1,14
03:16:09,Mostly Cloudy,2,-1,14
03:18:08,Mostly Cloudy,2,-1,14
03:20:09,Mostly Cloudy,2,-1,14
03:22:09,Mostly Cloudy,2,-1,14
03:24:09,Mostly Cloudy,2,-1,14
03:26:08,Mostly Cloudy,2,-1,14
03:28:08,Mostly Cloudy,2,-1,14
03:30:09,Mostly Cloudy,2,-1,14
03:32:09,Mostly Cloudy,2,-1,14
03:34:09,Mostly Cloudy,2,-1,14
03:36:08,Mostly Cloudy,2,-1,14
03:38:09,Mostly Cloudy,2,-1,14
03:40:09,Mostly Cloudy,2,-1,14
03:42:09,Mostly Cloudy,2,-1,14
03:44:08,Mostly Cloudy,2,-1,14
03:46:09,Mostly Cloudy,2,-1,14
03:48:09,Mostly Cloudy,2,-1,14
03:50:08,Mostly Cloudy,2,-1,14
03:52:09,Mostly Cloudy,2,-1,14
03:54:09,Mostly Cloudy,2,-1,14
03:56:08,Mostly Cloudy,2,-1,14
03:58:09,Mostly Cloudy,2,-1,14
04:00:09,Mostly Cloudy,2,-1,14
04:02:08,Mostly Cloudy,2,-1,14
04:04:08,Mostly Cloudy,2,-1,14
04:06:09,Mostly Cloudy,2,-1,14
04:08:08,Mostly Cloudy,2,-1,14
04:10:08,Mostly Cloudy,2,-1,14
04:12:09,Mostly Cloudy,2,-1,14
04:14:09,Mostly Cloudy,2,-1,14
04:16:08,Mostly Cloudy,2,-1,14
04:18:09,Mostly Cloudy,2,-1,14
04:20:09,Mostly Cloudy,2,-1,14
04:22:09,Mostly Cloudy,2,-2,19
04:24:08,Mostly Cloudy,2,-2,19
04:26:08,Mostly Cloudy,2,-2,19
04:28:09,Mostly Cloudy,2,-2,19
04:30:09,Mostly Cloudy,2,-2,19
04:32:08,Mostly Cloudy,2,-2,19
04:34:08,Mostly Cloudy,2,-2,19
04:36:09,Mostly Cloudy,2,-2,19
04:38:09,Mostly Cloudy,2,-2,19
04:40:09,Mostly Cloudy,2,-2,19
04:42:08,Mostly Cloudy,2,-2,19
04:44:08,Mostly Cloudy,2,-2,19
04:46:09,Mostly Cloudy,2,-2,19
04:48:09,Mostly Cloudy,2,-2,19
04:50:08,Mostly Cloudy,2,-2,19
04:52:08,Mostly Cloudy,2,-2,19
04:54:09,Mostly Cloudy,2,-2,19
04:56:09,Mostly Cloudy,2,-2,19
04:58:09,Mostly Cloudy,2,-2,19
05:00:09,Mostly Cloudy,2,-2,19
05:02:08,Mostly Cloudy,2,-2,19
05:04:09,Mostly Cloudy,2,-2,19
05:06:09,Mostly Cloudy,2,-2,19
05:08:09,Mostly Cloudy,2,-2,19
05:10:08,Mostly Cloudy,2,-2,19
05:12:09,Mostly Cloudy,2,-2,19
05:14:08,Mostly Cloudy,2,-2,19
05:16:08,Partly Cloudy,1,-3,14
05:18:09,Partly Cloudy,1,-3,14
05:20:08,Partly Cloudy,1,-3,14
05:22:09,Partly Cloudy,1,-3,14
05:24:09,Partly Cloudy,1,-3,14
05:26:09,Partly Cloudy,1,-3,14
05:28:08,Partly Cloudy,1,-3,14
05:30:09,Partly Cloudy,1,-3,14
05:32:09,Partly Cloudy,1,-3,14
05:34:09,Partly Cloudy,1,-3,14
05:36:09,Partly Cloudy,1,-3,14
05:38:09,Partly Cloudy,1,-3,14
05:40:09,Partly Cloudy,1,-3,14
05:42:08,Partly Cloudy,1,-3,14
05:44:09,Partly Cloudy,1,-3,14
05:46:09,Partly Cloudy,1,-3,14
05:48:08,Partly Cloudy,1,-3,14
05:50:09,Partly Cloudy,1,-3,14
05:52:09,Partly Cloudy,1,-3,14
05:54:08,Partly Cloudy,1,-3,14
05:56:08,Partly Cloudy,1,-3,14
05:58:09,Partly Cloudy,1,-3,14
06:00:09,Partly Cloudy,1,-3,14
06:02:08,Partly Cloudy,1,-3,14
06:04:08,Partly Cloudy,1,-3,14
06:06:09,Partly Cloudy,1,-3,14
06:08:09,Partly Cloudy,1,-3,14
06:10:09,Mostly Cloudy,0,-3,11
06:12:08,Mostly Cloudy,0,-3,11
06:14:08,Mostly Cloudy,0,-3,11
06:16:08,Partly Cloudy,1,-3,14
06:18:09,Partly Cloudy,1,-3,14
06:20:08,Partly Cloudy,1,-3,14
06:22:08,Mostly Cloudy,0,-3,11
06:24:09,Mostly Cloudy,0,-3,11
06:26:08,Mostly Cloudy,0,-3,11
06:28:09,Mostly Cloudy,0,-3,11
06:30:09,Mostly Cloudy,0,-3,11
06:32:09,Mostly Cloudy,0,-3,11
06:34:08,Mostly Cloudy,0,-3,11
06:36:09,Mostly Cloudy,0,-3,11
06:38:09,Mostly Cloudy,0,-3,11
06:40:09,Mostly Cloudy,0,-3,11
06:42:08,Mostly Cloudy,0,-3,11
06:44:09,Mostly Cloudy,0,-3,11
06:46:09,Mostly Cloudy,0,-3,11
06:48:09,Mostly Cloudy,0,-3,11
06:50:08,Mostly Cloudy,0,-3,11
06:52:08,Mostly Cloudy,0,-3,11
06:54:09,Mostly Cloudy,0,-3,11
06:56:09,Mostly Cloudy,0,-3,11
06:58:09,Mostly Cloudy,0,-3,11
07:00:08,Mostly Cloudy,0,-3,11
07:02:09,Mostly Cloudy,0,-3,11
07:04:09,Mostly Cloudy,0,-3,11
07:06:08,Mostly Cloudy,0,-3,11
07:08:09,Mostly Cloudy,0,-3,11
07:10:09,Partly Cloudy,0,-3,9
07:12:09,Partly Cloudy,0,-3,9
07:14:08,Partly Cloudy,0,-3,9
07:16:08,Partly Cloudy,0,-3,9
07:18:09,Partly Cloudy,0,-3,9
07:20:08,Partly Cloudy,0,-3,9
07:22:09,Partly Cloudy,0,-3,9
07:24:09,Partly Cloudy,0,-3,9
07:26:09,Partly Cloudy,0,-3,9
07:28:08,Partly Cloudy,0,-3,9
07:30:08,Partly Cloudy,0,-3,9
07:32:09,Partly Cloudy,0,-3,9
07:34:09,Partly Cloudy,0,-3,9
07:36:09,Partly Cloudy,0,-3,9
07:38:08,Partly Cloudy,0,-3,9
07:40:08,Partly Cloudy,0,-3,9
07:42:09,Partly Cloudy,0,-3,9
07:44:09,Partly Cloudy,0,-3,9
07:46:09,Partly Cloudy,0,-3,9
07:48:09,Partly Cloudy,0,-3,9
07:50:09,Partly Cloudy,0,-3,9
07:52:08,Partly Cloudy,0,-3,9
07:54:09,Partly Cloudy,0,-3,9
07:56:09,Partly Cloudy,0,-3,9
07:58:08,Partly Cloudy,0,-3,9
08:00:09,Partly Cloudy,0,-3,9
08:02:09,Partly Cloudy,0,-3,9
08:04:08,Partly Cloudy,0,-3,9
08:06:08,Partly Cloudy,0,-3,9
08:08:08,Partly Cloudy,0,-3,9
08:10:09,Partly Cloudy,0,-3,9
08:12:09,Partly Cloudy,0,-3,9
08:14:09,Partly Cloudy,0,-3,9
08:16:08,Partly Cloudy,0,-3,9
08:18:09,Partly Cloudy,0,-3,9
08:20:09,Partly Cloudy,0,-3,9
08:22:08,Partly Cloudy,0,-3,9
08:24:09,Partly Cloudy,0,-3,9
08:26:09,Partly Cloudy,0,-3,9
08:28:08,Partly Cloudy,0,-3,9
08:30:09,Partly Cloudy,0,-3,9
08:32:09,Partly Cloudy,0,-3,9
08:34:08,Partly Cloudy,0,-3,9
08:36:09,Partly Cloudy,0,-3,9
08:38:09,Partly Cloudy,0,-3,9
08:40:09,Partly Cloudy,0,-3,9
08:42:08,Partly Cloudy,0,-3,9
08:44:08,Partly Cloudy,0,-3,9
08:46:09,Partly Cloudy,0,-3,9
08:48:09,Partly Cloudy,0,-3,9
08:50:09,Partly Cloudy,0,-3,9
08:52:08,Partly Cloudy,0,-3,9
08:54:09,Partly Cloudy,0,-3,9
08:56:09,Partly Cloudy,0,-3,9
08:58:09,Partly Cloudy,0,-3,9
09:00:09,Partly Cloudy,0,-3,9
09:02:09,Partly Cloudy,0,-3,9
09:04:08,Partly Cloudy,0,-3,9
09:06:08,Partly Cloudy,0,-3,9
09:08:09,Partly Cloudy,0,-3,9
09:10:09,Mostly Cloudy,0,-3,11
09:12:08,Mostly Cloudy,0,-3,11
09:14:09,Mostly Cloudy,0,-3,11
09:16:09,Mostly Cloudy,0,-3,11
09:18:09,Mostly Cloudy,0,-3,11
09:20:08,Mostly Cloudy,0,-3,11
09:22:09,Mostly Cloudy,0,-3,11
09:24:09,Mostly Cloudy,0,-3,11
09:26:09,Mostly Cloudy,0,-3,11
09:28:08,Mostly Cloudy,0,-3,11
09:30:09,Mostly Cloudy,0,-3,11
09:32:09,Mostly Cloudy,0,-3,11
09:34:08,Mostly Cloudy,0,-3,11
09:36:09,Mostly Cloudy,0,-3,11
09:38:09,Mostly Cloudy,0,-3,11
09:40:08,Mostly Cloudy,0,-3,11
09:42:08,Mostly Cloudy,0,-3,11
09:44:09,Mostly Cloudy,0,-3,11
09:46:09,Mostly Cloudy,0,-3,11
09:48:09,Mostly Cloudy,0,-3,11
09:50:08,Mostly Cloudy,0,-3,11
09:52:09,Mostly Cloudy,0,-3,11
09:54:09,Mostly Cloudy,0,-3,11
09:56:09,Mostly Cloudy,0,-3,11
09:58:08,Mostly Cloudy,0,-3,11
10:00:09,Mostly Cloudy,0,-3,11
10:02:09,Mostly Cloudy,0,-3,11
10:04:08,Mostly Cloudy,0,-3,11
10:06:09,Mostly Cloudy,0,-3,11
10:08:09,Mostly Cloudy,0,-3,11
10:10:09,Mostly Cloudy,0,-3,11
10:12:08,Mostly Cloudy,0,-3,11
10:14:09,Mostly Cloudy,0,-3,11
10:16:09,Mostly Cloudy,0,-3,11
10:18:09,Mostly Cloudy,0,-3,11
10:20:09,Mostly Cloudy,1,-2,12
10:22:08,Mostly Cloudy,1,-2,12
10:24:08,Mostly Cloudy,1,-2,12
10:26:08,Mostly Cloudy,1,-2,12
10:28:09,Mostly Cloudy,1,-2,12
10:30:09,Mostly Cloudy,1,-2,12
10:32:08,Mostly Cloudy,1,-2,12
10:34:08,Mostly Cloudy,1,-2,12
10:36:09,Mostly Cloudy,1,-2,12
10:38:09,Mostly Cloudy,1,-2,12
10:40:09,Mostly Cloudy,1,-2,12
10:42:08,Mostly Cloudy,1,-2,12
10:44:08,Mostly Cloudy,1,-2,12
10:46:09,Mostly Cloudy,1,-2,12
10:48:09,Mostly Cloudy,1,-2,12
10:50:08,Mostly Cloudy,1,-2,12
10:52:09,Mostly Cloudy,1,-2,12
10:54:09,Mostly Cloudy,1,-2,12
10:56:09,Mostly Cloudy,1,-2,12
10:58:08,Mostly Cloudy,1,-2,12
11:00:08,Mostly Cloudy,1,-2,12
11:02:09,Mostly Cloudy,1,-2,12
11:04:08,Mostly Cloudy,1,-2,12
11:06:08,Mostly Cloudy,1,-2,12
11:08:09,Mostly Cloudy,1,-2,12
11:10:09,Mostly Cloudy,1,-2,12
11:12:08,Mostly Cloudy,1,-2,12
11:14:09,Mostly Cloudy,2,-2,19
11:16:09,Mostly Cloudy,2,-2,19
11:18:08,Mostly Cloudy,2,-2,19
11:20:09,Mostly Cloudy,2,-2,19
11:22:09,Mostly Cloudy,2,-2,19
11:24:08,Mostly Cloudy,2,-2,19
11:26:08,Mostly Cloudy,2,-2,19
11:28:09,Mostly Cloudy,2,-2,19
11:30:09,Mostly Cloudy,2,-2,19
11:32:08,Mostly Cloudy,2,-2,19
11:34:09,Mostly Cloudy,2,-2,19
11:36:09,Mostly Cloudy,2,-2,19
11:38:09,Mostly Cloudy,2,-2,19
11:40:08,Mostly Cloudy,2,-2,19
11:42:08,Mostly Cloudy,2,-2,19
11:44:09,Mostly Cloudy,2,-2,19
11:46:09,Mostly Cloudy,2,-2,19
11:48:09,Mostly Cloudy,2,-2,19
11:50:08,Mostly Cloudy,2,-2,19
11:52:09,Mostly Cloudy,2,-2,19
11:54:09,Mostly Cloudy,2,-2,19
11:56:09,Mostly Cloudy,2,-2,19
11:58:08,Mostly Cloudy,2,-2,19
12:00:09,Mostly Cloudy,2,-2,19
12:02:09,Mostly Cloudy,2,-2,19
12:04:08,Mostly Cloudy,2,-2,19
12:06:09,Mostly Cloudy,2,-2,19
12:08:09,Light Snow,2,-2,19
12:10:08,Light Snow,2,-2,19
12:12:09,Light Snow,2,-2,19
12:14:09,Light Snow,2,-2,19
12:16:09,Light Snow,2,-2,19
12:18:08,Light Snow,2,-2,19
12:20:08,Light Snow,2,-2,19
12:22:09,Light Snow,2,-2,19
12:24:09,Light Snow,2,-2,19
12:26:09,Light Snow,2,-2,19
12:28:08,Light Snow,2,-2,19
12:30:09,Light Snow,2,-2,19
12:32:09,Light Snow,2,-2,19
12:34:09,Light Snow,2,-2,19
12:36:08,Light Snow,2,-2,19
12:38:08,Light Snow,2,-2,19
12:40:09,Light Snow,2,-2,19
12:42:09,Light Snow,2,-2,19
12:44:09,Light Snow,2,-2,19
12:46:08,Light Snow,2,-2,19
12:48:09,Light Snow,2,-2,19
12:50:09,Light Snow,2,-2,19
12:52:09,Light Snow,2,-2,19
12:54:09,Light Snow,2,-2,19
12:56:09,Light Snow,2,-2,19
12:58:09,Light Snow,2,-2,19
13:00:09,Light Snow,2,-2,19
13:02:08,Light Snow,2,-2,19
13:04:08,Light Snow,2,-2,19
13:06:09,Light Snow,2,-2,19
13:08:09,Light Snow,2,-2,19
13:10:08,Light Snow,2,-2,19
13:12:08,Light Snow,2,-2,19
13:14:09,Light Rain,2,-2,20
13:16:09,Light Rain,2,-2,20
13:18:08,Light Rain,2,-2,20
13:20:09,Light Rain,2,-2,20
13:22:09,Light Rain,2,-2,20
13:24:08,Light Rain,2,-2,20
13:26:08,Light Rain,2,-2,20
13:28:09,Light Rain,2,-2,20
13:30:09,Light Rain,2,-2,20
13:32:09,Light Rain,2,-2,20
13:34:09,Light Rain,2,-2,20
13:36:08,Light Rain,2,-2,20
13:38:08,Light Rain,2,-2,20
13:40:09,Light Rain,2,-2,20
13:42:08,Light Rain,2,-2,20
13:44:09,Light Rain,2,-2,20
13:46:09,Light Rain,2,-2,20
13:48:08,Light Rain,2,-2,20
13:50:08,Light Rain,2,-2,20
13:52:09,Light Rain,2,-2,20
13:54:09,Light Rain,2,-2,20
13:56:08,Light Rain,2,-2,20
13:58:09,Light Rain,2,-2,20
14:00:09,Light Rain,2,-2,20
14:02:08,Light Rain,2,-2,20
14:04:09,Light Rain,2,-2,20
14:06:09,Light Rain,2,-2,20
14:08:09,Light Rain,2,-2,20
14:10:08,Light Rain,2,-2,20
14:12:08,Light Rain,2,-2,20
14:14:09,Light Rain,2,-1,22
14:16:09,Light Rain,2,-1,22
14:18:08,Light Rain,2,-1,22
14:20:08,Light Rain,2,-1,22
14:22:09,Light Rain,2,-1,22
14:24:09,Light Rain,2,-1,22
14:26:08,Light Rain,2,-1,22
14:28:08,Light Rain,2,-1,22
14:30:09,Light Rain,2,-1,22
14:32:09,Light Rain,2,-1,22
14:34:09,Light Rain,2,-1,22
14:36:08,Light Rain,2,-1,22
14:38:09,Light Rain,2,-1,22
14:40:09,Light Rain,2,-1,22
14:42:08,Light Rain,2,-1,22
14:44:08,Light Rain,2,-1,22
14:46:09,Light Rain,2,-1,22
14:48:09,Light Rain,2,-1,22
14:50:08,Light Rain,2,-1,22
14:52:09,Light Rain,2,-1,22
14:54:09,Light Rain,2,-1,22
14:56:09,Light Rain,2,-1,22
14:58:09,Light Rain,2,-1,22
15:00:09,Light Rain,2,-1,22
15:02:09,Light Rain,2,-1,22
15:04:08,Light Rain,2,-1,22
15:06:09,Light Rain,2,-1,22
15:08:09,Light Rain,2,-1,22
15:10:08,Light Rain,2,-1,22
15:12:08,Light Rain,2,-1,22
15:14:09,Light Rain,2,-1,24
15:16:09,Light Rain,2,-1,24
15:18:08,Light Rain,2,-1,24
15:20:09,Light Rain,2,-1,24
15:22:09,Light Rain,2,-1,24
15:24:09,Light Rain,2,-1,24
15:26:09,Light Rain,2,-1,24
15:28:08,Light Rain,2,-1,24
15:30:09,Light Rain,2,-1,24
15:32:09,Light Rain,2,-1,24
15:34:09,Light Rain,2,-1,24
15:36:08,Light Rain,2,-1,24
15:38:08,Light Rain,2,-1,24
15:40:09,Light Rain,2,-1,24
15:42:08,Light Rain,2,-1,24
15:44:08,Light Rain,2,-1,24
15:46:09,Light Rain,2,-1,24
15:48:09,Light Rain,2,-1,24
15:50:08,Light Rain,2,-1,24
15:52:09,Light Rain,2,-1,24
15:54:09,Light Rain,2,-1,24
15:56:09,Light Rain,2,-1,24
15:58:08,Light Rain,2,-1,24
16:00:09,Light Rain,2,-1,24
16:02:09,Light Rain,2,-1,24
16:04:09,Light Rain,2,-1,24
16:06:08,Light Rain,2,-1,24
16:08:09,Light Rain,3,0,22
16:10:09,Light Rain,3,0,22
16:12:08,Light Rain,3,0,22
16:14:08,Light Rain,3,0,22
16:16:09,Light Rain,3,0,22
16:18:09,Light Rain,3,0,22
16:20:08,Light Rain,3,0,22
16:22:09,Light Rain,3,0,22
16:24:09,Light Rain,3,0,22
16:26:09,Light Rain,3,0,22
16:28:08,Light Rain,3,0,22
16:30:09,Light Rain,3,0,22
16:32:09,Light Rain,3,0,22
16:34:09,Light Rain,3,0,22
16:36:09,Light Rain,3,0,22
16:38:08,Light Rain,3,0,22
16:40:08,Light Rain,3,0,22
16:42:09,Light Rain,3,0,22
16:44:09,Light Rain,3,0,22
16:46:08,Light Rain,3,0,22
16:48:09,Light Rain,3,0,22
16:50:09,Light Rain,3,0,22
16:52:09,Light Rain,3,0,22
16:54:08,Light Rain,3,0,22
16:56:08,Light Rain,3,0,22
16:58:09,Light Rain,3,0,22
17:00:09,Light Rain,3,0,22
17:02:08,Light Rain,3,0,22
17:04:08,Light Rain,3,0,22
17:06:09,Light Rain,3,0,22
17:08:09,Light Rain,3,0,22
17:10:09,Light Rain,3,0,22
17:12:09,Light Rain,3,0,22
17:14:08,Light Rain,3,0,20
17:16:09,Light Rain,3,0,20
17:18:09,Light Rain,3,0,20
17:20:09,Light Rain,3,0,20
17:22:09,Light Rain,3,0,20
17:24:09,Light Rain,3,0,20
17:26:09,Light Rain,3,0,20
17:28:08,Light Rain,3,0,20
17:30:09,Light Rain,3,0,20
17:32:09,Light Rain,3,0,20
17:34:09,Light Rain,3,0,20
17:36:08,Light Rain,3,0,20
17:38:09,Light Rain,3,0,20
17:40:09,Light Rain,3,0,20
17:42:09,Light Rain,3,0,20
17:44:08,Light Rain,3,0,20
17:46:08,Light Rain,3,0,20
17:48:08,Light Rain,3,0,20
17:50:09,Light Rain,3,0,20
17:52:09,Light Rain,3,0,20
17:54:09,Light Rain,3,0,20
17:56:09,Light Rain,3,0,20
17:58:08,Light Rain,3,0,20
18:00:08,Light Rain,3,0,20
18:02:09,Light Rain,3,0,20
18:04:09,Light Rain,3,0,20
18:06:09,Light Rain,3,0,20
18:08:09,Light Rain,3,0,20
18:10:08,Light Rain,3,0,20
18:12:09,Mostly Cloudy,3,-1,25
18:14:09,Mostly Cloudy,3,-1,25
18:16:09,Mostly Cloudy,3,-1,25
18:18:09,Mostly Cloudy,3,-1,25
18:20:09,Mostly Cloudy,3,-1,25
18:22:09,Mostly Cloudy,3,-1,25
18:24:08,Mostly Cloudy,3,-1,25
18:26:09,Mostly Cloudy,3,-1,25
18:28:09,Mostly Cloudy,3,-1,25
18:30:09,Mostly Cloudy,3,-1,25
18:32:08,Mostly Cloudy,3,-1,25
18:34:08,Mostly Cloudy,3,-1,25
18:36:09,Mostly Cloudy,3,-1,25
18:38:09,Mostly Cloudy,3,-1,25
18:40:08,Mostly Cloudy,3,-1,25
18:42:09,Mostly Cloudy,3,-1,25
18:44:09,Mostly Cloudy,3,-1,25
18:46:09,Mostly Cloudy,3,-1,25
18:48:09,Mostly Cloudy,3,-1,25
18:50:08,Mostly Cloudy,3,-1,25
18:52:08,Mostly Cloudy,3,-1,25
18:54:09,Mostly Cloudy,3,-1,25
18:56:09,Mostly Cloudy,3,-1,25
18:58:08,Mostly Cloudy,3,-1,25
19:00:08,Mostly Cloudy,3,-1,25
19:02:09,Mostly Cloudy,3,-1,25
19:04:09,Mostly Cloudy,3,-1,25
19:06:08,Mostly Cloudy,3,-1,25
19:08:08,Mostly Cloudy,3,-1,25
19:10:09,Mostly Cloudy,3,-1,25
19:12:09,Mostly Cloudy,3,-1,25
19:14:09,Mostly Cloudy,3,-1,25
19:16:08,Mostly Cloudy,3,-1,25
19:18:09,Light Rain,3,-1,27
19:20:09,Light Rain,3,-1,27
19:22:09,Light Rain,3,-1,27
19:24:08,Light Rain,3,-1,27
19:26:09,Light Rain,3,-1,27
19:28:09,Light Rain,3,-1,27
19:30:09,Light Rain,3,-1,27
19:32:08,Light Rain,3,-1,27
19:34:09,Light Rain,3,-1,27
19:36:09,Light Rain,3,-1,27
19:38:08,Light Rain,3,-1,27
19:40:08,Light Rain,3,-1,27
19:42:09,Light Rain,3,-1,27
19:44:09,Light Rain,3,-1,27
19:46:09,Light Rain,3,-1,27
19:48:09,Light Rain,3,-1,27
19:50:08,Light Rain,3,-1,27
19:52:08,Light Rain,3,-1,27
19:54:08,Light Rain,3,-1,27
19:56:08,Light Rain,3,-1,27
19:58:09,Light Rain,3,-1,27
20:00:09,Light Rain,3,-1,27
20:02:08,Light Rain,3,-1,27
20:04:08,Light Rain,3,-1,27
20:06:09,Light Rain,3,-1,27
20:08:09,Light Rain,3,-1,27
20:10:09,Light Rain,3,0,24
20:12:08,Light Rain,3,0,24
20:14:08,Light Rain,3,0,24
20:16:08,Light Rain,3,0,24
20:18:09,Light Rain,3,0,24
20:20:08,Light Rain,3,0,24
20:22:09,Light Rain,3,0,24
20:24:09,Light Rain,3,0,24
20:26:08,Light Rain,3,0,24
20:28:08,Light Rain,3,0,24
20:30:09,Light Rain,3,0,24
20:32:09,Light Rain,3,0,24
20:34:09,Light Rain,3,0,24
20:36:08,Light Rain,3,0,24
20:38:09,Light Rain,3,0,24
20:40:09,Light Rain,3,0,24
20:42:09,Light Rain,3,0,24
20:44:09,Light Rain,3,0,24
20:46:09,Light Rain,3,0,24
20:48:09,Light Rain,3,0,24
20:50:08,Light Rain,3,0,24
20:52:08,Light Rain,3,0,24
20:54:09,Light Rain,3,0,24
20:56:09,Light Rain,3,0,24
20:58:08,Light Rain,3,0,24
21:00:08,Light Rain,3,0,24
21:02:09,Light Rain,3,0,24
21:04:09,Light Rain,3,0,24
21:06:08,Light Rain,3,0,24
21:08:08,Light Rain,3,0,24
21:10:09,Light Rain,3,0,24
21:12:09,Light Rain,3,0,24
21:14:09,Light Rain,3,0,24
21:16:09,Light Rain,3,0,24
21:18:09,Light Rain,3,0,24
21:20:08,Light Rain,3,-1,28
21:22:09,Light Rain,3,-1,28
21:24:09,Light Rain,3,-1,28
21:26:08,Light Rain,3,-1,28
21:28:09,Light Rain,3,-1,28
21:30:09,Light Rain,3,-1,28
21:32:09,Light Rain,3,-1,28
21:34:08,Light Rain,3,-1,28
21:36:09,Light Rain,3,-1,28
21:38:08,Light Rain,3,-1,28
21:40:08,Light Rain,3,-1,28
21:42:09,Light Rain,3,-1,28
21:44:09,Light Rain,3,-1,28
21:46:09,Light Rain,3,-1,28
21:48:08,Light Rain,3,-1,28
21:50:08,Light Rain,3,-1,28
21:52:09,Light Rain,3,-1,28
21:54:09,Light Rain,3,-1,28
21:56:08,Light Rain,3,-1,28
21:58:08,Light Rain,3,-1,28
22:00:09,Light Rain,3,-1,28
22:02:09,Light Rain,3,-1,28
22:04:09,Light Rain,3,-1,28
22:06:09,Light Rain,3,-1,28
22:08:08,Light Rain,3,-1,28
22:10:09,Light Rain,3,-1,28
22:12:09,Light Rain,3,-1,28
22:14:09,Light Rain,3,-1,27
22:16:08,Light Rain,3,-1,27
22:18:09,Light Rain,3,-1,27
22:20:09,Light Rain,3,-1,27
22:22:08,Light Rain,3,-1,27
22:24:08,Light Rain,3,-1,27
22:26:09,Light Rain,3,-1,27
22:28:09,Light Rain,3,-1,27
22:30:09,Light Rain,3,-1,27
22:32:09,Light Rain,3,-1,27
22:34:09,Light Rain,3,-1,27
22:36:09,Light Rain,3,-1,27
22:38:09,Light Rain,3,-1,27
22:40:08,Light Rain,3,-1,27
22:42:08,Light Rain,3,-1,27
22:44:09,Light Rain,3,-1,27
22:46:09,Light Rain,3,-1,27
22:48:09,Light Rain,3,-1,27
22:50:09,Light Rain,3,-1,27
22:52:09,Light Rain,3,-1,27
22:54:09,Light Rain,3,-1,27
22:56:09,Light Rain,3,-1,27
22:58:08,Light Rain,3,-1,27
23:00:09,Light Rain,3,-1,27
23:02:09,Light Rain,3,-1,27
23:04:08,Light Rain,3,-1,27
23:06:09,Light Rain,3,-1,27
23:08:09,Light Rain,3,-1,27
23:10:09,Light Rain,3,-1,27
23:12:09,Light Rain,3,-1,27
23:14:09,Mostly Cloudy,3,0,24
23:16:09,Mostly Cloudy,3,0,24
23:18:09,Mostly Cloudy,3,0,24
23:20:09,Mostly Cloudy,3,0,24
23:22:08,Mostly Cloudy,3,0,24
23:24:09,Mostly Cloudy,3,0,24
23:26:09,Mostly Cloudy,3,0,24
23:28:09,Mostly Cloudy,3,0,24
23:30:08,Mostly Cloudy,3,0,24
23:32:09,Mostly Cloudy,3,0,24
23:34:09,Mostly Cloudy,3,0,24
23:36:09,Mostly Cloudy,3,0,24
23:38:08,Mostly Cloudy,3,0,24
23:40:09,Mostly Cloudy,3,0,24
23:42:09,Mostly Cloudy,3,0,24
23:44:09,Mostly Cloudy,3,0,24
23:46:09,Mostly Cloudy,3,0,24
23:48:09,Mostly Cloudy,3,0,24
23:50:09,Mostly Cloudy,3,0,24
23:52:08,Mostly Cloudy,3,0,24
23:54:08,Mostly Cloudy,3,0,24
23:56:09,Mostly Cloudy,3,0,24
23:58:09,Mostly Cloudy,3,0,24
