Time,Weather,Temperature,Feels_Like,Wind_Speed
00:00:09,Light Rain / Windy,11,11,37
00:02:08,Light Rain / Windy,11,11,37
00:04:09,Light Rain / Windy,11,11,37
00:06:09,Light Rain / Windy,11,11,37
00:08:09,Light Rain / Windy,11,11,37
00:10:08,Light Rain / Windy,11,11,37
00:12:09,Light Rain / Windy,11,11,35
00:14:09,Light Rain / Windy,11,11,35
00:16:09,Light Rain / Windy,11,11,35
00:18:08,Light Rain / Windy,11,11,35
00:20:09,Light Rain / Windy,11,11,35
00:22:09,Light Rain / Windy,11,11,35
00:24:09,Light Rain / Windy,11,11,35
00:26:09,Light Rain / Windy,11,11,35
00:28:08,Light Rain / Windy,11,11,35
00:30:08,Light Rain / Windy,11,11,35
00:32:09,Light Rain / Windy,11,11,35
00:34:09,Light Rain / Windy,11,11,35
00:36:09,Light Rain / Windy,11,11,35
00:38:09,Light Rain / Windy,11,11,35
00:40:09,Light Rain / Windy,11,11,35
00:42:09,Light Rain / Windy,11,11,35
00:44:08,Light Rain / Windy,11,11,35
00:46:09,Light Rain / Windy,11,11,35
00:48:09,Light Rain / Windy,11,11,35
00:50:08,Light Rain / Windy,11,11,35
00:52:08,Light Rain / Windy,11,11,35
00:54:08,Light Rain / Windy,11,11,35
00:56:09,Light Rain / Windy,11,11,35
00:58:09,Light Rain / Windy,11,11,35
01:00:17,Light Rain / Windy,11,11,35
01:02:09,Light Rain / Windy,11,11,35
01:04:09,Light Rain / Windy,11,11,35
01:06:08,Light Rain / Windy,11,11,35
01:08:08,Light Rain / Windy,11,11,35
01:10:09,Light Rain / Windy,11,11,35
01:12:09,Mostly Cloudy,8,6,19
01:14:08,Mostly Cloudy,8,6,19
01:16:08,Mostly Cloudy,8,6,19
01:18:09,Mostly Cloudy,8,6,19
01:20:08,Mostly Cloudy,8,6,19
01:22:09,Mostly Cloudy,8,6,19
01:24:09,Mostly Cloudy,8,6,19
01:26:09,Mostly Cloudy,8,6,19
01:28:08,Mostly Cloudy,8,6,19
01:30:08,Mostly Cloudy,8,6,19
01:32:09,Mostly Cloudy,8,6,19
01:34:09,Mostly Cloudy,8,6,19
01:36:09,Mostly Cloudy,8,6,19
01:38:09,Mostly Cloudy,8,6,19
01:40:09,Mostly Cloudy,8,6,19
01:42:09,Mostly Cloudy,8,6,19
01:44:08,Mostly Cloudy,8,6,19
01:46:09,Mostly Cloudy,8,6,19
01:48:09,Mostly Cloudy,8,6,19
01:50:09,Mostly Cloudy,8,6,19
01:52:08,Mostly Cloudy,8,6,19
01:54:08,Mostly Cloudy,8,6,19
01:56:09,Mostly Cloudy,8,6,19
01:58:09,Mostly Cloudy,8,6,19
02:00:09,Mostly Cloudy,8,6,19
02:02:08,Mostly Cloudy,8,6,19
02:04:09,Mostly Cloudy,8,6,19
02:06:09,Mostly Cloudy,8,6,19
02:08:09,Mostly Cloudy,8,6,19
02:10:08,Mostly Cloudy,8,6,19
02:12:08,Mostly Cloudy,8,6,19
02:14:09,Mostly Cloudy,8,6,19
02:16:09,Mostly Cloudy,8,6,19
02:18:09,Mostly Cloudy,7,4,24
02:20:08,Mostly Cloudy,7,4,24
02:22:09,Mostly Cloudy,7,4,24
02:24:09,Mostly Cloudy,7,4,24
02:26:09,Mostly Cloudy,7,4,24
02:28:09,Mostly Cloudy,7,4,24
02:30:08,Mostly Cloudy,7,4,24
02:32:08,Mostly Cloudy,7,4,24
02:34:09,Mostly Cloudy,7,4,24
02:36:09,Mostly Cloudy,7,4,24
02:38:09,Mostly Cloudy,7,4,24
02:40:08,Mostly Cloudy,7,4,24
02:42:09,Mostly Cloudy,7,4,24
02:44:09,Mostly Cloudy,7,4,24
02:46:09,Mostly Cloudy,7,4,24
02:48:09,Mostly Cloudy,7,4,24
02:50:08,Mostly Cloudy,7,4,24
02:52:08,Mostly Cloudy,7,4,24
02:54:09,Mostly Cloudy,7,4,24
02:56:09,Mostly Cloudy,7,4,24
02:58:09,Mostly Cloudy,7,4,24
03:00:08,Mostly Cloudy,7,4,24
03:02:08,Mostly Cloudy,7,4,24
03:04:09,Mostly Cloudy,7,4,24
03:06:09,Mostly Cloudy,7,4,24
03:08:09,Mostly Cloudy,7,4,24
03:10:08,Mostly Cloudy,7,4,24
03:12:09,Mostly Cloudy,7,4,24
03:14:09,Mostly Cloudy,7,4,24
03:16:08,Mostly Cloudy,7,4,24
03:18:09,Mostly Cloudy,7,4,24
03:20:09,Mostly Cloudy,7,4,24
03:22:09,Mostly Cloudy,7,4,24
03:24:08,Mostly Cloudy,7,4,24
03:26:09,Mostly Cloudy,7,4,24
03:28:09,Mostly Cloudy,7,4,24
03:30:08,Mostly Cloudy,7,4,24
03:32:09,Mostly Cloudy,7,4,24
03:34:09,Mostly Cloudy,7,4,24
03:36:08,Mostly Cloudy,7,4,24
03:38:09,Mostly Cloudy,7,4,24
03:40:09,Mostly Cloudy,7,4,24
03:42:09,Mostly Cloudy,7,4,24
03:44:08,Mostly Cloudy,7,4,24
03:46:09,Mostly Cloudy,7,4,24
03:48:09,Mostly Cloudy,7,4,24
03:50:08,Mostly Cloudy,7,4,24
03:52:09,Mostly Cloudy,7,4,24
03:54:09,Mostly Cloudy,7,4,24
03:56:09,Mostly Cloudy,7,4,24
03:58:08,Mostly Cloudy,7,4,24
04:00:08,Mostly Cloudy,7,4,24
04:02:08,Mostly Cloudy,7,4,24
04:04:09,Mostly Cloudy,7,4,24
04:06:09,Mostly Cloudy,7,4,24
04:08:09,Mostly Cloudy,7,4,24
04:10:09,Mostly Cloudy,7,4,24
04:12:08,Mostly Cloudy,7,3,22
04:14:09,Mostly Cloudy,7,3,22
04:16:09,Mostly Cloudy,7,3,22
04:18:08,Mostly Cloudy,7,3,22
04:20:09,Mostly Cloudy,7,3,22
04:22:09,Mostly Cloudy,7,3,22
04:24:09,Mostly Cloudy,7,3,22
04:26:08,Mostly Cloudy,7,3,22
04:28:08,Mostly Cloudy,7,3,22
04:30:09,Mostly Cloudy,7,3,22
04:32:09,Mostly Cloudy,7,3,22
04:34:08,Mostly Cloudy,7,3,22
04:36:08,Mostly Cloudy,7,3,22
04:38:09,Mostly Cloudy,7,3,22
04:40:09,Mostly Cloudy,7,3,22
04:42:08,Mostly Cloudy,7,3,22
04:44:09,Mostly Cloudy,7,3,22
04:46:09,Mostly Cloudy,7,3,22
04:48:08,Mostly Cloudy,7,3,22
04:50:09,Mostly Cloudy,7,3,22
04:52:09,Mostly Cloudy,7,3,22
04:54:09,Mostly Cloudy,7,3,22
04:56:08,Mostly Cloudy,7,3,22
04:58:08,Mostly Cloudy,7,3,22
05:00:09,Mostly Cloudy,7,3,22
05:02:09,Mostly Cloudy,7,3,22
05:04:09,Mostly Cloudy,7,3,22
05:06:08,Mostly Cloudy,7,3,22
05:08:09,Mostly Cloudy,7,3,22
05:10:09,Mostly Cloudy,7,3,22
05:12:08,Mostly Cloudy,7,4,22
05:14:08,Mostly Cloudy,7,4,22
05:16:09,Mostly Cloudy,7,4,22
05:18:09,Mostly Cloudy,7,4,22
05:20:08,Mostly Cloudy,7,4,22
05:22:09,Mostly Cloudy,7,4,22
05:24:09,Mostly Cloudy,7,4,22
05:26:09,Mostly Cloudy,7,4,22
05:28:08,Mostly Cloudy,7,4,22
05:30:08,Mostly Cloudy,7,4,22
05:32:09,Mostly Cloudy,7,4,22
05:34:09,Mostly Cloudy,7,4,22
05:36:09,Mostly Cloudy,7,4,22
05:38:08,Mostly Cloudy,7,4,22
05:40:08,Mostly Cloudy,7,4,22
05:42:08,Mostly Cloudy,7,4,22
05:44:09,Mostly Cloudy,7,4,22
05:46:09,Mostly Cloudy,7,4,22
05:48:08,Mostly Cloudy,7,4,22
05:50:08,Mostly Cloudy,7,4,22
05:52:09,Mostly Cloudy,7,4,22
05:54:09,Mostly Cloudy,7,4,22
05:56:09,Mostly Cloudy,7,4,22
05:58:08,Mostly Cloudy,7,4,22
06:00:09,Mostly Cloudy,7,4,22
06:02:09,Mostly Cloudy,7,4,22
06:04:08,Mostly Cloudy,7,4,22
06:06:08,Mostly Cloudy,7,4,22
06:08:09,Mostly Cloudy,7,4,22
06:10:09,Mostly Cloudy,7,4,22
06:12:08,Mostly Cloudy,7,4,22
06:14:09,Mostly Cloudy,7,4,22
06:16:09,Mostly Cloudy,7,4,22
06:18:08,Mostly Cloudy,7,4,22
06:20:09,Mostly Cloudy,7,4,22
06:22:09,Mostly Cloudy,7,4,22
06:24:09,Mostly Cloudy,7,4,22
06:26:08,Mostly Cloudy,7,4,22
06:28:08,Mostly Cloudy,7,4,22
06:30:09,Mostly Cloudy,7,4,22
06:32:08,Mostly Cloudy,7,4,22
06:34:09,Mostly Cloudy,7,4,22
06:36:09,Mostly Cloudy,7,4,22
06:38:09,Mostly Cloudy,7,4,22
06:40:08,Mostly Cloudy,7,4,22
06:42:08,Mostly Cloudy,7,4,22
06:44:09,Mostly Cloudy,7,4,22
06:46:09,Mostly Cloudy,7,4,22
06:48:08,Mostly Cloudy,7,4,22
06:50:09,Mostly Cloudy,7,4,22
06:52:09,Mostly Cloudy,7,4,22
06:54:09,Mostly Cloudy,7,4,22
06:56:08,Mostly Cloudy,7,4,22
06:58:09,Mostly Cloudy,7,4,22
07:00:09,Mostly Cloudy,7,4,22
07:02:08,Mostly Cloudy,7,4,22
07:04:09,Mostly Cloudy,7,4,22
07:06:09,Mostly Cloudy,7,4,22
07:08:09,Mostly Cloudy,7,4,22
07:10:09,Mostly Cloudy,7,4,22
07:12:09,Mostly Cloudy,7,4,24
07:14:09,Mostly Cloudy,7,4,24
07:16:08,Mostly Cloudy,7,4,24
07:18:09,Mostly Cloudy,7,4,24
07:20:09,Mostly Cloudy,7,4,24
07:22:09,Mostly Cloudy,7,4,24
07:24:09,Mostly Cloudy,7,4,24
07:26:09,Mostly Cloudy,7,4,24
07:28:08,Mostly Cloudy,7,4,24
07:30:09,Mostly Cloudy,7,4,24
07:32:09,Mostly Cloudy,7,4,24
07:34:09,Mostly Cloudy,7,4,24
07:36:09,Mostly Cloudy,7,4,24
07:38:09,Mostly Cloudy,7,4,24
07:40:09,Mostly Cloudy,7,4,24
07:42:08,Mostly Cloudy,7,4,24
07:44:09,Mostly Cloudy,7,4,24
07:46:08,Mostly Cloudy,7,4,24
07:48:09,Mostly Cloudy,7,4,24
07:50:09,Mostly Cloudy,7,4,24
07:52:08,Mostly Cloudy,7,4,24
07:54:08,Mostly Cloudy,7,4,24
07:56:09,Mostly Cloudy,7,4,24
07:58:09,Mostly Cloudy,7,4,24
08:00:08,Mostly Cloudy,7,4,24
08:02:08,Mostly Cloudy,7,4,24
08:04:09,Mostly Cloudy,7,4,24
08:06:09,Mostly Cloudy,7,4,24
08:08:08,Cloudy,7,4,24
08:10:09,Cloudy,7,4,24
08:12:09,Cloudy,7,4,24
08:14:09,Cloudy,7,4,24
08:16:09,Cloudy,7,4,24
08:18:08,Cloudy,7,4,24
08:20:08,Cloudy,7,4,24
08:22:09,Cloudy,7,4,24
08:24:08,Cloudy,7,4,24
08:26:09,Cloudy,7,4,24
08:28:09,Cloudy,7,4,24
08:30:08,Cloudy,7,4,24
08:32:09,Cloudy,7,4,24
08:34:09,Cloudy,7,4,24
08:36:08,Cloudy,7,4,24
08:38:08,Cloudy,7,4,24
08:40:09,Cloudy,7,4,24
08:42:09,Cloudy,7,4,24
08:44:09,Cloudy,7,4,24
08:46:08,Cloudy,7,4,24
08:48:09,Cloudy,7,4,24
08:50:09,Mostly Cloudy,7,4,25
08:52:09,Mostly Cloudy,7,4,25
08:54:08,Mostly Cloudy,7,4,25
08:56:08,Mostly Cloudy,7,4,25
08:58:09,Mostly Cloudy,7,4,25
09:00:09,Mostly Cloudy,7,4,25
09:02:08,Mostly Cloudy,7,4,25
09:04:09,Mostly Cloudy,7,4,25
09:06:09,Mostly Cloudy,7,4,25
09:08:09,Mostly Cloudy,7,4,25
09:10:08,Mostly Cloudy,7,4,25
09:12:08,Mostly Cloudy,7,4,25
09:14:08,Mostly Cloudy,8,5,25
09:16:09,Mostly Cloudy,8,5,25
09:18:08,Mostly Cloudy,8,5,25
09:20:08,Mostly Cloudy,8,5,25
09:22:09,Mostly Cloudy,8,5,25
09:24:09,Mostly Cloudy,8,5,25
09:26:09,Mostly Cloudy,8,5,25
09:28:09,Mostly Cloudy,8,5,25
09:30:09,Mostly Cloudy,8,5,25
09:32:08,Mostly Cloudy,8,5,25
09:34:09,Mostly Cloudy,8,5,25
09:36:09,Mostly Cloudy,8,5,25
09:38:09,Mostly Cloudy,8,5,25
09:40:08,Mostly Cloudy,8,5,25
09:42:08,Mostly Cloudy,8,5,25
09:44:09,Mostly Cloudy,8,5,25
09:46:09,Mostly Cloudy,8,5,25
09:48:09,Mostly Cloudy,8,5,25
09:50:09,Mostly Cloudy,8,5,25
09:52:09,Mostly Cloudy,8,5,25
09:54:09,Mostly Cloudy,8,5,25
09:56:09,Mostly Cloudy,8,5,25
09:58:08,Mostly Cloudy,8,5,25
10:00:09,Mostly Cloudy,8,5,25
10:02:09,Mostly Cloudy,8,5,25
10:04:08,Mostly Cloudy,8,5,25
10:06:08,Mostly Cloudy,8,5,25
10:08:08,Mostly Cloudy,8,5,25
10:10:09,Mostly Cloudy,8,5,25
10:12:09,Mostly Cloudy,8,5,25
10:14:08,Mostly Cloudy,8,5,25
10:16:09,Mostly Cloudy,8,5,25
10:18:08,Mostly Cloudy,8,5,25
10:20:09,Mostly Cloudy,8,5,25
10:22:09,Mostly Cloudy,8,5,25
10:24:08,Mostly Cloudy,8,5,25
10:26:09,Mostly Cloudy,8,5,25
10:28:09,Mostly Cloudy,8,5,25
10:30:08,Mostly Cloudy,8,5,25
10:32:08,Mostly Cloudy,8,5,25
10:34:09,Mostly Cloudy,8,5,25
10:36:09,Mostly Cloudy,8,5,25
10:38:08,Mostly Cloudy,8,5,25
10:40:09,Mostly Cloudy,8,5,25
10:42:09,Mostly Cloudy,8,5,25
10:44:09,Partly Cloudy,10,10,28
10:46:08,Partly Cloudy,10,10,28
10:48:09,Partly Cloudy,10,10,28
10:50:09,Partly Cloudy,10,10,28
10:52:09,Partly Cloudy,10,10,28
10:54:09,Partly Cloudy,10,10,28
10:56:08,Partly Cloudy,10,10,28
10:58:08,Partly Cloudy,10,10,28
11:00:09,Partly Cloudy,10,10,28
11:02:09,Partly Cloudy,10,10,28
11:04:09,Partly Cloudy,10,10,28
11:06:08,Partly Cloudy,10,10,28
11:08:08,Partly Cloudy,10,10,28
11:10:09,Partly Cloudy,10,10,28
11:12:09,Partly Cloudy,10,10,28
11:14:09,Partly Cloudy,11,11,27
11:16:08,Partly Cloudy,11,11,27
11:18:09,Partly Cloudy,11,11,27
11:20:09,Partly Cloudy,11,11,27
11:22:08,Partly Cloudy,11,11,27
11:24:09,Partly Cloudy,11,11,27
11:26:09,Partly Cloudy,11,11,27
11:28:09,Partly Cloudy,11,11,27
11:30:08,Partly Cloudy,11,11,27
11:32:09,Partly Cloudy,11,11,27
11:34:09,Partly Cloudy,11,11,27
11:36:09,Partly Cloudy,11,11,27
11:38:08,Partly Cloudy,11,11,27
11:40:09,Partly Cloudy,11,11,27
11:42:09,Partly Cloudy,11,11,27
11:44:08,Mostly Cloudy,11,11,32
11:46:09,Mostly Cloudy,11,11,32
11:48:09,Mostly Cloudy,11,11,32
11:50:09,Mostly Cloudy,11,11,32
11:52:09,Mostly Cloudy,11,11,32
11:54:09,Mostly Cloudy,11,11,32
11:56:08,Mostly Cloudy,11,11,32
11:58:09,Mostly Cloudy,11,11,32
12:00:09,Mostly Cloudy,11,11,32
12:02:09,Mostly Cloudy,11,11,32
12:04:08,Mostly Cloudy,11,11,32
12:06:08,Mostly Cloudy,11,11,32
12:08:09,Mostly Cloudy,11,11,32
12:10:09,Mostly Cloudy,11,11,32
12:12:09,Mostly Cloudy,11,11,32
12:14:09,Mostly Cloudy,11,11,32
12:16:08,Mostly Cloudy,11,11,32
12:18:09,Mostly Cloudy,12,12,28
12:20:09,Mostly Cloudy,12,12,28
12:22:08,Mostly Cloudy,12,12,28
12:24:08,Mostly Cloudy,12,12,28
12:26:09,Mostly Cloudy,12,12,28
12:28:09,Mostly Cloudy,12,12,28
12:30:09,Mostly Cloudy,12,12,28
12:32:08,Mostly Cloudy,12,12,28
12:34:09,Mostly Cloudy,12,12,28
12:36:09,Mostly Cloudy,12,12,28
12:38:09,Mostly Cloudy,12,12,28
12:40:09,Mostly Cloudy,12,12,28
12:42:09,Mostly Cloudy,12,12,28
12:44:08,Mostly Cloudy,12,12,28
12:46:08,Mostly Cloudy,12,12,28
12:48:09,Mostly Cloudy / Windy,11,11,35
12:50:09,Mostly Cloudy / Windy,11,11,35
12:52:08,Mostly Cloudy / Windy,11,11,35
12:54:08,Mostly Cloudy / Windy,11,11,35
12:56:09,Mostly Cloudy / Windy,11,11,35
12:58:09,Mostly Cloudy / Windy,11,11,35
13:00:08,Mostly Cloudy / Windy,11,11,35
13:02:09,Mostly Cloudy / Windy,11,11,35
13:04:09,Mostly Cloudy / Windy,11,11,35
13:06:08,Mostly Cloudy / Windy,11,11,35
13:08:09,Mostly Cloudy / Windy,11,11,35
13:10:09,Mostly Cloudy / Windy,11,11,35
13:12:08,Partly Cloudy,11,11,28
13:14:09,Partly Cloudy,11,11,28
13:16:09,Partly Cloudy,11,11,28
13:18:08,Partly Cloudy,11,11,28
13:20:08,Partly Cloudy,11,11,28
13:22:09,Partly Cloudy,11,11,28
13:24:09,Partly Cloudy,11,11,28
13:26:08,Partly Cloudy,11,11,28
13:28:08,Partly Cloudy,11,11,28
13:30:09,Partly Cloudy,11,11,28
13:32:09,Partly Cloudy,11,11,28
13:34:08,Partly Cloudy,11,11,28
13:36:09,Partly Cloudy,11,11,28
13:38:09,Partly Cloudy,11,11,28
13:40:08,Partly Cloudy,11,11,28
13:42:08,Mostly Cloudy,12,12,27
13:44:09,Mostly Cloudy,12,12,27
13:46:09,Mostly Cloudy,12,12,27
13:48:09,Mostly Cloudy,12,12,27
13:50:08,Mostly Cloudy,12,12,27
13:52:09,Mostly Cloudy,12,12,27
13:54:09,Mostly Cloudy,12,12,27
13:56:09,Mostly Cloudy,12,12,27
13:58:08,Mostly Cloudy,12,12,27
14:00:09,Mostly Cloudy,12,12,27
14:02:09,Mostly Cloudy,12,12,27
14:04:09,Mostly Cloudy,12,12,27
14:06:09,Mostly Cloudy,12,12,27
14:08:08,Mostly Cloudy,12,12,27
14:10:09,Mostly Cloudy,12,12,27
14:12:09,Mostly Cloudy,11,11,27
14:14:08,Mostly Cloudy,11,11,27
14:16:09,Mostly Cloudy,11,11,27
14:18:09,Mostly Cloudy,11,11,27
14:20:08,Mostly Cloudy,11,11,27
14:22:08,Mostly Cloudy,11,11,27
14:24:09,Mostly Cloudy,11,11,27
14:26:09,Mostly Cloudy,11,11,27
14:28:08,Mostly Cloudy,11,11,27
14:30:08,Mostly Cloudy,11,11,27
14:32:09,Mostly Cloudy,11,11,27
14:34:08,Mostly Cloudy,11,11,27
14:36:08,Mostly Cloudy,11,11,27
14:38:09,Mostly Cloudy,11,11,27
14:40:09,Mostly Cloudy,11,11,27
14:42:08,Partly Cloudy,12,12,28
14:44:09,Partly Cloudy,12,12,28
14:46:09,Partly Cloudy,12,12,28
14:48:09,Partly Cloudy,12,12,28
14:50:08,Partly Cloudy,12,12,28
14:52:09,Partly Cloudy,12,12,28
14:54:08,Partly Cloudy,12,12,28
14:56:09,Partly Cloudy,12,12,28
14:58:09,Partly Cloudy,12,12,28
15:00:09,Partly Cloudy,12,12,28
15:02:08,Partly Cloudy,12,12,28
15:04:09,Partly Cloudy,12,12,28
15:06:09,Partly Cloudy,12,12,28
15:08:09,Partly Cloudy,12,12,28
15:10:08,Partly Cloudy,12,12,28
15:12:09,Partly Cloudy,12,12,22
15:14:08,Partly Cloudy,12,12,22
15:16:08,Partly Cloudy,12,12,22
15:18:09,Partly Cloudy,12,12,22
15:20:09,Partly Cloudy,12,12,22
15:22:09,Partly Cloudy,12,12,22
15:24:09,Partly Cloudy,12,12,22
15:26:08,Partly Cloudy,12,12,22
15:28:08,Partly Cloudy,12,12,22
15:30:09,Partly Cloudy,12,12,22
15:32:09,Partly Cloudy,12,12,22
15:34:08,Partly Cloudy,12,12,22
15:36:08,Partly Cloudy,12,12,22
15:38:09,Partly Cloudy,12,12,22
15:40:09,Partly Cloudy,12,12,22
15:42:08,Mostly Cloudy,12,12,22
15:44:08,Mostly Cloudy,12,12,22
15:46:09,Mostly Cloudy,12,12,22
15:48:09,Mostly Cloudy,12,12,22
15:50:08,Mostly Cloudy,12,12,22
15:52:08,Mostly Cloudy,12,12,22
15:54:09,Mostly Cloudy,12,12,22
15:56:08,Mostly Cloudy,12,12,22
15:58:08,Mostly Cloudy,12,12,22
16:00:09,Mostly Cloudy,12,12,22
16:02:09,Mostly Cloudy,12,12,22
16:04:08,Mostly Cloudy,12,12,22
16:06:09,Mostly Cloudy,12,12,22
16:08:09,Mostly Cloudy,12,12,22
16:10:08,Mostly Cloudy,12,12,22
16:12:09,Partly Cloudy,12,12,22
16:14:09,Partly Cloudy,12,12,22
16:16:09,Partly Cloudy,12,12,22
16:18:09,Partly Cloudy,12,12,22
16:20:09,Partly Cloudy,12,12,22
16:22:09,Partly Cloudy,12,12,22
16:24:08,Partly Cloudy,12,12,22
16:26:09,Partly Cloudy,12,12,22
16:28:09,Partly Cloudy,12,12,22
16:30:09,Partly Cloudy,12,12,22
16:32:08,Partly Cloudy,12,12,22
16:34:09,Partly Cloudy,12,12,22
16:36:09,Partly Cloudy,12,12,22
16:38:08,Partly Cloudy,12,12,22
16:40:09,Partly Cloudy,12,12,22
16:42:09,Partly Cloudy,12,12,22
16:44:08,Partly Cloudy,12,12,22
16:46:09,Partly Cloudy,12,12,22
16:48:09,Partly Cloudy,12,12,22
16:50:09,Partly Cloudy,12,12,22
16:52:08,Partly Cloudy,12,12,22
16:54:09,Partly Cloudy,12,12,22
16:56:09,Partly Cloudy,12,12,22
16:58:08,Partly Cloudy,12,12,22
17:00:08,Partly Cloudy,12,12,22
17:02:09,Partly Cloudy,12,12,22
17:04:09,Partly Cloudy,12,12,22
17:06:08,Partly Cloudy,12,12,22
17:08:08,Partly Cloudy,12,12,22
17:10:09,Partly Cloudy,12,12,22
17:12:09,Partly Cloudy,12,12,16
17:14:09,Partly Cloudy,12,12,16
17:16:08,Partly Cloudy,12,12,16
17:18:09,Partly Cloudy,12,12,16
17:20:09,Partly Cloudy,12,12,16
17:22:08,Partly Cloudy,12,12,16
17:24:09,Partly Cloudy,12,12,16
17:26:09,Partly Cloudy,12,12,16
17:28:09,Partly Cloudy,12,12,16
17:30:08,Partly Cloudy,12,12,16
17:32:08,Partly Cloudy,12,12,16
17:34:08,Partly Cloudy,12,12,16
17:36:09,Partly Cloudy,12,12,16
17:38:09,Partly Cloudy,12,12,16
17:40:08,Partly Cloudy,12,12,16
17:42:09,Partly Cloudy,12,12,16
17:44:09,Partly Cloudy,12,12,16
17:46:08,Partly Cloudy,12,12,16
17:48:09,Partly Cloudy,12,12,16
17:50:09,Partly Cloudy,12,12,16
17:52:08,Partly Cloudy,12,12,16
17:54:09,Partly Cloudy,12,12,16
17:56:09,Partly Cloudy,12,12,16
17:58:08,Partly Cloudy,12,12,16
18:00:09,Partly Cloudy,12,12,16
18:02:09,Partly Cloudy,12,12,16
18:04:08,Partly Cloudy,12,12,16
18:06:09,Partly Cloudy,12,12,16
18:08:09,Partly Cloudy,12,12,16
18:10:09,Partly Cloudy,8,7,11
18:12:08,Partly Cloudy,8,7,11
18:14:09,Partly Cloudy,8,7,11
18:16:09,Partly Cloudy,8,7,11
18:18:08,Partly Cloudy,8,7,11
18:20:09,Partly Cloudy,8,7,11
18:22:09,Partly Cloudy,8,7,11
18:24:08,Partly Cloudy,8,7,11
18:26:09,Partly Cloudy,8,7,11
18:28:09,Partly Cloudy,8,7,11
18:30:08,Partly Cloudy,8,7,11
18:32:09,Partly Cloudy,8,7,11
18:34:09,Partly Cloudy,8,7,11
18:36:09,Partly Cloudy,8,7,11
18:38:08,Partly Cloudy,8,7,11
18:40:08,Partly Cloudy,8,7,11
18:42:09,Partly Cloudy,8,7,11
18:44:09,Partly Cloudy,8,7,11
18:46:09,Partly Cloudy,8,7,11
18:48:08,Partly Cloudy,8,7,11
18:50:08,Partly Cloudy,8,7,11
18:52:09,Partly Cloudy,8,7,11
18:54:08,Partly Cloudy,8,7,11
18:56:08,Partly Cloudy,8,7,11
18:58:09,Partly Cloudy,8,7,11
19:00:09,Partly Cloudy,8,7,11
19:02:08,Partly Cloudy,8,7,11
19:04:08,Partly Cloudy,8,7,11
19:06:09,Partly Cloudy,8,7,11
19:08:09,Partly Cloudy,8,7,11
19:10:09,Partly Cloudy,8,7,11
19:12:08,Partly Cloudy,8,7,11
19:14:09,Partly Cloudy,8,7,11
19:16:09,Mostly Cloudy,8,7,12
19:18:09,Mostly Cloudy,8,7,12
19:20:09,Mostly Cloudy,8,7,12
19:22:09,Mostly Cloudy,8,7,12
19:24:08,Mostly Cloudy,8,7,12
19:26:08,Mostly Cloudy,8,7,12
19:28:09,Mostly Cloudy,8,7,12
19:30:09,Mostly Cloudy,8,7,12
19:32:08,Mostly Cloudy,8,7,12
19:34:08,Mostly Cloudy,8,7,12
19:36:09,Mostly Cloudy,8,7,12
19:38:09,Mostly Cloudy,8,7,12
19:40:09,Mostly Cloudy,8,7,12
19:42:08,Mostly Cloudy,8,7,12
19:44:09,Mostly Cloudy,8,7,12
19:46:09,Mostly Cloudy,8,7,12
19:48:08,Mostly Cloudy,8,7,12
19:50:09,Mostly Cloudy,8,7,12
19:52:09,Mostly Cloudy,8,7,12
19:54:09,Mostly Cloudy,8,7,12
19:56:09,Mostly Cloudy,8,7,12
19:58:09,Mostly Cloudy,8,7,12
20:00:09,Mostly Cloudy,8,7,12
20:02:08,Mostly Cloudy,8,7,12
20:04:09,Mostly Cloudy,8,7,12
20:06:09,Mostly Cloudy,8,7,12
20:08:09,Mostly Cloudy,8,7,12
20:10:08,Mostly Cloudy,8,7,12
20:12:09,Mostly Cloudy,8,7,12
20:14:09,Mostly Cloudy,8,7,12
20:16:08,Mostly Cloudy,8,6,19
20:18:09,Mostly Cloudy,8,6,19
20:20:09,Mostly Cloudy,8,6,19
20:22:09,Mostly Cloudy,8,6,19
20:24:08,Mostly Cloudy,8,6,19
20:26:09,Mostly Cloudy,8,6,19
20:28:09,Mostly Cloudy,8,6,19
20:30:08,Mostly Cloudy,8,6,19
20:32:09,Mostly Cloudy,8,6,19
20:34:09,Mostly Cloudy,8,6,19
20:36:08,Mostly Cloudy,8,6,19
20:38:09,Mostly Cloudy,8,6,19
20:40:09,Mostly Cloudy,8,6,19
20:42:08,Mostly Cloudy,8,6,19
20:44:08,Mostly Cloudy,8,6,19
20:46:09,Mostly Cloudy,8,6,19
20:48:09,Mostly Cloudy,8,6,19
20:50:09,Mostly Cloudy,8,6,19
20:52:08,Mostly Cloudy,8,6,19
20:54:09,Mostly Cloudy,8,6,19
20:56:09,Mostly Cloudy,8,6,19
20:58:08,Mostly Cloudy,8,6,19
21:02:12,Mostly Cloudy,8,6,19
21:04:09,Mostly Cloudy,8,6,19
21:06:10,Mostly Cloudy,8,6,19
21:08:09,Mostly Cloudy,8,6,19
21:10:10,Mostly Cloudy,7,5,19
21:12:09,Mostly Cloudy,7,5,19
21:14:09,Mostly Cloudy,7,5,19
21:16:09,Mostly Cloudy,7,5,19
21:18:09,Mostly Cloudy,7,5,19
21:20:09,Mostly Cloudy,7,5,19
21:22:08,Mostly Cloudy,7,5,19
21:24:09,Mostly Cloudy,7,5,19
21:26:09,Mostly Cloudy,7,5,19
21:28:09,Mostly Cloudy,7,5,19
21:30:08,Mostly Cloudy,7,5,19
21:32:09,Mostly Cloudy,7,5,19
21:34:09,Mostly Cloudy,7,5,19
21:36:09,Mostly Cloudy,7,5,19
21:38:08,Mostly Cloudy,7,5,19
21:40:09,Mostly Cloudy,7,5,19
21:42:09,Mostly Cloudy,7,5,19
21:44:09,Mostly Cloudy,7,5,19
21:46:08,Mostly Cloudy,7,5,19
21:48:09,Mostly Cloudy,7,5,19
21:50:09,Mostly Cloudy,7,5,19
21:52:08,Mostly Cloudy,7,5,19
21:54:08,Mostly Cloudy,7,5,19
21:56:09,Mostly Cloudy,7,5,19
21:58:09,Mostly Cloudy,7,5,19
22:00:08,Mostly Cloudy,7,5,19
22:02:09,Mostly Cloudy,7,5,19
22:04:09,Mostly Cloudy,7,5,19
22:06:08,Mostly Cloudy,7,5,19
22:08:08,Mostly Cloudy,7,5,19
22:10:09,Mostly Cloudy,7,5,19
22:12:09,Mostly Cloudy,7,5,19
22:14:09,Mostly Cloudy,7,5,19
22:16:08,Mostly Cloudy,7,5,19
22:18:09,Mostly Cloudy,7,5,19
22:20:09,Mostly Cloudy,7,4,24
22:22:08,Mostly Cloudy,7,4,24
22:24:09,Mostly Cloudy,7,4,24
22:26:09,Mostly Cloudy,7,4,24
22:28:09,Mostly Cloudy,7,4,24
22:30:08,Mostly Cloudy,7,4,24
22:32:08,Mostly Cloudy,7,4,24
22:34:09,Mostly Cloudy,7,4,24
22:36:09,Mostly Cloudy,7,4,24
22:38:08,Mostly Cloudy,7,4,24
22:40:09,Mostly Cloudy,7,4,24
22:42:09,Mostly Cloudy,7,4,24
22:44:08,Mostly Cloudy,7,4,24
22:46:09,Mostly Cloudy,7,4,24
22:48:09,Mostly Cloudy,7,4,24
22:50:09,Mostly Cloudy,7,4,24
22:52:09,Mostly Cloudy,7,4,24
22:54:09,Mostly Cloudy,7,4,24
22:56:09,Mostly Cloudy,7,4,24
22:58:09,Mostly Cloudy,7,4,24
23:00:09,Mostly Cloudy,7,4,24
23:02:08,Mostly Cloudy,7,4,24
23:04:09,Mostly Cloudy,7,4,24
23:06:09,Mostly Cloudy,7,4,24
23:08:08,Mostly Cloudy,7,3,28
23:10:09,Mostly Cloudy,7,3,28
23:12:09,Mostly Cloudy,7,3,28
23:14:08,Mostly Cloudy,7,3,28
23:16:09,Mostly Cloudy,7,3,28
23:18:08,Mostly Cloudy,7,3,28
23:20:08,Mostly Cloudy,7,3,28
23:22:09,Mostly Cloudy,7,3,28
23:24:09,Mostly Cloudy,7,3,28
23:26:09,Mostly Cloudy,7,3,28
23:28:09,Mostly Cloudy,7,3,28
23:30:09,Mostly Cloudy,7,3,28
23:32:08,Mostly Cloudy,7,3,28
23:34:09,Mostly Cloudy,7,3,28
23:36:09,Mostly Cloudy,7,3,28
23:38:09,Mostly Cloudy,7,3,28
23:40:09,Mostly Cloudy,7,3,28
23:42:09,Mostly Cloudy,7,3,28
23:44:09,Mostly Cloudy,7,3,28
23:46:09,Mostly Cloudy,7,3,28
23:48:09,Mostly Cloudy,7,3,28
23:50:09,Mostly Cloudy,7,3,28
23:52:08,Mostly Cloudy,7,3,28
23:54:09,Mostly Cloudy,7,3,28
23:56:09,Mostly Cloudy,7,3,28
23:58:09,Mostly Cloudy,7,3,28
