Time,Weather,Temperature,Feels_Like,Wind_Speed
00:00:08,Fair,3,0,22
00:02:09,Fair,3,0,22
00:04:09,Fair,3,0,22
00:06:09,Fair,3,0,22
00:08:08,Fair,3,0,22
00:10:08,Fair,3,0,22
00:12:09,Fair,3,0,22
00:14:09,Fair,3,-1,27
00:16:08,Fair,3,-1,27
00:18:09,Fair,3,-1,27
00:20:09,Fair,3,-1,27
00:22:09,Fair,3,-1,27
00:24:08,Fair,3,-1,27
00:26:08,Fair,3,-1,27
00:28:09,Fair,3,-1,27
00:30:09,Fair,3,-1,27
00:32:09,Fair,3,-1,27
00:34:08,Fair,3,-1,27
00:36:09,Fair,3,-1,27
00:38:09,Fair,3,-1,27
00:40:08,Fair,3,-1,27
00:42:08,Fair,3,-1,27
00:44:09,Fair,3,-1,27
00:46:09,Fair,3,-1,27
00:48:08,Fair,3,-1,27
00:50:09,Fair,3,-1,27
00:52:09,Fair,3,-1,27
00:54:09,Fair,3,-1,27
00:56:08,Fair,3,-1,27
00:58:09,Fair,3,-1,27
01:00:16,Fair,3,-1,27
01:02:08,Fair,3,-1,27
01:04:09,Fair,3,-1,27
01:06:09,Fair,3,-1,27
01:08:09,Fair,3,-1,27
01:10:08,Fair,3,-1,27
01:12:08,Fair,3,-1,27
01:14:09,Fair,3,-1,27
01:16:09,Fair,3,-1,27
01:18:08,Fair,3,-1,27
01:20:08,Partly Cloudy,2,-1,20
01:22:09,Partly Cloudy,2,-1,20
01:24:09,Partly Cloudy,2,-1,20
01:26:09,Partly Cloudy,2,-1,20
01:28:08,Partly Cloudy,2,-1,20
01:30:09,Partly Cloudy,2,-1,20
01:32:09,Partly Cloudy,2,-1,20
01:34:08,Partly Cloudy,2,-1,20
01:36:08,Partly Cloudy,2,-1,20
01:38:09,Partly Cloudy,2,-1,20
01:40:09,Partly Cloudy,2,-1,20
01:42:08,Partly Cloudy,2,-1,20
01:44:08,Partly Cloudy,2,-1,20
01:46:09,Partly Cloudy,2,-1,20
01:48:09,Partly Cloudy,2,-1,20
01:50:09,Partly Cloudy,2,-1,20
01:52:08,Partly Cloudy,2,-1,20
01:54:08,Partly Cloudy,2,-1,20
01:56:09,Partly Cloudy,2,-1,20
01:58:08,Partly Cloudy,2,-1,20
02:00:08,Partly Cloudy,2,-1,20
02:02:09,Partly Cloudy,2,-1,20
02:04:09,Partly Cloudy,2,-1,20
02:06:09,Partly Cloudy,2,-1,20
02:08:08,Partly Cloudy,2,-1,20
02:10:09,Partly Cloudy,2,-1,20
02:12:09,Partly Cloudy,2,-1,20
02:14:08,Partly Cloudy,2,-1,20
02:16:08,Partly Cloudy,2,-1,20
02:18:09,Mostly Cloudy,2,-1,24
02:20:09,Mostly Cloudy,2,-1,24
02:22:09,Mostly Cloudy,2,-1,24
02:24:09,Mostly Cloudy,2,-1,24
02:26:09,Mostly Cloudy,2,-1,24
02:28:09,Mostly Cloudy,2,-1,24
02:30:09,Mostly Cloudy,2,-1,24
02:32:08,Mostly Cloudy,2,-1,24
02:34:09,Mostly Cloudy,2,-1,24
02:36:09,Mostly Cloudy,2,-1,24
02:38:09,Mostly Cloudy,2,-1,24
02:40:08,Mostly Cloudy,2,-1,24
02:42:08,Mostly Cloudy,2,-1,24
02:44:08,Mostly Cloudy,2,-1,24
02:46:09,Mostly Cloudy,2,-1,24
02:48:09,Mostly Cloudy,2,-1,24
02:50:08,Mostly Cloudy,2,-1,24
02:52:08,Mostly Cloudy,2,-1,24
02:54:09,Mostly Cloudy,2,-1,24
02:56:09,Mostly Cloudy,2,-1,24
02:58:09,Mostly Cloudy,2,-1,24
03:00:08,Mostly Cloudy,2,-1,24
03:02:09,Mostly Cloudy,2,-1,24
03:04:09,Mostly Cloudy,2,-1,24
03:06:09,Mostly Cloudy,2,-1,24
03:08:09,Mostly Cloudy,2,-1,24
03:10:09,Mostly Cloudy,2,-1,24
03:12:09,Partly Cloudy,2,-1,16
03:14:08,Partly Cloudy,2,-1,16
03:16:08,Partly Cloudy,2,-1,16
03:18:09,Partly Cloudy,2,-1,16
03:20:09,Partly Cloudy,2,-1,16
03:22:09,Partly Cloudy,2,-1,16
03:24:08,Partly Cloudy,2,-1,16
03:26:09,Partly Cloudy,2,-1,16
03:28:09,Partly Cloudy,2,-1,16
03:30:08,Partly Cloudy,2,-1,16
03:32:09,Partly Cloudy,2,-1,16
03:34:09,Partly Cloudy,2,-1,16
03:36:09,Partly Cloudy,2,-1,16
03:38:08,Partly Cloudy,2,-1,16
03:40:09,Partly Cloudy,2,-1,16
03:42:09,Partly Cloudy,2,-1,16
03:44:08,Partly Cloudy,2,-1,16
03:46:08,Partly Cloudy,2,-1,16
03:48:08,Partly Cloudy,2,-1,16
03:50:09,Partly Cloudy,2,-1,16
03:52:09,Partly Cloudy,2,-1,16
03:54:08,Partly Cloudy,2,-1,16
03:56:08,Partly Cloudy,2,-1,16
03:58:09,Partly Cloudy,2,-1,16
04:00:09,Partly Cloudy,2,-1,16
04:02:08,Partly Cloudy,2,-1,16
04:04:08,Partly Cloudy,2,-1,16
04:06:09,Partly Cloudy,2,-1,16
04:08:09,Partly Cloudy,2,-1,16
04:10:09,Partly Cloudy,2,-1,16
04:12:08,Partly Cloudy,2,-1,14
04:14:08,Partly Cloudy,2,-1,14
04:16:09,Partly Cloudy,2,-1,14
04:18:08,Partly Cloudy,2,-1,14
04:20:08,Partly Cloudy,2,-1,14
04:22:09,Partly Cloudy,2,-1,14
04:24:09,Partly Cloudy,2,-1,14
04:26:08,Partly Cloudy,2,-1,14
04:28:08,Partly Cloudy,2,-1,14
04:30:09,Partly Cloudy,2,-1,14
04:32:09,Partly Cloudy,2,-1,14
04:34:09,Partly Cloudy,2,-1,14
04:36:08,Partly Cloudy,2,-1,14
04:38:09,Partly Cloudy,2,-1,14
04:40:09,Partly Cloudy,2,-1,14
04:42:09,Partly Cloudy,2,-1,14
04:44:09,Partly Cloudy,2,-1,14
04:46:09,Partly Cloudy,2,-1,14
04:48:09,Partly Cloudy,2,-1,14
04:50:08,Partly Cloudy,2,-1,14
04:52:09,Partly Cloudy,2,-1,14
04:54:09,Partly Cloudy,2,-1,14
04:56:09,Partly Cloudy,2,-1,14
04:58:09,Partly Cloudy,2,-1,14
05:00:08,Partly Cloudy,2,-1,14
05:02:09,Partly Cloudy,2,-1,14
05:04:09,Partly Cloudy,2,-1,14
05:06:09,Partly Cloudy,2,-1,14
05:08:09,Partly Cloudy,2,-1,14
05:10:09,Partly Cloudy,2,-1,14
05:12:09,Partly Cloudy,2,-1,11
05:14:08,Partly Cloudy,2,-1,11
05:16:08,Partly Cloudy,2,-1,11
05:18:09,Partly Cloudy,2,-1,11
05:20:09,Partly Cloudy,2,-1,11
05:22:08,Partly Cloudy,2,-1,11
05:24:09,Partly Cloudy,2,-1,11
05:26:09,Partly Cloudy,2,-1,11
05:28:09,Partly Cloudy,2,-1,11
05:30:08,Partly Cloudy,2,-1,11
05:32:09,Partly Cloudy,2,-1,11
05:34:09,Partly Cloudy,2,-1,11
05:36:09,Partly Cloudy,2,-1,11
05:38:08,Partly Cloudy,2,-1,11
05:40:08,Partly Cloudy,2,-1,11
05:42:09,Partly Cloudy,2,-1,11
05:44:08,Partly Cloudy,2,-1,11
05:46:09,Partly Cloudy,2,-1,11
05:48:09,Partly Cloudy,2,-1,11
05:50:09,Partly Cloudy,2,-1,11
05:52:08,Partly Cloudy,2,-1,11
05:54:08,Partly Cloudy,2,-1,11
05:56:09,Partly Cloudy,2,-1,11
05:58:09,Partly Cloudy,2,-1,11
06:00:09,Partly Cloudy,2,-1,11
06:02:09,Partly Cloudy,2,-1,11
06:04:09,Partly Cloudy,2,-1,11
06:06:09,Partly Cloudy,2,-1,11
06:08:09,Partly Cloudy,2,-1,11
06:10:08,Partly Cloudy,2,-1,11
06:12:08,Partly Cloudy,2,-1,11
06:14:09,Partly Cloudy,2,-1,11
06:16:09,Partly Cloudy,2,-1,11
06:18:08,Mostly Cloudy,2,-1,12
06:20:08,Mostly Cloudy,2,-1,12
06:22:09,Mostly Cloudy,2,-1,12
06:24:09,Mostly Cloudy,2,-1,12
06:26:09,Mostly Cloudy,2,-1,12
06:28:08,Mostly Cloudy,2,-1,12
06:30:08,Mostly Cloudy,2,-1,12
06:32:09,Mostly Cloudy,2,-1,12
06:34:09,Mostly Cloudy,2,-1,12
06:36:08,Mostly Cloudy,2,-1,12
06:38:08,Mostly Cloudy,2,-1,12
06:40:09,Mostly Cloudy,2,-1,12
06:42:09,Mostly Cloudy,2,-1,12
06:44:08,Mostly Cloudy,2,-1,12
06:46:08,Mostly Cloudy,2,-1,12
06:48:09,Mostly Cloudy,2,-1,12
06:50:09,Mostly Cloudy,2,-1,12
06:52:09,Mostly Cloudy,2,-1,12
06:54:09,Mostly Cloudy,2,-1,12
06:56:09,Mostly Cloudy,2,-1,12
06:58:09,Mostly Cloudy,2,-1,12
07:00:09,Mostly Cloudy,2,-1,12
07:02:08,Mostly Cloudy,2,-1,12
07:04:08,Mostly Cloudy,2,-1,12
07:06:09,Mostly Cloudy,2,-1,12
07:08:09,Mostly Cloudy,2,-1,12
07:10:08,Mostly Cloudy,2,-1,12
07:12:08,Mostly Cloudy,2,0,11
07:14:09,Mostly Cloudy,2,0,11
07:16:09,Mostly Cloudy,2,0,11
07:18:08,Mostly Cloudy,2,0,11
07:20:09,Mostly Cloudy,2,0,11
07:22:09,Mostly Cloudy,2,0,11
07:24:08,Mostly Cloudy,2,0,11
07:26:08,Mostly Cloudy,2,0,11
07:28:09,Mostly Cloudy,2,0,11
07:30:09,Mostly Cloudy,2,0,11
07:32:08,Mostly Cloudy,2,0,11
07:34:09,Mostly Cloudy,2,0,11
07:36:09,Mostly Cloudy,2,0,11
07:38:09,Mostly Cloudy,2,0,11
07:40:08,Mostly Cloudy,2,0,11
07:42:08,Mostly Cloudy,2,0,11
07:44:09,Mostly Cloudy,2,0,11
07:46:08,Mostly Cloudy,2,0,11
07:48:09,Mostly Cloudy,2,0,11
07:50:09,Mostly Cloudy,2,0,11
07:52:09,Mostly Cloudy,2,0,11
07:54:09,Mostly Cloudy,2,0,11
07:56:09,Mostly Cloudy,2,0,11
07:58:09,Mostly Cloudy,2,0,11
08:00:09,Mostly Cloudy,2,0,11
08:02:08,Mostly Cloudy,2,0,11
08:04:09,Mostly Cloudy,2,0,11
08:06:09,Mostly Cloudy,2,0,11
08:08:09,Mostly Cloudy,2,0,11
08:10:08,Mostly Cloudy,2,0,11
08:12:09,Mostly Cloudy,2,-1,11
08:14:08,Mostly Cloudy,2,-1,11
08:16:09,Mostly Cloudy,2,-1,11
08:18:09,Mostly Cloudy,2,-1,11
08:20:08,Mostly Cloudy,2,-1,11
08:22:08,Mostly Cloudy,2,-1,11
08:24:09,Mostly Cloudy,2,-1,11
08:26:09,Mostly Cloudy,2,-1,11
08:28:09,Mostly Cloudy,2,-1,11
08:30:09,Mostly Cloudy,2,-1,11
08:32:09,Mostly Cloudy,2,-1,11
08:34:09,Mostly Cloudy,2,-1,11
08:36:08,Mostly Cloudy,2,-1,11
08:38:09,Mostly Cloudy,2,-1,11
08:40:09,Mostly Cloudy,2,-1,11
08:42:09,Mostly Cloudy,3,3,4
08:44:09,Mostly Cloudy,3,3,4
08:46:09,Mostly Cloudy,3,3,4
08:48:09,Mostly Cloudy,3,3,4
08:50:09,Mostly Cloudy,3,3,4
08:52:08,Mostly Cloudy,3,3,4
08:54:09,Mostly Cloudy,3,3,4
08:56:09,Mostly Cloudy,3,3,4
08:58:08,Mostly Cloudy,3,3,4
09:00:09,Mostly Cloudy,3,3,4
09:02:09,Mostly Cloudy,3,3,4
09:04:08,Mostly Cloudy,3,3,4
09:06:09,Mostly Cloudy,3,3,4
09:08:09,Mostly Cloudy,3,3,4
09:10:08,Mostly Cloudy,3,3,4
09:12:08,Mostly Cloudy,5,3,8
09:14:09,Mostly Cloudy,5,3,8
09:16:09,Mostly Cloudy,5,3,8
09:18:09,Mostly Cloudy,5,3,8
09:20:09,Mostly Cloudy,5,3,8
09:22:09,Mostly Cloudy,5,3,8
09:24:08,Mostly Cloudy,5,3,8
09:26:09,Mostly Cloudy,5,3,8
09:28:08,Mostly Cloudy,5,3,8
09:30:08,Mostly Cloudy,5,3,8
09:32:09,Mostly Cloudy,5,3,8
09:34:09,Mostly Cloudy,5,3,8
09:36:08,Mostly Cloudy,5,3,8
09:38:09,Mostly Cloudy,5,3,8
09:40:09,Mostly Cloudy,5,3,8
09:42:08,Mostly Cloudy,6,2,14
09:44:09,Mostly Cloudy,6,2,14
09:46:09,Mostly Cloudy,6,2,14
09:48:09,Mostly Cloudy,6,2,14
09:50:08,Mostly Cloudy,6,2,14
09:52:09,Mostly Cloudy,6,2,14
09:54:09,Mostly Cloudy,6,2,14
09:56:09,Mostly Cloudy,6,2,14
09:58:09,Mostly Cloudy,6,2,14
10:00:09,Mostly Cloudy,6,2,14
10:02:09,Mostly Cloudy,6,2,14
10:04:09,Mostly Cloudy,6,2,14
10:06:09,Mostly Cloudy,6,2,14
10:08:08,Mostly Cloudy,6,2,14
10:10:09,Mostly Cloudy,6,2,14
10:12:09,Mostly Cloudy,6,2,14
10:14:08,Mostly Cloudy,6,2,14
10:16:08,Mostly Cloudy,6,2,14
10:18:09,Mostly Cloudy,6,2,19
10:20:09,Mostly Cloudy,6,2,19
10:22:08,Mostly Cloudy,6,2,19
10:24:08,Mostly Cloudy,6,2,19
10:26:09,Mostly Cloudy,6,2,19
10:28:09,Mostly Cloudy,6,2,19
10:30:08,Mostly Cloudy,6,2,19
10:32:09,Mostly Cloudy,6,2,19
10:34:09,Mostly Cloudy,6,2,19
10:36:09,Mostly Cloudy,6,2,19
10:38:08,Mostly Cloudy,6,2,19
10:40:09,Mostly Cloudy,6,2,19
10:42:09,Mostly Cloudy,6,2,20
10:44:08,Mostly Cloudy,6,2,20
10:46:09,Mostly Cloudy,6,2,20
10:48:09,Mostly Cloudy,6,2,20
10:50:08,Mostly Cloudy,6,2,20
10:52:09,Mostly Cloudy,6,2,20
10:54:09,Mostly Cloudy,6,2,20
10:56:08,Mostly Cloudy,6,2,20
10:58:08,Mostly Cloudy,6,2,20
11:00:09,Mostly Cloudy,6,2,20
11:02:09,Mostly Cloudy,6,2,20
11:04:08,Mostly Cloudy,6,2,20
11:06:08,Mostly Cloudy,6,2,20
11:08:09,Mostly Cloudy,6,2,20
11:10:09,Mostly Cloudy,6,2,20
11:12:09,Cloudy,7,3,19
11:14:08,Cloudy,7,3,19
11:16:08,Cloudy,7,3,19
11:18:09,Cloudy,7,3,19
11:20:09,Cloudy,7,3,19
11:22:08,Cloudy,7,3,19
11:24:09,Cloudy,7,3,19
11:26:09,Cloudy,7,3,19
11:28:09,Cloudy,7,3,19
11:30:08,Cloudy,7,3,19
11:32:09,Cloudy,7,3,19
11:34:09,Cloudy,7,3,19
11:36:09,Cloudy,7,3,19
11:38:08,Cloudy,7,3,19
11:40:09,Cloudy,7,3,19
11:42:09,Cloudy,7,3,19
11:44:09,Cloudy,7,3,19
11:46:09,Cloudy,7,3,19
11:48:09,Mostly Cloudy,6,2,16
11:50:09,Mostly Cloudy,6,2,16
11:52:08,Mostly Cloudy,6,2,16
11:54:08,Mostly Cloudy,6,2,16
11:56:09,Mostly Cloudy,6,2,16
11:58:09,Mostly Cloudy,6,2,16
12:00:08,Mostly Cloudy,6,2,16
12:02:09,Mostly Cloudy,6,2,16
12:04:09,Mostly Cloudy,6,2,16
12:06:09,Mostly Cloudy,6,2,16
12:08:09,Mostly Cloudy,6,2,16
12:10:09,Mostly Cloudy,6,2,16
12:12:09,Light Rain,6,3,12
12:14:08,Light Rain,6,3,12
12:16:09,Light Rain,6,3,12
12:18:08,Light Rain,6,3,12
12:20:09,Light Rain,6,3,12
12:22:09,Light Rain,6,3,12
12:24:09,Light Rain,6,3,12
12:26:08,Light Rain,6,3,12
12:28:08,Light Rain,6,3,12
12:30:09,Light Rain,6,3,12
12:32:09,Light Rain,6,3,12
12:34:08,Light Rain,6,3,12
12:36:08,Light Rain,6,3,12
12:38:09,Light Rain,6,3,12
12:40:09,Light Rain,6,3,12
12:42:08,Light Rain,6,2,16
12:44:09,Light Rain,6,2,16
12:46:09,Light Rain,6,2,16
12:48:09,Light Rain,6,2,16
12:50:08,Light Rain,6,2,16
12:52:09,Light Rain,6,2,16
12:54:09,Light Rain,6,2,16
12:56:09,Light Rain,6,2,16
12:58:08,Light Rain,6,2,16
13:00:09,Light Rain,6,2,16
13:02:09,Light Rain,6,2,16
13:04:08,Light Rain,6,2,16
13:06:09,Light Rain,6,2,16
13:08:09,Light Rain,6,2,16
13:10:09,Light Rain,6,2,16
13:12:08,Light Rain,6,3,11
13:14:09,Light Rain,6,3,11
13:16:09,Light Rain,6,3,11
13:18:09,Light Rain,6,3,11
13:20:08,Light Rain,6,3,11
13:22:09,Light Rain,6,3,11
13:24:09,Light Rain,6,3,11
13:26:08,Light Rain,6,3,11
13:28:09,Light Rain,6,3,11
13:30:09,Light Rain,6,3,11
13:32:08,Light Rain,6,3,11
13:34:09,Light Rain,6,3,11
13:36:09,Light Rain,6,3,11
13:38:09,Light Rain,6,3,11
13:40:08,Light Rain,6,3,11
13:42:08,Mostly Cloudy,6,3,9
13:44:09,Mostly Cloudy,6,3,9
13:46:09,Mostly Cloudy,6,3,9
13:48:08,Mostly Cloudy,6,3,9
13:50:09,Mostly Cloudy,6,3,9
13:58:18,Mostly Cloudy,6,3,9
14:00:09,Mostly Cloudy,6,3,9
14:02:09,Mostly Cloudy,6,3,9
14:04:09,Mostly Cloudy,6,3,9
14:06:08,Mostly Cloudy,6,3,9
14:08:09,Mostly Cloudy,6,3,9
14:10:09,Mostly Cloudy,6,3,9
14:12:09,Mostly Cloudy,6,3,9
14:14:09,Mostly Cloudy,6,3,9
14:16:09,Mostly Cloudy,6,3,11
14:18:09,Mostly Cloudy,6,3,11
14:20:09,Mostly Cloudy,6,3,11
14:22:09,Mostly Cloudy,6,3,11
14:24:09,Mostly Cloudy,6,3,11
14:26:09,Mostly Cloudy,6,3,11
14:28:09,Mostly Cloudy,6,3,11
14:30:09,Mostly Cloudy,6,3,11
14:32:08,Mostly Cloudy,6,3,11
14:34:08,Mostly Cloudy,6,3,11
14:36:09,Mostly Cloudy,6,3,11
14:38:09,Mostly Cloudy,6,3,11
14:40:08,Light Rain,5,1,14
14:42:09,Light Rain,5,1,14
14:44:09,Light Rain,5,1,14
14:46:09,Light Rain,5,1,14
14:48:09,Light Rain,5,1,14
14:50:09,Light Rain,5,1,14
14:52:09,Light Rain,5,1,14
14:54:08,Light Rain,5,1,14
14:56:08,Light Rain,5,1,14
14:58:09,Light Rain,5,1,14
15:00:09,Light Rain,5,1,14
15:02:09,Light Rain,5,1,14
15:04:09,Light Rain,5,1,14
15:06:08,Light Rain,5,1,14
15:08:09,Light Rain,5,1,14
15:10:09,Light Rain,5,1,19
15:12:09,Light Rain,5,1,19
15:14:08,Light Rain,5,1,19
15:16:08,Light Rain,5,1,19
15:18:09,Light Rain,5,1,19
15:20:09,Light Rain,5,1,19
15:22:09,Light Rain,5,1,19
15:24:09,Light Rain,5,1,19
15:26:09,Light Rain,5,1,19
15:28:09,Light Rain,5,1,19
15:30:08,Light Rain,5,1,19
15:32:09,Light Rain,5,1,19
15:34:09,Light Rain,5,1,19
15:36:09,Light Rain,5,1,19
15:38:09,Light Rain,5,1,19
15:40:09,Light Rain,5,1,19
15:42:08,Light Rain,5,1,19
15:44:09,Light Rain,5,1,19
15:46:09,Rain,5,0,24
15:48:09,Rain,5,0,24
15:50:08,Rain,5,0,24
15:52:09,Rain,5,0,24
15:54:09,Rain,5,0,24
15:56:08,Rain,5,0,24
15:58:09,Rain,5,0,24
16:00:09,Rain,5,0,24
16:02:09,Rain,5,0,24
16:04:08,Rain,5,0,24
16:06:09,Rain,5,0,24
16:08:09,Rain,5,0,24
16:10:09,Rain,5,0,24
16:12:08,Rain,5,0,24
16:14:09,Rain,5,0,24
16:16:09,Light Rain,5,0,24
16:18:09,Light Rain,5,0,24
16:20:09,Light Rain,5,0,24
16:22:09,Light Rain,5,0,24
16:24:09,Light Rain,5,0,24
16:26:09,Light Rain,5,0,24
16:28:08,Light Rain,5,0,24
16:30:09,Light Rain,5,0,24
16:32:09,Light Rain,5,0,24
16:34:08,Light Rain,5,0,24
16:36:09,Light Rain,5,0,24
16:38:09,Light Rain,5,0,24
16:40:09,Light Rain,3,-1,25
16:42:09,Light Rain,3,-1,25
16:44:09,Light Rain,3,-1,25
16:46:09,Light Rain,3,-1,25
16:48:08,Light Rain,3,-1,25
16:50:09,Light Rain,3,-1,25
16:52:09,Light Rain,3,-1,25
16:54:08,Light Rain,3,-1,25
16:56:09,Light Rain,3,-1,25
16:58:09,Light Rain,3,-1,25
17:00:09,Light Rain,3,-1,25
17:02:08,Light Rain,3,-1,25
17:04:09,Light Rain,3,-1,25
17:06:09,Light Rain,3,-1,25
17:08:09,Light Rain,3,-1,25
17:10:08,Light Rain,3,-1,25
17:12:09,Light Rain,3,-1,25
17:14:09,Light Rain,3,-1,25
17:16:09,Light Rain,5,1,20
17:18:09,Light Rain,5,1,20
17:20:09,Light Rain,5,1,20
17:22:09,Light Rain,5,1,20
17:24:08,Light Rain,5,1,20
17:26:09,Light Rain,5,1,20
17:28:09,Light Rain,5,1,20
17:30:09,Light Rain,5,1,20
17:32:09,Light Rain,5,1,20
17:34:09,Light Rain,5,1,20
17:36:09,Light Rain,5,1,20
17:38:09,Light Rain,5,1,20
17:40:09,Light Rain,5,1,20
17:42:09,Light Rain,5,1,20
17:44:09,Light Rain,5,1,20
17:46:09,Light Rain,5,1,20
17:48:08,Light Rain,5,1,20
17:50:08,Light Rain,5,1,20
17:52:09,Light Rain,5,1,20
17:54:09,Light Rain,5,1,20
17:56:08,Light Rain,5,1,20
17:58:08,Light Rain,5,1,20
18:00:09,Light Rain,5,1,20
18:02:09,Light Rain,5,1,20
18:04:09,Light Rain,5,1,20
18:06:09,Light Rain,5,1,20
18:08:09,Light Rain,5,1,20
18:10:08,Mostly Cloudy,5,0,24
18:12:09,Mostly Cloudy,5,0,24
18:14:09,Mostly Cloudy,5,0,24
18:16:08,Mostly Cloudy,5,0,24
18:18:09,Mostly Cloudy,5,0,24
18:20:08,Mostly Cloudy,5,0,24
18:22:09,Mostly Cloudy,5,0,24
18:24:09,Mostly Cloudy,5,0,24
18:26:09,Mostly Cloudy,5,0,24
18:28:08,Mostly Cloudy,5,0,24
18:30:09,Mostly Cloudy,5,0,24
18:32:09,Mostly Cloudy,5,0,24
18:34:09,Mostly Cloudy,5,0,24
18:36:08,Mostly Cloudy,5,0,24
18:38:09,Mostly Cloudy,5,0,24
18:40:09,Mostly Cloudy,5,0,24
18:42:08,Mostly Cloudy,5,0,24
18:44:08,Mostly Cloudy,5,0,24
18:46:09,Mostly Cloudy,5,0,24
18:48:09,Mostly Cloudy,5,0,24
18:50:09,Mostly Cloudy,5,0,24
18:52:08,Mostly Cloudy,5,0,24
18:54:09,Mostly Cloudy,5,0,24
18:56:09,Mostly Cloudy,5,0,24
18:58:09,Mostly Cloudy,5,0,24
19:00:08,Mostly Cloudy,5,0,24
19:02:09,Mostly Cloudy,5,0,24
19:04:09,Mostly Cloudy,5,0,24
19:06:09,Mostly Cloudy,5,0,24
19:08:08,Mostly Cloudy,5,0,24
19:10:09,Fair,3,0,22
19:12:09,Fair,3,0,22
19:14:08,Fair,3,0,22
19:16:09,Fair,3,0,22
19:18:09,Fair,3,0,22
19:20:08,Fair,3,0,22
19:22:09,Fair,3,0,22
19:24:09,Fair,3,0,22
19:26:09,Fair,3,0,22
19:28:09,Fair,3,0,22
19:30:09,Fair,3,0,22
19:32:09,Fair,3,0,22
19:34:09,Fair,3,0,22
19:36:09,Fair,3,0,22
19:38:09,Fair,3,0,22
19:40:09,Fair,3,0,22
19:42:08,Fair,3,0,22
19:44:08,Fair,3,0,22
19:46:09,Fair,3,0,22
19:48:09,Fair,3,0,22
19:50:08,Fair,3,0,22
19:52:08,Fair,3,0,22
19:54:09,Fair,3,0,22
19:56:09,Fair,3,0,22
19:58:09,Fair,3,0,22
20:00:08,Fair,3,0,22
20:02:08,Fair,3,0,22
20:04:09,Fair,3,0,22
20:06:09,Fair,3,0,22
20:08:09,Fair,3,0,22
20:10:09,Fair,3,0,22
20:12:09,Fair,3,0,22
20:14:09,Fair,3,0,22
20:16:08,Fair,2,-1,16
20:18:09,Fair,2,-1,16
20:20:09,Fair,2,-1,16
20:22:08,Fair,2,-1,16
20:24:09,Fair,2,-1,16
20:26:09,Fair,2,-1,16
20:28:09,Fair,2,-1,16
20:30:09,Fair,2,-1,16
20:32:09,Fair,2,-1,16
20:34:08,Fair,2,-1,16
20:36:08,Fair,2,-1,16
20:38:09,Fair,2,-1,16
20:40:09,Fair,2,-1,16
20:42:08,Fair,2,-1,16
20:44:08,Fair,2,-1,16
20:46:09,Fair,2,-1,16
20:48:09,Fair,2,-1,16
20:50:09,Fair,2,-1,16
20:52:08,Fair,2,-1,16
20:54:09,Fair,2,-1,16
20:56:09,Fair,2,-1,16
20:58:09,Fair,2,-1,16
21:00:08,Fair,2,-1,16
21:02:09,Fair,2,-1,16
21:04:09,Fair,2,-1,16
21:06:08,Fair,2,-1,16
21:08:09,Fair,2,-1,16
21:10:09,Fair,2,-1,16
21:12:08,Fair,2,-1,16
21:14:09,Fair,2,-1,16
21:16:09,Fair,2,-1,22
21:18:08,Fair,2,-1,22
21:20:08,Fair,2,-1,22
21:22:09,Fair,2,-1,22
21:24:09,Fair,2,-1,22
21:26:08,Fair,2,-1,22
21:28:08,Fair,2,-1,22
21:30:09,Fair,2,-1,22
21:32:10,Fair,2,-1,22
21:34:09,Fair,2,-1,22
21:36:09,Fair,2,-1,22
21:38:09,Fair,2,-1,22
21:40:09,Fair,2,-1,22
21:42:09,Fair,2,-1,22
21:44:09,Fair,2,-1,22
21:46:08,Fair,2,-1,22
21:48:09,Fair,2,-1,22
21:50:09,Fair,2,-1,22
21:52:09,Fair,2,-1,22
21:54:08,Fair,2,-1,22
21:56:08,Fair,2,-1,22
21:58:09,Fair,2,-1,22
22:00:09,Fair,2,-1,22
22:02:09,Fair,2,-1,22
22:04:08,Fair,2,-1,22
22:06:09,Fair,2,-1,22
22:08:09,Fair,2,-1,22
22:10:08,Fair,2,-1,22
22:12:09,Fair,2,-1,22
22:14:09,Fair,2,-1,22
22:16:09,Fair,2,-1,22
22:18:08,Fair,2,-1,22
22:20:08,Fair,2,-1,22
22:22:09,Fair,2,-1,22
22:24:09,Fair,2,-1,22
22:26:09,Fair,2,-1,22
22:28:09,Fair,2,-1,22
22:30:09,Fair,2,-1,22
22:32:08,Fair,2,-1,22
22:34:08,Fair,2,-1,22
22:36:09,Fair,2,-1,22
22:38:09,Fair,2,-1,22
22:40:09,Fair,2,-1,22
22:42:09,Fair,2,-1,22
22:44:09,Fair,2,-1,22
22:46:08,Fair,2,-1,22
22:48:08,Fair,2,-1,22
22:50:09,Fair,2,-1,22
22:52:09,Fair,2,-1,22
22:54:08,Fair,2,-1,22
22:56:08,Fair,2,-1,22
22:58:08,Fair,2,-1,22
23:00:09,Fair,2,-1,22
23:02:09,Fair,2,-1,22
23:04:09,Fair,2,-1,22
23:06:08,Fair,2,-1,22
23:08:08,Fair,2,-1,22
23:10:09,Fair,2,-3,24
23:12:09,Fair,2,-3,24
23:14:09,Fair,2,-3,24
23:16:08,Fair,2,-3,24
23:18:09,Fair,2,-3,24
23:20:09,Fair,2,-3,24
23:22:08,Fair,2,-3,24
23:24:08,Fair,2,-3,24
23:26:09,Fair,2,-3,24
23:28:08,Fair,2,-3,24
23:30:09,Fair,2,-3,24
23:32:09,Fair,2,-3,24
23:34:08,Fair,2,-3,24
23:36:09,Fair,2,-3,24
23:38:09,Fair,2,-3,24
23:40:08,Fair,2,-3,24
23:42:09,Fair,2,-3,24
23:44:09,Fair,2,-3,24
23:46:08,Fair,2,-3,24
23:48:08,Fair,2,-3,24
23:50:09,Fair,2,-3,24
23:52:09,Fair,2,-3,24
23:54:09,Fair,2,-3,24
23:56:09,Fair,2,-3,24
23:58:08,Fair,2,-3,24
