Time,Weather,Temperature,Feels_Like,Wind_Speed
00:00:08,Mostly Cloudy,16,16,20
00:02:09,Mostly Cloudy,16,16,20
00:04:09,Mostly Cloudy,16,16,20
00:06:09,Mostly Cloudy,16,16,20
00:08:09,Mostly Cloudy,16,16,20
00:10:09,Mostly Cloudy,16,16,20
00:12:08,Partly Cloudy,15,15,19
00:14:09,Partly Cloudy,15,15,19
00:16:09,Partly Cloudy,15,15,19
00:18:09,Partly Cloudy,15,15,19
00:20:09,Partly Cloudy,15,15,19
00:22:09,Partly Cloudy,15,15,19
00:24:08,Partly Cloudy,15,15,19
00:26:09,Partly Cloudy,15,15,19
00:28:09,Partly Cloudy,15,15,19
00:30:09,Partly Cloudy,15,15,19
00:32:09,Partly Cloudy,15,15,19
00:34:09,Partly Cloudy,15,15,19
00:36:08,Partly Cloudy,15,15,19
00:38:09,Partly Cloudy,15,15,19
00:40:09,Partly Cloudy,15,15,19
00:42:09,Partly Cloudy,15,15,19
00:44:08,Partly Cloudy,15,15,19
00:46:09,Partly Cloudy,15,15,19
00:48:09,Partly Cloudy,15,15,19
00:50:08,Partly Cloudy,15,15,19
00:52:09,Partly Cloudy,15,15,19
00:54:09,Partly Cloudy,15,15,19
00:56:08,Partly Cloudy,15,15,19
00:58:08,Partly Cloudy,15,15,19
01:00:17,Partly Cloudy,15,15,19
01:02:09,Partly Cloudy,15,15,19
01:04:09,Partly Cloudy,15,15,19
01:06:09,Partly Cloudy,15,15,19
01:08:08,Partly Cloudy,15,15,19
01:10:08,Partly Cloudy,15,15,19
01:12:09,Partly Cloudy,15,15,14
01:14:09,Partly Cloudy,15,15,14
01:16:09,Partly Cloudy,15,15,14
01:18:09,Partly Cloudy,15,15,14
01:20:09,Partly Cloudy,15,15,14
01:22:08,Partly Cloudy,15,15,14
01:24:09,Partly Cloudy,15,15,14
01:26:08,Partly Cloudy,15,15,14
01:28:08,Partly Cloudy,15,15,14
01:30:09,Partly Cloudy,15,15,14
01:32:09,Partly Cloudy,15,15,14
01:34:09,Partly Cloudy,15,15,14
01:36:08,Partly Cloudy,15,15,14
01:38:09,Partly Cloudy,15,15,14
01:40:09,Partly Cloudy,15,15,14
01:42:08,Partly Cloudy,15,15,14
01:44:08,Partly Cloudy,15,15,14
01:46:09,Partly Cloudy,15,15,14
01:48:09,Partly Cloudy,15,15,14
01:50:08,Partly Cloudy,15,15,14
01:52:09,Partly Cloudy,15,15,14
01:54:09,Partly Cloudy,15,15,14
01:56:08,Partly Cloudy,15,15,14
01:58:08,Partly Cloudy,15,15,14
02:00:09,Partly Cloudy,15,15,14
02:02:09,Partly Cloudy,15,15,14
02:04:09,Partly Cloudy,15,15,14
02:06:09,Partly Cloudy,15,15,14
02:08:09,Partly Cloudy,15,15,14
02:10:09,Mostly Cloudy,15,15,16
02:12:09,Mostly Cloudy,15,15,16
02:14:09,Mostly Cloudy,15,15,16
02:16:09,Mostly Cloudy,15,15,16
02:18:09,Mostly Cloudy,15,15,16
02:20:09,Mostly Cloudy,15,15,16
02:22:08,Mostly Cloudy,15,15,16
02:24:08,Mostly Cloudy,15,15,16
02:26:09,Mostly Cloudy,15,15,16
02:28:09,Mostly Cloudy,15,15,16
02:30:08,Mostly Cloudy,15,15,16
02:32:09,Mostly Cloudy,15,15,16
02:34:09,Mostly Cloudy,15,15,16
02:36:09,Mostly Cloudy,15,15,16
02:38:08,Mostly Cloudy,15,15,16
02:40:09,Mostly Cloudy,15,15,16
02:42:09,Mostly Cloudy,15,15,16
02:44:09,Mostly Cloudy,15,15,16
02:46:09,Mostly Cloudy,15,15,16
02:48:09,Mostly Cloudy,15,15,16
02:50:08,Mostly Cloudy,15,15,16
02:52:09,Mostly Cloudy,15,15,16
02:54:09,Mostly Cloudy,15,15,16
02:56:08,Mostly Cloudy,15,15,16
02:58:08,Mostly Cloudy,15,15,16
03:00:09,Mostly Cloudy,15,15,16
03:02:09,Mostly Cloudy,15,15,16
03:04:08,Mostly Cloudy,15,15,16
03:06:08,Mostly Cloudy,15,15,16
03:08:09,Mostly Cloudy,15,15,16
03:10:09,Mostly Cloudy,15,15,16
03:12:09,Mostly Cloudy,13,13,12
03:14:08,Mostly Cloudy,13,13,12
03:16:09,Mostly Cloudy,13,13,12
03:18:09,Mostly Cloudy,13,13,12
03:20:08,Mostly Cloudy,13,13,12
03:22:09,Mostly Cloudy,13,13,12
03:24:09,Mostly Cloudy,13,13,12
03:26:08,Mostly Cloudy,13,13,12
03:28:08,Mostly Cloudy,13,13,12
03:30:09,Mostly Cloudy,13,13,12
03:32:09,Mostly Cloudy,13,13,12
03:34:09,Mostly Cloudy,13,13,12
03:36:09,Mostly Cloudy,13,13,12
03:38:08,Mostly Cloudy,13,13,12
03:40:09,Mostly Cloudy,13,13,12
03:42:09,Mostly Cloudy,13,13,12
03:44:08,Mostly Cloudy,13,13,12
03:46:09,Mostly Cloudy,13,13,12
03:48:09,Mostly Cloudy,13,13,12
03:50:09,Mostly Cloudy,13,13,12
03:52:08,Mostly Cloudy,13,13,12
03:54:09,Mostly Cloudy,13,13,12
03:56:09,Mostly Cloudy,13,13,12
03:58:09,Mostly Cloudy,13,13,12
04:00:08,Mostly Cloudy,13,13,12
04:02:09,Mostly Cloudy,13,13,12
04:04:09,Mostly Cloudy,13,13,12
04:06:09,Mostly Cloudy,13,13,12
04:08:09,Mostly Cloudy,13,13,12
04:10:08,Mostly Cloudy,13,13,12
04:12:08,Mostly Cloudy,13,13,14
04:14:09,Mostly Cloudy,13,13,14
04:16:09,Mostly Cloudy,13,13,14
04:18:08,Mostly Cloudy,13,13,14
04:20:09,Mostly Cloudy,13,13,14
04:22:09,Mostly Cloudy,13,13,14
04:24:08,Mostly Cloudy,13,13,14
04:26:08,Mostly Cloudy,13,13,14
04:28:09,Mostly Cloudy,13,13,14
04:30:09,Mostly Cloudy,13,13,14
04:32:09,Mostly Cloudy,13,13,14
04:34:09,Mostly Cloudy,13,13,14
04:36:09,Mostly Cloudy,13,13,14
04:38:09,Mostly Cloudy,13,13,14
04:40:09,Mostly Cloudy,13,13,14
04:42:09,Mostly Cloudy,13,13,14
04:44:08,Mostly Cloudy,13,13,14
04:46:09,Mostly Cloudy,13,13,14
04:48:09,Mostly Cloudy,13,13,14
04:50:08,Mostly Cloudy,13,13,14
04:52:09,Mostly Cloudy,13,13,14
04:54:09,Mostly Cloudy,13,13,14
04:56:09,Mostly Cloudy,13,13,14
04:58:09,Mostly Cloudy,13,13,14
05:00:09,Mostly Cloudy,13,13,14
05:02:09,Mostly Cloudy,13,13,14
05:04:09,Mostly Cloudy,13,13,14
05:06:09,Mostly Cloudy,13,13,14
05:08:09,Mostly Cloudy,13,13,14
05:10:09,Mostly Cloudy,13,13,14
05:12:09,Mostly Cloudy,13,13,16
05:14:08,Mostly Cloudy,13,13,16
05:16:09,Mostly Cloudy,13,13,16
05:18:09,Mostly Cloudy,13,13,16
05:20:08,Mostly Cloudy,13,13,16
05:22:09,Mostly Cloudy,13,13,16
05:24:09,Mostly Cloudy,13,13,16
05:26:09,Mostly Cloudy,13,13,16
05:28:09,Mostly Cloudy,13,13,16
05:30:09,Mostly Cloudy,13,13,16
05:32:08,Mostly Cloudy,13,13,16
05:34:08,Mostly Cloudy,13,13,16
05:36:09,Mostly Cloudy,13,13,16
05:38:08,Mostly Cloudy,13,13,16
05:40:09,Mostly Cloudy,13,13,16
05:42:09,Mostly Cloudy,13,13,16
05:44:09,Mostly Cloudy,13,13,16
05:46:09,Mostly Cloudy,13,13,16
05:48:09,Mostly Cloudy,13,13,16
05:50:09,Mostly Cloudy,13,13,16
05:52:09,Mostly Cloudy,13,13,16
05:54:09,Mostly Cloudy,13,13,16
05:56:09,Mostly Cloudy,13,13,16
05:58:08,Mostly Cloudy,13,13,16
06:00:09,Mostly Cloudy,13,13,16
06:02:09,Mostly Cloudy,13,13,16
06:04:09,Mostly Cloudy,13,13,16
06:06:08,Mostly Cloudy,13,13,16
06:08:09,Mostly Cloudy,13,13,16
06:10:09,Mostly Cloudy,13,13,16
06:12:09,Mostly Cloudy,13,13,16
06:14:09,Mostly Cloudy,13,13,16
06:16:09,Mostly Cloudy,13,13,16
06:18:08,Mostly Cloudy,15,15,19
06:20:09,Mostly Cloudy,15,15,19
06:22:09,Mostly Cloudy,15,15,19
06:24:09,Mostly Cloudy,15,15,19
06:26:09,Mostly Cloudy,15,15,19
06:28:08,Mostly Cloudy,15,15,19
06:30:09,Mostly Cloudy,15,15,19
06:32:09,Mostly Cloudy,15,15,19
06:34:09,Mostly Cloudy,15,15,19
06:36:09,Mostly Cloudy,15,15,19
06:38:09,Mostly Cloudy,15,15,19
06:40:09,Mostly Cloudy,15,15,19
06:42:09,Mostly Cloudy,15,15,19
06:44:09,Mostly Cloudy,15,15,19
06:46:09,Mostly Cloudy,15,15,19
06:48:09,Mostly Cloudy,15,15,19
06:50:08,Mostly Cloudy,15,15,19
06:52:09,Mostly Cloudy,15,15,19
06:54:09,Mostly Cloudy,15,15,19
06:56:09,Mostly Cloudy,15,15,19
06:58:08,Mostly Cloudy,15,15,19
07:00:08,Mostly Cloudy,15,15,19
07:02:09,Mostly Cloudy,15,15,19
07:04:09,Mostly Cloudy,15,15,19
07:06:09,Mostly Cloudy,15,15,19
07:08:08,Mostly Cloudy,15,15,19
07:10:09,Mostly Cloudy,15,15,19
07:12:09,Mostly Cloudy,15,15,24
07:14:08,Mostly Cloudy,15,15,24
07:16:09,Mostly Cloudy,15,15,24
07:18:09,Mostly Cloudy,15,15,24
07:20:09,Mostly Cloudy,15,15,24
07:22:09,Mostly Cloudy,15,15,24
07:24:09,Mostly Cloudy,15,15,24
07:26:08,Mostly Cloudy,15,15,24
07:28:08,Mostly Cloudy,15,15,24
07:30:09,Mostly Cloudy,15,15,24
07:32:09,Mostly Cloudy,15,15,24
07:34:08,Mostly Cloudy,15,15,24
07:36:08,Mostly Cloudy,15,15,24
07:38:09,Mostly Cloudy,15,15,24
07:40:09,Mostly Cloudy,15,15,24
07:42:08,Mostly Cloudy,15,15,24
07:44:09,Mostly Cloudy,15,15,24
07:46:09,Mostly Cloudy,15,15,24
07:48:08,Mostly Cloudy,15,15,24
07:50:09,Mostly Cloudy,15,15,24
07:52:09,Mostly Cloudy,15,15,24
07:54:09,Mostly Cloudy,15,15,24
07:56:09,Mostly Cloudy,15,15,24
07:58:08,Mostly Cloudy,15,15,24
08:00:09,Mostly Cloudy,15,15,24
08:02:09,Mostly Cloudy,15,15,24
08:04:09,Mostly Cloudy,15,15,24
08:06:09,Mostly Cloudy,15,15,24
08:08:09,Mostly Cloudy,15,15,24
08:10:09,Mostly Cloudy,15,15,24
08:12:08,Mostly Cloudy,16,16,24
08:14:09,Mostly Cloudy,16,16,24
08:16:09,Mostly Cloudy,16,16,24
08:18:08,Mostly Cloudy,16,16,24
08:20:09,Mostly Cloudy,16,16,24
08:22:09,Mostly Cloudy,16,16,24
08:24:09,Mostly Cloudy,16,16,24
08:26:08,Mostly Cloudy,16,16,24
08:28:09,Mostly Cloudy,16,16,24
08:30:09,Mostly Cloudy,16,16,24
08:32:09,Mostly Cloudy,16,16,24
08:34:09,Mostly Cloudy,16,16,24
08:36:09,Mostly Cloudy,16,16,24
08:38:09,Mostly Cloudy,16,16,24
08:40:09,Mostly Cloudy,16,16,24
08:42:09,Mostly Cloudy,16,16,24
08:44:08,Mostly Cloudy,16,16,24
08:46:09,Mostly Cloudy,16,16,24
08:48:09,Mostly Cloudy,16,16,24
08:50:09,Mostly Cloudy,16,16,24
08:52:08,Mostly Cloudy,16,16,24
08:54:09,Mostly Cloudy,16,16,24
08:56:09,Mostly Cloudy,16,16,24
08:58:08,Mostly Cloudy,16,16,24
09:00:08,Mostly Cloudy,16,16,24
09:02:09,Mostly Cloudy,16,16,24
09:04:09,Mostly Cloudy,16,16,24
09:06:08,Mostly Cloudy,16,16,24
09:08:09,Mostly Cloudy,16,16,24
09:10:09,Mostly Cloudy,16,16,24
09:12:09,Partly Cloudy,17,17,22
09:14:09,Partly Cloudy,17,17,22
09:16:09,Partly Cloudy,17,17,22
09:18:08,Partly Cloudy,17,17,22
09:20:09,Partly Cloudy,17,17,22
09:22:09,Partly Cloudy,17,17,22
09:24:08,Partly Cloudy,17,17,22
09:26:09,Partly Cloudy,17,17,22
09:28:09,Partly Cloudy,17,17,22
09:30:08,Partly Cloudy,17,17,22
09:32:09,Partly Cloudy,17,17,22
09:34:09,Partly Cloudy,17,17,22
09:36:08,Partly Cloudy,17,17,22
09:38:09,Partly Cloudy,17,17,22
09:40:09,Partly Cloudy,17,17,22
09:42:09,Partly Cloudy,17,17,22
09:44:08,Partly Cloudy,17,17,22
09:46:09,Partly Cloudy,17,17,22
09:48:09,Partly Cloudy,17,17,22
09:50:08,Partly Cloudy,17,17,22
09:52:08,Partly Cloudy,17,17,22
09:54:09,Partly Cloudy,17,17,22
09:56:09,Partly Cloudy,17,17,22
09:58:08,Partly Cloudy,17,17,22
10:00:09,Partly Cloudy,17,17,22
10:02:09,Partly Cloudy,17,17,22
10:04:09,Partly Cloudy,17,17,22
10:06:08,Partly Cloudy,17,17,22
10:08:09,Partly Cloudy,17,17,22
10:10:09,Partly Cloudy,17,17,22
10:12:09,Partly Cloudy,17,17,22
10:14:08,Partly Cloudy,17,17,22
10:16:09,Partly Cloudy,17,17,22
10:18:09,Partly Cloudy,17,17,20
10:20:08,Partly Cloudy,17,17,20
10:22:09,Partly Cloudy,17,17,20
10:24:09,Partly Cloudy,17,17,20
10:26:08,Partly Cloudy,17,17,20
10:28:08,Partly Cloudy,17,17,20
10:30:09,Partly Cloudy,17,17,20
10:32:09,Partly Cloudy,17,17,20
10:34:08,Partly Cloudy,17,17,20
10:36:09,Partly Cloudy,17,17,20
10:38:09,Partly Cloudy,17,17,20
10:40:09,Partly Cloudy,17,17,20
10:42:08,Partly Cloudy,17,17,20
10:44:09,Partly Cloudy,17,17,20
10:46:09,Partly Cloudy,17,17,20
10:48:08,Partly Cloudy,17,17,20
10:50:09,Partly Cloudy,17,17,20
10:52:09,Partly Cloudy,17,17,20
10:54:09,Partly Cloudy,17,17,20
10:56:09,Partly Cloudy,17,17,20
10:58:09,Partly Cloudy,17,17,20
11:00:09,Partly Cloudy,17,17,20
11:02:09,Partly Cloudy,17,17,20
11:04:09,Partly Cloudy,17,17,20
11:06:08,Partly Cloudy,17,17,20
11:08:09,Partly Cloudy,17,17,20
11:10:09,Partly Cloudy,17,17,20
11:12:08,Partly Cloudy,18,18,19
11:14:09,Partly Cloudy,18,18,19
11:16:09,Partly Cloudy,18,18,19
11:18:08,Partly Cloudy,18,18,19
11:20:09,Partly Cloudy,18,18,19
11:22:08,Partly Cloudy,18,18,19
11:24:08,Partly Cloudy,18,18,19
11:26:09,Partly Cloudy,18,18,19
11:28:09,Partly Cloudy,18,18,19
11:30:09,Partly Cloudy,18,18,19
11:32:09,Partly Cloudy,18,18,19
11:34:09,Partly Cloudy,18,18,19
11:36:08,Partly Cloudy,18,18,19
11:38:09,Partly Cloudy,18,18,19
11:40:09,Partly Cloudy,18,18,19
11:42:08,Partly Cloudy,18,18,19
11:44:09,Partly Cloudy,18,18,19
11:46:09,Partly Cloudy,18,18,19
11:48:08,Partly Cloudy,18,18,19
11:50:09,Partly Cloudy,18,18,19
11:52:08,Partly Cloudy,18,18,19
11:54:09,Partly Cloudy,18,18,19
11:56:09,Partly Cloudy,18,18,19
11:58:08,Partly Cloudy,18,18,19
12:00:09,Partly Cloudy,18,18,19
12:02:09,Partly Cloudy,18,18,19
12:04:08,Partly Cloudy,18,18,19
12:06:08,Partly Cloudy,18,18,19
12:08:09,Partly Cloudy,18,18,19
12:10:09,Partly Cloudy,18,18,19
12:12:09,Mostly Cloudy,18,18,20
12:14:08,Mostly Cloudy,18,18,20
12:16:09,Mostly Cloudy,18,18,20
12:18:09,Mostly Cloudy,18,18,20
12:20:08,Mostly Cloudy,18,18,20
12:22:09,Mostly Cloudy,18,18,20
12:24:09,Mostly Cloudy,18,18,20
12:26:09,Mostly Cloudy,18,18,20
12:28:08,Mostly Cloudy,18,18,20
12:30:08,Mostly Cloudy,18,18,20
12:32:09,Mostly Cloudy,18,18,20
12:34:09,Mostly Cloudy,18,18,20
12:36:09,Mostly Cloudy,18,18,20
12:38:09,Mostly Cloudy,18,18,20
12:40:08,Mostly Cloudy,18,18,20
12:42:09,Mostly Cloudy,18,18,20
12:44:09,Mostly Cloudy,18,18,20
12:46:09,Mostly Cloudy,18,18,20
12:48:09,Mostly Cloudy,18,18,20
12:50:08,Mostly Cloudy,18,18,20
12:52:08,Mostly Cloudy,18,18,20
12:54:09,Mostly Cloudy,18,18,20
12:56:08,Mostly Cloudy,18,18,20
12:58:09,Mostly Cloudy,18,18,20
13:00:09,Mostly Cloudy,18,18,20
13:02:08,Mostly Cloudy,18,18,20
13:04:09,Mostly Cloudy,18,18,20
13:06:09,Mostly Cloudy,18,18,20
13:08:09,Mostly Cloudy,18,18,20
13:10:09,Mostly Cloudy,18,18,20
13:12:08,Mostly Cloudy,18,18,20
13:14:09,Mostly Cloudy,18,18,20
13:16:09,Mostly Cloudy,18,18,20
13:18:08,Mostly Cloudy,18,18,16
13:20:09,Mostly Cloudy,18,18,16
13:22:08,Mostly Cloudy,18,18,16
13:24:09,Mostly Cloudy,18,18,16
13:26:09,Mostly Cloudy,18,18,16
13:28:08,Mostly Cloudy,18,18,16
13:30:09,Mostly Cloudy,18,18,16
13:32:09,Mostly Cloudy,18,18,16
13:34:09,Mostly Cloudy,18,18,16
13:36:08,Mostly Cloudy,18,18,16
13:38:09,Mostly Cloudy,18,18,16
13:40:09,Mostly Cloudy,18,18,16
13:42:08,Mostly Cloudy,18,18,16
13:44:09,Mostly Cloudy,18,18,16
13:46:09,Mostly Cloudy,18,18,16
13:48:09,Mostly Cloudy,18,18,16
13:50:09,Mostly Cloudy,18,18,16
13:52:08,Mostly Cloudy,18,18,16
13:54:08,Mostly Cloudy,18,18,16
13:56:09,Mostly Cloudy,18,18,16
13:58:09,Mostly Cloudy,18,18,16
14:00:08,Mostly Cloudy,18,18,16
14:02:09,Mostly Cloudy,18,18,16
14:04:09,Mostly Cloudy,18,18,16
14:06:08,Mostly Cloudy,18,18,16
14:08:09,Mostly Cloudy,18,18,16
14:10:08,Mostly Cloudy,18,18,19
14:12:09,Mostly Cloudy,18,18,19
14:14:09,Mostly Cloudy,18,18,19
14:16:09,Mostly Cloudy,18,18,19
14:18:09,Mostly Cloudy,18,18,19
14:20:09,Mostly Cloudy,18,18,19
14:22:09,Mostly Cloudy,18,18,19
14:24:09,Mostly Cloudy,18,18,19
14:26:08,Mostly Cloudy,18,18,19
14:28:09,Mostly Cloudy,18,18,19
14:30:08,Mostly Cloudy,18,18,19
14:32:09,Mostly Cloudy,18,18,19
14:34:09,Mostly Cloudy,18,18,19
14:36:08,Mostly Cloudy,18,18,19
14:38:09,Mostly Cloudy,18,18,19
14:40:09,Mostly Cloudy,18,18,19
14:42:09,Mostly Cloudy,18,18,19
14:44:09,Mostly Cloudy,18,18,19
14:46:08,Mostly Cloudy,18,18,19
14:48:08,Mostly Cloudy,18,18,19
14:50:09,Mostly Cloudy,18,18,19
14:52:09,Mostly Cloudy,18,18,19
14:54:09,Mostly Cloudy,18,18,19
14:56:08,Mostly Cloudy,18,18,19
14:58:09,Mostly Cloudy,18,18,19
15:00:09,Mostly Cloudy,18,18,19
15:02:08,Mostly Cloudy,18,18,19
15:04:09,Mostly Cloudy,18,18,19
15:06:09,Mostly Cloudy,18,18,19
15:08:09,Mostly Cloudy,18,18,19
15:10:09,Mostly Cloudy,18,18,19
15:12:09,Mostly Cloudy,18,18,19
15:14:09,Mostly Cloudy,18,18,19
15:16:08,Mostly Cloudy,18,18,19
15:18:09,Mostly Cloudy,18,18,19
15:20:09,Mostly Cloudy,18,18,19
15:22:09,Mostly Cloudy,18,18,19
15:24:09,Mostly Cloudy,18,18,19
15:26:09,Mostly Cloudy,18,18,19
15:28:08,Mostly Cloudy,18,18,19
15:30:08,Mostly Cloudy,18,18,19
15:32:08,Mostly Cloudy,18,18,19
15:34:09,Mostly Cloudy,18,18,19
15:36:08,Mostly Cloudy,18,18,19
15:38:09,Mostly Cloudy,18,18,19
15:40:09,Mostly Cloudy,18,18,19
15:42:08,Mostly Cloudy,18,18,19
15:44:08,Mostly Cloudy,18,18,19
15:46:09,Mostly Cloudy,18,18,19
15:48:09,Mostly Cloudy,18,18,19
15:50:08,Mostly Cloudy,18,18,19
15:52:09,Mostly Cloudy,18,18,19
15:54:09,Mostly Cloudy,18,18,19
15:56:09,Mostly Cloudy,18,18,19
15:58:08,Mostly Cloudy,18,18,19
16:00:09,Mostly Cloudy,18,18,19
16:02:09,Mostly Cloudy,18,18,19
16:04:08,Mostly Cloudy,18,18,19
16:06:09,Mostly Cloudy,18,18,19
16:08:09,Mostly Cloudy,18,18,19
16:10:09,Mostly Cloudy,18,18,19
16:12:09,Mostly Cloudy,18,18,19
16:14:09,Mostly Cloudy,18,18,22
16:16:09,Mostly Cloudy,18,18,22
16:18:09,Mostly Cloudy,18,18,22
16:20:08,Mostly Cloudy,18,18,22
16:22:09,Mostly Cloudy,18,18,22
16:24:09,Mostly Cloudy,18,18,22
16:26:09,Mostly Cloudy,18,18,22
16:28:09,Mostly Cloudy,18,18,22
16:30:08,Mostly Cloudy,18,18,22
16:32:09,Mostly Cloudy,18,18,22
16:34:09,Mostly Cloudy,18,18,22
16:36:09,Mostly Cloudy,18,18,22
16:38:09,Mostly Cloudy,18,18,22
16:40:09,Mostly Cloudy,18,18,22
16:42:09,Mostly Cloudy,18,18,22
16:44:09,Mostly Cloudy,18,18,22
16:46:09,Mostly Cloudy,18,18,22
16:48:09,Mostly Cloudy,18,18,22
16:50:08,Mostly Cloudy,18,18,22
16:52:09,Mostly Cloudy,18,18,22
16:54:09,Mostly Cloudy,18,18,22
16:56:09,Mostly Cloudy,18,18,22
16:58:09,Mostly Cloudy,18,18,22
17:00:09,Mostly Cloudy,18,18,22
17:02:09,Mostly Cloudy,18,18,22
17:04:09,Mostly Cloudy,18,18,22
17:06:09,Mostly Cloudy,18,18,22
17:08:09,Mostly Cloudy,18,18,22
17:10:09,Mostly Cloudy,18,18,22
17:12:08,Mostly Cloudy,18,18,22
17:14:09,Mostly Cloudy,18,18,22
17:16:09,Mostly Cloudy,17,17,20
17:18:09,Mostly Cloudy,17,17,20
17:20:09,Mostly Cloudy,17,17,20
17:22:09,Mostly Cloudy,17,17,20
17:24:08,Mostly Cloudy,17,17,20
17:26:09,Mostly Cloudy,17,17,20
17:28:09,Mostly Cloudy,17,17,20
17:30:09,Mostly Cloudy,17,17,20
17:32:08,Mostly Cloudy,17,17,20
17:34:09,Mostly Cloudy,17,17,20
17:36:09,Mostly Cloudy,17,17,20
17:38:09,Mostly Cloudy,17,17,20
17:40:09,Mostly Cloudy,17,17,20
17:42:09,Mostly Cloudy,17,17,20
17:44:09,Mostly Cloudy,17,17,20
17:46:09,Mostly Cloudy,17,17,20
17:48:09,Mostly Cloudy,17,17,20
17:50:09,Mostly Cloudy,17,17,20
17:52:09,Mostly Cloudy,17,17,20
17:54:08,Mostly Cloudy,17,17,20
17:56:09,Mostly Cloudy,17,17,20
17:58:09,Mostly Cloudy,17,17,20
18:00:08,Mostly Cloudy,17,17,20
18:02:09,Mostly Cloudy,17,17,20
18:04:09,Mostly Cloudy,17,17,20
18:06:09,Mostly Cloudy,17,17,20
18:08:09,Mostly Cloudy,17,17,20
18:10:09,Mostly Cloudy,17,17,22
18:12:09,Mostly Cloudy,17,17,22
18:14:09,Mostly Cloudy,17,17,22
18:16:08,Mostly Cloudy,17,17,22
18:18:09,Mostly Cloudy,17,17,22
18:20:08,Mostly Cloudy,17,17,22
18:22:09,Mostly Cloudy,17,17,22
18:24:09,Mostly Cloudy,17,17,22
18:26:09,Mostly Cloudy,17,17,22
18:28:08,Mostly Cloudy,17,17,22
18:30:09,Mostly Cloudy,17,17,22
18:32:09,Mostly Cloudy,17,17,22
18:34:08,Mostly Cloudy,17,17,22
18:36:09,Mostly Cloudy,17,17,22
18:38:09,Mostly Cloudy,17,17,22
18:40:09,Mostly Cloudy,17,17,22
18:42:09,Mostly Cloudy,17,17,22
18:44:08,Mostly Cloudy,17,17,22
18:46:09,Mostly Cloudy,17,17,22
18:48:08,Mostly Cloudy,17,17,22
18:50:09,Mostly Cloudy,17,17,22
18:52:08,Mostly Cloudy,17,17,22
18:54:08,Mostly Cloudy,17,17,22
18:56:09,Mostly Cloudy,17,17,22
18:58:09,Mostly Cloudy,17,17,22
19:00:09,Mostly Cloudy,17,17,22
19:02:09,Mostly Cloudy,17,17,22
19:04:08,Mostly Cloudy,17,17,22
19:06:09,Mostly Cloudy,17,17,22
19:08:09,Mostly Cloudy,17,17,22
19:10:09,Light Rain,16,16,19
19:12:08,Light Rain,16,16,19
19:14:09,Light Rain,16,16,19
19:16:09,Light Rain,16,16,19
19:18:09,Light Rain,16,16,19
19:20:09,Light Rain,16,16,19
19:22:09,Light Rain,16,16,19
19:24:08,Light Rain,16,16,19
19:26:08,Light Rain,16,16,19
19:28:09,Light Rain,16,16,19
19:30:08,Light Rain,16,16,19
19:32:09,Light Rain,16,16,19
19:34:09,Light Rain,16,16,19
19:36:08,Light Rain,16,16,19
19:38:09,Light Rain,16,16,19
19:40:09,Light Rain,16,16,19
19:42:08,Light Rain,16,16,19
19:44:09,Light Rain,16,16,19
19:46:09,Light Rain,16,16,19
19:48:08,Light Rain,16,16,19
19:50:09,Light Rain,16,16,19
19:52:09,Light Rain,16,16,19
19:54:09,Light Rain,16,16,19
19:56:08,Light Rain,16,16,19
19:58:09,Light Rain,16,16,19
20:00:09,Light Rain,16,16,19
20:02:09,Light Rain,16,16,19
20:04:08,Light Rain,16,16,19
20:06:09,Light Rain,16,16,19
20:08:09,Light Rain,16,16,19
20:10:08,Light Rain,16,16,19
20:12:09,Light Rain,16,16,19
20:14:09,Light Rain,15,15,24
20:16:09,Light Rain,15,15,24
20:18:09,Light Rain,15,15,24
20:20:09,Light Rain,15,15,24
20:22:08,Light Rain,15,15,24
20:24:09,Light Rain,15,15,24
20:26:09,Light Rain,15,15,24
20:28:08,Light Rain,15,15,24
20:30:09,Light Rain,15,15,24
20:32:09,Light Rain,15,15,24
20:34:08,Light Rain,15,15,24
20:36:08,Light Rain,15,15,24
20:38:09,Light Rain,15,15,24
20:40:09,Light Rain,15,15,24
20:42:09,Light Rain,15,15,24
20:44:08,Light Rain,15,15,24
20:46:09,Light Rain,15,15,24
20:48:09,Light Rain,15,15,24
20:50:09,Light Rain,15,15,24
20:52:08,Light Rain,15,15,24
20:54:09,Light Rain,15,15,24
20:56:09,Light Rain,15,15,24
20:58:08,Light Rain,15,15,24
21:00:09,Light Rain,15,15,24
21:02:09,Light Rain,15,15,24
21:04:08,Light Rain,15,15,24
21:06:08,Light Rain,15,15,24
21:08:09,Light Rain,13,13,16
21:10:08,Light Rain,13,13,16
21:12:09,Light Rain,13,13,16
21:14:09,Light Rain,13,13,16
21:16:09,Light Rain,13,13,16
21:18:08,Light Rain,13,13,16
21:20:09,Light Rain,13,13,16
21:22:09,Light Rain,13,13,16
21:24:09,Light Rain,13,13,16
21:26:09,Light Rain,13,13,16
21:28:09,Light Rain,13,13,16
21:30:09,Light Rain,13,13,16
21:32:09,Light Rain,13,13,16
21:34:09,Light Rain,13,13,16
21:36:09,Light Rain,13,13,16
21:38:09,Light Rain,13,13,16
21:40:08,Light Rain,13,13,16
21:42:09,Light Rain,13,13,16
21:44:09,Light Rain,13,13,16
21:46:08,Light Rain,13,13,16
21:48:09,Light Rain,13,13,16
21:50:09,Light Rain,13,13,16
21:52:09,Light Rain,13,13,16
21:54:08,Light Rain,13,13,16
21:56:08,Light Rain,13,13,16
21:58:09,Light Rain,13,13,16
22:00:09,Light Rain,13,13,16
22:02:08,Light Rain,13,13,16
22:04:09,Light Rain,13,13,16
22:06:09,Light Rain,13,13,16
22:08:08,Light Rain,13,13,16
22:10:09,Light Rain,13,13,16
22:12:09,Light Rain,13,13,16
22:14:09,Mostly Cloudy,13,13,14
22:16:08,Mostly Cloudy,13,13,14
22:18:09,Mostly Cloudy,13,13,14
22:20:09,Mostly Cloudy,13,13,14
22:22:09,Mostly Cloudy,13,13,14
22:24:09,Mostly Cloudy,13,13,14
22:26:09,Mostly Cloudy,13,13,14
22:28:09,Mostly Cloudy,13,13,14
22:30:09,Mostly Cloudy,13,13,14
22:32:09,Mostly Cloudy,13,13,14
22:34:09,Mostly Cloudy,13,13,14
22:36:08,Mostly Cloudy,13,13,14
22:38:09,Mostly Cloudy,13,13,14
22:40:09,Mostly Cloudy,13,13,14
22:42:08,Mostly Cloudy,13,13,14
22:44:09,Mostly Cloudy,13,13,14
22:46:09,Mostly Cloudy,13,13,14
22:48:09,Mostly Cloudy,13,13,14
22:50:08,Mostly Cloudy,13,13,14
22:52:09,Mostly Cloudy,13,13,14
22:54:09,Mostly Cloudy,13,13,14
22:56:09,Mostly Cloudy,13,13,14
22:58:08,Mostly Cloudy,13,13,14
23:00:09,Mostly Cloudy,13,13,14
23:02:09,Mostly Cloudy,13,13,14
23:04:08,Mostly Cloudy,13,13,14
23:06:08,Mostly Cloudy,13,13,14
23:08:09,Mostly Cloudy,13,13,14
23:10:09,Mostly Cloudy,13,13,14
23:12:09,Mostly Cloudy,13,13,14
23:14:08,Mostly Cloudy,13,13,14
23:16:09,Mostly Cloudy,13,13,14
23:18:09,Mostly Cloudy,13,13,14
23:20:09,Mostly Cloudy,13,13,16
23:22:09,Mostly Cloudy,13,13,16
23:24:09,Mostly Cloudy,13,13,16
23:26:08,Mostly Cloudy,13,13,16
23:28:08,Mostly Cloudy,13,13,16
23:30:09,Mostly Cloudy,13,13,16
23:32:09,Mostly Cloudy,13,13,16
23:34:09,Mostly Cloudy,13,13,16
23:36:08,Mostly Cloudy,13,13,16
23:38:08,Mostly Cloudy,13,13,16
23:40:09,Mostly Cloudy,13,13,16
23:42:09,Mostly Cloudy,13,13,16
23:44:08,Mostly Cloudy,13,13,16
23:46:09,Mostly Cloudy,13,13,16
23:48:09,Mostly Cloudy,13,13,16
23:50:08,Mostly Cloudy,13,13,16
23:52:09,Mostly Cloudy,13,13,16
23:54:09,Mostly Cloudy,13,13,16
23:56:09,Mostly Cloudy,13,13,16
23:58:09,Mostly Cloudy,13,13,16
