Time,Weather,Temperature,Feels_Like,Wind_Speed
00:00:09,Mostly Cloudy,7,5,11
00:02:09,Mostly Cloudy,7,5,11
00:04:08,Mostly Cloudy,7,5,11
00:06:09,Mostly Cloudy,7,5,11
00:08:09,Mostly Cloudy,7,5,11
00:10:09,Mostly Cloudy,7,5,11
00:12:08,Mostly Cloudy,6,3,12
00:14:09,Mostly Cloudy,6,3,12
00:16:09,Mostly Cloudy,6,3,12
00:18:09,Mostly Cloudy,6,3,12
00:20:08,Mostly Cloudy,6,3,12
00:22:08,Mostly Cloudy,6,3,12
00:24:09,Mostly Cloudy,6,3,12
00:26:09,Mostly Cloudy,6,3,12
00:28:08,Mostly Cloudy,6,3,12
00:30:08,Mostly Cloudy,6,3,12
00:32:09,Mostly Cloudy,6,3,12
00:34:09,Mostly Cloudy,6,3,12
00:36:09,Mostly Cloudy,6,3,12
00:38:09,Mostly Cloudy,6,3,12
00:40:09,Mostly Cloudy,6,3,12
00:42:08,Mostly Cloudy,6,3,12
00:44:08,Mostly Cloudy,6,3,12
00:46:08,Mostly Cloudy,6,3,12
00:48:09,Mostly Cloudy,6,3,12
00:50:09,Mostly Cloudy,6,3,12
00:52:08,Mostly Cloudy,6,3,12
00:54:08,Mostly Cloudy,6,3,12
00:56:09,Mostly Cloudy,6,3,12
00:58:09,Mostly Cloudy,6,3,12
01:00:16,Mostly Cloudy,6,3,12
01:02:08,Mostly Cloudy,6,3,12
01:04:08,Mostly Cloudy,6,3,12
01:06:08,Mostly Cloudy,6,3,12
01:08:09,Mostly Cloudy,6,3,12
01:10:09,Mostly Cloudy,6,3,12
01:12:08,Mostly Cloudy,7,3,19
01:14:09,Mostly Cloudy,7,3,19
01:16:09,Mostly Cloudy,7,3,19
01:18:08,Mostly Cloudy,7,3,19
01:20:09,Mostly Cloudy,7,3,19
01:22:09,Mostly Cloudy,7,3,19
01:24:09,Mostly Cloudy,7,3,19
01:26:09,Mostly Cloudy,7,3,19
01:28:08,Mostly Cloudy,7,3,19
01:30:09,Mostly Cloudy,7,3,19
01:32:09,Mostly Cloudy,7,3,19
01:34:08,Mostly Cloudy,7,3,19
01:36:08,Mostly Cloudy,7,3,19
01:38:09,Mostly Cloudy,7,3,19
01:40:09,Mostly Cloudy,7,3,19
01:42:09,Mostly Cloudy,7,3,19
01:44:08,Mostly Cloudy,7,3,19
01:46:09,Mostly Cloudy,7,3,19
01:48:09,Mostly Cloudy,7,3,19
01:50:09,Mostly Cloudy,7,3,19
01:52:09,Mostly Cloudy,7,3,19
01:54:08,Mostly Cloudy,7,3,19
01:56:09,Mostly Cloudy,7,3,19
01:58:09,Mostly Cloudy,7,3,19
02:00:08,Mostly Cloudy,7,3,19
02:02:09,Mostly Cloudy,7,3,19
02:04:09,Mostly Cloudy,7,3,19
02:06:09,Mostly Cloudy,7,3,19
02:08:08,Mostly Cloudy,7,3,19
02:10:09,Mostly Cloudy,7,3,19
02:12:09,Light Rain Shower,6,2,20
02:14:08,Light Rain Shower,6,2,20
02:16:08,Light Rain Shower,6,2,20
02:18:09,Light Rain Shower,6,2,20
02:20:09,Light Rain Shower,6,2,20
02:22:08,Light Rain Shower,6,2,20
02:24:08,Light Rain Shower,6,2,20
02:26:09,Light Rain Shower,6,2,20
02:28:09,Light Rain Shower,6,2,20
02:30:09,Light Rain Shower,6,2,20
02:32:09,Light Rain Shower,6,2,20
02:34:08,Light Rain Shower,6,2,20
02:36:09,Light Rain Shower,6,2,20
02:38:09,Light Rain Shower,6,2,20
02:40:09,Light Rain Shower,6,2,20
02:42:08,Light Rain Shower,6,2,20
02:44:08,Light Rain Shower,6,2,20
02:46:09,Light Rain Shower,6,2,20
02:48:09,Light Rain Shower,6,2,20
02:50:08,Light Rain Shower,6,2,20
02:52:08,Light Rain Shower,6,2,20
02:54:09,Light Rain Shower,6,2,20
02:56:09,Light Rain Shower,6,2,20
02:58:09,Light Rain Shower,6,2,20
03:00:08,Light Rain Shower,6,2,20
03:02:09,Light Rain Shower,6,2,20
03:04:09,Light Rain Shower,6,2,20
03:06:08,Light Rain Shower,6,2,20
03:08:09,Light Rain Shower,6,2,20
03:10:09,Light Rain Shower,6,2,20
03:12:09,Light Rain,5,1,14
03:14:09,Light Rain,5,1,14
03:16:09,Light Rain,5,1,14
03:18:08,Light Rain,5,1,14
03:20:09,Light Rain,5,1,14
03:22:09,Light Rain,5,1,14
03:24:09,Light Rain,5,1,14
03:26:08,Light Rain,5,1,14
03:28:08,Light Rain,5,1,14
03:30:09,Light Rain,5,1,14
03:32:08,Light Rain,5,1,14
03:34:08,Light Rain,5,1,14
03:36:08,Light Rain,5,1,14
03:38:09,Light Rain,5,1,14
03:40:09,Light Rain,5,1,14
03:42:09,Light Rain,5,1,14
03:44:08,Light Rain,5,1,14
03:46:09,Light Rain,5,1,14
03:48:09,Light Rain,5,1,14
03:50:09,Light Rain,5,1,14
03:52:09,Light Rain,5,1,14
03:54:09,Light Rain,5,1,14
03:56:09,Light Rain,5,1,14
03:58:09,Light Rain,5,1,14
04:00:08,Light Rain,5,1,14
04:02:09,Light Rain,5,1,14
04:04:09,Light Rain,5,1,14
04:06:08,Light Rain,5,1,14
04:08:08,Light Rain,5,1,14
04:10:09,Light Rain,5,1,14
04:12:09,Fair,2,-1,19
04:14:09,Fair,2,-1,19
04:16:09,Fair,2,-1,19
04:18:09,Fair,2,-1,19
04:20:08,Fair,2,-1,19
04:22:09,Fair,2,-1,19
04:24:09,Fair,2,-1,19
04:26:09,Fair,2,-1,19
04:28:09,Fair,2,-1,19
04:30:08,Fair,2,-1,19
04:32:09,Fair,2,-1,19
04:34:09,Fair,2,-1,19
04:36:09,Fair,2,-1,19
04:38:08,Fair,2,-1,19
04:40:08,Fair,2,-1,19
04:42:09,Fair,2,-1,19
04:44:09,Fair,2,-1,19
04:46:09,Fair,2,-1,19
04:48:08,Fair,2,-1,19
04:50:09,Fair,2,-1,19
04:52:09,Fair,2,-1,19
04:54:09,Fair,2,-1,19
04:56:08,Fair,2,-1,19
04:58:09,Fair,2,-1,19
05:00:09,Fair,2,-1,19
05:02:09,Fair,2,-1,19
05:04:08,Fair,2,-1,19
05:06:08,Fair,2,-1,19
05:08:09,Fair,2,-1,19
05:10:09,Fair,2,-1,19
05:12:09,Fair,2,-1,19
05:14:08,Fair,2,-1,19
05:16:08,Fair,2,-1,19
05:18:09,Mostly Cloudy,3,0,16
05:20:08,Mostly Cloudy,3,0,16
05:22:09,Mostly Cloudy,3,0,16
05:24:09,Mostly Cloudy,3,0,16
05:26:08,Mostly Cloudy,3,0,16
05:28:09,Mostly Cloudy,3,0,16
05:30:09,Mostly Cloudy,3,0,16
05:32:08,Mostly Cloudy,3,0,16
05:34:08,Mostly Cloudy,3,0,16
05:36:09,Mostly Cloudy,3,0,16
05:38:09,Mostly Cloudy,3,0,16
05:40:09,Mostly Cloudy,3,0,16
05:42:08,Mostly Cloudy,3,0,16
05:44:08,Mostly Cloudy,3,0,16
05:46:09,Mostly Cloudy,3,0,16
05:48:09,Mostly Cloudy,3,0,16
05:50:08,Mostly Cloudy,3,0,16
05:52:09,Mostly Cloudy,3,0,16
05:54:09,Mostly Cloudy,3,0,16
05:56:08,Mostly Cloudy,3,0,16
05:58:09,Mostly Cloudy,3,0,16
06:00:09,Mostly Cloudy,3,0,16
06:02:08,Mostly Cloudy,3,0,16
06:04:08,Mostly Cloudy,3,0,16
06:06:09,Mostly Cloudy,3,0,16
06:08:09,Mostly Cloudy,3,0,16
06:10:08,Mostly Cloudy,3,0,16
06:12:08,Partly Cloudy,2,0,14
06:14:09,Partly Cloudy,2,0,14
06:16:09,Partly Cloudy,2,0,14
06:18:08,Partly Cloudy,2,0,14
06:20:08,Partly Cloudy,2,0,14
06:22:09,Partly Cloudy,2,0,14
06:24:09,Partly Cloudy,2,0,14
06:26:09,Partly Cloudy,2,0,14
06:28:09,Partly Cloudy,2,0,14
06:30:09,Partly Cloudy,2,0,14
06:32:08,Partly Cloudy,2,0,14
06:34:09,Partly Cloudy,2,0,14
06:36:09,Partly Cloudy,2,0,14
06:38:09,Partly Cloudy,2,0,14
06:40:09,Partly Cloudy,2,0,14
06:42:08,Partly Cloudy,2,0,14
06:44:09,Partly Cloudy,2,0,14
06:46:09,Partly Cloudy,2,0,14
06:48:09,Partly Cloudy,2,0,14
06:50:09,Partly Cloudy,2,0,14
06:52:09,Partly Cloudy,2,0,14
06:54:09,Partly Cloudy,2,0,14
06:56:08,Partly Cloudy,2,0,14
06:58:09,Partly Cloudy,2,0,14
07:00:09,Partly Cloudy,2,0,14
07:02:08,Partly Cloudy,2,0,14
07:04:08,Partly Cloudy,2,0,14
07:06:09,Partly Cloudy,2,0,14
07:08:09,Partly Cloudy,2,0,14
07:10:08,Partly Cloudy,2,0,14
07:12:09,Partly Cloudy,2,-2,16
07:14:09,Partly Cloudy,2,-2,16
07:16:09,Partly Cloudy,2,-2,16
07:18:08,Partly Cloudy,2,-2,16
07:20:09,Partly Cloudy,2,-2,16
07:22:09,Partly Cloudy,2,-2,16
07:24:09,Partly Cloudy,2,-2,16
07:26:08,Partly Cloudy,2,-2,16
07:28:08,Partly Cloudy,2,-2,16
07:30:09,Partly Cloudy,2,-2,16
07:32:09,Partly Cloudy,2,-2,16
07:34:09,Partly Cloudy,2,-2,16
07:36:08,Partly Cloudy,2,-2,16
07:38:09,Partly Cloudy,2,-2,16
07:40:09,Partly Cloudy,2,-2,16
07:42:09,Partly Cloudy,2,-2,16
07:44:08,Partly Cloudy,2,-2,16
07:46:09,Partly Cloudy,2,-2,16
07:48:09,Partly Cloudy,2,-2,16
07:50:09,Partly Cloudy,2,-2,16
07:52:08,Partly Cloudy,2,-2,16
07:54:09,Partly Cloudy,2,-2,16
07:56:09,Partly Cloudy,2,-2,16
07:58:09,Partly Cloudy,2,-2,16
08:00:08,Partly Cloudy,2,-2,16
08:02:09,Partly Cloudy,2,-2,16
08:04:09,Partly Cloudy,2,-2,16
08:06:09,Partly Cloudy,2,-2,16
08:08:08,Partly Cloudy,2,-2,16
08:10:09,Partly Cloudy,2,-2,16
08:12:09,Mostly Cloudy,3,1,12
08:14:09,Mostly Cloudy,3,1,12
08:16:08,Mostly Cloudy,3,1,12
08:18:09,Mostly Cloudy,3,1,12
08:20:09,Mostly Cloudy,3,1,12
08:22:08,Mostly Cloudy,3,1,12
08:24:08,Mostly Cloudy,3,1,12
08:26:09,Mostly Cloudy,3,1,12
08:28:09,Mostly Cloudy,3,1,12
08:30:08,Mostly Cloudy,3,1,12
08:32:09,Mostly Cloudy,3,1,12
08:34:09,Mostly Cloudy,3,1,12
08:36:09,Mostly Cloudy,3,1,12
08:38:08,Mostly Cloudy,3,1,12
08:40:09,Mostly Cloudy,3,1,12
08:42:09,Mostly Cloudy,3,1,12
08:44:08,Mostly Cloudy,3,1,12
08:46:08,Mostly Cloudy,3,1,12
08:48:09,Mostly Cloudy,3,1,12
08:50:09,Mostly Cloudy,3,1,12
08:52:08,Mostly Cloudy,3,1,12
08:54:08,Mostly Cloudy,3,1,12
08:56:09,Mostly Cloudy,3,1,12
08:58:09,Mostly Cloudy,3,1,12
09:00:09,Mostly Cloudy,3,1,12
09:02:09,Mostly Cloudy,3,1,12
09:04:09,Mostly Cloudy,3,1,12
09:06:09,Mostly Cloudy,3,1,12
09:08:08,Mostly Cloudy,3,1,12
09:10:09,Mostly Cloudy,3,1,12
09:12:09,Mostly Cloudy,3,1,12
09:14:08,Mostly Cloudy,3,1,12
09:16:08,Mostly Cloudy,3,1,12
09:18:09,Mostly Cloudy,3,1,12
09:20:09,Mostly Cloudy,3,1,12
09:22:09,Mostly Cloudy,3,1,12
09:24:09,Mostly Cloudy,3,1,12
09:26:08,Mostly Cloudy,3,1,12
09:28:08,Mostly Cloudy,3,1,12
09:30:09,Mostly Cloudy,3,1,12
09:32:08,Mostly Cloudy,3,1,12
09:34:08,Mostly Cloudy,3,1,12
09:36:09,Mostly Cloudy,3,1,12
09:38:09,Mostly Cloudy,3,1,12
09:40:08,Mostly Cloudy,3,1,12
09:42:08,Mostly Cloudy,3,1,12
09:44:09,Mostly Cloudy,3,1,12
09:46:09,Mostly Cloudy,3,1,12
09:48:08,Mostly Cloudy,3,1,12
09:50:09,Mostly Cloudy,3,1,12
09:52:09,Mostly Cloudy,3,1,12
09:54:09,Mostly Cloudy,3,1,12
09:56:09,Mostly Cloudy,3,1,12
09:58:08,Mostly Cloudy,3,1,12
10:00:09,Mostly Cloudy,3,1,12
10:02:09,Mostly Cloudy,3,1,12
10:04:09,Mostly Cloudy,3,1,12
10:06:08,Mostly Cloudy,3,1,12
10:08:09,Mostly Cloudy,3,1,12
10:10:09,Mostly Cloudy,3,1,12
10:12:08,Mostly Cloudy,3,1,12
10:14:08,Mostly Cloudy,3,1,12
10:16:09,Mostly Cloudy,3,0,14
10:18:08,Mostly Cloudy,3,0,14
10:20:09,Mostly Cloudy,3,0,14
10:22:09,Mostly Cloudy,3,0,14
10:24:08,Mostly Cloudy,3,0,14
10:26:08,Mostly Cloudy,3,0,14
10:28:09,Mostly Cloudy,3,0,14
10:30:09,Mostly Cloudy,3,0,14
10:32:09,Mostly Cloudy,3,0,14
10:34:09,Mostly Cloudy,3,0,14
10:36:09,Mostly Cloudy,3,0,14
10:38:08,Mostly Cloudy,3,0,14
10:40:09,Mostly Cloudy,3,0,14
10:42:09,Mostly Cloudy,3,0,14
10:44:09,Mostly Cloudy,3,0,14
10:46:08,Mostly Cloudy,3,0,14
10:48:09,Mostly Cloudy,3,0,14
10:50:09,Mostly Cloudy,3,0,14
10:52:09,Mostly Cloudy,3,0,14
10:54:08,Mostly Cloudy,3,0,14
10:56:09,Mostly Cloudy,3,0,14
10:58:09,Mostly Cloudy,3,0,14
11:00:09,Mostly Cloudy,3,0,14
11:02:08,Mostly Cloudy,3,0,14
11:04:09,Mostly Cloudy,3,0,14
11:06:09,Mostly Cloudy,3,0,14
11:08:08,Mostly Cloudy,3,0,14
11:10:08,Mostly Cloudy,3,1,12
11:12:09,Mostly Cloudy,3,1,12
11:14:09,Mostly Cloudy,3,1,12
11:16:09,Mostly Cloudy,3,1,12
11:18:08,Mostly Cloudy,3,1,12
11:20:08,Mostly Cloudy,3,1,12
11:22:09,Mostly Cloudy,3,1,12
11:24:09,Mostly Cloudy,3,1,12
11:26:08,Mostly Cloudy,3,1,12
11:28:09,Mostly Cloudy,3,1,12
11:30:09,Mostly Cloudy,3,1,12
11:32:08,Mostly Cloudy,3,1,12
11:34:09,Mostly Cloudy,3,1,12
11:36:09,Mostly Cloudy,3,1,12
11:38:09,Mostly Cloudy,3,1,12
11:40:08,Mostly Cloudy,3,1,12
11:42:09,Mostly Cloudy,3,1,12
11:44:09,Mostly Cloudy,3,1,12
11:46:09,Mostly Cloudy,5,1,16
11:48:09,Mostly Cloudy,5,1,16
11:50:09,Mostly Cloudy,5,1,16
11:52:09,Mostly Cloudy,5,1,16
11:54:09,Mostly Cloudy,5,1,16
11:56:09,Mostly Cloudy,5,1,16
11:58:09,Mostly Cloudy,5,1,16
12:00:09,Mostly Cloudy,5,1,16
12:02:08,Mostly Cloudy,5,1,16
12:04:08,Mostly Cloudy,5,1,16
12:06:09,Mostly Cloudy,5,1,16
12:08:09,Mostly Cloudy,5,1,16
12:10:08,Mostly Cloudy,5,1,16
12:12:09,Mostly Cloudy,5,1,16
12:14:08,Mostly Cloudy,5,1,16
12:16:08,Mostly Cloudy,5,1,16
12:18:09,Mostly Cloudy,5,1,16
12:20:08,Mostly Cloudy,5,1,16
12:22:09,Mostly Cloudy,5,1,16
12:24:09,Mostly Cloudy,5,1,16
12:26:08,Mostly Cloudy,5,1,16
12:28:08,Mostly Cloudy,5,1,16
12:30:09,Mostly Cloudy,5,1,16
12:32:09,Mostly Cloudy,5,1,16
12:34:08,Mostly Cloudy,5,1,16
12:36:09,Mostly Cloudy,5,1,16
12:38:09,Mostly Cloudy,5,1,16
12:40:09,Mostly Cloudy,5,1,16
12:42:08,Mostly Cloudy,5,1,16
12:44:09,Mostly Cloudy,5,1,16
12:46:09,Mostly Cloudy,5,1,14
12:48:08,Mostly Cloudy,5,1,14
12:50:09,Mostly Cloudy,5,1,14
12:52:09,Mostly Cloudy,5,1,14
12:54:09,Mostly Cloudy,5,1,14
12:56:08,Mostly Cloudy,5,1,14
12:58:08,Mostly Cloudy,5,1,14
13:00:09,Mostly Cloudy,5,1,14
13:02:09,Mostly Cloudy,5,1,14
13:04:09,Mostly Cloudy,5,1,14
13:06:08,Mostly Cloudy,5,1,14
13:08:09,Mostly Cloudy,5,1,14
13:10:09,Mostly Cloudy,5,1,14
13:12:08,Mostly Cloudy,5,1,14
13:14:08,Mostly Cloudy,5,1,14
13:16:09,Mostly Cloudy,5,1,16
13:18:08,Mostly Cloudy,5,1,16
13:20:09,Mostly Cloudy,5,1,16
13:22:09,Mostly Cloudy,5,1,16
13:24:09,Mostly Cloudy,5,1,16
13:26:08,Mostly Cloudy,5,1,16
13:28:09,Mostly Cloudy,5,1,16
13:30:09,Mostly Cloudy,5,1,16
13:32:09,Mostly Cloudy,5,1,16
13:34:08,Mostly Cloudy,5,1,16
13:36:09,Mostly Cloudy,5,1,16
13:38:09,Mostly Cloudy,5,1,16
13:40:09,Partly Cloudy,6,2,19
13:42:09,Partly Cloudy,6,2,19
13:44:08,Partly Cloudy,6,2,19
13:46:08,Partly Cloudy,6,2,19
13:48:09,Partly Cloudy,6,2,19
13:50:09,Partly Cloudy,6,2,19
13:52:08,Partly Cloudy,6,2,19
13:54:09,Partly Cloudy,6,2,19
13:56:09,Partly Cloudy,6,2,19
13:58:09,Partly Cloudy,6,2,19
14:00:09,Partly Cloudy,6,2,19
14:02:09,Partly Cloudy,6,2,19
14:04:09,Partly Cloudy,6,2,19
14:06:08,Partly Cloudy,6,2,19
14:08:09,Partly Cloudy,6,2,19
14:10:09,Partly Cloudy,6,2,19
14:12:08,Partly Cloudy,6,2,19
14:14:09,Partly Cloudy,6,2,19
14:16:09,Fair,7,3,16
14:18:08,Fair,7,3,16
14:20:08,Fair,7,3,16
14:22:09,Fair,7,3,16
14:24:09,Fair,7,3,16
14:26:08,Fair,7,3,16
14:28:09,Fair,7,3,16
14:30:09,Fair,7,3,16
14:32:09,Fair,7,3,16
14:34:09,Fair,7,3,16
14:36:09,Fair,7,3,16
14:38:09,Fair,7,3,16
14:40:09,Mostly Cloudy,7,4,14
14:42:09,Mostly Cloudy,7,4,14
14:44:09,Mostly Cloudy,7,4,14
14:46:09,Mostly Cloudy,7,4,14
14:48:09,Mostly Cloudy,7,4,14
14:50:09,Mostly Cloudy,7,4,14
14:52:08,Mostly Cloudy,7,4,14
14:54:09,Mostly Cloudy,7,4,14
14:56:08,Mostly Cloudy,7,4,14
14:58:08,Mostly Cloudy,7,4,14
15:00:09,Mostly Cloudy,7,4,14
15:02:08,Mostly Cloudy,7,4,14
15:04:08,Mostly Cloudy,7,4,14
15:06:08,Mostly Cloudy,7,4,14
15:08:09,Mostly Cloudy,7,4,14
15:10:09,Mostly Cloudy,7,4,14
15:12:09,Mostly Cloudy,7,4,14
15:14:08,Mostly Cloudy,7,4,14
15:16:08,Partly Cloudy,7,3,16
15:18:09,Partly Cloudy,7,3,16
15:20:08,Partly Cloudy,7,3,16
15:22:09,Partly Cloudy,7,3,16
15:24:08,Partly Cloudy,7,3,16
15:26:09,Partly Cloudy,7,3,16
15:28:09,Partly Cloudy,7,3,16
15:30:09,Partly Cloudy,7,3,16
15:32:08,Partly Cloudy,7,3,16
15:34:08,Partly Cloudy,7,3,16
15:36:09,Partly Cloudy,7,3,16
15:38:08,Partly Cloudy,7,3,16
15:40:08,Partly Cloudy,7,3,16
15:42:09,Partly Cloudy,7,3,16
15:44:09,Partly Cloudy,7,3,16
15:46:08,Mostly Cloudy,7,4,12
15:48:09,Mostly Cloudy,7,4,12
15:50:09,Mostly Cloudy,7,4,12
15:52:09,Mostly Cloudy,7,4,12
15:54:09,Mostly Cloudy,7,4,12
15:56:09,Mostly Cloudy,7,4,12
15:58:09,Mostly Cloudy,7,4,12
16:00:09,Mostly Cloudy,7,4,12
16:02:09,Mostly Cloudy,7,4,12
16:04:08,Mostly Cloudy,7,4,12
16:06:09,Mostly Cloudy,7,4,12
16:08:09,Mostly Cloudy,7,4,12
16:10:09,Mostly Cloudy,7,4,12
16:12:09,Mostly Cloudy,7,4,12
16:14:09,Mostly Cloudy,7,4,12
16:16:09,Mostly Cloudy,7,4,12
16:18:09,Mostly Cloudy,7,4,12
16:20:09,Mostly Cloudy,7,4,12
16:22:08,Mostly Cloudy,7,4,12
16:24:08,Mostly Cloudy,7,4,12
16:26:08,Mostly Cloudy,7,4,12
16:28:09,Mostly Cloudy,7,4,12
16:30:09,Mostly Cloudy,7,4,12
16:32:08,Mostly Cloudy,7,4,12
16:34:08,Mostly Cloudy,7,4,12
16:36:09,Mostly Cloudy,7,4,12
16:38:09,Mostly Cloudy,7,4,12
16:40:09,Mostly Cloudy,7,5,9
16:42:08,Mostly Cloudy,7,5,9
16:44:08,Mostly Cloudy,7,5,9
16:46:09,Mostly Cloudy,7,5,9
16:48:09,Mostly Cloudy,7,5,9
16:50:09,Mostly Cloudy,7,5,9
16:52:08,Mostly Cloudy,7,5,9
16:54:09,Mostly Cloudy,7,5,9
16:56:09,Mostly Cloudy,7,5,9
16:58:09,Mostly Cloudy,7,5,9
17:00:08,Mostly Cloudy,7,5,9
17:02:09,Mostly Cloudy,7,5,9
17:04:09,Mostly Cloudy,7,5,9
17:06:09,Mostly Cloudy,7,5,9
17:08:09,Mostly Cloudy,7,5,9
17:10:08,Mostly Cloudy,7,5,9
17:12:09,Mostly Cloudy,7,5,9
17:14:09,Mostly Cloudy,7,5,9
17:16:09,Mostly Cloudy,7,5,9
17:18:09,Mostly Cloudy,7,5,9
17:20:09,Mostly Cloudy,7,5,9
17:22:08,Mostly Cloudy,7,5,9
17:24:09,Mostly Cloudy,7,5,9
17:26:09,Mostly Cloudy,7,5,9
17:28:09,Mostly Cloudy,7,5,9
17:30:08,Mostly Cloudy,7,5,9
17:32:09,Mostly Cloudy,7,5,9
17:34:09,Mostly Cloudy,7,5,9
17:36:09,Mostly Cloudy,7,5,9
17:38:08,Mostly Cloudy,7,5,9
17:40:09,Mostly Cloudy,7,5,9
17:42:08,Mostly Cloudy,7,5,9
17:44:09,Mostly Cloudy,7,5,9
17:46:09,Mostly Cloudy,7,5,9
17:48:08,Mostly Cloudy,7,5,9
17:50:08,Mostly Cloudy,7,5,9
17:52:09,Mostly Cloudy,7,5,9
17:54:09,Mostly Cloudy,7,5,9
17:56:09,Mostly Cloudy,7,5,9
17:58:08,Mostly Cloudy,7,5,9
18:00:09,Mostly Cloudy,7,5,9
18:02:09,Mostly Cloudy,7,5,9
18:04:08,Mostly Cloudy,7,5,9
18:06:08,Mostly Cloudy,7,5,9
18:08:09,Mostly Cloudy,7,5,9
18:10:08,Mostly Cloudy,7,5,9
18:12:09,Mostly Cloudy,7,5,9
18:14:08,Mostly Cloudy,7,5,9
18:16:09,Mostly Cloudy,7,5,9
18:18:09,Mostly Cloudy,7,5,9
18:20:08,Light Rain Shower,5,0,22
18:22:09,Light Rain Shower,5,0,22
18:24:09,Light Rain Shower,5,0,22
18:26:08,Light Rain Shower,5,0,22
18:28:09,Light Rain Shower,5,0,22
18:30:09,Light Rain Shower,5,0,22
18:32:08,Light Rain Shower,5,0,22
18:34:09,Light Rain Shower,5,0,22
18:36:09,Light Rain Shower,5,0,22
18:38:09,Light Rain Shower,5,0,22
18:40:09,Light Rain Shower,5,0,22
18:42:08,Light Rain Shower,5,0,22
18:44:08,Light Rain Shower,5,0,22
18:46:08,Light Rain Shower,5,0,22
18:48:09,Light Rain Shower,5,0,22
18:50:09,Light Rain Shower,5,0,22
18:52:08,Light Rain Shower,5,0,22
18:54:08,Light Rain Shower,5,0,22
18:56:09,Light Rain Shower,5,0,22
18:58:09,Light Rain Shower,5,0,22
19:00:09,Light Rain Shower,5,0,22
19:02:09,Light Rain Shower,5,0,22
19:04:09,Light Rain Shower,5,0,22
19:06:09,Light Rain Shower,5,0,22
19:08:08,Light Rain Shower,5,0,22
19:10:09,Light Rain Shower,3,0,14
19:12:09,Light Rain Shower,3,0,14
19:14:09,Light Rain Shower,3,0,14
19:16:08,Light Rain Shower,3,0,14
19:18:09,Light Rain Shower,3,0,14
19:20:08,Light Rain Shower,3,0,14
19:22:08,Light Rain Shower,3,0,14
19:24:09,Light Rain Shower,3,0,14
19:26:09,Light Rain Shower,3,0,14
19:28:08,Light Rain Shower,3,0,14
19:30:09,Light Rain Shower,3,0,14
19:32:09,Light Rain Shower,3,0,14
19:34:09,Light Rain Shower,3,0,14
19:36:08,Light Rain Shower,3,0,14
19:38:09,Light Rain Shower,3,0,14
19:40:09,Light Rain Shower,3,0,14
19:42:09,Light Rain Shower,3,0,14
19:44:09,Light Rain Shower,3,0,14
19:46:09,Light Rain Shower,3,0,14
19:48:09,Light Rain Shower,3,0,14
19:50:09,Light Rain Shower,3,0,14
19:52:09,Light Rain Shower,3,0,14
19:54:09,Light Rain Shower,3,0,14
19:56:09,Light Rain Shower,3,0,14
19:58:09,Light Rain Shower,3,0,14
20:00:09,Light Rain Shower,3,0,14
20:02:09,Light Rain Shower,3,0,14
20:04:09,Light Rain Shower,3,0,14
20:06:08,Light Rain Shower,3,0,14
20:08:08,Light Rain Shower,3,0,14
20:10:09,Light Rain Shower,3,0,14
20:12:09,Light Rain Shower,3,0,14
20:14:09,Light Rain Shower,3,0,14
20:16:09,Fair,1,1,4
20:18:08,Fair,1,1,4
20:20:08,Fair,1,1,4
20:22:09,Fair,1,1,4
20:24:09,Fair,1,1,4
20:26:09,Fair,1,1,4
20:28:08,Fair,1,1,4
20:30:09,Fair,1,1,4
20:32:08,Fair,1,1,4
20:34:09,Fair,1,1,4
20:36:09,Fair,1,1,4
20:38:08,Fair,1,1,4
20:40:08,Fair,1,1,4
20:42:09,Fair,1,1,4
20:44:09,Fair,1,1,4
20:46:08,Fair,1,1,4
20:48:09,Fair,1,1,4
20:50:09,Fair,1,1,4
20:52:08,Fair,1,1,4
20:54:08,Fair,1,1,4
20:56:09,Fair,1,1,4
20:58:09,Fair,1,1,4
21:00:08,Fair,1,1,4
21:02:09,Fair,1,1,4
21:04:09,Fair,1,1,4
21:06:08,Fair,1,1,4
21:08:09,Fair,1,1,4
21:10:09,Fair,1,1,4
21:12:09,Fair,1,1,4
21:14:09,Fair,1,1,4
21:16:09,Fair,1,-1,9
21:18:09,Fair,1,-1,9
21:20:09,Fair,1,-1,9
21:22:09,Fair,1,-1,9
21:24:08,Fair,1,-1,9
21:26:09,Fair,1,-1,9
21:28:09,Fair,1,-1,9
21:30:08,Fair,1,-1,9
21:32:09,Fair,1,-1,9
21:34:09,Fair,1,-1,9
21:36:08,Fair,1,-1,9
21:38:08,Fair,1,-1,9
21:40:09,Fair,1,-1,9
21:42:09,Fair,1,-1,9
21:44:08,Fair,1,-1,9
21:46:09,Fair,1,-1,9
21:48:09,Fair,1,-1,9
21:50:08,Fair,1,-1,9
21:52:09,Fair,1,-1,9
21:54:09,Fair,1,-1,9
21:56:09,Fair,1,-1,9
21:58:08,Fair,1,-1,9
22:00:09,Fair,1,-1,9
22:02:08,Fair,1,-1,9
22:04:08,Fair,1,-1,9
22:06:09,Fair,1,-1,9
22:08:09,Fair,1,-1,9
22:10:09,Fair,1,-3,16
22:12:09,Fair,1,-3,16
22:14:08,Fair,1,-3,16
22:16:08,Fair,1,-3,16
22:18:09,Fair,1,-3,16
22:20:09,Fair,1,-3,16
22:22:08,Fair,1,-3,16
22:24:09,Fair,1,-3,16
22:26:09,Fair,1,-3,16
22:28:09,Fair,1,-3,16
22:30:08,Fair,1,-3,16
22:32:09,Fair,1,-3,16
22:34:09,Fair,1,-3,16
22:36:09,Fair,1,-3,16
22:38:08,Fair,1,-3,16
22:40:08,Fair,1,-3,16
22:42:09,Fair,1,-3,16
22:44:09,Fair,1,-3,16
22:46:09,Fair,1,-3,16
22:48:08,Fair,1,-3,16
22:50:08,Fair,1,-3,16
22:52:08,Fair,1,-3,16
22:54:09,Fair,1,-3,16
22:56:09,Fair,1,-3,16
22:58:08,Fair,1,-3,16
23:00:08,Fair,1,-3,16
23:02:09,Fair,1,-3,16
23:04:09,Fair,1,-3,16
23:06:08,Fair,1,-3,16
23:08:08,Fair,1,-3,16
23:10:09,Fair,1,-3,16
23:12:08,Fair,1,-3,16
23:14:09,Fair,1,-3,16
23:16:09,Fair,1,-2,11
23:18:09,Fair,1,-2,11
23:20:09,Fair,1,-2,11
23:22:09,Fair,1,-2,11
23:24:08,Fair,1,-2,11
23:26:09,Fair,1,-2,11
23:28:09,Fair,1,-2,11
23:30:08,Fair,1,-2,11
23:32:08,Fair,1,-2,11
23:34:09,Fair,1,-2,11
23:36:09,Fair,1,-2,11
23:38:08,Fair,1,-2,11
23:40:08,Fair,1,-2,11
23:42:09,Fair,1,-2,11
23:44:09,Fair,1,-2,11
23:46:09,Fair,1,-2,11
23:48:08,Fair,1,-2,11
23:50:09,Fair,1,-2,11
23:52:09,Fair,1,-2,11
23:54:09,Fair,1,-2,11
23:56:08,Fair,1,-2,11
23:58:09,Fair,1,-2,11
