Time,Weather,Temperature,Feels_Like,Wind_Speed
00:00:08,Mostly Cloudy,8,6,14
00:02:09,Mostly Cloudy,8,6,14
00:04:09,Mostly Cloudy,8,6,14
00:06:09,Mostly Cloudy,8,6,14
00:08:08,Mostly Cloudy,8,6,14
00:10:08,Mostly Cloudy,8,6,14
00:12:08,Mostly Cloudy,7,5,12
00:14:09,Mostly Cloudy,7,5,12
00:16:09,Mostly Cloudy,7,5,12
00:18:08,Mostly Cloudy,7,5,12
00:20:09,Mostly Cloudy,7,5,12
00:22:09,Mostly Cloudy,7,5,12
00:24:08,Mostly Cloudy,7,5,12
00:26:08,Mostly Cloudy,7,5,12
00:28:08,Mostly Cloudy,7,5,12
00:30:09,Mostly Cloudy,7,5,12
00:32:09,Mostly Cloudy,7,5,12
00:34:09,Mostly Cloudy,7,5,12
00:36:08,Mostly Cloudy,7,5,12
00:38:09,Mostly Cloudy,7,5,12
00:40:09,Mostly Cloudy,7,5,12
00:42:08,Mostly Cloudy,7,5,12
00:44:09,Mostly Cloudy,7,5,12
00:46:09,Mostly Cloudy,7,5,12
00:48:08,Mostly Cloudy,7,5,12
00:50:08,Mostly Cloudy,7,5,12
00:52:09,Mostly Cloudy,7,5,12
00:54:09,Mostly Cloudy,7,5,12
00:56:09,Mostly Cloudy,7,5,12
00:58:08,Mostly Cloudy,7,5,12
01:00:16,Mostly Cloudy,7,5,12
01:02:09,Mostly Cloudy,7,5,12
01:04:08,Mostly Cloudy,7,5,12
01:06:08,Mostly Cloudy,7,5,12
01:08:09,Mostly Cloudy,7,5,12
01:10:09,Mostly Cloudy,7,5,12
01:12:09,Mostly Cloudy,7,5,12
01:14:08,Mostly Cloudy,7,5,12
01:16:09,Mostly Cloudy,7,5,12
01:18:09,Mostly Cloudy,7,5,12
01:20:08,Mostly Cloudy,7,5,12
01:22:08,Mostly Cloudy,7,5,12
01:24:09,Mostly Cloudy,7,5,12
01:26:09,Mostly Cloudy,7,5,12
01:28:09,Mostly Cloudy,7,5,12
01:30:08,Mostly Cloudy,7,5,12
01:32:09,Mostly Cloudy,7,5,12
01:34:09,Mostly Cloudy,7,5,12
01:36:08,Mostly Cloudy,7,5,12
01:38:09,Mostly Cloudy,7,5,12
01:40:09,Mostly Cloudy,7,5,12
01:42:09,Mostly Cloudy,7,5,12
01:44:09,Mostly Cloudy,7,5,12
01:46:09,Mostly Cloudy,7,5,12
01:48:09,Mostly Cloudy,7,5,12
01:50:09,Mostly Cloudy,7,5,12
01:52:08,Mostly Cloudy,7,5,12
01:54:08,Mostly Cloudy,7,5,12
01:56:09,Mostly Cloudy,7,5,12
01:58:08,Mostly Cloudy,7,5,12
02:00:08,Mostly Cloudy,7,5,12
02:02:09,Mostly Cloudy,7,5,12
02:04:08,Mostly Cloudy,7,5,12
02:06:08,Mostly Cloudy,7,5,12
02:08:09,Mostly Cloudy,7,5,12
02:10:09,Mostly Cloudy,7,5,12
02:12:08,Mostly Cloudy,7,5,12
02:14:09,Mostly Cloudy,7,5,12
02:16:09,Mostly Cloudy,7,5,12
02:18:08,Mostly Cloudy,7,3,16
02:20:09,Mostly Cloudy,7,3,16
02:22:09,Mostly Cloudy,7,3,16
02:24:09,Mostly Cloudy,7,3,16
02:26:09,Mostly Cloudy,7,3,16
02:28:09,Mostly Cloudy,7,3,16
02:30:09,Mostly Cloudy,7,3,16
02:32:08,Mostly Cloudy,7,3,16
02:34:09,Mostly Cloudy,7,3,16
02:36:09,Mostly Cloudy,7,3,16
02:38:09,Mostly Cloudy,7,3,16
02:40:08,Mostly Cloudy,7,3,16
02:42:08,Mostly Cloudy,7,3,16
02:44:09,Mostly Cloudy,7,3,16
02:46:09,Mostly Cloudy,7,3,16
02:48:09,Mostly Cloudy,7,3,16
02:50:08,Mostly Cloudy,7,3,16
02:52:08,Mostly Cloudy,7,3,16
02:54:09,Mostly Cloudy,7,3,16
02:56:09,Mostly Cloudy,7,3,16
02:58:09,Mostly Cloudy,7,3,16
03:00:08,Mostly Cloudy,7,3,16
03:02:09,Mostly Cloudy,7,3,16
03:04:09,Mostly Cloudy,7,3,16
03:06:08,Mostly Cloudy,7,3,16
03:08:09,Mostly Cloudy,7,3,16
03:10:09,Mostly Cloudy,7,3,16
03:12:09,Mostly Cloudy,7,3,16
03:14:08,Mostly Cloudy,7,3,16
03:16:08,Mostly Cloudy,7,3,16
03:18:09,Mostly Cloudy,7,4,12
03:20:09,Mostly Cloudy,7,4,12
03:22:09,Mostly Cloudy,7,4,12
03:24:09,Mostly Cloudy,7,4,12
03:26:09,Mostly Cloudy,7,4,12
03:28:09,Mostly Cloudy,7,4,12
03:30:09,Mostly Cloudy,7,4,12
03:32:09,Mostly Cloudy,7,4,12
03:34:08,Mostly Cloudy,7,4,12
03:36:09,Mostly Cloudy,7,4,12
03:38:09,Mostly Cloudy,7,4,12
03:40:08,Mostly Cloudy,7,4,12
03:42:09,Mostly Cloudy,7,4,12
03:44:08,Mostly Cloudy,7,4,12
03:46:08,Mostly Cloudy,7,4,12
03:48:09,Mostly Cloudy,7,4,12
03:50:09,Mostly Cloudy,7,4,12
03:52:09,Mostly Cloudy,7,4,12
03:54:08,Mostly Cloudy,7,4,12
03:56:09,Mostly Cloudy,7,4,12
03:58:09,Mostly Cloudy,7,4,12
04:00:08,Mostly Cloudy,7,4,12
04:02:09,Mostly Cloudy,7,4,12
04:04:09,Mostly Cloudy,7,4,12
04:06:09,Mostly Cloudy,7,4,12
04:08:08,Mostly Cloudy,7,4,12
04:10:09,Mostly Cloudy,7,4,12
04:12:09,Mostly Cloudy,7,4,14
04:14:08,Mostly Cloudy,7,4,14
04:16:09,Mostly Cloudy,7,4,14
04:18:08,Mostly Cloudy,7,4,14
04:20:09,Mostly Cloudy,7,4,14
04:22:09,Mostly Cloudy,7,4,14
04:24:09,Mostly Cloudy,7,4,14
04:26:08,Mostly Cloudy,7,4,14
04:28:09,Mostly Cloudy,7,4,14
04:30:09,Mostly Cloudy,7,4,14
04:32:09,Mostly Cloudy,7,4,14
04:34:08,Mostly Cloudy,7,4,14
04:36:09,Mostly Cloudy,7,4,14
04:38:09,Mostly Cloudy,7,4,14
04:40:09,Mostly Cloudy,7,4,14
04:42:08,Mostly Cloudy,7,4,14
04:44:09,Mostly Cloudy,7,4,14
04:46:09,Mostly Cloudy,7,4,14
04:48:09,Mostly Cloudy,7,4,14
04:50:09,Mostly Cloudy,7,4,14
04:52:08,Mostly Cloudy,7,4,14
04:54:08,Mostly Cloudy,7,4,14
04:56:09,Mostly Cloudy,7,4,14
04:58:09,Mostly Cloudy,7,4,14
05:00:09,Mostly Cloudy,7,4,14
05:02:08,Mostly Cloudy,7,4,14
05:04:09,Mostly Cloudy,7,4,14
05:06:08,Mostly Cloudy,7,4,14
05:08:09,Mostly Cloudy,7,4,14
05:10:09,Mostly Cloudy,7,4,14
05:12:08,Mostly Cloudy,7,4,14
05:14:09,Mostly Cloudy,7,4,14
05:16:09,Mostly Cloudy,7,4,14
05:18:08,Mostly Cloudy,7,4,14
05:20:08,Mostly Cloudy,7,4,14
05:22:09,Mostly Cloudy,7,4,14
05:24:09,Mostly Cloudy,7,4,14
05:26:08,Mostly Cloudy,7,4,14
05:28:08,Mostly Cloudy,7,4,14
05:30:09,Mostly Cloudy,7,4,14
05:32:09,Mostly Cloudy,7,4,14
05:34:09,Mostly Cloudy,7,4,14
05:36:09,Mostly Cloudy,7,4,14
05:38:09,Mostly Cloudy,7,4,14
05:40:09,Mostly Cloudy,7,4,14
05:42:08,Mostly Cloudy,7,4,14
05:44:08,Mostly Cloudy,7,4,14
05:46:09,Mostly Cloudy,7,4,14
05:48:09,Mostly Cloudy,7,4,14
05:50:09,Mostly Cloudy,7,4,14
05:52:08,Mostly Cloudy,7,4,14
05:54:09,Mostly Cloudy,7,4,14
05:56:09,Mostly Cloudy,7,4,14
05:58:09,Mostly Cloudy,7,4,14
06:00:09,Mostly Cloudy,7,4,14
06:02:09,Mostly Cloudy,7,4,14
06:04:09,Mostly Cloudy,7,4,14
06:06:09,Mostly Cloudy,7,4,14
06:08:09,Mostly Cloudy,7,4,14
06:10:09,Mostly Cloudy,7,4,14
06:12:08,Mostly Cloudy,7,4,14
06:14:08,Mostly Cloudy,7,4,14
06:16:09,Mostly Cloudy,7,5,14
06:18:09,Mostly Cloudy,7,5,14
06:20:08,Mostly Cloudy,7,5,14
06:22:09,Mostly Cloudy,7,5,14
06:24:09,Mostly Cloudy,7,5,14
06:26:09,Mostly Cloudy,7,5,14
06:28:09,Mostly Cloudy,7,5,14
06:30:08,Mostly Cloudy,7,5,14
06:32:08,Mostly Cloudy,7,5,14
06:34:09,Mostly Cloudy,7,5,14
06:36:09,Mostly Cloudy,7,5,14
06:38:08,Mostly Cloudy,7,5,14
06:40:09,Mostly Cloudy,7,5,14
06:42:08,Mostly Cloudy,7,5,14
06:44:08,Mostly Cloudy,7,5,14
06:46:09,Mostly Cloudy,7,5,14
06:48:09,Mostly Cloudy,7,5,14
06:50:09,Mostly Cloudy,7,5,14
06:52:08,Mostly Cloudy,7,5,14
06:54:09,Mostly Cloudy,7,5,14
06:56:09,Mostly Cloudy,7,5,14
06:58:09,Mostly Cloudy,7,5,14
07:00:08,Mostly Cloudy,7,5,14
07:02:09,Mostly Cloudy,7,5,14
07:04:09,Mostly Cloudy,7,5,14
07:06:09,Mostly Cloudy,7,5,14
07:08:09,Mostly Cloudy,7,5,14
07:10:09,Mostly Cloudy,7,4,12
07:12:08,Mostly Cloudy,7,4,12
07:14:08,Mostly Cloudy,7,4,12
07:16:09,Mostly Cloudy,7,4,12
07:18:08,Mostly Cloudy,7,4,12
07:20:08,Mostly Cloudy,7,4,12
07:22:09,Mostly Cloudy,7,4,12
07:24:09,Mostly Cloudy,7,4,12
07:26:09,Mostly Cloudy,7,4,12
07:28:10,Mostly Cloudy,7,4,12
07:30:09,Mostly Cloudy,7,4,12
07:32:09,Mostly Cloudy,7,4,12
07:34:08,Mostly Cloudy,7,4,12
07:36:09,Mostly Cloudy,7,4,12
07:38:09,Mostly Cloudy,7,4,12
07:40:09,Mostly Cloudy,7,4,12
07:42:08,Mostly Cloudy,7,4,12
07:44:09,Mostly Cloudy,7,4,12
07:46:09,Mostly Cloudy,7,5,16
07:48:09,Mostly Cloudy,7,5,16
07:50:09,Mostly Cloudy,7,5,16
07:52:08,Mostly Cloudy,7,5,16
07:54:09,Mostly Cloudy,7,5,16
07:56:09,Mostly Cloudy,7,5,16
07:58:09,Mostly Cloudy,7,5,16
08:00:09,Mostly Cloudy,7,5,16
08:02:08,Mostly Cloudy,7,5,16
08:04:09,Mostly Cloudy,7,5,16
08:06:08,Mostly Cloudy,7,5,16
08:08:08,Mostly Cloudy,7,5,16
08:10:09,Mostly Cloudy,7,5,16
08:12:09,Mostly Cloudy,7,5,16
08:14:08,Mostly Cloudy,7,5,16
08:16:09,Mostly Cloudy,7,5,16
08:18:08,Mostly Cloudy,7,5,16
08:20:09,Mostly Cloudy,7,5,16
08:22:09,Mostly Cloudy,7,5,16
08:24:08,Mostly Cloudy,7,5,16
08:26:09,Mostly Cloudy,7,5,16
08:28:09,Mostly Cloudy,7,5,16
08:30:09,Mostly Cloudy,7,5,16
08:32:08,Mostly Cloudy,7,5,16
08:34:09,Mostly Cloudy,7,5,16
08:36:09,Mostly Cloudy,7,5,16
08:38:08,Mostly Cloudy,7,5,16
08:40:08,Mostly Cloudy,7,5,16
08:42:09,Mostly Cloudy,7,5,16
08:44:09,Mostly Cloudy,7,5,16
08:46:09,Mostly Cloudy,7,6,11
08:48:09,Mostly Cloudy,7,6,11
08:50:08,Mostly Cloudy,7,6,11
08:52:08,Mostly Cloudy,7,6,11
08:54:09,Mostly Cloudy,7,6,11
08:56:09,Mostly Cloudy,7,6,11
08:58:08,Mostly Cloudy,7,6,11
09:00:09,Mostly Cloudy,7,6,11
09:02:09,Mostly Cloudy,7,6,11
09:04:09,Mostly Cloudy,7,6,11
09:06:08,Mostly Cloudy,7,6,11
09:08:09,Mostly Cloudy,7,6,11
09:10:09,Mostly Cloudy,7,6,11
09:12:09,Mostly Cloudy,7,6,11
09:14:08,Mostly Cloudy,7,6,11
09:16:08,Mostly Cloudy,8,6,16
09:18:08,Mostly Cloudy,8,6,16
09:20:08,Mostly Cloudy,8,6,16
09:22:08,Mostly Cloudy,8,6,16
09:24:09,Mostly Cloudy,8,6,16
09:26:09,Mostly Cloudy,8,6,16
09:28:09,Mostly Cloudy,8,6,16
09:30:09,Mostly Cloudy,8,6,16
09:32:08,Mostly Cloudy,8,6,16
09:34:09,Mostly Cloudy,8,6,16
09:36:09,Mostly Cloudy,8,6,16
09:38:09,Mostly Cloudy,8,6,16
09:40:08,Mostly Cloudy,8,6,16
09:42:09,Mostly Cloudy,8,6,16
09:44:09,Mostly Cloudy,8,6,16
09:46:09,Mostly Cloudy,8,6,14
09:48:08,Mostly Cloudy,8,6,14
09:50:08,Mostly Cloudy,8,6,14
09:52:09,Mostly Cloudy,8,6,14
09:54:09,Mostly Cloudy,8,6,14
09:56:08,Mostly Cloudy,8,6,14
09:58:09,Mostly Cloudy,8,6,14
10:00:09,Mostly Cloudy,8,6,14
10:02:09,Mostly Cloudy,8,6,14
10:04:09,Mostly Cloudy,8,6,14
10:06:08,Mostly Cloudy,8,6,14
10:08:09,Mostly Cloudy,8,6,14
10:10:09,Mostly Cloudy,8,6,14
10:12:08,Mostly Cloudy,8,6,14
10:14:08,Mostly Cloudy,8,6,14
10:16:09,Mostly Cloudy,8,6,22
10:18:08,Mostly Cloudy,8,6,22
10:20:08,Mostly Cloudy,8,6,22
10:22:09,Mostly Cloudy,8,6,22
10:24:09,Mostly Cloudy,8,6,22
10:26:09,Mostly Cloudy,8,6,22
10:28:08,Mostly Cloudy,8,6,22
10:30:09,Mostly Cloudy,8,6,22
10:32:08,Mostly Cloudy,8,6,22
10:34:09,Mostly Cloudy,8,6,22
10:36:09,Mostly Cloudy,8,6,22
10:38:09,Mostly Cloudy,8,6,22
10:40:08,Mostly Cloudy,8,6,22
10:42:08,Mostly Cloudy,8,6,22
10:44:09,Mostly Cloudy,8,6,22
10:46:09,Mostly Cloudy,8,6,22
10:48:08,Mostly Cloudy,8,6,22
10:50:08,Mostly Cloudy,8,6,22
10:52:08,Mostly Cloudy,8,6,22
10:54:09,Mostly Cloudy,8,6,22
10:56:08,Mostly Cloudy,8,6,22
10:58:08,Mostly Cloudy,8,6,22
11:00:09,Mostly Cloudy,8,6,22
11:02:09,Mostly Cloudy,8,6,22
11:04:08,Mostly Cloudy,8,6,22
11:06:09,Mostly Cloudy,8,6,22
11:08:09,Mostly Cloudy,8,6,22
11:10:08,Mostly Cloudy,10,10,16
11:12:09,Mostly Cloudy,10,10,16
11:14:09,Mostly Cloudy,10,10,16
11:16:09,Mostly Cloudy,10,10,16
11:18:08,Mostly Cloudy,10,10,16
11:20:09,Mostly Cloudy,10,10,16
11:22:09,Mostly Cloudy,10,10,16
11:24:08,Mostly Cloudy,10,10,16
11:26:09,Mostly Cloudy,10,10,16
11:28:09,Mostly Cloudy,10,10,16
11:30:08,Mostly Cloudy,10,10,16
11:32:09,Mostly Cloudy,10,10,16
11:34:09,Mostly Cloudy,10,10,16
11:36:08,Mostly Cloudy,10,10,16
11:38:08,Mostly Cloudy,10,10,16
11:40:08,Mostly Cloudy,10,10,16
11:42:09,Mostly Cloudy,10,10,16
11:44:09,Mostly Cloudy,10,10,16
11:46:09,Mostly Cloudy,10,10,16
11:48:09,Mostly Cloudy,10,10,16
11:50:09,Mostly Cloudy,10,10,16
11:52:08,Mostly Cloudy,10,10,16
11:54:09,Mostly Cloudy,10,10,16
11:56:09,Mostly Cloudy,10,10,16
11:58:09,Mostly Cloudy,10,10,16
12:00:09,Mostly Cloudy,10,10,16
12:02:09,Mostly Cloudy,10,10,16
12:04:09,Mostly Cloudy,10,10,16
12:06:09,Mostly Cloudy,10,10,16
12:08:09,Mostly Cloudy,10,10,16
12:10:08,Mostly Cloudy,10,10,14
12:12:09,Mostly Cloudy,10,10,14
12:14:09,Mostly Cloudy,10,10,14
12:16:09,Mostly Cloudy,10,10,14
12:18:09,Mostly Cloudy,10,10,14
12:20:09,Mostly Cloudy,10,10,14
12:22:08,Mostly Cloudy,10,10,14
12:24:09,Mostly Cloudy,10,10,14
12:26:09,Mostly Cloudy,10,10,14
12:28:09,Mostly Cloudy,10,10,14
12:30:08,Mostly Cloudy,10,10,14
12:32:08,Mostly Cloudy,10,10,14
12:34:09,Mostly Cloudy,10,10,14
12:36:09,Mostly Cloudy,10,10,14
12:38:09,Mostly Cloudy,10,10,14
12:40:09,Mostly Cloudy,10,10,14
12:42:08,Mostly Cloudy,10,10,14
12:44:09,Mostly Cloudy,10,10,14
12:46:09,Mostly Cloudy,10,10,19
12:48:09,Mostly Cloudy,10,10,19
12:50:08,Mostly Cloudy,10,10,19
12:52:08,Mostly Cloudy,10,10,19
12:54:09,Mostly Cloudy,10,10,19
12:56:09,Mostly Cloudy,10,10,19
12:58:08,Mostly Cloudy,10,10,19
13:00:09,Mostly Cloudy,10,10,19
13:02:09,Mostly Cloudy,10,10,19
13:04:08,Mostly Cloudy,10,10,19
13:06:09,Mostly Cloudy,10,10,19
13:08:09,Mostly Cloudy,10,10,19
13:10:09,Mostly Cloudy,11,11,16
13:12:09,Mostly Cloudy,11,11,16
13:14:08,Mostly Cloudy,11,11,16
13:16:08,Mostly Cloudy,11,11,16
13:18:09,Mostly Cloudy,11,11,16
13:20:09,Mostly Cloudy,11,11,16
13:22:08,Mostly Cloudy,11,11,16
13:24:08,Mostly Cloudy,11,11,16
13:26:09,Mostly Cloudy,11,11,16
13:28:09,Mostly Cloudy,11,11,16
13:30:09,Mostly Cloudy,11,11,16
13:32:08,Mostly Cloudy,11,11,16
13:34:09,Mostly Cloudy,11,11,16
13:36:09,Mostly Cloudy,11,11,16
13:38:09,Mostly Cloudy,11,11,16
13:40:08,Mostly Cloudy,11,11,12
13:42:09,Mostly Cloudy,11,11,12
13:44:09,Mostly Cloudy,11,11,12
13:46:08,Mostly Cloudy,11,11,12
13:48:09,Mostly Cloudy,11,11,12
13:50:09,Mostly Cloudy,11,11,12
13:52:09,Mostly Cloudy,11,11,12
13:54:08,Mostly Cloudy,11,11,12
13:56:09,Mostly Cloudy,11,11,12
13:58:09,Mostly Cloudy,11,11,12
14:00:08,Mostly Cloudy,11,11,12
14:02:09,Mostly Cloudy,11,11,12
14:04:09,Mostly Cloudy,11,11,12
14:06:08,Mostly Cloudy,11,11,12
14:08:09,Mostly Cloudy,11,11,12
14:10:09,Mostly Cloudy,11,11,12
14:12:08,Mostly Cloudy,11,11,12
14:14:09,Mostly Cloudy,11,11,12
14:16:09,Mostly Cloudy,10,10,14
14:18:09,Mostly Cloudy,10,10,14
14:20:09,Mostly Cloudy,10,10,14
14:22:09,Mostly Cloudy,10,10,14
14:24:08,Mostly Cloudy,10,10,14
14:26:09,Mostly Cloudy,10,10,14
14:28:09,Mostly Cloudy,10,10,14
14:30:09,Mostly Cloudy,10,10,14
14:32:08,Mostly Cloudy,10,10,14
14:34:09,Mostly Cloudy,10,10,14
14:36:09,Mostly Cloudy,10,10,14
14:38:09,Mostly Cloudy,10,10,14
14:40:08,Mostly Cloudy,10,10,14
14:42:09,Mostly Cloudy,10,10,14
14:44:09,Mostly Cloudy,10,10,14
14:46:09,Mostly Cloudy,10,10,11
14:48:08,Mostly Cloudy,10,10,11
14:50:08,Mostly Cloudy,10,10,11
14:52:09,Mostly Cloudy,10,10,11
14:54:09,Mostly Cloudy,10,10,11
14:56:08,Mostly Cloudy,10,10,11
14:58:08,Mostly Cloudy,10,10,11
15:00:09,Mostly Cloudy,10,10,11
15:02:09,Mostly Cloudy,10,10,11
15:04:09,Mostly Cloudy,10,10,11
15:06:08,Mostly Cloudy,10,10,11
15:08:09,Mostly Cloudy,10,10,11
15:10:09,Mostly Cloudy,10,10,12
15:12:09,Mostly Cloudy,10,10,12
15:14:08,Mostly Cloudy,10,10,12
15:16:08,Mostly Cloudy,10,10,12
15:18:09,Mostly Cloudy,10,10,12
15:20:08,Mostly Cloudy,10,10,12
15:22:09,Mostly Cloudy,10,10,12
15:24:08,Mostly Cloudy,10,10,12
15:26:09,Mostly Cloudy,10,10,12
15:28:09,Mostly Cloudy,10,10,12
15:30:09,Mostly Cloudy,10,10,12
15:32:08,Mostly Cloudy,10,10,12
15:34:08,Mostly Cloudy,10,10,12
15:36:09,Mostly Cloudy,10,10,12
15:38:09,Mostly Cloudy,10,10,12
15:40:08,Mostly Cloudy,10,10,12
15:42:09,Mostly Cloudy,10,10,12
15:44:09,Mostly Cloudy,10,10,12
15:46:09,Mostly Cloudy,10,10,12
15:48:08,Mostly Cloudy,10,10,12
15:50:08,Mostly Cloudy,10,10,12
15:52:09,Mostly Cloudy,10,10,12
15:54:08,Mostly Cloudy,10,10,12
15:56:08,Mostly Cloudy,10,10,12
15:58:09,Mostly Cloudy,10,10,12
16:00:09,Mostly Cloudy,10,10,12
16:02:09,Mostly Cloudy,10,10,12
16:04:09,Mostly Cloudy,10,10,12
16:06:09,Mostly Cloudy,10,10,12
16:08:08,Mostly Cloudy,10,10,12
16:10:08,Mostly Cloudy,10,10,12
16:12:09,Mostly Cloudy,10,10,12
16:14:09,Mostly Cloudy,10,10,12
16:16:08,Mostly Cloudy,11,11,12
16:18:09,Mostly Cloudy,11,11,12
16:20:08,Mostly Cloudy,11,11,12
16:22:09,Mostly Cloudy,11,11,12
16:24:09,Mostly Cloudy,11,11,12
16:26:09,Mostly Cloudy,11,11,12
16:28:09,Mostly Cloudy,11,11,12
16:30:09,Mostly Cloudy,11,11,12
16:32:08,Mostly Cloudy,11,11,12
16:34:08,Mostly Cloudy,11,11,12
16:36:09,Mostly Cloudy,11,11,12
16:38:09,Mostly Cloudy,11,11,12
16:40:08,Mostly Cloudy,11,11,12
16:42:09,Mostly Cloudy,11,11,12
16:44:08,Mostly Cloudy,11,11,12
16:46:08,Mostly Cloudy,11,11,12
16:48:09,Mostly Cloudy,11,11,12
16:50:09,Mostly Cloudy,11,11,12
16:52:09,Mostly Cloudy,11,11,12
16:54:08,Mostly Cloudy,11,11,12
16:56:09,Mostly Cloudy,11,11,12
16:58:09,Mostly Cloudy,11,11,12
17:00:08,Mostly Cloudy,11,11,12
17:02:09,Mostly Cloudy,11,11,12
17:04:09,Mostly Cloudy,11,11,12
17:06:08,Mostly Cloudy,11,11,12
17:08:09,Mostly Cloudy,11,11,12
17:10:09,Mostly Cloudy,10,10,12
17:12:08,Mostly Cloudy,10,10,12
17:14:08,Mostly Cloudy,10,10,12
17:16:09,Mostly Cloudy,10,10,12
17:18:08,Mostly Cloudy,10,10,12
17:20:08,Mostly Cloudy,10,10,12
17:22:09,Mostly Cloudy,10,10,12
17:24:09,Mostly Cloudy,10,10,12
17:26:08,Mostly Cloudy,10,10,12
17:28:08,Mostly Cloudy,10,10,12
17:30:09,Mostly Cloudy,10,10,12
17:32:08,Mostly Cloudy,10,10,12
17:34:09,Mostly Cloudy,10,10,12
17:36:08,Mostly Cloudy,10,10,12
17:38:09,Mostly Cloudy,10,10,12
17:40:09,Mostly Cloudy,10,10,12
17:42:09,Mostly Cloudy,10,10,12
17:44:09,Mostly Cloudy,10,10,12
17:46:09,Mostly Cloudy,10,10,12
17:48:08,Mostly Cloudy,10,10,12
17:50:09,Mostly Cloudy,10,10,12
17:52:09,Mostly Cloudy,10,10,12
17:54:08,Mostly Cloudy,10,10,12
17:56:08,Mostly Cloudy,10,10,12
17:58:09,Mostly Cloudy,10,10,12
18:00:08,Mostly Cloudy,10,10,12
18:02:09,Mostly Cloudy,10,10,12
18:04:09,Mostly Cloudy,10,10,12
18:06:08,Mostly Cloudy,10,10,12
18:08:08,Mostly Cloudy,10,10,12
18:10:09,Mostly Cloudy,10,10,12
18:12:09,Mostly Cloudy,10,10,12
18:14:09,Mostly Cloudy,10,10,12
18:16:09,Mostly Cloudy,10,10,9
18:18:09,Mostly Cloudy,10,10,9
18:20:09,Mostly Cloudy,10,10,9
18:22:08,Mostly Cloudy,10,10,9
18:24:09,Mostly Cloudy,10,10,9
18:26:08,Mostly Cloudy,10,10,9
18:28:09,Mostly Cloudy,10,10,9
18:30:09,Mostly Cloudy,10,10,9
18:32:09,Mostly Cloudy,10,10,9
18:34:08,Mostly Cloudy,10,10,9
18:36:08,Mostly Cloudy,10,10,9
18:38:08,Mostly Cloudy,10,10,9
18:40:09,Mostly Cloudy,10,10,9
18:42:09,Mostly Cloudy,10,10,9
18:44:08,Mostly Cloudy,10,10,9
18:46:09,Mostly Cloudy,10,10,9
18:48:09,Mostly Cloudy,10,10,9
18:50:09,Mostly Cloudy,10,10,9
18:52:08,Mostly Cloudy,10,10,9
18:54:08,Mostly Cloudy,10,10,9
18:56:09,Mostly Cloudy,10,10,9
18:58:09,Mostly Cloudy,10,10,9
19:00:09,Mostly Cloudy,10,10,9
19:02:08,Mostly Cloudy,10,10,9
19:04:09,Mostly Cloudy,10,10,9
19:06:09,Mostly Cloudy,10,10,9
19:08:09,Mostly Cloudy,10,10,9
19:10:08,Mostly Cloudy,10,10,9
19:12:09,Mostly Cloudy,10,10,9
19:14:09,Mostly Cloudy,10,10,9
19:16:08,Mostly Cloudy,8,7,9
19:18:09,Mostly Cloudy,8,7,9
19:20:09,Mostly Cloudy,8,7,9
19:22:09,Mostly Cloudy,8,7,9
19:24:08,Mostly Cloudy,8,7,9
19:26:08,Mostly Cloudy,8,7,9
19:28:09,Mostly Cloudy,8,7,9
19:30:09,Mostly Cloudy,8,7,9
19:32:08,Mostly Cloudy,8,7,9
19:34:09,Mostly Cloudy,8,7,9
19:36:08,Mostly Cloudy,8,7,9
19:38:08,Mostly Cloudy,8,7,9
19:40:09,Mostly Cloudy,8,7,9
19:42:08,Mostly Cloudy,8,7,9
19:44:09,Mostly Cloudy,8,7,9
19:46:09,Mostly Cloudy,8,7,9
19:48:09,Mostly Cloudy,8,7,9
19:50:09,Mostly Cloudy,8,7,9
19:52:08,Mostly Cloudy,8,7,9
19:54:09,Mostly Cloudy,8,7,9
19:56:09,Mostly Cloudy,8,7,9
19:58:09,Mostly Cloudy,8,7,9
20:00:08,Mostly Cloudy,8,7,9
20:02:09,Mostly Cloudy,8,7,9
20:04:09,Mostly Cloudy,8,7,9
20:06:09,Mostly Cloudy,8,7,9
20:08:09,Mostly Cloudy,8,7,9
20:10:08,Mostly Cloudy,8,7,9
20:12:08,Mostly Cloudy,8,7,9
20:14:09,Mostly Cloudy,8,7,9
20:16:09,Mostly Cloudy,8,7,9
20:18:09,Mostly Cloudy,8,7,9
20:20:09,Mostly Cloudy,8,7,9
20:22:08,Mostly Cloudy,8,7,9
20:24:09,Mostly Cloudy,8,7,9
20:26:09,Mostly Cloudy,8,7,9
20:28:09,Mostly Cloudy,8,7,9
20:30:08,Mostly Cloudy,8,7,9
20:32:09,Mostly Cloudy,8,7,9
20:34:09,Mostly Cloudy,8,7,9
20:36:08,Mostly Cloudy,8,7,9
20:38:09,Mostly Cloudy,8,7,9
20:40:09,Mostly Cloudy,8,7,9
20:42:08,Mostly Cloudy,8,7,9
20:44:09,Mostly Cloudy,8,7,9
20:46:09,Mostly Cloudy,8,7,9
20:48:08,Mostly Cloudy,8,7,9
20:50:09,Mostly Cloudy,8,7,9
20:52:09,Mostly Cloudy,8,7,9
20:54:08,Mostly Cloudy,8,7,9
20:56:08,Mostly Cloudy,8,7,9
20:58:09,Mostly Cloudy,8,7,9
21:00:09,Mostly Cloudy,8,7,9
21:02:08,Mostly Cloudy,8,7,9
21:04:09,Mostly Cloudy,8,7,9
21:06:09,Mostly Cloudy,8,7,9
21:08:08,Mostly Cloudy,8,7,9
21:10:08,Mostly Cloudy,7,6,8
21:12:09,Mostly Cloudy,7,6,8
21:14:08,Mostly Cloudy,7,6,8
21:16:08,Mostly Cloudy,7,6,8
21:18:09,Mostly Cloudy,7,6,8
21:20:08,Mostly Cloudy,7,6,8
21:22:08,Mostly Cloudy,7,6,8
21:24:09,Mostly Cloudy,7,6,8
21:26:08,Mostly Cloudy,7,6,8
21:28:09,Mostly Cloudy,7,6,8
21:30:08,Mostly Cloudy,7,6,8
21:32:09,Mostly Cloudy,7,6,8
21:34:09,Mostly Cloudy,7,6,8
21:36:08,Mostly Cloudy,7,6,8
21:38:09,Mostly Cloudy,7,6,8
21:40:09,Mostly Cloudy,7,6,8
21:42:09,Mostly Cloudy,7,6,8
21:44:09,Mostly Cloudy,7,6,8
21:46:08,Mostly Cloudy,7,6,8
21:48:09,Mostly Cloudy,7,6,8
21:50:09,Mostly Cloudy,7,6,8
21:52:09,Mostly Cloudy,7,6,8
21:54:09,Mostly Cloudy,7,6,8
21:56:09,Mostly Cloudy,7,6,8
21:58:09,Mostly Cloudy,7,6,8
22:00:09,Mostly Cloudy,7,6,8
22:02:08,Mostly Cloudy,7,6,8
22:04:08,Mostly Cloudy,7,6,8
22:06:09,Mostly Cloudy,7,6,8
22:08:09,Mostly Cloudy,7,6,8
22:10:09,Mostly Cloudy,7,6,9
22:12:09,Mostly Cloudy,7,6,9
22:14:08,Mostly Cloudy,7,6,9
22:16:09,Mostly Cloudy,7,6,9
22:18:08,Mostly Cloudy,7,6,9
22:20:08,Mostly Cloudy,7,6,9
22:22:08,Mostly Cloudy,7,6,9
22:24:09,Mostly Cloudy,7,6,9
22:26:09,Mostly Cloudy,7,6,9
22:28:09,Mostly Cloudy,7,6,9
22:30:08,Mostly Cloudy,7,6,9
22:32:09,Mostly Cloudy,7,6,9
22:34:08,Mostly Cloudy,7,6,9
22:36:09,Mostly Cloudy,7,6,9
22:38:09,Mostly Cloudy,7,6,9
22:40:09,Mostly Cloudy,7,6,9
22:42:09,Mostly Cloudy,7,6,9
22:44:09,Mostly Cloudy,7,6,9
22:46:08,Mostly Cloudy,7,6,9
22:48:08,Mostly Cloudy,7,6,9
22:50:09,Mostly Cloudy,7,6,9
22:52:08,Mostly Cloudy,7,6,9
22:54:09,Mostly Cloudy,7,6,9
22:56:09,Mostly Cloudy,7,6,9
22:58:08,Mostly Cloudy,7,6,9
23:00:09,Mostly Cloudy,7,6,9
23:02:09,Mostly Cloudy,7,6,9
23:04:08,Mostly Cloudy,7,6,9
23:06:08,Mostly Cloudy,7,6,9
23:08:09,Mostly Cloudy,7,6,9
23:10:09,Mostly Cloudy,7,6,9
23:12:08,Mostly Cloudy,7,6,9
23:14:08,Mostly Cloudy,8,8,4
23:16:09,Mostly Cloudy,8,8,4
23:18:08,Mostly Cloudy,8,8,4
23:20:08,Mostly Cloudy,8,8,4
23:22:09,Mostly Cloudy,8,8,4
23:24:09,Mostly Cloudy,8,8,4
23:26:09,Mostly Cloudy,8,8,4
23:28:09,Mostly Cloudy,8,8,4
23:30:08,Mostly Cloudy,8,8,4
23:32:08,Mostly Cloudy,8,8,4
23:34:09,Mostly Cloudy,8,8,4
23:36:09,Mostly Cloudy,8,8,4
23:38:08,Mostly Cloudy,8,8,4
23:40:09,Mostly Cloudy,8,8,4
23:42:09,Mostly Cloudy,8,8,4
23:44:09,Mostly Cloudy,8,8,4
23:46:08,Mostly Cloudy,8,8,4
23:48:08,Mostly Cloudy,8,8,4
23:50:09,Mostly Cloudy,8,8,4
23:52:09,Mostly Cloudy,8,8,4
23:54:08,Mostly Cloudy,8,8,4
23:56:09,Mostly Cloudy,8,8,4
23:58:09,Mostly Cloudy,8,8,4
