Time,Weather,Temperature,Feels_Like,Wind_Speed
00:00:08,Light Drizzle,11,11,27
00:02:09,Light Drizzle,11,11,27
00:04:08,Light Drizzle,11,11,27
00:06:09,Light Drizzle,11,11,27
00:08:09,Light Drizzle,11,11,27
00:10:08,Light Drizzle,11,11,27
00:12:09,Light Drizzle,11,11,27
00:14:09,Light Drizzle,11,11,27
00:16:08,Light Drizzle,11,11,27
00:18:09,Light Drizzle,11,11,27
00:20:09,Light Drizzle,11,11,27
00:22:08,Light Drizzle,11,11,27
00:24:08,Light Drizzle,11,11,27
00:26:09,Light Drizzle,11,11,27
00:28:09,Light Drizzle,11,11,27
00:30:09,Light Drizzle,11,11,27
00:32:09,Light Drizzle,11,11,27
00:34:09,Light Drizzle,11,11,27
00:36:09,Light Drizzle,11,11,27
00:38:09,Light Drizzle,11,11,27
00:40:09,Light Drizzle,11,11,27
00:42:09,Light Drizzle,11,11,27
00:44:09,Light Drizzle,11,11,27
00:46:09,Light Drizzle,11,11,27
00:48:09,Light Drizzle,11,11,27
00:50:08,Light Drizzle,11,11,27
00:52:09,Light Drizzle,11,11,27
00:54:09,Light Drizzle,11,11,27
00:56:09,Light Drizzle,11,11,27
00:58:08,Light Drizzle,11,11,27
01:00:16,Light Drizzle,11,11,27
01:02:08,Light Drizzle,11,11,27
01:04:08,Light Drizzle,11,11,27
01:06:09,Light Drizzle,11,11,27
01:08:09,Light Drizzle,11,11,27
01:10:08,Light Drizzle,11,11,27
01:12:08,Light Drizzle,11,11,27
01:14:09,Light Drizzle,11,11,32
01:16:09,Light Drizzle,11,11,32
01:18:09,Light Drizzle,11,11,32
01:20:09,Light Drizzle,11,11,32
01:22:08,Light Drizzle,11,11,32
01:24:08,Light Drizzle,11,11,32
01:26:09,Light Drizzle,11,11,32
01:28:09,Light Drizzle,11,11,32
01:30:08,Light Drizzle,11,11,32
01:32:09,Light Drizzle,11,11,32
01:34:09,Light Drizzle,11,11,32
01:36:09,Light Drizzle,11,11,32
01:38:08,Light Drizzle,11,11,32
01:40:09,Light Drizzle,11,11,32
01:42:09,Light Drizzle,11,11,32
01:44:09,Light Drizzle,11,11,32
01:46:08,Light Drizzle,11,11,32
01:48:08,Light Drizzle,11,11,32
01:50:08,Light Drizzle,11,11,32
01:52:09,Light Drizzle,11,11,32
01:54:09,Light Drizzle,11,11,32
01:56:08,Light Drizzle,11,11,32
01:58:08,Light Drizzle,11,11,32
02:00:09,Light Drizzle,11,11,32
02:02:09,Light Drizzle,11,11,32
02:04:09,Light Drizzle,11,11,32
02:06:08,Light Drizzle,11,11,32
02:08:09,Light Drizzle,11,11,32
02:10:09,Light Drizzle,11,11,32
02:12:09,Light Drizzle,11,11,32
02:14:09,Light Drizzle,10,10,32
02:16:08,Light Drizzle,10,10,32
02:18:09,Light Drizzle,10,10,32
02:20:09,Light Drizzle,10,10,32
02:22:08,Light Drizzle,10,10,32
02:24:09,Light Drizzle,10,10,32
02:26:09,Light Drizzle,10,10,32
02:28:09,Light Drizzle,10,10,32
02:30:09,Light Drizzle,10,10,32
02:32:09,Light Drizzle,10,10,32
02:34:08,Light Drizzle,10,10,32
02:36:09,Light Drizzle,10,10,32
02:38:09,Light Drizzle,10,10,32
02:40:09,Light Drizzle,10,10,32
02:42:08,Light Drizzle,10,10,32
02:44:09,Light Drizzle,10,10,32
02:46:09,Light Drizzle,10,10,32
02:48:08,Light Drizzle,10,10,32
02:50:08,Light Drizzle,10,10,32
02:52:09,Light Drizzle,10,10,32
02:54:09,Light Drizzle,10,10,32
02:56:08,Light Drizzle,10,10,32
02:58:08,Light Drizzle,10,10,32
03:00:09,Light Drizzle,10,10,32
03:02:09,Light Drizzle,10,10,32
03:04:09,Light Drizzle,10,10,32
03:06:08,Light Drizzle,10,10,32
03:08:09,Light Drizzle,10,10,32
03:10:09,Light Drizzle,10,10,32
03:12:08,Light Drizzle,10,10,32
03:14:08,Light Drizzle,10,10,27
03:16:09,Light Drizzle,10,10,27
03:18:09,Light Drizzle,10,10,27
03:20:09,Light Drizzle,10,10,27
03:22:09,Light Drizzle,10,10,27
03:24:08,Light Drizzle,10,10,27
03:26:08,Light Drizzle,10,10,27
03:28:09,Light Drizzle,10,10,27
03:30:09,Light Drizzle,10,10,27
03:32:09,Light Drizzle,10,10,27
03:34:09,Light Drizzle,10,10,27
03:36:08,Light Drizzle,10,10,27
03:38:09,Light Drizzle,10,10,27
03:40:09,Light Drizzle,10,10,27
03:42:08,Light Drizzle,10,10,27
03:44:08,Light Drizzle,10,10,27
03:46:09,Light Drizzle,10,10,27
03:48:08,Light Drizzle,10,10,27
03:50:09,Light Drizzle,10,10,27
03:52:09,Light Drizzle,10,10,27
03:54:08,Light Drizzle,10,10,27
03:56:08,Light Drizzle,10,10,27
03:58:09,Light Drizzle,10,10,27
04:00:08,Light Drizzle,10,10,27
04:02:08,Light Drizzle,10,10,27
04:04:09,Light Drizzle,10,10,27
04:06:09,Light Drizzle,10,10,27
04:08:08,Light Drizzle,10,10,27
04:10:09,Light Drizzle,10,10,27
04:12:09,Light Drizzle,10,10,27
04:14:08,Cloudy,10,10,27
04:16:08,Cloudy,10,10,27
04:18:09,Cloudy,10,10,27
04:20:09,Cloudy,10,10,27
04:22:09,Cloudy,10,10,27
04:24:09,Cloudy,10,10,27
04:26:08,Cloudy,10,10,27
04:28:09,Cloudy,10,10,27
04:30:09,Cloudy,10,10,27
04:32:09,Cloudy,10,10,27
04:34:09,Cloudy,10,10,27
04:36:09,Cloudy,10,10,27
04:38:08,Cloudy,10,10,27
04:40:08,Cloudy,10,10,27
04:42:09,Cloudy,10,10,27
04:44:09,Cloudy,10,10,27
04:46:09,Cloudy,10,10,27
04:48:08,Cloudy,10,10,27
04:50:09,Cloudy,10,10,27
04:52:09,Cloudy,10,10,27
04:54:09,Cloudy,10,10,27
04:56:08,Cloudy,10,10,27
04:58:09,Cloudy,10,10,27
05:00:09,Cloudy,10,10,27
05:02:09,Cloudy,10,10,27
05:04:08,Cloudy,10,10,27
05:06:09,Cloudy,10,10,27
05:08:09,Cloudy,10,10,27
05:10:08,Cloudy,10,10,27
05:12:08,Cloudy,10,10,27
05:14:09,Cloudy / Windy,10,10,33
05:16:09,Cloudy / Windy,10,10,33
05:18:09,Cloudy / Windy,10,10,33
05:20:09,Cloudy / Windy,10,10,33
05:22:08,Cloudy / Windy,10,10,33
05:24:08,Cloudy / Windy,10,10,33
05:26:09,Cloudy / Windy,10,10,33
05:28:09,Cloudy / Windy,10,10,33
05:30:08,Cloudy / Windy,10,10,33
05:32:08,Cloudy / Windy,10,10,33
05:34:09,Cloudy / Windy,10,10,33
05:36:09,Cloudy / Windy,10,10,33
05:38:09,Cloudy / Windy,10,10,33
05:40:08,Cloudy / Windy,10,10,33
05:42:08,Cloudy / Windy,10,10,33
05:44:09,Cloudy / Windy,10,10,33
05:46:09,Cloudy / Windy,10,10,33
05:48:09,Cloudy / Windy,10,10,33
05:50:09,Cloudy / Windy,10,10,33
05:52:08,Cloudy / Windy,10,10,33
05:54:09,Cloudy / Windy,10,10,33
05:56:09,Cloudy / Windy,10,10,33
05:58:08,Cloudy / Windy,10,10,33
06:00:08,Cloudy / Windy,10,10,33
06:02:09,Cloudy / Windy,10,10,33
06:04:09,Cloudy / Windy,10,10,33
06:06:09,Cloudy / Windy,10,10,33
06:08:08,Cloudy / Windy,10,10,33
06:10:09,Cloudy / Windy,10,10,33
06:12:09,Cloudy / Windy,10,10,33
06:14:08,Light Drizzle,11,11,28
06:16:08,Light Drizzle,11,11,28
06:18:09,Light Drizzle,11,11,28
06:20:09,Light Drizzle,11,11,28
06:22:08,Light Drizzle,11,11,28
06:24:09,Light Drizzle,11,11,28
06:26:08,Light Drizzle,11,11,28
06:28:09,Light Drizzle,11,11,28
06:30:09,Light Drizzle,11,11,28
06:32:09,Light Drizzle,11,11,28
06:34:09,Light Drizzle,11,11,28
06:36:08,Light Drizzle,11,11,28
06:38:09,Light Drizzle,11,11,28
06:40:08,Light Drizzle,11,11,28
06:42:08,Light Drizzle,11,11,28
06:44:09,Light Drizzle,11,11,28
06:46:09,Light Drizzle,11,11,28
06:48:09,Light Drizzle,11,11,28
06:50:08,Light Drizzle,11,11,28
06:52:08,Light Drizzle,11,11,28
06:54:09,Light Drizzle,11,11,28
06:56:09,Light Drizzle,11,11,28
06:58:09,Light Drizzle,11,11,28
07:00:08,Light Drizzle,11,11,28
07:02:09,Light Drizzle,11,11,28
07:04:09,Light Drizzle,11,11,28
07:06:08,Light Drizzle,11,11,28
07:08:08,Mostly Cloudy / Windy,11,11,33
07:10:09,Mostly Cloudy / Windy,11,11,33
07:12:09,Mostly Cloudy / Windy,11,11,33
07:14:09,Mostly Cloudy / Windy,11,11,33
07:16:08,Mostly Cloudy / Windy,11,11,33
07:18:09,Mostly Cloudy / Windy,11,11,33
07:20:09,Mostly Cloudy / Windy,11,11,33
07:22:08,Mostly Cloudy / Windy,11,11,33
07:24:08,Mostly Cloudy / Windy,11,11,33
07:26:08,Mostly Cloudy / Windy,11,11,33
07:28:09,Mostly Cloudy / Windy,11,11,33
07:30:09,Mostly Cloudy / Windy,11,11,33
07:32:08,Mostly Cloudy / Windy,11,11,33
07:34:09,Mostly Cloudy / Windy,11,11,33
07:36:09,Mostly Cloudy / Windy,11,11,33
07:38:08,Mostly Cloudy / Windy,11,11,33
07:40:09,Mostly Cloudy / Windy,11,11,33
07:42:09,Mostly Cloudy / Windy,11,11,33
07:44:08,Mostly Cloudy / Windy,11,11,33
07:46:09,Mostly Cloudy / Windy,11,11,33
07:48:09,Mostly Cloudy / Windy,11,11,33
07:50:08,Mostly Cloudy / Windy,11,11,33
07:52:09,Mostly Cloudy / Windy,11,11,33
07:54:09,Mostly Cloudy / Windy,11,11,33
07:56:08,Mostly Cloudy / Windy,11,11,33
07:58:08,Mostly Cloudy / Windy,11,11,33
08:00:09,Mostly Cloudy / Windy,11,11,33
08:02:08,Mostly Cloudy / Windy,11,11,33
08:04:09,Mostly Cloudy / Windy,11,11,33
08:06:09,Mostly Cloudy / Windy,11,11,33
08:08:08,Mostly Cloudy / Windy,11,11,33
08:10:09,Mostly Cloudy / Windy,11,11,33
08:12:09,Mostly Cloudy / Windy,11,11,33
08:14:09,Mostly Cloudy / Windy,11,11,33
08:16:09,Mostly Cloudy / Windy,11,11,33
08:18:09,Mostly Cloudy / Windy,11,11,33
08:20:08,Mostly Cloudy / Windy,11,11,33
08:22:09,Mostly Cloudy / Windy,11,11,33
08:24:09,Mostly Cloudy / Windy,11,11,33
08:26:09,Mostly Cloudy / Windy,11,11,33
08:28:08,Mostly Cloudy / Windy,11,11,33
08:30:09,Mostly Cloudy / Windy,11,11,33
08:32:09,Mostly Cloudy / Windy,11,11,33
08:34:08,Mostly Cloudy / Windy,11,11,33
08:36:08,Mostly Cloudy / Windy,11,11,33
08:38:08,Mostly Cloudy / Windy,11,11,33
08:40:09,Mostly Cloudy / Windy,11,11,33
08:42:09,Mostly Cloudy / Windy,11,11,33
08:44:09,Mostly Cloudy,11,11,32
08:46:09,Mostly Cloudy,11,11,32
08:48:09,Mostly Cloudy,11,11,32
08:50:09,Mostly Cloudy,11,11,32
08:52:08,Mostly Cloudy,11,11,32
08:54:09,Mostly Cloudy,11,11,32
08:56:09,Mostly Cloudy,11,11,32
08:58:09,Mostly Cloudy,11,11,32
09:00:08,Mostly Cloudy,11,11,32
09:02:09,Mostly Cloudy,11,11,32
09:04:09,Mostly Cloudy,11,11,32
09:06:08,Mostly Cloudy,11,11,32
09:08:09,Mostly Cloudy,11,11,32
09:10:08,Mostly Cloudy,11,11,32
09:12:09,Mostly Cloudy,11,11,32
09:14:09,Mostly Cloudy,11,11,32
09:16:09,Mostly Cloudy,11,11,32
09:18:09,Mostly Cloudy,11,11,32
09:20:09,Mostly Cloudy,11,11,32
09:22:09,Mostly Cloudy,11,11,32
09:24:09,Mostly Cloudy,11,11,32
09:26:09,Mostly Cloudy,11,11,32
09:28:09,Mostly Cloudy,11,11,32
09:30:08,Mostly Cloudy,11,11,32
09:32:09,Mostly Cloudy,11,11,32
09:34:09,Mostly Cloudy,11,11,32
09:36:09,Mostly Cloudy,11,11,32
09:38:08,Mostly Cloudy,11,11,32
09:40:09,Mostly Cloudy,11,11,32
09:42:09,Mostly Cloudy,11,11,32
09:44:08,Mostly Cloudy,11,11,32
09:46:09,Mostly Cloudy,11,11,32
09:48:09,Mostly Cloudy,11,11,32
09:50:08,Mostly Cloudy,12,12,27
09:52:09,Mostly Cloudy,12,12,27
09:54:09,Mostly Cloudy,12,12,27
09:56:08,Mostly Cloudy,12,12,27
09:58:09,Mostly Cloudy,12,12,27
10:00:09,Mostly Cloudy,12,12,27
10:02:08,Mostly Cloudy,12,12,27
10:04:09,Mostly Cloudy,12,12,27
10:06:09,Mostly Cloudy,12,12,27
10:08:08,Mostly Cloudy,12,12,27
10:10:09,Mostly Cloudy,12,12,27
10:12:09,Mostly Cloudy,12,12,27
10:14:09,Mostly Cloudy,12,12,27
10:16:08,Mostly Cloudy,12,12,27
10:18:09,Mostly Cloudy,12,12,27
10:20:09,Mostly Cloudy,12,12,27
10:22:09,Mostly Cloudy,12,12,27
10:24:08,Mostly Cloudy,12,12,27
10:26:09,Mostly Cloudy,12,12,27
10:28:09,Mostly Cloudy,12,12,27
10:30:09,Mostly Cloudy,12,12,27
10:32:09,Mostly Cloudy,12,12,27
10:34:08,Mostly Cloudy,12,12,27
10:36:08,Mostly Cloudy,12,12,27
10:38:08,Light Drizzle / Windy,11,11,35
10:40:09,Light Drizzle / Windy,11,11,35
10:42:09,Light Drizzle / Windy,11,11,35
10:44:09,Light Drizzle / Windy,11,11,35
10:46:08,Light Drizzle / Windy,11,11,35
10:48:08,Light Drizzle / Windy,11,11,35
10:50:09,Light Drizzle / Windy,11,11,35
10:52:09,Light Drizzle / Windy,11,11,35
10:54:08,Light Drizzle / Windy,11,11,35
10:56:09,Light Drizzle / Windy,11,11,35
10:58:09,Light Drizzle / Windy,11,11,35
11:00:09,Light Drizzle / Windy,11,11,35
11:02:08,Light Drizzle / Windy,11,11,35
11:04:09,Light Drizzle / Windy,11,11,35
11:06:09,Light Drizzle / Windy,11,11,35
11:08:09,Light Drizzle / Windy,11,11,35
11:10:09,Light Drizzle / Windy,11,11,35
11:12:09,Light Drizzle / Windy,11,11,35
11:14:08,Light Drizzle / Windy,11,11,35
11:16:08,Light Drizzle / Windy,11,11,35
11:18:09,Light Drizzle / Windy,11,11,35
11:20:09,Light Drizzle / Windy,11,11,37
11:22:08,Light Drizzle / Windy,11,11,37
11:24:08,Light Drizzle / Windy,11,11,37
11:26:08,Light Drizzle / Windy,11,11,37
11:28:09,Light Drizzle / Windy,11,11,37
11:30:09,Light Drizzle / Windy,11,11,37
11:32:08,Light Drizzle / Windy,11,11,37
11:34:09,Light Drizzle / Windy,11,11,37
11:36:09,Light Drizzle / Windy,11,11,37
11:38:09,Light Drizzle / Windy,11,11,37
11:40:08,Light Drizzle / Windy,11,11,37
11:42:09,Light Drizzle / Windy,11,11,37
11:44:08,Light Rain / Windy,11,11,35
11:46:09,Light Rain / Windy,11,11,35
11:48:09,Light Rain / Windy,11,11,35
11:50:09,Light Rain / Windy,11,11,35
11:52:09,Light Rain / Windy,11,11,35
11:54:09,Light Rain / Windy,11,11,35
11:56:09,Light Rain / Windy,11,11,35
11:58:09,Light Rain / Windy,11,11,35
12:00:09,Light Rain / Windy,11,11,35
12:02:08,Light Rain / Windy,11,11,35
12:04:08,Light Rain / Windy,11,11,35
12:06:09,Light Rain / Windy,11,11,35
12:08:08,Light Rain / Windy,11,11,35
12:10:09,Light Rain / Windy,11,11,35
12:12:09,Light Rain / Windy,11,11,35
12:14:09,Mostly Cloudy / Windy,12,12,37
12:16:08,Mostly Cloudy / Windy,12,12,37
12:18:09,Mostly Cloudy / Windy,12,12,37
12:20:09,Mostly Cloudy / Windy,12,12,37
12:22:09,Mostly Cloudy / Windy,12,12,37
12:24:09,Mostly Cloudy / Windy,12,12,37
12:26:09,Mostly Cloudy / Windy,12,12,37
12:28:09,Mostly Cloudy / Windy,12,12,37
12:30:09,Mostly Cloudy / Windy,12,12,37
12:32:09,Mostly Cloudy / Windy,12,12,37
12:34:08,Mostly Cloudy / Windy,12,12,37
12:36:09,Mostly Cloudy / Windy,12,12,37
12:38:09,Mostly Cloudy / Windy,12,12,37
12:40:08,Mostly Cloudy / Windy,12,12,37
12:42:08,Mostly Cloudy / Windy,12,12,37
12:44:08,Mostly Cloudy / Windy,12,12,33
12:46:09,Mostly Cloudy / Windy,12,12,33
12:48:09,Mostly Cloudy / Windy,12,12,33
12:50:08,Mostly Cloudy / Windy,12,12,33
12:52:09,Mostly Cloudy / Windy,12,12,33
12:54:08,Mostly Cloudy / Windy,12,12,33
12:56:08,Mostly Cloudy / Windy,12,12,33
12:58:09,Mostly Cloudy / Windy,12,12,33
13:00:08,Mostly Cloudy / Windy,12,12,33
13:02:09,Mostly Cloudy / Windy,12,12,33
13:04:09,Mostly Cloudy / Windy,12,12,33
13:06:09,Mostly Cloudy / Windy,12,12,33
13:08:08,Mostly Cloudy / Windy,12,12,37
13:10:09,Mostly Cloudy / Windy,12,12,37
13:12:09,Mostly Cloudy / Windy,12,12,37
13:14:09,Mostly Cloudy / Windy,12,12,37
13:16:08,Mostly Cloudy / Windy,12,12,37
13:18:09,Mostly Cloudy / Windy,12,12,37
13:20:09,Mostly Cloudy / Windy,12,12,37
13:22:08,Mostly Cloudy / Windy,12,12,37
13:24:08,Mostly Cloudy / Windy,12,12,37
13:26:09,Mostly Cloudy / Windy,12,12,37
13:28:08,Mostly Cloudy / Windy,12,12,37
13:30:08,Mostly Cloudy / Windy,12,12,37
13:32:09,Mostly Cloudy / Windy,12,12,37
13:34:09,Mostly Cloudy / Windy,12,12,37
13:36:09,Mostly Cloudy / Windy,12,12,37
13:38:09,Mostly Cloudy / Windy,12,12,37
13:40:09,Mostly Cloudy / Windy,12,12,37
13:42:08,Mostly Cloudy / Windy,12,12,37
13:44:09,Mostly Cloudy / Windy,12,12,35
13:46:09,Mostly Cloudy / Windy,12,12,35
13:48:09,Mostly Cloudy / Windy,12,12,35
13:50:08,Mostly Cloudy / Windy,12,12,35
13:52:09,Mostly Cloudy / Windy,12,12,35
13:54:09,Mostly Cloudy / Windy,12,12,35
13:56:08,Mostly Cloudy / Windy,12,12,35
13:58:09,Mostly Cloudy / Windy,12,12,35
14:00:09,Mostly Cloudy / Windy,12,12,35
14:02:09,Mostly Cloudy / Windy,12,12,35
14:04:09,Mostly Cloudy / Windy,12,12,35
14:06:09,Mostly Cloudy / Windy,12,12,35
14:08:08,Mostly Cloudy / Windy,12,12,35
14:10:09,Mostly Cloudy / Windy,12,12,35
14:12:09,Mostly Cloudy / Windy,12,12,35
14:14:08,Mostly Cloudy / Windy,12,12,35
14:16:09,Mostly Cloudy / Windy,12,12,35
14:18:09,Mostly Cloudy / Windy,12,12,35
14:20:08,Mostly Cloudy / Windy,12,12,33
14:22:09,Mostly Cloudy / Windy,12,12,33
14:24:09,Mostly Cloudy / Windy,12,12,33
14:26:09,Mostly Cloudy / Windy,12,12,33
14:28:09,Mostly Cloudy / Windy,12,12,33
14:30:08,Mostly Cloudy / Windy,12,12,33
14:32:08,Mostly Cloudy / Windy,12,12,33
14:34:09,Mostly Cloudy / Windy,12,12,33
14:36:09,Mostly Cloudy / Windy,12,12,33
14:38:09,Mostly Cloudy / Windy,12,12,33
14:40:09,Mostly Cloudy / Windy,12,12,33
14:42:09,Mostly Cloudy / Windy,12,12,33
14:44:09,Light Rain / Windy,12,12,37
14:46:08,Light Rain / Windy,12,12,37
14:48:09,Light Rain / Windy,12,12,37
14:50:09,Light Rain / Windy,12,12,37
14:52:09,Light Rain / Windy,12,12,37
14:54:09,Light Rain / Windy,12,12,37
14:56:09,Light Rain / Windy,12,12,37
14:58:09,Light Rain / Windy,12,12,37
15:00:08,Light Rain / Windy,12,12,37
15:02:09,Light Rain / Windy,12,12,37
15:04:09,Light Rain / Windy,12,12,37
15:06:09,Light Rain / Windy,12,12,37
15:08:08,Light Rain / Windy,12,12,37
15:10:09,Light Rain / Windy,12,12,37
15:12:09,Light Rain / Windy,12,12,37
15:14:08,Mostly Cloudy / Windy,12,12,35
15:16:08,Mostly Cloudy / Windy,12,12,35
15:18:09,Mostly Cloudy / Windy,12,12,35
15:20:09,Mostly Cloudy / Windy,12,12,35
15:22:09,Mostly Cloudy / Windy,12,12,35
15:24:08,Mostly Cloudy / Windy,12,12,35
15:26:09,Mostly Cloudy / Windy,12,12,35
15:28:09,Mostly Cloudy / Windy,12,12,35
15:30:08,Mostly Cloudy / Windy,12,12,35
15:32:08,Mostly Cloudy / Windy,12,12,35
15:34:09,Mostly Cloudy / Windy,12,12,35
15:36:09,Mostly Cloudy / Windy,12,12,35
15:38:09,Mostly Cloudy / Windy,12,12,35
15:40:08,Mostly Cloudy / Windy,12,12,35
15:42:09,Mostly Cloudy / Windy,12,12,35
15:44:09,Mostly Cloudy / Windy,12,12,38
15:46:08,Mostly Cloudy / Windy,12,12,38
15:48:08,Mostly Cloudy / Windy,12,12,38
15:50:09,Mostly Cloudy / Windy,12,12,38
15:52:09,Mostly Cloudy / Windy,12,12,38
15:54:09,Mostly Cloudy / Windy,12,12,38
15:56:08,Mostly Cloudy / Windy,12,12,38
15:58:09,Mostly Cloudy / Windy,12,12,38
16:00:09,Mostly Cloudy / Windy,12,12,38
16:02:09,Mostly Cloudy / Windy,12,12,38
16:04:09,Mostly Cloudy / Windy,12,12,38
16:06:09,Mostly Cloudy / Windy,12,12,38
16:08:08,Mostly Cloudy / Windy,12,12,38
16:10:09,Mostly Cloudy / Windy,12,12,38
16:12:09,Mostly Cloudy / Windy,12,12,38
16:14:08,Light Rain / Windy,12,12,33
16:16:08,Light Rain / Windy,12,12,33
16:18:09,Light Rain / Windy,12,12,33
16:20:09,Light Rain / Windy,12,12,33
16:22:08,Light Rain / Windy,12,12,33
16:24:09,Light Rain / Windy,12,12,33
16:26:09,Light Rain / Windy,12,12,33
16:28:08,Light Rain / Windy,12,12,33
16:30:08,Light Rain / Windy,12,12,33
16:32:09,Light Rain / Windy,12,12,33
16:34:09,Light Rain / Windy,12,12,33
16:36:09,Light Rain / Windy,12,12,33
16:38:08,Light Rain / Windy,12,12,33
16:40:09,Light Rain / Windy,12,12,33
16:42:09,Light Rain / Windy,12,12,33
16:44:09,Light Rain / Windy,12,12,33
16:46:09,Light Rain / Windy,12,12,33
16:48:09,Light Rain / Windy,12,12,33
16:50:09,Light Rain / Windy,12,12,33
16:52:08,Light Rain / Windy,12,12,33
16:54:08,Light Rain / Windy,12,12,33
16:56:09,Light Rain / Windy,12,12,33
16:58:09,Light Rain / Windy,12,12,33
17:00:08,Light Rain / Windy,12,12,33
17:02:09,Light Rain / Windy,12,12,33
17:04:09,Light Rain / Windy,12,12,33
17:06:09,Light Rain / Windy,12,12,33
17:08:09,Light Rain / Windy,12,12,33
17:10:09,Light Rain / Windy,12,12,33
17:12:09,Light Rain / Windy,12,12,33
17:14:08,Light Rain / Windy,12,12,33
17:16:08,Light Rain / Windy,12,12,33
17:18:09,Light Rain / Windy,12,12,33
17:20:09,Light Rain / Windy,11,11,33
17:22:08,Light Rain / Windy,11,11,33
17:24:08,Light Rain / Windy,11,11,33
17:26:09,Light Rain / Windy,11,11,33
17:28:09,Light Rain / Windy,11,11,33
17:30:08,Light Rain / Windy,11,11,33
17:32:09,Light Rain / Windy,11,11,33
17:34:09,Light Rain / Windy,11,11,33
17:36:09,Light Rain / Windy,11,11,33
17:38:08,Light Rain / Windy,11,11,33
17:40:08,Light Rain / Windy,11,11,33
17:42:09,Light Rain / Windy,11,11,33
17:44:09,Light Rain / Windy,11,11,33
17:46:09,Light Rain / Windy,11,11,33
17:48:08,Light Rain / Windy,11,11,33
17:50:09,Light Rain / Windy,11,11,33
17:52:09,Light Rain / Windy,11,11,33
17:54:08,Light Rain / Windy,11,11,33
17:56:09,Light Rain / Windy,11,11,33
17:58:09,Light Rain / Windy,11,11,33
18:00:08,Light Rain / Windy,11,11,33
18:02:08,Light Rain / Windy,11,11,33
18:04:09,Light Rain / Windy,11,11,33
18:06:09,Light Rain / Windy,11,11,33
18:08:09,Light Rain / Windy,11,11,33
18:10:09,Light Rain / Windy,11,11,33
18:12:09,Light Rain / Windy,11,11,33
18:14:09,Mostly Cloudy,11,11,25
18:16:08,Mostly Cloudy,11,11,25
18:18:09,Mostly Cloudy,11,11,25
18:20:09,Mostly Cloudy,11,11,25
18:22:09,Mostly Cloudy,11,11,25
18:24:09,Mostly Cloudy,11,11,25
18:26:09,Mostly Cloudy,11,11,25
18:28:09,Mostly Cloudy,11,11,25
18:30:08,Mostly Cloudy,11,11,25
18:32:09,Mostly Cloudy,11,11,25
18:34:08,Mostly Cloudy,11,11,25
18:36:08,Mostly Cloudy,11,11,25
18:38:09,Mostly Cloudy,11,11,25
18:40:09,Mostly Cloudy,11,11,25
18:42:09,Mostly Cloudy,11,11,25
18:44:09,Mostly Cloudy,11,11,25
18:46:09,Mostly Cloudy,11,11,25
18:48:09,Mostly Cloudy,11,11,25
18:50:08,Mostly Cloudy,11,11,25
18:52:09,Mostly Cloudy,11,11,25
18:54:09,Mostly Cloudy,11,11,25
18:56:09,Mostly Cloudy,11,11,25
18:58:08,Mostly Cloudy,11,11,25
19:00:09,Mostly Cloudy,11,11,25
19:02:09,Mostly Cloudy,11,11,25
19:04:08,Mostly Cloudy,11,11,25
19:06:08,Mostly Cloudy,11,11,25
19:08:09,Mostly Cloudy,11,11,25
19:10:09,Mostly Cloudy,11,11,25
19:12:09,Mostly Cloudy,10,10,22
19:14:09,Mostly Cloudy,10,10,22
19:16:09,Mostly Cloudy,10,10,22
19:18:08,Mostly Cloudy,10,10,22
19:20:09,Mostly Cloudy,10,10,22
19:22:09,Mostly Cloudy,10,10,22
19:24:08,Mostly Cloudy,10,10,22
19:26:08,Mostly Cloudy,10,10,22
19:28:09,Mostly Cloudy,10,10,22
19:30:09,Mostly Cloudy,10,10,22
19:32:09,Mostly Cloudy,10,10,22
19:34:09,Mostly Cloudy,10,10,22
19:36:09,Mostly Cloudy,10,10,22
19:38:08,Mostly Cloudy,10,10,22
19:40:09,Mostly Cloudy,10,10,22
19:42:09,Mostly Cloudy,10,10,22
19:44:08,Mostly Cloudy,10,10,22
19:46:09,Mostly Cloudy,10,10,22
19:48:09,Mostly Cloudy,10,10,22
19:50:08,Mostly Cloudy,10,10,22
19:52:09,Mostly Cloudy,10,10,22
19:54:09,Mostly Cloudy,10,10,22
19:56:09,Mostly Cloudy,10,10,22
19:58:09,Mostly Cloudy,10,10,22
20:00:09,Mostly Cloudy,10,10,22
20:02:08,Mostly Cloudy,10,10,22
20:04:09,Mostly Cloudy,10,10,22
20:06:09,Mostly Cloudy,10,10,22
20:08:08,Mostly Cloudy,10,10,22
20:10:09,Mostly Cloudy,10,10,22
20:12:09,Mostly Cloudy,10,10,19
20:14:08,Mostly Cloudy,10,10,19
20:16:08,Mostly Cloudy,10,10,19
20:18:09,Mostly Cloudy,10,10,19
20:20:09,Mostly Cloudy,10,10,19
20:22:08,Mostly Cloudy,10,10,19
20:24:09,Mostly Cloudy,10,10,19
20:26:09,Mostly Cloudy,10,10,19
20:28:09,Mostly Cloudy,10,10,19
20:30:08,Mostly Cloudy,10,10,19
20:32:09,Mostly Cloudy,10,10,19
20:34:09,Mostly Cloudy,10,10,19
20:36:09,Mostly Cloudy,10,10,19
20:38:09,Mostly Cloudy,10,10,19
20:40:08,Mostly Cloudy,10,10,19
20:42:08,Mostly Cloudy,10,10,19
20:44:09,Mostly Cloudy,10,10,19
20:46:09,Mostly Cloudy,10,10,19
20:48:09,Mostly Cloudy,10,10,19
20:50:08,Mostly Cloudy,10,10,19
20:52:09,Mostly Cloudy,10,10,19
20:54:09,Mostly Cloudy,10,10,19
20:56:08,Mostly Cloudy,10,10,19
20:58:08,Mostly Cloudy,10,10,19
21:00:09,Mostly Cloudy,10,10,19
21:02:09,Mostly Cloudy,10,10,19
21:04:08,Mostly Cloudy,10,10,19
21:06:09,Mostly Cloudy,10,10,19
21:08:09,Mostly Cloudy,10,10,19
21:10:09,Mostly Cloudy,10,10,19
21:12:08,Mostly Cloudy,10,10,19
21:14:09,Mostly Cloudy,10,10,19
21:16:09,Mostly Cloudy,10,10,19
21:18:09,Light Rain,10,10,22
21:20:09,Light Rain,10,10,22
21:22:08,Light Rain,10,10,22
21:24:08,Light Rain,10,10,22
21:26:09,Light Rain,10,10,22
21:28:09,Light Rain,10,10,22
21:30:08,Light Rain,10,10,22
21:32:09,Light Rain,10,10,22
21:34:09,Light Rain,10,10,22
21:36:08,Light Rain,10,10,22
21:38:09,Light Rain,10,10,22
21:40:09,Light Rain,10,10,22
21:42:09,Light Rain,10,10,22
21:44:08,Light Rain,10,10,22
21:46:08,Light Rain,10,10,22
21:48:09,Light Rain,10,10,22
21:50:09,Light Rain,10,10,22
21:52:08,Light Rain,10,10,22
21:54:09,Light Rain,10,10,22
21:56:09,Light Rain,10,10,22
21:58:08,Light Rain,10,10,22
22:00:08,Light Rain,10,10,22
22:02:09,Light Rain,10,10,22
22:04:09,Light Rain,10,10,22
22:06:09,Light Rain,10,10,22
22:08:08,Light Rain,10,10,22
22:10:09,Light Rain,10,10,22
22:12:09,Mostly Cloudy,10,10,20
22:14:08,Mostly Cloudy,10,10,20
22:16:08,Mostly Cloudy,10,10,20
22:18:09,Mostly Cloudy,10,10,20
22:20:09,Mostly Cloudy,10,10,20
22:22:08,Mostly Cloudy,10,10,20
22:24:09,Mostly Cloudy,10,10,20
22:26:09,Mostly Cloudy,10,10,20
22:28:09,Mostly Cloudy,10,10,20
22:30:09,Mostly Cloudy,10,10,20
22:32:09,Mostly Cloudy,10,10,20
22:34:09,Mostly Cloudy,10,10,20
22:36:09,Mostly Cloudy,10,10,20
22:38:08,Mostly Cloudy,10,10,20
22:40:09,Mostly Cloudy,10,10,20
22:42:09,Mostly Cloudy,10,10,20
22:44:09,Mostly Cloudy,10,10,20
22:46:08,Mostly Cloudy,10,10,20
22:48:08,Mostly Cloudy,10,10,20
22:50:09,Mostly Cloudy,10,10,20
22:52:09,Mostly Cloudy,10,10,20
22:54:08,Mostly Cloudy,10,10,20
22:56:08,Mostly Cloudy,10,10,20
22:58:09,Mostly Cloudy,10,10,20
23:00:09,Mostly Cloudy,10,10,20
23:02:09,Mostly Cloudy,10,10,20
23:04:09,Mostly Cloudy,10,10,20
23:06:09,Mostly Cloudy,10,10,20
23:08:09,Mostly Cloudy,10,10,20
23:10:09,Mostly Cloudy,10,10,20
23:12:08,Mostly Cloudy,10,10,20
23:14:09,Mostly Cloudy,10,10,20
23:16:09,Mostly Cloudy,10,10,20
23:18:08,Mostly Cloudy,8,6,20
23:20:09,Mostly Cloudy,8,6,20
23:22:09,Mostly Cloudy,8,6,20
23:24:09,Mostly Cloudy,8,6,20
23:26:08,Mostly Cloudy,8,6,20
23:28:09,Mostly Cloudy,8,6,20
23:30:09,Mostly Cloudy,8,6,20
23:32:08,Mostly Cloudy,8,6,20
23:34:09,Mostly Cloudy,8,6,20
23:36:09,Mostly Cloudy,8,6,20
23:38:08,Mostly Cloudy,8,6,20
23:40:09,Mostly Cloudy,8,6,20
23:42:09,Mostly Cloudy,8,6,20
23:44:09,Mostly Cloudy,8,6,20
23:46:09,Mostly Cloudy,8,6,20
23:48:08,Mostly Cloudy,8,6,20
23:50:09,Mostly Cloudy,8,6,20
23:52:09,Mostly Cloudy,8,6,20
23:54:09,Mostly Cloudy,8,6,20
23:56:08,Mostly Cloudy,8,6,20
23:58:09,Mostly Cloudy,8,6,20
