Time,Weather,Temperature,Feels_Like,Wind_Speed
00:00:08,Partly Cloudy / Windy,2,-3,33
00:02:08,Partly Cloudy / Windy,2,-3,33
00:04:09,Partly Cloudy / Windy,2,-3,33
00:06:09,Partly Cloudy / Windy,2,-3,33
00:08:08,Partly Cloudy / Windy,2,-3,33
00:10:08,Partly Cloudy / Windy,2,-3,33
00:12:09,Partly Cloudy / Windy,2,-3,33
00:14:09,Fair,1,-5,28
00:16:09,Fair,1,-5,28
00:18:08,Fair,1,-5,28
00:20:09,Fair,1,-5,28
00:22:09,Fair,1,-5,28
00:24:09,Fair,1,-5,28
00:26:08,Fair,1,-5,28
00:28:08,Fair,1,-5,28
00:30:09,Fair,1,-5,28
00:32:09,Fair,1,-5,28
00:34:08,Fair,1,-5,28
00:36:09,Fair,1,-5,28
00:38:09,Fair,1,-5,28
00:40:08,Fair,1,-5,28
00:42:08,Fair,1,-5,28
00:44:09,Fair,1,-5,28
00:46:09,Fair,1,-5,28
00:48:08,Fair,1,-5,28
00:50:08,Fair,1,-5,28
00:52:09,Fair,1,-5,28
00:54:09,Fair,1,-5,28
00:56:09,Fair,1,-5,28
00:58:09,Fair,1,-5,28
01:00:16,Fair,1,-5,28
01:02:09,Fair,1,-5,28
01:04:08,Fair,1,-5,28
01:06:08,Fair,1,-5,28
01:08:09,Fair,1,-5,27
01:10:09,Fair,1,-5,27
01:12:09,Fair,1,-5,27
01:14:08,Fair,1,-5,27
01:16:09,Fair,1,-5,27
01:18:09,Fair,1,-5,27
01:20:09,Fair,1,-5,27
01:22:08,Fair,1,-5,27
01:24:08,Fair,1,-5,27
01:26:09,Fair,1,-5,27
01:28:09,Fair,1,-5,27
01:30:09,Fair,1,-5,27
01:32:08,Fair,1,-5,27
01:34:09,Fair,1,-5,27
01:36:09,Fair,1,-5,27
01:38:08,Fair,1,-5,27
01:40:09,Fair,1,-5,27
01:42:09,Fair,1,-5,27
01:44:09,Fair,1,-5,27
01:46:08,Fair,1,-5,27
01:48:08,Fair,1,-5,27
01:50:08,Fair,1,-5,27
01:52:09,Fair,1,-5,27
01:54:09,Fair,1,-5,27
01:56:08,Fair,1,-5,27
01:58:09,Fair,1,-5,27
02:00:08,Fair,1,-5,27
02:02:08,Fair,1,-5,27
02:04:09,Fair,1,-5,27
02:06:09,Fair,1,-5,27
02:08:09,Fair,1,-5,27
02:10:09,Fair,1,-5,27
02:12:09,Fair,1,-5,27
02:14:08,Fair,1,-5,27
02:16:09,Fair,1,-5,27
02:18:08,Fair,1,-5,27
02:20:08,Fair,1,-5,27
02:22:09,Fair,1,-5,27
02:24:09,Fair,1,-5,27
02:26:08,Fair,1,-5,27
02:28:08,Fair,1,-5,27
02:30:08,Fair,1,-5,27
02:32:09,Fair,1,-5,27
02:34:09,Fair,1,-5,27
02:36:08,Fair,1,-5,27
02:38:09,Fair,1,-5,27
02:40:09,Fair,1,-5,27
02:42:09,Fair,1,-5,27
02:44:09,Fair,1,-5,27
02:46:08,Fair,1,-5,27
02:48:09,Fair,1,-5,27
02:50:09,Fair,1,-5,27
02:52:08,Fair,1,-5,27
02:54:08,Fair,1,-5,27
02:56:09,Fair,1,-5,27
02:58:09,Fair,1,-5,27
03:00:08,Fair,1,-5,27
03:02:09,Fair,1,-5,27
03:04:09,Fair,1,-5,27
03:06:09,Fair,1,-5,27
03:08:09,Fair,1,-5,27
03:10:08,Fair,1,-5,27
03:12:09,Fair,1,-5,27
03:14:09,Fair,1,-5,28
03:16:09,Fair,1,-5,28
03:18:09,Fair,1,-5,28
03:20:09,Fair,1,-5,28
03:22:08,Fair,1,-5,28
03:24:08,Fair,1,-5,28
03:26:09,Fair,1,-5,28
03:28:09,Fair,1,-5,28
03:30:08,Fair,1,-5,28
03:32:09,Fair,1,-5,28
03:34:09,Fair,1,-5,28
03:36:09,Fair,1,-5,28
03:38:09,Fair,1,-5,28
03:40:09,Fair,1,-5,28
03:42:08,Fair,1,-5,28
03:44:08,Fair,1,-5,28
03:46:09,Fair,1,-5,28
03:48:09,Fair,1,-5,28
03:50:09,Fair,1,-5,28
03:52:08,Fair,1,-5,28
03:54:09,Fair,1,-5,28
03:56:09,Fair,1,-5,28
03:58:09,Fair,1,-5,28
04:00:08,Fair,1,-5,28
04:02:09,Fair,1,-5,28
04:04:09,Fair,1,-5,28
04:06:09,Fair,1,-5,28
04:08:09,Fair,1,-5,28
04:10:08,Fair,1,-5,28
04:12:08,Partly Cloudy / Windy,1,-5,33
04:14:09,Partly Cloudy / Windy,1,-5,33
04:16:09,Partly Cloudy / Windy,1,-5,33
04:18:08,Partly Cloudy / Windy,1,-5,33
04:20:08,Partly Cloudy / Windy,1,-5,33
04:22:09,Partly Cloudy / Windy,1,-5,33
04:24:09,Partly Cloudy / Windy,1,-5,33
04:26:08,Partly Cloudy / Windy,1,-5,33
04:28:08,Partly Cloudy / Windy,1,-5,33
04:30:09,Partly Cloudy / Windy,1,-5,33
04:32:09,Partly Cloudy / Windy,1,-5,33
04:34:09,Partly Cloudy / Windy,1,-5,33
04:36:08,Partly Cloudy / Windy,1,-5,33
04:38:09,Partly Cloudy / Windy,1,-5,33
04:40:09,Partly Cloudy / Windy,1,-5,33
04:42:09,Partly Cloudy / Windy,1,-5,33
04:44:08,Partly Cloudy / Windy,1,-5,33
04:46:09,Partly Cloudy / Windy,1,-5,33
04:48:09,Partly Cloudy / Windy,1,-5,33
04:50:09,Partly Cloudy / Windy,1,-5,33
04:52:09,Partly Cloudy / Windy,1,-5,33
04:54:09,Partly Cloudy / Windy,1,-5,33
04:56:09,Partly Cloudy / Windy,1,-5,33
04:58:08,Partly Cloudy / Windy,1,-5,33
05:00:09,Partly Cloudy / Windy,1,-5,33
05:02:09,Partly Cloudy / Windy,1,-5,33
05:04:09,Partly Cloudy / Windy,1,-5,33
05:06:08,Partly Cloudy / Windy,1,-5,33
05:08:09,Partly Cloudy / Windy,1,-5,33
05:10:09,Partly Cloudy / Windy,1,-5,33
05:12:09,Fair,1,-5,32
05:14:09,Fair,1,-5,32
05:16:09,Fair,1,-5,32
05:18:09,Fair,1,-5,32
05:20:09,Fair,1,-5,32
05:22:08,Fair,1,-5,32
05:24:08,Fair,1,-5,32
05:26:09,Fair,1,-5,32
05:28:09,Fair,1,-5,32
05:30:09,Fair,1,-5,32
05:32:09,Fair,1,-5,32
05:34:09,Fair,1,-5,32
05:36:09,Fair,1,-5,32
05:38:08,Fair,1,-5,32
05:40:09,Fair,1,-5,32
05:42:09,Fair,1,-5,32
05:44:09,Fair,1,-5,32
05:46:08,Fair,1,-5,32
05:48:09,Fair,1,-5,32
05:50:08,Fair,1,-5,32
05:52:09,Fair,1,-5,32
05:54:09,Fair,1,-5,32
05:56:09,Fair,1,-5,32
05:58:08,Fair,1,-5,32
06:00:09,Fair,1,-5,32
06:02:09,Fair,1,-5,32
06:04:09,Fair,1,-5,32
06:06:09,Fair,1,-5,32
06:08:08,Fair,1,-5,32
06:10:08,Fair,1,-5,32
06:12:09,Showers in the Vicinity,1,-5,32
06:14:09,Showers in the Vicinity,1,-5,32
06:16:09,Showers in the Vicinity,1,-5,32
06:18:09,Showers in the Vicinity,1,-5,32
06:20:09,Showers in the Vicinity,1,-5,32
06:22:09,Showers in the Vicinity,1,-5,32
06:24:08,Showers in the Vicinity,1,-5,32
06:26:09,Showers in the Vicinity,1,-5,32
06:28:08,Showers in the Vicinity,1,-5,32
06:30:08,Showers in the Vicinity,1,-5,32
06:32:09,Showers in the Vicinity,1,-5,32
06:34:09,Showers in the Vicinity,1,-5,32
06:36:08,Showers in the Vicinity,1,-5,32
06:38:09,Showers in the Vicinity,1,-5,32
06:40:09,Showers in the Vicinity,1,-5,32
06:42:09,Showers in the Vicinity,1,-5,32
06:44:09,Showers in the Vicinity,1,-5,32
06:46:09,Showers in the Vicinity,1,-5,32
06:48:09,Showers in the Vicinity,1,-5,32
06:50:08,Showers in the Vicinity,1,-5,32
06:52:09,Showers in the Vicinity,1,-5,32
06:54:09,Showers in the Vicinity,1,-5,32
06:56:09,Showers in the Vicinity,1,-5,32
06:58:09,Showers in the Vicinity,1,-5,32
07:00:09,Showers in the Vicinity,1,-5,32
07:02:09,Showers in the Vicinity,1,-5,32
07:04:08,Showers in the Vicinity,1,-5,32
07:06:08,Showers in the Vicinity,1,-5,32
07:08:09,Showers in the Vicinity,1,-5,32
07:10:09,Showers in the Vicinity,1,-5,32
07:12:09,Fair,1,-5,32
07:14:08,Fair,1,-5,32
07:16:08,Fair,1,-5,32
07:18:09,Fair,1,-5,32
07:20:08,Fair,1,-5,32
07:22:09,Fair,1,-5,32
07:24:09,Fair,1,-5,32
07:26:09,Fair,1,-5,32
07:28:09,Fair,1,-5,32
07:30:08,Fair,1,-5,32
07:32:09,Fair,1,-5,32
07:34:09,Fair,1,-5,32
07:36:09,Fair,1,-5,32
07:38:08,Fair,1,-5,32
07:40:08,Fair,1,-5,32
07:42:09,Fair,1,-5,32
07:44:08,Fair,1,-5,32
07:46:09,Fair,1,-5,32
07:48:09,Fair,1,-5,32
07:50:09,Fair,1,-5,32
07:52:08,Fair,1,-5,32
07:54:08,Fair,1,-5,32
07:56:09,Fair,1,-5,32
07:58:09,Fair,1,-5,32
08:00:09,Fair,1,-5,32
08:02:09,Fair,1,-5,32
08:04:09,Fair,1,-5,32
08:06:09,Fair,1,-5,32
08:08:09,Fair,1,-5,32
08:10:09,Fair,2,-3,32
08:12:08,Fair,2,-3,32
08:14:08,Fair,2,-3,32
08:16:08,Fair,2,-3,32
08:18:09,Fair,2,-3,32
08:20:09,Fair,2,-3,32
08:22:08,Fair,2,-3,32
08:24:09,Fair,2,-3,32
08:26:09,Fair,2,-3,32
08:28:09,Fair,2,-3,32
08:30:09,Fair,2,-3,32
08:32:09,Fair,2,-3,32
08:34:09,Fair,2,-3,32
08:36:09,Fair,2,-3,32
08:38:08,Fair,2,-3,32
08:40:08,Fair,2,-3,32
08:42:09,Fair,2,-3,32
08:44:09,Fair,2,-3,32
08:46:08,Fair,2,-3,32
08:48:09,Fair,2,-3,32
08:50:09,Fair,2,-3,32
08:52:09,Fair,2,-3,32
08:54:08,Fair,2,-3,32
08:56:09,Fair,2,-3,32
08:58:09,Fair,2,-3,32
09:00:08,Fair,2,-3,32
09:02:08,Fair,2,-3,32
09:04:09,Fair,2,-3,32
09:06:08,Fair,2,-3,32
09:08:09,Fair,2,-3,32
09:10:09,Fair / Windy,2,-2,35
09:12:08,Fair / Windy,2,-2,35
09:14:08,Fair / Windy,2,-2,35
09:16:08,Fair / Windy,2,-2,35
09:18:09,Fair / Windy,2,-2,35
09:20:08,Fair / Windy,2,-2,35
09:22:08,Fair / Windy,2,-2,35
09:24:09,Fair / Windy,2,-2,35
09:26:09,Fair / Windy,2,-2,35
09:28:09,Fair / Windy,2,-2,35
09:30:08,Fair / Windy,2,-2,35
09:32:09,Fair / Windy,2,-2,35
09:34:09,Fair / Windy,2,-2,35
09:36:09,Fair / Windy,2,-2,35
09:38:08,Fair / Windy,2,-2,35
09:40:09,Mostly Cloudy / Windy,3,-1,33
09:42:09,Mostly Cloudy / Windy,3,-1,33
09:44:09,Mostly Cloudy / Windy,3,-1,33
09:46:08,Mostly Cloudy / Windy,3,-1,33
09:48:09,Mostly Cloudy / Windy,3,-1,33
09:50:09,Mostly Cloudy / Windy,3,-1,33
09:52:09,Mostly Cloudy / Windy,3,-1,33
09:54:08,Mostly Cloudy / Windy,3,-1,33
09:56:08,Mostly Cloudy / Windy,3,-1,33
09:58:09,Mostly Cloudy / Windy,3,-1,33
10:00:09,Mostly Cloudy / Windy,3,-1,33
10:02:08,Mostly Cloudy / Windy,3,-1,33
10:04:08,Mostly Cloudy / Windy,3,-1,33
10:06:09,Mostly Cloudy / Windy,3,-1,33
10:08:09,Mostly Cloudy / Windy,3,-1,33
10:10:09,Mostly Cloudy / Windy,3,-1,33
10:12:09,Mostly Cloudy / Windy,3,-1,33
10:14:09,Mostly Cloudy / Windy,3,-1,33
10:16:09,Mostly Cloudy,2,-2,32
10:18:09,Mostly Cloudy,2,-2,32
10:20:09,Mostly Cloudy,2,-2,32
10:22:09,Mostly Cloudy,2,-2,32
10:24:08,Mostly Cloudy,2,-2,32
10:26:09,Mostly Cloudy,2,-2,32
10:28:09,Mostly Cloudy,2,-2,32
10:30:08,Mostly Cloudy,2,-2,32
10:32:09,Mostly Cloudy,2,-2,32
10:34:09,Mostly Cloudy,2,-2,32
10:36:09,Mostly Cloudy,2,-2,32
10:38:09,Mostly Cloudy,2,-2,32
10:40:09,Mostly Cloudy,2,-2,32
10:42:08,Mostly Cloudy,2,-2,32
10:44:08,Mostly Cloudy,2,-2,32
10:46:09,Mostly Cloudy / Windy,5,0,33
10:48:09,Mostly Cloudy / Windy,5,0,33
10:50:08,Mostly Cloudy / Windy,5,0,33
10:52:08,Mostly Cloudy / Windy,5,0,33
10:54:09,Mostly Cloudy / Windy,5,0,33
10:56:09,Mostly Cloudy / Windy,5,0,33
10:58:09,Mostly Cloudy / Windy,5,0,33
11:00:08,Mostly Cloudy / Windy,5,0,33
11:02:09,Mostly Cloudy / Windy,5,0,33
11:04:09,Mostly Cloudy / Windy,5,0,33
11:06:08,Mostly Cloudy / Windy,5,0,33
11:08:08,Mostly Cloudy / Windy,5,0,33
11:10:09,Mostly Cloudy,5,0,32
11:12:09,Mostly Cloudy,5,0,32
11:14:08,Mostly Cloudy,5,0,32
11:16:09,Mostly Cloudy,5,0,32
11:18:09,Mostly Cloudy,5,0,32
11:20:08,Mostly Cloudy,5,0,32
11:22:09,Mostly Cloudy,5,0,32
11:24:09,Mostly Cloudy,5,0,32
11:26:09,Mostly Cloudy,5,0,32
11:28:08,Mostly Cloudy,5,0,32
11:30:09,Mostly Cloudy,5,0,32
11:32:09,Mostly Cloudy,5,0,32
11:34:09,Mostly Cloudy,5,0,32
11:36:08,Mostly Cloudy,5,0,32
11:38:09,Mostly Cloudy,5,0,32
11:40:09,Mostly Cloudy,5,0,32
11:42:08,Mostly Cloudy,5,0,32
11:44:09,Mostly Cloudy,5,0,32
11:46:09,Mostly Cloudy,6,1,32
11:48:09,Mostly Cloudy,6,1,32
11:50:08,Mostly Cloudy,6,1,32
11:52:08,Mostly Cloudy,6,1,32
11:54:08,Mostly Cloudy,6,1,32
11:56:09,Mostly Cloudy,6,1,32
11:58:09,Mostly Cloudy,6,1,32
12:00:08,Mostly Cloudy,6,1,32
12:02:09,Mostly Cloudy,6,1,32
12:04:09,Mostly Cloudy,6,1,32
12:06:09,Mostly Cloudy,6,1,32
12:08:08,Mostly Cloudy,6,1,32
12:10:08,Mostly Cloudy,6,1,32
12:12:09,Mostly Cloudy,6,1,32
12:14:09,Mostly Cloudy,6,1,32
12:16:09,Mostly Cloudy,7,2,27
12:18:09,Mostly Cloudy,7,2,27
12:20:09,Mostly Cloudy,7,2,27
12:22:09,Mostly Cloudy,7,2,27
12:24:09,Mostly Cloudy,7,2,27
12:26:09,Mostly Cloudy,7,2,27
12:28:09,Mostly Cloudy,7,2,27
12:30:09,Mostly Cloudy,7,2,27
12:32:09,Mostly Cloudy,7,2,27
12:34:08,Mostly Cloudy,7,2,27
12:36:09,Mostly Cloudy,7,2,27
12:38:09,Mostly Cloudy,7,2,27
12:40:08,Mostly Cloudy,7,2,27
12:42:09,Mostly Cloudy,7,2,27
12:44:09,Mostly Cloudy,7,2,27
12:46:09,Mostly Cloudy,6,1,27
12:48:09,Mostly Cloudy,6,1,27
12:50:08,Mostly Cloudy,6,1,27
12:52:08,Mostly Cloudy,6,1,27
12:54:09,Mostly Cloudy,6,1,27
12:56:09,Mostly Cloudy,6,1,27
12:58:08,Mostly Cloudy,6,1,27
13:00:09,Mostly Cloudy,6,1,27
13:02:09,Mostly Cloudy,6,1,27
13:04:09,Mostly Cloudy,6,1,27
13:06:08,Mostly Cloudy,6,1,27
13:08:09,Mostly Cloudy,6,1,27
13:10:09,Mostly Cloudy,6,1,27
13:12:08,Mostly Cloudy,6,1,27
13:14:08,Mostly Cloudy,6,1,27
13:16:09,Mostly Cloudy,7,2,25
13:18:09,Mostly Cloudy,7,2,25
13:20:09,Mostly Cloudy,7,2,25
13:22:08,Mostly Cloudy,7,2,25
13:24:09,Mostly Cloudy,7,2,25
13:26:09,Mostly Cloudy,7,2,25
13:28:09,Mostly Cloudy,7,2,25
13:30:08,Mostly Cloudy,7,2,25
13:32:08,Mostly Cloudy,7,2,25
13:34:08,Mostly Cloudy,7,2,25
13:36:09,Mostly Cloudy,7,2,25
13:38:09,Mostly Cloudy,7,2,25
13:40:09,Mostly Cloudy,7,3,22
13:42:08,Mostly Cloudy,7,3,22
13:44:08,Mostly Cloudy,7,3,22
13:46:09,Mostly Cloudy,7,3,22
13:48:09,Mostly Cloudy,7,3,22
13:50:08,Mostly Cloudy,7,3,22
13:52:08,Mostly Cloudy,7,3,22
13:54:09,Mostly Cloudy,7,3,22
13:56:09,Mostly Cloudy,7,3,22
13:58:09,Mostly Cloudy,7,3,22
14:00:08,Mostly Cloudy,7,3,22
14:02:09,Mostly Cloudy,7,3,22
14:04:09,Mostly Cloudy,7,3,22
14:06:08,Mostly Cloudy,7,3,22
14:08:09,Mostly Cloudy,7,3,22
14:10:09,Mostly Cloudy,7,3,22
14:12:09,Mostly Cloudy,7,3,22
14:14:09,Mostly Cloudy,7,3,22
14:16:08,Mostly Cloudy,8,6,22
14:18:09,Mostly Cloudy,8,6,22
14:20:09,Mostly Cloudy,8,6,22
14:22:08,Mostly Cloudy,8,6,22
14:24:09,Mostly Cloudy,8,6,22
14:26:09,Mostly Cloudy,8,6,22
14:28:08,Mostly Cloudy,8,6,22
14:30:08,Mostly Cloudy,8,6,22
14:32:09,Mostly Cloudy,8,6,22
14:34:09,Mostly Cloudy,8,6,22
14:36:08,Mostly Cloudy,8,6,22
14:38:08,Mostly Cloudy,8,6,22
14:40:09,Partly Cloudy,7,2,28
14:42:09,Partly Cloudy,7,2,28
14:44:08,Partly Cloudy,7,2,28
14:46:08,Partly Cloudy,7,2,28
14:48:09,Partly Cloudy,7,2,28
14:50:09,Partly Cloudy,7,2,28
14:52:09,Partly Cloudy,7,2,28
14:54:08,Partly Cloudy,7,2,28
14:56:08,Partly Cloudy,7,2,28
14:58:08,Partly Cloudy,7,2,28
15:00:09,Partly Cloudy,7,2,28
15:02:09,Partly Cloudy,7,2,28
15:04:08,Partly Cloudy,7,2,28
15:06:08,Partly Cloudy,7,2,28
15:08:08,Partly Cloudy,7,2,28
15:10:09,Partly Cloudy,7,2,28
15:12:09,Partly Cloudy,7,2,28
15:14:09,Partly Cloudy,7,2,28
15:16:08,Mostly Cloudy,7,3,24
15:18:09,Mostly Cloudy,7,3,24
15:20:09,Mostly Cloudy,7,3,24
15:22:09,Mostly Cloudy,7,3,24
15:24:08,Mostly Cloudy,7,3,24
15:26:09,Mostly Cloudy,7,3,24
15:28:09,Mostly Cloudy,7,3,24
15:30:09,Mostly Cloudy,7,3,24
15:32:08,Mostly Cloudy,7,3,24
15:34:08,Mostly Cloudy,7,3,24
15:36:08,Mostly Cloudy,7,3,24
15:38:09,Mostly Cloudy,7,3,24
15:40:09,Mostly Cloudy,7,3,22
15:42:09,Mostly Cloudy,7,3,22
15:44:08,Mostly Cloudy,7,3,22
15:46:08,Mostly Cloudy,7,3,22
15:48:09,Mostly Cloudy,7,3,22
15:50:09,Mostly Cloudy,7,3,22
15:52:08,Mostly Cloudy,7,3,22
15:54:09,Mostly Cloudy,7,3,22
15:56:09,Mostly Cloudy,7,3,22
15:58:09,Mostly Cloudy,7,3,22
16:00:08,Mostly Cloudy,7,3,22
16:02:09,Mostly Cloudy,7,3,22
16:04:09,Mostly Cloudy,7,3,22
16:06:08,Mostly Cloudy,7,3,22
16:08:09,Mostly Cloudy,7,3,22
16:10:09,Mostly Cloudy,7,3,22
16:12:08,Mostly Cloudy,7,3,22
16:14:08,Mostly Cloudy,7,3,22
16:16:08,Mostly Cloudy,6,1,25
16:18:09,Mostly Cloudy,6,1,25
16:20:09,Mostly Cloudy,6,1,25
16:22:09,Mostly Cloudy,6,1,25
16:24:08,Mostly Cloudy,6,1,25
16:26:09,Mostly Cloudy,6,1,25
16:28:09,Mostly Cloudy,6,1,25
16:30:08,Mostly Cloudy,6,1,25
16:32:09,Mostly Cloudy,6,1,25
16:34:09,Mostly Cloudy,6,1,25
16:36:09,Mostly Cloudy,6,1,25
16:38:08,Mostly Cloudy,6,1,25
16:40:08,Mostly Cloudy,6,1,25
16:42:09,Mostly Cloudy,6,1,25
16:44:09,Mostly Cloudy,6,1,25
16:46:09,Mostly Cloudy,6,2,19
16:48:09,Mostly Cloudy,6,2,19
16:50:09,Mostly Cloudy,6,2,19
16:52:09,Mostly Cloudy,6,2,19
16:54:08,Mostly Cloudy,6,2,19
16:56:09,Mostly Cloudy,6,2,19
16:58:09,Mostly Cloudy,6,2,19
17:00:08,Mostly Cloudy,6,2,19
17:02:09,Mostly Cloudy,6,2,19
17:04:09,Mostly Cloudy,6,2,19
17:06:08,Mostly Cloudy,6,2,19
17:08:09,Mostly Cloudy,6,2,19
17:10:09,Mostly Cloudy,6,2,19
17:12:09,Mostly Cloudy,6,2,19
17:14:08,Mostly Cloudy,6,2,19
17:16:08,Mostly Cloudy,6,3,9
17:18:09,Mostly Cloudy,6,3,9
17:20:08,Mostly Cloudy,6,3,9
17:22:08,Mostly Cloudy,6,3,9
17:24:09,Mostly Cloudy,6,3,9
17:26:09,Mostly Cloudy,6,3,9
17:28:08,Mostly Cloudy,6,3,9
17:30:09,Mostly Cloudy,6,3,9
17:32:09,Mostly Cloudy,6,3,9
17:34:08,Mostly Cloudy,6,3,9
17:36:08,Mostly Cloudy,6,3,9
17:38:09,Mostly Cloudy,6,3,9
17:40:09,Mostly Cloudy,6,3,9
17:42:09,Mostly Cloudy,6,3,9
17:44:09,Mostly Cloudy,6,3,9
17:46:08,Mostly Cloudy,6,3,9
17:48:09,Mostly Cloudy,6,3,9
17:50:09,Mostly Cloudy,6,3,9
17:52:09,Mostly Cloudy,6,3,9
17:54:08,Mostly Cloudy,6,3,9
17:56:09,Mostly Cloudy,6,3,9
17:58:09,Mostly Cloudy,6,3,9
18:00:09,Mostly Cloudy,6,3,9
18:02:08,Mostly Cloudy,6,3,9
18:04:08,Mostly Cloudy,6,3,9
18:06:09,Mostly Cloudy,6,3,9
18:08:09,Mostly Cloudy,6,3,9
18:10:08,Mostly Cloudy,6,3,9
18:12:09,Mostly Cloudy,6,3,9
18:14:09,Mostly Cloudy,6,3,9
18:16:08,Mostly Cloudy,5,2,11
18:18:09,Mostly Cloudy,5,2,11
18:20:09,Mostly Cloudy,5,2,11
18:22:09,Mostly Cloudy,5,2,11
18:24:08,Mostly Cloudy,5,2,11
18:26:09,Mostly Cloudy,5,2,11
18:28:09,Mostly Cloudy,5,2,11
18:30:08,Mostly Cloudy,5,2,11
18:32:09,Mostly Cloudy,5,2,11
18:34:09,Mostly Cloudy,5,2,11
18:36:09,Mostly Cloudy,5,2,11
18:38:09,Mostly Cloudy,5,2,11
18:40:09,Mostly Cloudy,5,2,11
18:42:09,Mostly Cloudy,5,2,11
18:44:09,Mostly Cloudy,5,2,11
18:46:08,Mostly Cloudy,5,2,11
18:48:08,Mostly Cloudy,5,2,11
18:50:09,Mostly Cloudy,5,2,11
18:52:09,Mostly Cloudy,5,2,11
18:54:08,Mostly Cloudy,5,2,11
18:56:09,Mostly Cloudy,5,2,11
18:58:09,Mostly Cloudy,5,2,11
19:00:09,Mostly Cloudy,5,2,11
19:02:08,Mostly Cloudy,5,2,11
19:04:08,Mostly Cloudy,5,2,11
19:06:08,Mostly Cloudy,5,2,11
19:08:09,Mostly Cloudy,5,2,11
19:10:09,Mostly Cloudy,5,5,calm
19:12:08,Mostly Cloudy,5,5,calm
19:14:08,Mostly Cloudy,5,5,calm
19:16:09,Mostly Cloudy,5,5,calm
19:18:09,Mostly Cloudy,5,5,calm
19:20:08,Mostly Cloudy,5,5,calm
19:22:09,Mostly Cloudy,5,5,calm
19:24:09,Mostly Cloudy,5,5,calm
19:26:08,Mostly Cloudy,5,5,calm
19:28:09,Mostly Cloudy,5,5,calm
19:30:09,Mostly Cloudy,5,5,calm
19:32:09,Mostly Cloudy,5,5,calm
19:34:08,Mostly Cloudy,5,5,calm
19:36:09,Mostly Cloudy,5,5,calm
19:38:09,Mostly Cloudy,5,5,calm
19:40:09,Mostly Cloudy,5,5,calm
19:42:09,Mostly Cloudy,5,5,calm
19:44:09,Mostly Cloudy,5,5,calm
19:46:09,Mostly Cloudy,5,5,calm
19:48:08,Mostly Cloudy,5,5,calm
19:50:09,Mostly Cloudy,5,5,calm
19:52:09,Mostly Cloudy,5,5,calm
19:54:09,Mostly Cloudy,5,5,calm
19:56:08,Mostly Cloudy,5,5,calm
19:58:08,Mostly Cloudy,5,5,calm
20:00:09,Mostly Cloudy,5,5,calm
20:02:09,Mostly Cloudy,5,5,calm
20:04:09,Mostly Cloudy,5,5,calm
20:06:09,Mostly Cloudy,5,5,calm
20:08:09,Mostly Cloudy,5,5,calm
20:10:09,Mostly Cloudy,3,2,8
20:12:09,Mostly Cloudy,3,2,8
20:14:09,Mostly Cloudy,3,2,8
20:16:09,Mostly Cloudy,3,2,8
20:18:09,Mostly Cloudy,3,2,8
20:20:09,Mostly Cloudy,3,2,8
20:22:08,Mostly Cloudy,3,2,8
20:24:09,Mostly Cloudy,3,2,8
20:26:09,Mostly Cloudy,3,2,8
20:28:09,Mostly Cloudy,3,2,8
20:30:09,Mostly Cloudy,3,2,8
20:32:09,Mostly Cloudy,3,2,8
20:34:08,Mostly Cloudy,3,2,8
20:36:09,Mostly Cloudy,3,2,8
20:38:09,Mostly Cloudy,3,2,8
20:40:08,Mostly Cloudy,3,2,8
20:42:09,Mostly Cloudy,3,2,8
20:44:09,Mostly Cloudy,3,2,8
20:46:09,Mostly Cloudy,3,2,8
20:48:09,Mostly Cloudy,3,2,8
20:50:09,Mostly Cloudy,3,2,8
20:52:09,Mostly Cloudy,3,2,8
20:54:08,Mostly Cloudy,3,2,8
20:56:09,Mostly Cloudy,3,2,8
20:58:09,Mostly Cloudy,3,2,8
21:00:09,Mostly Cloudy,3,2,8
21:02:08,Mostly Cloudy,3,2,8
21:04:09,Mostly Cloudy,3,2,8
21:06:09,Mostly Cloudy,3,2,8
21:08:08,Mostly Cloudy,3,2,8
21:10:08,Mostly Cloudy,2,2,3
21:12:09,Mostly Cloudy,2,2,3
21:14:09,Mostly Cloudy,2,2,3
21:16:09,Mostly Cloudy,2,2,3
21:18:09,Mostly Cloudy,2,2,3
21:20:09,Mostly Cloudy,2,2,3
21:22:09,Mostly Cloudy,2,2,3
21:24:09,Mostly Cloudy,2,2,3
21:26:09,Mostly Cloudy,2,2,3
21:28:08,Mostly Cloudy,2,2,3
21:30:08,Mostly Cloudy,2,2,3
21:32:08,Mostly Cloudy,2,2,3
21:34:09,Mostly Cloudy,2,2,3
21:36:09,Mostly Cloudy,2,2,3
21:38:09,Mostly Cloudy,2,2,3
21:40:09,Mostly Cloudy,2,2,3
21:42:09,Mostly Cloudy,2,2,3
21:44:09,Mostly Cloudy,2,2,3
21:46:09,Mostly Cloudy,2,2,3
21:48:08,Mostly Cloudy,2,2,3
21:50:09,Mostly Cloudy,2,2,3
21:52:09,Mostly Cloudy,2,2,3
21:54:09,Mostly Cloudy,2,2,3
21:56:08,Mostly Cloudy,2,2,3
21:58:09,Mostly Cloudy,2,2,3
22:00:09,Mostly Cloudy,2,2,3
22:02:08,Mostly Cloudy,2,2,3
22:04:08,Mostly Cloudy,2,2,3
22:06:09,Mostly Cloudy,2,2,3
22:08:09,Mostly Cloudy,2,2,3
22:10:08,Mostly Cloudy,2,2,3
22:12:09,Mostly Cloudy,2,2,3
22:14:09,Mostly Cloudy,2,2,3
22:16:08,Mostly Cloudy,3,3,3
22:18:09,Mostly Cloudy,3,3,3
22:20:09,Mostly Cloudy,3,3,3
22:22:09,Mostly Cloudy,3,3,3
22:24:09,Mostly Cloudy,3,3,3
22:26:09,Mostly Cloudy,3,3,3
22:28:09,Mostly Cloudy,3,3,3
22:30:08,Mostly Cloudy,3,3,3
22:32:09,Mostly Cloudy,3,3,3
22:34:09,Mostly Cloudy,3,3,3
22:36:08,Mostly Cloudy,3,3,3
22:38:09,Mostly Cloudy,3,3,3
22:40:09,Mostly Cloudy,3,3,3
22:42:09,Mostly Cloudy,3,3,3
22:44:09,Mostly Cloudy,3,3,3
22:46:09,Mostly Cloudy,3,3,3
22:48:08,Mostly Cloudy,3,3,3
22:50:08,Mostly Cloudy,3,3,3
22:52:09,Mostly Cloudy,3,3,3
22:54:09,Mostly Cloudy,3,3,3
22:56:08,Mostly Cloudy,3,3,3
22:58:09,Mostly Cloudy,3,3,3
23:00:09,Mostly Cloudy,3,3,3
23:02:08,Mostly Cloudy,3,3,3
23:04:09,Mostly Cloudy,3,3,3
23:06:09,Mostly Cloudy,3,3,3
23:08:08,Mostly Cloudy,3,3,3
23:10:09,Mostly Cloudy,3,3,3
23:12:09,Mostly Cloudy,3,3,3
23:14:09,Mostly Cloudy,3,3,3
23:16:08,Light Rain,3,3,4
23:18:09,Light Rain,3,3,4
23:20:09,Light Rain,3,3,4
23:22:09,Light Rain,3,3,4
23:24:09,Light Rain,3,3,4
23:26:09,Light Rain,3,3,4
23:28:09,Light Rain,3,3,4
23:30:08,Light Rain,3,3,4
23:32:09,Light Rain,3,3,4
23:34:09,Light Rain,3,3,4
23:36:08,Light Rain,3,3,4
23:38:08,Light Rain,3,3,4
23:40:09,Light Rain,3,3,4
23:42:09,Light Rain,3,3,4
23:44:08,Light Rain,3,3,4
23:46:09,Light Rain,3,3,4
23:48:09,Light Rain,3,3,4
23:50:08,Light Rain,3,3,4
23:52:09,Light Rain,3,3,4
23:54:09,Light Rain,3,3,4
23:56:09,Light Rain,3,3,4
23:58:09,Light Rain,3,3,4
