Time,Weather,Temperature,Feels_Like,Wind_Speed
00:00:09,Mostly Cloudy,10,10,20
00:02:08,Mostly Cloudy,10,10,20
00:04:09,Mostly Cloudy,10,10,20
00:06:09,Mostly Cloudy,10,10,20
00:08:08,Mostly Cloudy,10,10,20
00:10:09,Mostly Cloudy,10,10,20
00:12:09,Mostly Cloudy,10,10,20
00:14:08,Mostly Cloudy,10,10,24
00:16:09,Mostly Cloudy,10,10,24
00:18:09,Mostly Cloudy,10,10,24
00:20:09,Mostly Cloudy,10,10,24
00:22:09,Mostly Cloudy,10,10,24
00:24:09,Mostly Cloudy,10,10,24
00:26:09,Mostly Cloudy,10,10,24
00:28:08,Mostly Cloudy,10,10,24
00:30:08,Mostly Cloudy,10,10,24
00:32:09,Mostly Cloudy,10,10,24
00:34:09,Mostly Cloudy,10,10,24
00:36:08,Mostly Cloudy,10,10,24
00:38:09,Mostly Cloudy,10,10,24
00:40:08,Mostly Cloudy,10,10,24
00:42:09,Mostly Cloudy,10,10,24
00:44:09,Mostly Cloudy,10,10,24
00:46:08,Mostly Cloudy,10,10,24
00:48:08,Mostly Cloudy,10,10,24
00:50:09,Mostly Cloudy,10,10,24
00:52:08,Mostly Cloudy,10,10,24
00:54:09,Mostly Cloudy,10,10,24
00:56:09,Mostly Cloudy,10,10,24
00:58:08,Mostly Cloudy,10,10,24
01:00:16,Mostly Cloudy,10,10,24
01:02:09,Mostly Cloudy,10,10,24
01:04:09,Mostly Cloudy,10,10,24
01:06:09,Mostly Cloudy,10,10,24
01:08:09,Mostly Cloudy,10,10,24
01:10:09,Mostly Cloudy,10,10,24
01:12:08,Mostly Cloudy,10,10,24
01:14:09,Mostly Cloudy,10,10,24
01:16:09,Mostly Cloudy,10,10,24
01:18:09,Mostly Cloudy,10,10,24
01:20:08,Light Drizzle,10,10,24
01:22:09,Light Drizzle,10,10,24
01:24:08,Light Drizzle,10,10,24
01:26:09,Light Drizzle,10,10,24
01:28:08,Light Drizzle,10,10,24
01:30:09,Light Drizzle,10,10,24
01:32:09,Light Drizzle,10,10,24
01:34:08,Light Drizzle,10,10,24
01:36:09,Light Drizzle,10,10,24
01:38:09,Light Drizzle,10,10,24
01:40:08,Light Drizzle,10,10,24
01:42:08,Light Drizzle,10,10,24
01:44:09,Light Drizzle,10,10,24
01:46:08,Light Drizzle,10,10,24
01:48:09,Light Drizzle,10,10,24
01:50:09,Light Drizzle,10,10,24
01:52:08,Light Drizzle,10,10,24
01:54:09,Light Drizzle,10,10,24
01:56:09,Light Drizzle,10,10,24
01:58:08,Light Drizzle,10,10,24
02:00:09,Light Drizzle,10,10,24
02:02:09,Light Drizzle,10,10,24
02:04:09,Light Drizzle,10,10,24
02:06:08,Light Drizzle,10,10,24
02:08:08,Light Drizzle,10,10,24
02:10:09,Light Drizzle,10,10,24
02:12:08,Light Drizzle,10,10,24
02:14:08,Mostly Cloudy,10,10,27
02:16:09,Mostly Cloudy,10,10,27
02:18:08,Mostly Cloudy,10,10,27
02:20:09,Mostly Cloudy,10,10,27
02:22:09,Mostly Cloudy,10,10,27
02:24:08,Mostly Cloudy,10,10,27
02:26:09,Mostly Cloudy,10,10,27
02:28:09,Mostly Cloudy,10,10,27
02:30:09,Mostly Cloudy,10,10,27
02:32:09,Mostly Cloudy,10,10,27
02:34:09,Mostly Cloudy,10,10,27
02:36:08,Mostly Cloudy,10,10,27
02:38:09,Mostly Cloudy,10,10,27
02:40:09,Mostly Cloudy,10,10,27
02:42:08,Mostly Cloudy,10,10,27
02:44:09,Mostly Cloudy,10,10,27
02:46:09,Mostly Cloudy,10,10,27
02:48:08,Mostly Cloudy,10,10,27
02:50:09,Mostly Cloudy,10,10,27
02:52:08,Mostly Cloudy,10,10,27
02:54:09,Mostly Cloudy,10,10,27
02:56:09,Mostly Cloudy,10,10,27
02:58:09,Mostly Cloudy,10,10,27
03:00:09,Mostly Cloudy,10,10,27
03:02:08,Mostly Cloudy,10,10,27
03:04:09,Mostly Cloudy,10,10,27
03:06:08,Mostly Cloudy,10,10,27
03:08:09,Mostly Cloudy,10,10,27
03:10:09,Mostly Cloudy,10,10,27
03:12:08,Mostly Cloudy,10,10,27
03:14:08,Mostly Cloudy,10,10,22
03:16:09,Mostly Cloudy,10,10,22
03:18:09,Mostly Cloudy,10,10,22
03:20:09,Mostly Cloudy,10,10,22
03:22:08,Mostly Cloudy,10,10,22
03:24:09,Mostly Cloudy,10,10,22
03:26:09,Mostly Cloudy,10,10,22
03:28:09,Mostly Cloudy,10,10,22
03:30:09,Mostly Cloudy,10,10,22
03:32:08,Mostly Cloudy,10,10,22
03:34:09,Mostly Cloudy,10,10,22
03:36:08,Mostly Cloudy,10,10,22
03:38:09,Mostly Cloudy,10,10,22
03:40:09,Mostly Cloudy,10,10,22
03:42:08,Mostly Cloudy,10,10,22
03:44:09,Mostly Cloudy,10,10,22
03:46:08,Mostly Cloudy,10,10,22
03:48:09,Mostly Cloudy,10,10,22
03:50:09,Mostly Cloudy,10,10,22
03:52:08,Mostly Cloudy,10,10,22
03:54:09,Mostly Cloudy,10,10,22
03:56:09,Mostly Cloudy,10,10,22
03:58:09,Mostly Cloudy,10,10,22
04:00:09,Mostly Cloudy,10,10,22
04:02:08,Mostly Cloudy,10,10,22
04:04:09,Mostly Cloudy,10,10,22
04:06:09,Mostly Cloudy,10,10,22
04:08:08,Mostly Cloudy,10,10,22
04:10:09,Mostly Cloudy,10,10,22
04:12:09,Mostly Cloudy,10,10,22
04:14:08,Light Rain,8,6,22
04:16:08,Light Rain,8,6,22
04:18:08,Light Rain,8,6,22
04:20:09,Light Rain,8,6,22
04:22:08,Light Rain,8,6,22
04:24:08,Light Rain,8,6,22
04:26:09,Light Rain,8,6,22
04:28:09,Light Rain,8,6,22
04:30:08,Light Rain,8,6,22
04:32:09,Light Rain,8,6,22
04:34:09,Light Rain,8,6,22
04:36:08,Light Rain,8,6,22
04:38:09,Light Rain,8,6,22
04:40:08,Light Rain,8,6,22
04:42:09,Light Rain,8,6,22
04:44:08,Light Rain,8,6,22
04:46:08,Light Rain,8,6,22
04:48:09,Light Rain,8,6,22
04:50:09,Light Rain,8,6,22
04:52:08,Light Rain,8,6,22
04:54:09,Light Rain,8,6,22
04:56:08,Light Rain,8,6,22
04:58:09,Light Rain,8,6,22
05:00:09,Light Rain,8,6,22
05:02:08,Light Rain,8,6,22
05:04:09,Light Rain,8,6,22
05:06:08,Light Rain,8,6,22
05:08:09,Light Rain,8,6,22
05:10:09,Light Rain,8,6,22
05:12:09,Light Rain,8,6,22
05:14:08,Light Rain,8,6,22
05:16:09,Light Rain,8,6,22
05:18:08,Light Rain,8,6,22
05:20:09,Light Drizzle,8,5,27
05:22:09,Light Drizzle,8,5,27
05:24:08,Light Drizzle,8,5,27
05:26:09,Light Drizzle,8,5,27
05:28:09,Light Drizzle,8,5,27
05:30:08,Light Drizzle,8,5,27
05:32:09,Light Drizzle,8,5,27
05:34:08,Light Drizzle,8,5,27
05:36:09,Light Drizzle,8,5,27
05:38:09,Light Drizzle,8,5,27
05:40:08,Light Drizzle,8,5,27
05:42:09,Light Drizzle,8,5,27
05:44:08,Light Drizzle,8,5,27
05:46:09,Light Drizzle,8,5,27
05:48:09,Light Drizzle,8,5,27
05:50:08,Light Drizzle,8,5,27
05:52:09,Light Drizzle,8,5,27
05:54:09,Light Drizzle,8,5,27
05:56:08,Light Drizzle,8,5,27
05:58:09,Light Drizzle,8,5,27
06:00:09,Light Drizzle,8,5,27
06:02:08,Light Drizzle,8,5,27
06:04:09,Light Drizzle,8,5,27
06:06:09,Light Drizzle,8,5,27
06:08:09,Light Drizzle,8,5,27
06:10:08,Light Drizzle,8,5,27
06:12:09,Light Drizzle,8,5,27
06:14:08,Mostly Cloudy,7,4,25
06:16:09,Mostly Cloudy,7,4,25
06:18:09,Mostly Cloudy,7,4,25
06:20:08,Mostly Cloudy,7,4,25
06:22:09,Mostly Cloudy,7,4,25
06:24:09,Mostly Cloudy,7,4,25
06:26:09,Mostly Cloudy,7,4,25
06:28:08,Mostly Cloudy,7,4,25
06:30:09,Mostly Cloudy,7,4,25
06:32:09,Mostly Cloudy,7,4,25
06:34:08,Mostly Cloudy,7,4,25
06:36:08,Mostly Cloudy,7,4,25
06:38:09,Mostly Cloudy,7,4,25
06:40:09,Mostly Cloudy,7,4,25
06:42:09,Mostly Cloudy,7,4,25
06:44:09,Mostly Cloudy,7,4,25
06:46:09,Mostly Cloudy,7,4,25
06:48:08,Mostly Cloudy,7,4,25
06:50:09,Mostly Cloudy,7,4,25
06:52:09,Mostly Cloudy,7,4,25
06:54:08,Mostly Cloudy,7,4,25
06:56:08,Mostly Cloudy,7,4,25
06:58:09,Mostly Cloudy,7,4,25
07:00:08,Mostly Cloudy,7,4,25
07:02:09,Mostly Cloudy,7,4,25
07:04:09,Mostly Cloudy,7,4,25
07:06:08,Mostly Cloudy,7,4,25
07:08:09,Mostly Cloudy,7,4,24
07:10:09,Mostly Cloudy,7,4,24
07:12:08,Mostly Cloudy,7,4,24
07:14:08,Mostly Cloudy,7,4,24
07:16:09,Mostly Cloudy,7,4,24
07:18:08,Mostly Cloudy,7,4,24
07:20:09,Mostly Cloudy,7,4,24
07:22:09,Mostly Cloudy,7,4,24
07:24:08,Mostly Cloudy,7,4,24
07:26:09,Mostly Cloudy,7,4,24
07:28:09,Mostly Cloudy,7,4,24
07:30:09,Mostly Cloudy,7,4,24
07:32:08,Mostly Cloudy,7,4,24
07:34:09,Mostly Cloudy,7,4,24
07:36:09,Mostly Cloudy,7,4,24
07:38:08,Mostly Cloudy,7,4,24
07:40:09,Mostly Cloudy,7,4,24
07:42:08,Mostly Cloudy,7,4,24
07:44:09,Mostly Cloudy,7,4,24
07:46:08,Mostly Cloudy,7,4,24
07:48:09,Mostly Cloudy,7,4,24
07:50:09,Mostly Cloudy,7,4,24
07:52:08,Mostly Cloudy,7,4,24
07:54:09,Mostly Cloudy,7,4,24
07:56:09,Mostly Cloudy,7,4,24
07:58:08,Mostly Cloudy,7,4,24
08:00:09,Mostly Cloudy,7,4,24
08:02:09,Mostly Cloudy,7,4,24
08:04:08,Mostly Cloudy,7,4,24
08:06:09,Mostly Cloudy,7,4,24
08:08:09,Mostly Cloudy,7,4,24
08:10:09,Mostly Cloudy,7,4,24
08:12:08,Mostly Cloudy,7,4,24
08:14:09,Mostly Cloudy,8,5,25
08:16:09,Mostly Cloudy,8,5,25
08:18:09,Mostly Cloudy,8,5,25
08:20:09,Mostly Cloudy,8,5,25
08:22:09,Mostly Cloudy,8,5,25
08:24:09,Mostly Cloudy,8,5,25
08:26:08,Mostly Cloudy,8,5,25
08:28:09,Mostly Cloudy,8,5,25
08:30:08,Mostly Cloudy,8,5,25
08:32:09,Mostly Cloudy,8,5,25
08:34:09,Mostly Cloudy,8,5,25
08:36:08,Mostly Cloudy,8,5,25
08:38:09,Mostly Cloudy,8,5,25
08:40:09,Mostly Cloudy,8,5,25
08:42:09,Mostly Cloudy,8,5,25
08:44:09,Mostly Cloudy,8,5,25
08:46:08,Mostly Cloudy,8,5,25
08:48:09,Mostly Cloudy,8,5,25
08:50:09,Mostly Cloudy,8,5,25
08:52:08,Mostly Cloudy,8,5,25
08:54:09,Mostly Cloudy,8,5,25
08:56:09,Mostly Cloudy,8,5,25
08:58:08,Mostly Cloudy,8,5,25
09:00:09,Mostly Cloudy,8,5,25
09:02:09,Mostly Cloudy,8,5,25
09:04:08,Mostly Cloudy,8,5,25
09:06:09,Mostly Cloudy,8,5,25
09:08:08,Mostly Cloudy,8,5,25
09:10:09,Mostly Cloudy,8,5,25
09:12:08,Mostly Cloudy,8,5,25
09:14:09,Mostly Cloudy,10,10,25
09:16:09,Mostly Cloudy,10,10,25
09:18:09,Mostly Cloudy,10,10,25
09:20:09,Mostly Cloudy,10,10,25
09:22:09,Mostly Cloudy,10,10,25
09:24:09,Mostly Cloudy,10,10,25
09:26:08,Mostly Cloudy,10,10,25
09:28:09,Mostly Cloudy,10,10,25
09:30:09,Mostly Cloudy,10,10,25
09:32:09,Mostly Cloudy,10,10,25
09:34:08,Mostly Cloudy,10,10,25
09:36:09,Mostly Cloudy,10,10,25
09:38:09,Mostly Cloudy,10,10,25
09:40:09,Mostly Cloudy,10,10,25
09:42:08,Mostly Cloudy,10,10,25
09:44:09,Mostly Cloudy,11,11,27
09:46:08,Mostly Cloudy,11,11,27
09:48:08,Mostly Cloudy,11,11,27
09:50:09,Mostly Cloudy,11,11,27
09:52:09,Mostly Cloudy,11,11,27
09:54:09,Mostly Cloudy,11,11,27
09:56:09,Mostly Cloudy,11,11,27
09:58:08,Mostly Cloudy,11,11,27
10:00:09,Mostly Cloudy,11,11,27
10:02:09,Mostly Cloudy,11,11,27
10:04:09,Mostly Cloudy,11,11,27
10:06:08,Mostly Cloudy,11,11,27
10:08:09,Mostly Cloudy,11,11,27
10:10:09,Mostly Cloudy,11,11,27
10:12:08,Mostly Cloudy,11,11,27
10:14:09,Mostly Cloudy / Windy,11,11,33
10:16:08,Mostly Cloudy / Windy,11,11,33
10:18:09,Mostly Cloudy / Windy,11,11,33
10:20:09,Mostly Cloudy / Windy,11,11,33
10:22:09,Mostly Cloudy / Windy,11,11,33
10:24:09,Mostly Cloudy / Windy,11,11,33
10:26:08,Mostly Cloudy / Windy,11,11,33
10:28:09,Mostly Cloudy / Windy,11,11,33
10:30:09,Mostly Cloudy / Windy,11,11,33
10:32:08,Mostly Cloudy / Windy,11,11,33
10:34:09,Mostly Cloudy / Windy,11,11,33
10:36:09,Mostly Cloudy / Windy,11,11,33
10:38:09,Mostly Cloudy / Windy,11,11,33
10:40:08,Mostly Cloudy / Windy,11,11,33
10:42:09,Mostly Cloudy / Windy,11,11,33
10:44:08,Light Rain,11,11,28
10:46:09,Light Rain,11,11,28
10:48:09,Light Rain,11,11,28
10:50:09,Light Rain,11,11,28
10:52:09,Light Rain,11,11,28
10:54:09,Light Rain,11,11,28
10:56:08,Light Rain,11,11,28
10:58:09,Light Rain,11,11,28
11:00:09,Light Rain,11,11,28
11:02:08,Light Rain,11,11,28
11:04:09,Light Rain,11,11,28
11:06:08,Light Rain,11,11,28
11:08:09,Light Rain,11,11,28
11:10:08,Light Rain,11,11,28
11:12:09,Light Rain,11,11,28
11:14:09,Mostly Cloudy,11,11,25
11:16:08,Mostly Cloudy,11,11,25
11:18:09,Mostly Cloudy,11,11,25
11:20:08,Mostly Cloudy,11,11,25
11:22:09,Mostly Cloudy,11,11,25
11:24:09,Mostly Cloudy,11,11,25
11:26:09,Mostly Cloudy,11,11,25
11:28:09,Mostly Cloudy,11,11,25
11:30:08,Mostly Cloudy,11,11,25
11:32:09,Mostly Cloudy,11,11,25
11:34:08,Mostly Cloudy,11,11,25
11:36:08,Mostly Cloudy,11,11,25
11:38:09,Mostly Cloudy,11,11,25
11:40:08,Mostly Cloudy,11,11,25
11:42:09,Mostly Cloudy,11,11,25
11:44:09,Light Rain / Windy,11,11,33
11:46:08,Light Rain / Windy,11,11,33
11:48:09,Light Rain / Windy,11,11,33
11:50:09,Light Rain / Windy,11,11,33
11:52:09,Light Rain / Windy,11,11,33
11:54:09,Light Rain / Windy,11,11,33
11:56:08,Light Rain / Windy,11,11,33
11:58:09,Light Rain / Windy,11,11,33
12:00:09,Light Rain / Windy,11,11,33
12:02:09,Light Rain / Windy,11,11,33
12:04:09,Light Rain / Windy,11,11,33
12:06:09,Light Rain / Windy,11,11,33
12:08:08,Light Rain / Windy,11,11,33
12:10:09,Light Rain / Windy,11,11,33
12:12:09,Light Rain / Windy,11,11,33
12:14:08,Mostly Cloudy,12,12,28
12:16:09,Mostly Cloudy,12,12,28
12:18:09,Mostly Cloudy,12,12,28
12:20:09,Mostly Cloudy,12,12,28
12:22:09,Mostly Cloudy,12,12,28
12:24:08,Mostly Cloudy,12,12,28
12:26:09,Mostly Cloudy,12,12,28
12:28:08,Mostly Cloudy,12,12,28
12:30:09,Mostly Cloudy,12,12,28
12:32:08,Mostly Cloudy,12,12,28
12:34:09,Mostly Cloudy,12,12,28
12:36:09,Mostly Cloudy,12,12,28
12:38:08,Mostly Cloudy,12,12,28
12:40:09,Mostly Cloudy,12,12,28
12:42:09,Mostly Cloudy,12,12,28
12:44:08,Mostly Cloudy,12,12,25
12:46:09,Mostly Cloudy,12,12,25
12:48:08,Mostly Cloudy,12,12,25
12:50:09,Mostly Cloudy,12,12,25
12:52:08,Mostly Cloudy,12,12,25
12:54:09,Mostly Cloudy,12,12,25
12:56:09,Mostly Cloudy,12,12,25
12:58:08,Mostly Cloudy,12,12,25
13:00:09,Mostly Cloudy,12,12,25
13:02:08,Mostly Cloudy,12,12,25
13:04:09,Mostly Cloudy,12,12,25
13:06:09,Mostly Cloudy,12,12,25
13:08:08,Mostly Cloudy,12,12,25
13:10:09,Mostly Cloudy,12,12,25
13:12:09,Mostly Cloudy,12,12,25
13:14:09,Light Rain / Windy,11,11,37
13:16:09,Light Rain / Windy,11,11,37
13:18:08,Light Rain / Windy,11,11,37
13:20:09,Light Rain / Windy,11,11,37
13:22:09,Light Rain / Windy,11,11,37
13:24:09,Light Rain / Windy,11,11,37
13:26:09,Light Rain / Windy,11,11,37
13:28:08,Light Rain / Windy,11,11,37
13:30:09,Light Rain / Windy,11,11,37
13:32:08,Light Rain / Windy,11,11,37
13:34:09,Light Rain / Windy,11,11,37
13:36:08,Light Rain / Windy,11,11,37
13:38:08,Light Rain / Windy,11,11,37
13:40:09,Light Rain / Windy,11,11,37
13:42:09,Light Rain / Windy,11,11,37
13:44:09,Mostly Cloudy,10,10,28
13:46:09,Mostly Cloudy,10,10,28
13:48:08,Mostly Cloudy,10,10,28
13:50:09,Mostly Cloudy,10,10,28
13:52:08,Mostly Cloudy,10,10,28
13:54:09,Mostly Cloudy,10,10,28
13:56:08,Mostly Cloudy,10,10,28
13:58:09,Mostly Cloudy,10,10,28
14:00:09,Mostly Cloudy,10,10,28
14:02:09,Mostly Cloudy,10,10,28
14:04:09,Mostly Cloudy,10,10,28
14:06:08,Mostly Cloudy,10,10,28
14:08:09,Mostly Cloudy,10,10,28
14:10:09,Mostly Cloudy,10,10,28
14:12:08,Mostly Cloudy,10,10,28
14:14:09,Mostly Cloudy,10,10,28
14:16:09,Mostly Cloudy,10,10,28
14:18:09,Mostly Cloudy,10,10,28
14:20:09,Mostly Cloudy,10,10,28
14:22:09,Mostly Cloudy,10,10,28
14:24:09,Mostly Cloudy,10,10,28
14:26:08,Mostly Cloudy,10,10,28
14:28:09,Mostly Cloudy,10,10,28
14:30:09,Light Rain,8,5,27
14:32:08,Light Rain,8,5,27
14:34:09,Light Rain,8,5,27
14:36:09,Light Rain,8,5,27
14:38:08,Light Rain,8,5,27
14:40:09,Light Rain,8,5,27
14:42:08,Light Drizzle,7,3,27
14:44:09,Light Drizzle,7,3,27
14:46:09,Light Drizzle,7,3,27
14:48:08,Light Drizzle,7,3,27
14:50:09,Light Drizzle,7,3,27
14:52:08,Light Drizzle,7,3,27
14:54:08,Light Drizzle,7,3,27
14:56:09,Light Drizzle,7,3,27
14:58:09,Light Drizzle,7,3,27
15:00:08,Light Drizzle,7,3,27
15:02:09,Light Drizzle,7,3,27
15:04:08,Light Drizzle,7,3,27
15:06:09,Light Drizzle,7,3,27
15:08:08,Light Drizzle,7,3,27
15:10:09,Light Drizzle,7,3,27
15:12:09,Light Drizzle,7,3,27
15:14:08,Light Drizzle,7,3,27
15:16:09,Light Drizzle,7,3,27
15:18:09,Mostly Cloudy,8,5,24
15:20:08,Mostly Cloudy,8,5,24
15:22:09,Mostly Cloudy,8,5,24
15:24:08,Mostly Cloudy,8,5,24
15:26:09,Mostly Cloudy,8,5,24
15:28:09,Mostly Cloudy,8,5,24
15:30:08,Mostly Cloudy,8,5,24
15:32:09,Mostly Cloudy,8,5,24
15:34:09,Mostly Cloudy,8,5,24
15:36:09,Mostly Cloudy,8,5,24
15:38:09,Mostly Cloudy,8,5,24
15:40:08,Mostly Cloudy,8,5,24
15:42:09,Mostly Cloudy,8,5,24
15:44:08,Mostly Cloudy,8,5,24
15:46:08,Mostly Cloudy,8,5,24
15:48:09,Partly Cloudy,10,10,22
15:50:09,Partly Cloudy,10,10,22
15:52:08,Partly Cloudy,10,10,22
15:54:09,Partly Cloudy,10,10,22
15:56:08,Partly Cloudy,10,10,22
15:58:09,Partly Cloudy,10,10,22
16:00:09,Partly Cloudy,10,10,22
16:02:08,Partly Cloudy,10,10,22
16:04:09,Partly Cloudy,10,10,22
16:06:09,Partly Cloudy,10,10,22
16:08:08,Partly Cloudy,10,10,22
16:10:09,Partly Cloudy,10,10,22
16:12:09,Partly Cloudy,10,10,22
16:14:09,Partly Cloudy,10,10,22
16:16:09,Light Rain Shower / Windy,7,2,33
16:18:09,Light Rain Shower / Windy,7,2,33
16:20:09,Light Rain Shower / Windy,7,2,33
16:22:09,Light Rain Shower / Windy,7,2,33
16:24:08,Light Rain Shower / Windy,7,2,33
16:26:09,Light Rain Shower / Windy,7,2,33
16:28:09,Light Rain Shower / Windy,7,2,33
16:30:09,Light Rain Shower / Windy,7,2,33
16:32:09,Light Rain Shower / Windy,7,2,33
16:34:08,Light Rain Shower / Windy,7,2,33
16:36:08,Light Rain Shower / Windy,7,2,33
16:38:09,Light Rain Shower / Windy,7,2,33
16:40:09,Showers in the Vicinity,7,3,28
16:42:08,Showers in the Vicinity,7,3,28
16:44:09,Showers in the Vicinity,7,3,28
16:46:09,Showers in the Vicinity,7,3,28
16:48:08,Showers in the Vicinity,7,3,28
16:50:09,Showers in the Vicinity,7,3,28
16:52:09,Showers in the Vicinity,7,3,28
16:54:09,Showers in the Vicinity,7,3,28
16:56:09,Showers in the Vicinity,7,3,28
16:58:08,Showers in the Vicinity,7,3,28
17:00:09,Showers in the Vicinity,7,3,28
17:02:08,Showers in the Vicinity,7,3,28
17:04:09,Showers in the Vicinity,7,3,28
17:06:09,Showers in the Vicinity,7,3,28
17:08:08,Showers in the Vicinity,7,3,28
17:10:09,Showers in the Vicinity,7,3,28
17:12:08,Showers in the Vicinity,7,3,28
17:14:09,Showers in the Vicinity,7,3,28
17:16:09,Fair,7,4,24
17:18:09,Fair,7,4,24
17:20:09,Fair,7,4,24
17:22:09,Fair,7,4,24
17:24:09,Fair,7,4,24
17:26:08,Fair,7,4,24
17:28:09,Fair,7,4,24
17:30:09,Fair,7,4,24
17:32:09,Fair,7,4,24
17:34:08,Fair,7,4,24
17:36:09,Fair,7,4,24
17:38:08,Fair,7,4,24
17:40:09,Fair,7,4,24
17:42:08,Fair,7,4,24
17:44:09,Fair,7,4,24
17:46:09,Fair,7,4,24
17:48:08,Fair,7,4,24
17:50:08,Fair,7,4,24
17:52:08,Fair,7,4,24
17:54:09,Fair,7,4,24
17:56:09,Fair,7,4,24
17:58:08,Fair,7,4,24
18:00:09,Fair,7,4,24
18:02:09,Fair,7,4,24
18:04:08,Fair,7,4,24
18:06:09,Fair,7,4,24
18:08:08,Fair,7,4,24
18:10:09,Fair,7,4,24
18:12:09,Fair,7,4,24
18:14:09,Fair,7,4,24
18:16:08,Fair,6,2,19
18:18:08,Fair,6,2,19
18:20:08,Fair,6,2,19
18:22:09,Fair,6,2,19
18:24:09,Fair,6,2,19
18:26:09,Fair,6,2,19
18:28:09,Fair,6,2,19
18:30:09,Fair,6,2,19
18:32:09,Fair,6,2,19
18:34:08,Fair,6,2,19
18:36:09,Fair,6,2,19
18:38:09,Fair,6,2,19
18:40:09,Fair,6,2,19
18:42:08,Fair,6,2,19
18:44:09,Fair,6,2,19
18:46:08,Fair,6,2,19
18:48:09,Fair,6,2,19
18:50:09,Fair,6,2,19
18:52:09,Fair,6,2,19
18:54:08,Fair,6,2,19
18:56:09,Fair,6,2,19
18:58:09,Fair,6,2,19
19:00:08,Fair,6,2,19
19:02:09,Fair,6,2,19
19:04:09,Fair,6,2,19
19:06:08,Fair,6,2,19
19:08:09,Fair,6,2,19
19:10:09,Fair,5,1,16
19:12:09,Fair,5,1,16
19:14:08,Fair,5,1,16
19:16:09,Fair,5,1,16
19:18:09,Fair,5,1,16
19:20:08,Fair,5,1,16
19:22:09,Fair,5,1,16
19:24:09,Fair,5,1,16
19:26:09,Fair,5,1,16
19:28:09,Fair,5,1,16
19:30:08,Fair,5,1,16
19:32:08,Fair,5,1,16
19:34:09,Fair,5,1,16
19:36:09,Fair,5,1,16
19:38:08,Fair,5,1,16
19:40:09,Fair,5,1,16
19:42:08,Fair,5,1,16
19:44:09,Fair,5,1,16
19:46:09,Fair,5,1,16
19:48:08,Fair,5,1,16
19:50:08,Fair,5,1,16
19:52:09,Fair,5,1,16
19:54:09,Fair,5,1,16
19:56:09,Fair,5,1,16
19:58:08,Fair,5,1,16
20:00:09,Fair,5,1,16
20:02:09,Fair,5,1,16
20:04:08,Fair,5,1,16
20:06:09,Fair,5,1,16
20:08:09,Fair,5,1,16
20:10:08,Fair,2,0,14
20:12:09,Fair,2,0,14
20:14:09,Fair,2,0,14
20:16:09,Fair,2,0,14
20:18:09,Fair,2,0,14
20:20:09,Fair,2,0,14
20:22:08,Fair,2,0,14
20:24:09,Fair,2,0,14
20:26:09,Fair,2,0,14
20:28:09,Fair,2,0,14
20:30:08,Fair,2,0,14
20:32:08,Fair,2,0,14
20:34:08,Fair,2,0,14
20:36:09,Fair,2,0,14
20:38:09,Fair,2,0,14
20:40:08,Fair,2,0,14
20:42:09,Fair,2,0,14
20:44:09,Fair,2,0,14
20:46:08,Fair,2,0,14
20:48:09,Fair,2,0,14
20:50:09,Fair,2,0,14
20:52:09,Fair,2,0,14
20:54:08,Fair,2,0,14
20:56:08,Fair,2,0,14
20:58:09,Fair,2,0,14
21:00:09,Fair,2,0,14
21:02:08,Fair,2,0,14
21:04:09,Fair,2,0,14
21:06:09,Fair,2,0,14
21:08:09,Fair,2,0,14
21:10:09,Fair,2,-1,19
21:12:08,Fair,2,-1,19
21:14:09,Fair,2,-1,19
21:16:09,Fair,2,-1,19
21:18:08,Fair,2,-1,19
21:20:09,Fair,2,-1,19
21:22:09,Fair,2,-1,19
21:24:08,Fair,2,-1,19
21:26:08,Fair,2,-1,19
21:28:08,Fair,2,-1,19
21:30:09,Fair,2,-1,19
21:32:09,Fair,2,-1,19
21:34:09,Fair,2,-1,19
21:36:08,Fair,2,-1,19
21:38:09,Fair,2,-1,19
21:40:09,Fair,2,-1,19
21:42:09,Fair,2,-1,19
21:44:08,Fair,2,-1,19
21:46:08,Fair,2,-1,19
21:48:09,Fair,2,-1,19
21:50:09,Fair,2,-1,19
21:52:08,Fair,2,-1,19
21:54:08,Fair,2,-1,19
21:56:09,Fair,2,-1,19
21:58:09,Fair,2,-1,19
22:00:09,Fair,2,-1,19
22:02:08,Fair,2,-1,19
22:04:09,Fair,2,-1,19
22:06:09,Fair,2,-1,19
22:08:09,Fair,2,-1,19
22:10:08,Fair,2,-1,20
22:12:09,Fair,2,-1,20
22:14:09,Fair,2,-1,20
22:16:09,Fair,2,-1,20
22:18:08,Fair,2,-1,20
22:20:09,Fair,2,-1,20
22:22:09,Fair,2,-1,20
22:24:09,Fair,2,-1,20
22:26:09,Fair,2,-1,20
22:28:08,Fair,2,-1,20
22:30:08,Fair,2,-1,20
22:32:09,Fair,2,-1,20
22:34:09,Fair,2,-1,20
22:36:09,Fair,2,-1,20
22:38:08,Fair,2,-1,20
22:40:08,Fair,2,-1,20
22:42:09,Fair,2,-1,20
22:44:09,Fair,2,-1,20
22:46:08,Fair,2,-1,20
22:48:08,Fair,2,-1,20
22:50:09,Fair,2,-1,20
22:52:09,Fair,2,-1,20
22:54:09,Fair,2,-1,20
22:56:08,Fair,2,-1,20
22:58:08,Fair,2,-1,20
23:00:09,Fair,2,-1,20
23:02:09,Fair,2,-1,20
23:04:08,Fair,2,-1,20
23:06:09,Fair,2,-1,20
23:08:09,Fair,2,-1,20
23:10:08,Fair,2,-1,22
23:12:09,Fair,2,-1,22
23:14:09,Fair,2,-1,22
23:16:08,Fair,2,-1,22
23:18:09,Fair,2,-1,22
23:20:09,Fair,2,-1,22
23:22:09,Fair,2,-1,22
23:24:09,Fair,2,-1,22
23:26:09,Fair,2,-1,22
23:28:09,Fair,2,-1,22
23:30:08,Fair,2,-1,22
23:32:09,Fair,2,-1,22
23:34:09,Fair,2,-1,22
23:36:08,Fair,2,-1,22
23:38:09,Fair,2,-1,22
23:40:09,Fair,2,-1,22
23:42:09,Fair,2,-1,22
23:44:08,Fair,2,-1,22
23:46:09,Fair,2,-1,22
23:48:09,Fair,2,-1,22
23:50:09,Fair,2,-1,22
23:52:09,Fair,2,-1,22
23:54:08,Fair,2,-1,22
23:56:09,Fair,2,-1,22
23:58:09,Fair,2,-1,22
