Time,Weather,Temperature,Feels_Like,Wind_Speed
00:00:08,Fair,6,6,4
00:02:08,Fair,6,6,4
00:04:09,Fair,6,6,4
00:06:09,Fair,6,6,4
00:08:09,Fair,6,6,4
00:10:09,Fair,6,6,4
00:12:09,Fair,6,6,4
00:14:09,Fair,6,6,4
00:16:09,Fair,6,6,4
00:18:09,Fair,6,6,4
00:20:08,Shallow Fog,5,5,calm
00:22:09,Shallow Fog,5,5,calm
00:24:09,Shallow Fog,5,5,calm
00:26:08,Shallow Fog,5,5,calm
00:28:09,Shallow Fog,5,5,calm
00:30:09,Shallow Fog,5,5,calm
00:32:09,Shallow Fog,5,5,calm
00:34:09,Shallow Fog,5,5,calm
00:36:09,Shallow Fog,5,5,calm
00:38:09,Shallow Fog,5,5,calm
00:40:08,Shallow Fog,5,5,calm
00:42:08,Shallow Fog,5,5,calm
00:44:08,Shallow Fog,5,5,calm
00:46:09,Shallow Fog,5,5,calm
00:48:09,Shallow Fog,5,5,calm
00:50:08,Shallow Fog,5,5,calm
00:52:08,Shallow Fog,5,5,calm
00:54:09,Shallow Fog,5,5,calm
00:56:09,Shallow Fog,5,5,calm
00:58:09,Shallow Fog,5,5,calm
01:00:17,Shallow Fog,5,5,calm
01:02:08,Shallow Fog,5,5,calm
01:04:09,Shallow Fog,5,5,calm
01:06:09,Shallow Fog,5,5,calm
01:08:08,Shallow Fog,5,5,calm
01:10:09,Shallow Fog,5,5,calm
01:12:09,Shallow Fog,5,5,calm
01:14:09,Fair,6,4,8
01:16:08,Fair,6,4,8
01:18:09,Fair,6,4,8
01:20:09,Fair,6,4,8
01:22:09,Fair,6,4,8
01:24:09,Fair,6,4,8
01:26:08,Fair,6,4,8
01:28:08,Fair,6,4,8
01:30:09,Fair,6,4,8
01:32:09,Fair,6,4,8
01:34:08,Fair,6,4,8
01:36:08,Fair,6,4,8
01:38:08,Fair,6,4,8
01:40:09,Fair,6,4,8
01:42:09,Fair,6,4,8
01:44:09,Fair,6,4,8
01:46:09,Fair,6,4,8
01:48:08,Fair,6,4,8
01:50:09,Fair,6,4,8
01:52:08,Fair,6,4,8
01:54:08,Fair,6,4,8
01:56:08,Fair,6,4,8
01:58:09,Fair,6,4,8
02:00:09,Fair,6,4,8
02:02:08,Fair,6,4,8
02:04:08,Fair,6,4,8
02:06:09,Fair,6,4,8
02:08:09,Mostly Cloudy,5,5,3
02:10:09,Mostly Cloudy,5,5,3
02:12:08,Mostly Cloudy,5,5,3
02:14:08,Mostly Cloudy,5,5,3
02:16:09,Mostly Cloudy,5,5,3
02:18:09,Mostly Cloudy,5,5,3
02:20:08,Mostly Cloudy,5,5,3
02:22:09,Mostly Cloudy,5,5,3
02:24:09,Mostly Cloudy,5,5,3
02:26:09,Mostly Cloudy,5,5,3
02:28:08,Mostly Cloudy,5,5,3
02:30:08,Mostly Cloudy,5,5,3
02:32:09,Mostly Cloudy,5,5,3
02:34:09,Mostly Cloudy,5,5,3
02:36:09,Mostly Cloudy,5,5,3
02:38:09,Mostly Cloudy,5,5,3
02:40:08,Mostly Cloudy,5,5,3
02:42:08,Mostly Cloudy,5,5,3
02:44:08,Mostly Cloudy,5,5,3
02:46:09,Mostly Cloudy,5,5,3
02:48:09,Mostly Cloudy,5,5,3
02:50:09,Mostly Cloudy,5,5,3
02:52:09,Mostly Cloudy,5,5,3
02:54:09,Mostly Cloudy,5,5,3
02:56:09,Mostly Cloudy,5,5,3
02:58:08,Mostly Cloudy,5,5,3
03:00:09,Mostly Cloudy,5,5,3
03:02:09,Mostly Cloudy,5,5,3
03:04:08,Mostly Cloudy,5,5,3
03:06:09,Mostly Cloudy,5,5,3
03:08:09,Mostly Cloudy,5,5,3
03:10:09,Mostly Cloudy,5,5,3
03:12:08,Mostly Cloudy,5,5,3
03:14:08,Mostly Cloudy,3,3,3
03:16:09,Mostly Cloudy,3,3,3
03:18:09,Mostly Cloudy,3,3,3
03:20:08,Mostly Cloudy,3,3,3
03:22:09,Mostly Cloudy,3,3,3
03:24:09,Mostly Cloudy,3,3,3
03:26:09,Mostly Cloudy,3,3,3
03:28:08,Mostly Cloudy,3,3,3
03:30:09,Mostly Cloudy,3,3,3
03:32:08,Mostly Cloudy,3,3,3
03:34:09,Mostly Cloudy,3,3,3
03:36:09,Mostly Cloudy,3,3,3
03:38:08,Mostly Cloudy,3,3,3
03:40:09,Mostly Cloudy,3,3,3
03:42:09,Mostly Cloudy,3,3,3
03:44:09,Mostly Cloudy,3,3,3
03:46:09,Mostly Cloudy,3,3,3
03:48:08,Mostly Cloudy,3,3,3
03:50:09,Mostly Cloudy,3,3,3
03:52:09,Mostly Cloudy,3,3,3
03:54:09,Mostly Cloudy,3,3,3
03:56:08,Mostly Cloudy,3,3,3
03:58:09,Mostly Cloudy,3,3,3
04:00:09,Mostly Cloudy,3,3,3
04:02:09,Mostly Cloudy,3,3,3
04:04:09,Mostly Cloudy,3,3,3
04:06:08,Mostly Cloudy,3,3,3
04:08:08,Mostly Cloudy,3,3,3
04:10:09,Mostly Cloudy,3,3,3
04:12:09,Mostly Cloudy,3,3,3
04:14:09,Mostly Cloudy,5,3,8
04:16:08,Mostly Cloudy,5,3,8
04:18:08,Mostly Cloudy,5,3,8
04:20:09,Mostly Cloudy,5,3,8
04:22:09,Mostly Cloudy,5,3,8
04:24:09,Mostly Cloudy,5,3,8
04:26:09,Mostly Cloudy,5,3,8
04:28:08,Mostly Cloudy,5,3,8
04:30:09,Mostly Cloudy,5,3,8
04:32:09,Mostly Cloudy,5,3,8
04:34:09,Mostly Cloudy,5,3,8
04:36:09,Mostly Cloudy,5,3,8
04:38:08,Mostly Cloudy,5,3,8
04:40:09,Mostly Cloudy,5,3,8
04:42:09,Mostly Cloudy,5,3,8
04:44:09,Mostly Cloudy,5,3,8
04:46:08,Mostly Cloudy,5,3,8
04:48:09,Mostly Cloudy,5,3,8
04:50:09,Mostly Cloudy,5,3,8
04:52:09,Mostly Cloudy,5,3,8
04:54:09,Mostly Cloudy,5,3,8
04:56:08,Mostly Cloudy,5,3,8
04:58:09,Mostly Cloudy,5,3,8
05:00:09,Mostly Cloudy,5,3,8
05:02:08,Mostly Cloudy,5,3,8
05:04:09,Mostly Cloudy,5,3,8
05:06:09,Mostly Cloudy,5,3,8
05:08:09,Mostly Cloudy,6,2,14
05:10:08,Mostly Cloudy,6,2,14
05:12:09,Mostly Cloudy,6,2,14
05:14:09,Mostly Cloudy,6,2,14
05:16:09,Mostly Cloudy,6,2,14
05:18:08,Mostly Cloudy,6,2,14
05:20:08,Mostly Cloudy,6,2,14
05:22:09,Mostly Cloudy,6,2,14
05:24:09,Mostly Cloudy,6,2,14
05:26:08,Mostly Cloudy,6,2,14
05:28:09,Mostly Cloudy,6,2,14
05:30:09,Mostly Cloudy,6,2,14
05:32:09,Mostly Cloudy,6,2,14
05:34:08,Mostly Cloudy,6,2,14
05:36:09,Mostly Cloudy,6,2,14
05:38:09,Mostly Cloudy,6,2,14
05:40:08,Mostly Cloudy,6,2,14
05:42:08,Mostly Cloudy,6,2,14
05:44:08,Mostly Cloudy,6,2,14
05:46:09,Mostly Cloudy,6,2,14
05:48:09,Mostly Cloudy,6,2,14
05:50:08,Mostly Cloudy,6,2,14
05:52:09,Mostly Cloudy,6,2,14
05:54:09,Mostly Cloudy,6,2,14
05:56:09,Mostly Cloudy,6,2,14
05:58:08,Mostly Cloudy,6,2,14
06:00:08,Mostly Cloudy,6,2,14
06:02:09,Mostly Cloudy,6,2,14
06:04:09,Mostly Cloudy,6,2,14
06:06:08,Mostly Cloudy,6,2,14
06:08:08,Partly Cloudy,6,2,14
06:10:09,Partly Cloudy,6,2,14
06:12:09,Partly Cloudy,6,2,14
06:14:09,Partly Cloudy,6,2,14
06:16:09,Partly Cloudy,6,2,14
06:18:09,Partly Cloudy,6,2,14
06:20:09,Partly Cloudy,6,2,14
06:22:08,Partly Cloudy,6,2,14
06:24:09,Partly Cloudy,6,2,14
06:26:09,Partly Cloudy,6,2,14
06:28:09,Partly Cloudy,6,2,14
06:30:09,Partly Cloudy,6,2,14
06:32:08,Partly Cloudy,6,2,14
06:34:08,Partly Cloudy,6,2,14
06:36:09,Partly Cloudy,6,2,14
06:38:09,Partly Cloudy,6,2,14
06:40:09,Partly Cloudy,6,2,14
06:42:09,Partly Cloudy,6,2,14
06:44:09,Partly Cloudy,6,2,14
06:46:09,Partly Cloudy,6,2,14
06:48:08,Partly Cloudy,6,2,14
06:50:09,Partly Cloudy,6,2,14
06:52:09,Partly Cloudy,6,2,14
06:54:09,Partly Cloudy,6,2,14
06:56:08,Partly Cloudy,6,2,14
06:58:08,Partly Cloudy,6,2,14
07:00:09,Partly Cloudy,6,2,14
07:02:09,Partly Cloudy,6,2,14
07:04:09,Partly Cloudy,6,2,14
07:06:08,Partly Cloudy,6,2,14
07:08:08,Partly Cloudy,6,2,14
07:10:09,Partly Cloudy,6,2,14
07:12:09,Partly Cloudy,6,2,14
07:14:09,Mostly Cloudy,7,7,4
07:16:08,Mostly Cloudy,7,7,4
07:18:09,Mostly Cloudy,7,7,4
07:20:08,Mostly Cloudy,7,7,4
07:22:08,Mostly Cloudy,7,7,4
07:24:09,Mostly Cloudy,7,7,4
07:26:09,Mostly Cloudy,7,7,4
07:28:09,Mostly Cloudy,7,7,4
07:30:09,Mostly Cloudy,7,7,4
07:32:09,Mostly Cloudy,7,7,4
07:34:09,Mostly Cloudy,7,7,4
07:36:09,Mostly Cloudy,7,7,4
07:38:08,Shallow Fog,7,7,4
07:40:08,Shallow Fog,7,7,4
07:42:09,Shallow Fog,7,7,4
07:44:09,Shallow Fog,7,7,4
07:46:08,Shallow Fog,7,7,4
07:48:09,Shallow Fog,7,7,4
07:50:09,Shallow Fog,7,7,4
07:52:08,Shallow Fog,7,7,4
07:54:09,Shallow Fog,7,7,4
07:56:09,Shallow Fog,7,7,4
07:58:09,Shallow Fog,7,7,4
08:00:08,Shallow Fog,7,7,4
08:02:08,Shallow Fog,7,7,4
08:04:09,Shallow Fog,7,7,4
08:06:09,Shallow Fog,7,7,4
08:08:08,Shallow Fog,7,7,4
08:10:09,Shallow Fog,7,7,4
08:12:09,Shallow Fog,7,7,4
08:14:08,Shallow Fog,7,7,4
08:16:08,Shallow Fog,7,7,4
08:18:09,Shallow Fog,7,7,4
08:20:09,Mostly Cloudy,7,7,3
08:22:09,Mostly Cloudy,7,7,3
08:24:09,Mostly Cloudy,7,7,3
08:26:08,Mostly Cloudy,7,7,3
08:28:09,Mostly Cloudy,7,7,3
08:30:09,Mostly Cloudy,7,7,3
08:32:09,Mostly Cloudy,7,7,3
08:34:09,Mostly Cloudy,7,7,3
08:36:09,Mostly Cloudy,7,7,3
08:38:09,Mostly Cloudy,7,6,9
08:40:08,Mostly Cloudy,7,6,9
08:42:08,Mostly Cloudy,7,6,9
08:44:08,Mostly Cloudy,7,6,9
08:46:09,Mostly Cloudy,7,6,9
08:48:09,Mostly Cloudy,7,6,9
08:50:09,Mostly Cloudy,7,6,9
08:52:08,Mostly Cloudy,7,6,9
08:54:09,Mostly Cloudy,7,6,9
08:56:09,Mostly Cloudy,7,6,9
08:58:09,Mostly Cloudy,7,6,9
09:00:09,Mostly Cloudy,7,6,9
09:02:09,Mostly Cloudy,7,6,9
09:04:09,Mostly Cloudy,7,6,9
09:06:09,Mostly Cloudy,7,6,9
09:08:09,Mostly Cloudy,7,6,9
09:10:08,Mostly Cloudy,7,6,9
09:12:08,Mostly Cloudy,7,6,9
09:14:08,Mostly Cloudy,10,10,4
09:16:09,Mostly Cloudy,10,10,4
09:18:08,Mostly Cloudy,10,10,4
09:20:08,Mostly Cloudy,10,10,4
09:22:09,Mostly Cloudy,10,10,4
09:24:09,Mostly Cloudy,10,10,4
09:26:09,Mostly Cloudy,10,10,4
09:28:09,Mostly Cloudy,10,10,4
09:30:09,Mostly Cloudy,10,10,4
09:32:09,Mostly Cloudy,10,10,4
09:34:08,Mostly Cloudy,10,10,4
09:36:09,Mostly Cloudy,10,10,4
09:38:09,Mostly Cloudy,11,11,16
09:40:09,Mostly Cloudy,11,11,16
09:42:09,Mostly Cloudy,11,11,16
09:44:08,Mostly Cloudy,11,11,16
09:46:09,Mostly Cloudy,11,11,16
09:48:09,Mostly Cloudy,11,11,16
09:50:08,Mostly Cloudy,11,11,16
09:52:09,Mostly Cloudy,11,11,16
09:54:09,Mostly Cloudy,11,11,16
09:56:09,Mostly Cloudy,11,11,16
09:58:09,Mostly Cloudy,11,11,16
10:00:09,Mostly Cloudy,11,11,16
10:02:09,Mostly Cloudy,11,11,16
10:04:09,Mostly Cloudy,11,11,16
10:06:08,Mostly Cloudy,11,11,16
10:08:08,Mostly Cloudy,11,11,16
10:10:08,Mostly Cloudy,11,11,16
10:12:09,Mostly Cloudy,11,11,16
10:14:09,Mostly Cloudy,12,12,22
10:16:09,Mostly Cloudy,12,12,22
10:18:08,Mostly Cloudy,12,12,22
10:20:08,Mostly Cloudy,12,12,22
10:22:09,Mostly Cloudy,12,12,22
10:24:09,Mostly Cloudy,12,12,22
10:26:09,Mostly Cloudy,12,12,22
10:28:08,Mostly Cloudy,12,12,22
10:30:08,Mostly Cloudy,12,12,22
10:32:09,Mostly Cloudy,12,12,22
10:34:09,Mostly Cloudy,12,12,22
10:36:09,Mostly Cloudy,12,12,22
10:38:08,Mostly Cloudy,12,12,22
10:40:09,Mostly Cloudy,12,12,22
10:42:09,Mostly Cloudy,12,12,22
10:44:09,Mostly Cloudy,12,12,20
10:46:08,Mostly Cloudy,12,12,20
10:48:08,Mostly Cloudy,12,12,20
10:50:09,Mostly Cloudy,12,12,20
10:52:09,Mostly Cloudy,12,12,20
10:54:09,Mostly Cloudy,12,12,20
10:56:08,Mostly Cloudy,12,12,20
10:58:09,Mostly Cloudy,12,12,20
11:00:09,Mostly Cloudy,12,12,20
11:02:09,Mostly Cloudy,12,12,20
11:04:08,Mostly Cloudy,12,12,20
11:06:08,Mostly Cloudy,12,12,20
11:08:09,Mostly Cloudy,12,12,24
11:10:09,Mostly Cloudy,12,12,24
11:12:08,Mostly Cloudy,12,12,24
11:14:09,Mostly Cloudy,12,12,24
11:16:09,Mostly Cloudy,12,12,24
11:18:09,Mostly Cloudy,12,12,24
11:20:08,Mostly Cloudy,12,12,24
11:22:09,Mostly Cloudy,12,12,24
11:24:09,Mostly Cloudy,12,12,24
11:26:09,Mostly Cloudy,12,12,24
11:28:08,Mostly Cloudy,12,12,24
11:30:08,Mostly Cloudy,12,12,24
11:32:09,Mostly Cloudy,12,12,24
11:34:09,Mostly Cloudy,12,12,24
11:36:09,Mostly Cloudy,12,12,24
11:38:08,Mostly Cloudy,12,12,24
11:40:08,Mostly Cloudy,12,12,24
11:42:09,Mostly Cloudy,12,12,24
11:44:09,Mostly Cloudy,12,12,20
11:46:09,Mostly Cloudy,12,12,20
11:48:08,Mostly Cloudy,12,12,20
11:50:08,Mostly Cloudy,12,12,20
11:52:09,Mostly Cloudy,12,12,20
11:54:09,Mostly Cloudy,12,12,20
11:56:09,Mostly Cloudy,12,12,20
11:58:09,Mostly Cloudy,12,12,20
12:00:08,Mostly Cloudy,12,12,20
12:02:09,Mostly Cloudy,12,12,20
12:04:09,Mostly Cloudy,12,12,20
12:06:08,Mostly Cloudy,12,12,20
12:08:08,Mostly Cloudy,12,12,20
12:10:09,Mostly Cloudy,12,12,20
12:12:09,Mostly Cloudy,12,12,20
12:14:08,Light Rain Shower,11,11,20
12:16:08,Light Rain Shower,11,11,20
12:18:09,Light Rain Shower,11,11,20
12:20:09,Light Rain Shower,11,11,20
12:22:08,Light Rain Shower,11,11,20
12:24:09,Light Rain Shower,11,11,20
12:26:09,Light Rain Shower,11,11,20
12:28:08,Light Rain Shower,11,11,20
12:30:09,Light Rain Shower,11,11,20
12:32:09,Light Rain Shower,11,11,20
12:34:09,Light Rain Shower,11,11,20
12:36:08,Light Rain Shower,11,11,20
12:38:08,Light Rain Shower,11,11,20
12:40:09,Light Rain Shower,11,11,20
12:42:09,Light Rain Shower,11,11,20
12:44:09,Light Rain,11,11,9
12:46:08,Light Rain,11,11,9
12:48:09,Light Rain,11,11,9
12:50:09,Light Rain,11,11,9
12:52:08,Light Rain,11,11,9
12:54:08,Light Rain,11,11,9
12:56:09,Light Rain,11,11,9
12:58:09,Light Rain,11,11,9
13:00:09,Light Rain,11,11,9
13:02:08,Light Rain,11,11,9
13:04:09,Light Rain,11,11,9
13:06:09,Light Rain,11,11,9
13:08:09,Light Rain,11,11,9
13:10:09,Light Rain,11,11,9
13:12:08,Light Rain,11,11,9
13:14:08,Light Rain,11,11,9
13:16:09,Light Rain,11,11,9
13:18:09,Light Rain,11,11,9
13:20:08,Light Rain,11,11,9
13:22:09,Light Rain,11,11,9
13:24:09,Light Rain,11,11,9
13:26:09,Light Rain,11,11,9
13:28:08,Light Rain,11,11,9
13:30:09,Light Rain,11,11,9
13:32:09,Light Rain,11,11,9
13:34:08,Light Rain,11,11,9
13:36:09,Light Rain,11,11,9
13:44:09,Mostly Cloudy,12,12,11
13:46:08,Mostly Cloudy,12,12,11
13:48:09,Mostly Cloudy,12,12,11
13:50:09,Mostly Cloudy,12,12,11
13:52:09,Mostly Cloudy,12,12,11
13:54:08,Mostly Cloudy,12,12,11
13:56:09,Mostly Cloudy,12,12,11
13:58:09,Mostly Cloudy,12,12,11
14:00:09,Mostly Cloudy,12,12,11
14:02:08,Mostly Cloudy,12,12,11
14:04:08,Mostly Cloudy,12,12,11
14:06:09,Mostly Cloudy,12,12,11
14:08:09,Mostly Cloudy,12,12,22
14:10:08,Mostly Cloudy,12,12,22
14:12:08,Mostly Cloudy,12,12,22
14:14:09,Mostly Cloudy,12,12,22
14:16:09,Mostly Cloudy,12,12,22
14:18:08,Mostly Cloudy,12,12,22
14:20:08,Mostly Cloudy,12,12,22
14:22:09,Mostly Cloudy,12,12,22
14:24:09,Mostly Cloudy,12,12,22
14:26:09,Mostly Cloudy,12,12,22
14:28:08,Mostly Cloudy,12,12,22
14:30:08,Mostly Cloudy,12,12,22
14:32:09,Mostly Cloudy,12,12,22
14:34:08,Mostly Cloudy,12,12,22
14:36:08,Mostly Cloudy,12,12,22
14:38:09,Mostly Cloudy,12,12,22
14:40:09,Mostly Cloudy,12,12,22
14:42:09,Light Rain,12,12,22
14:44:08,Light Rain,12,12,22
14:46:08,Light Rain,12,12,22
14:48:09,Light Rain,12,12,22
14:50:09,Light Rain,12,12,22
14:52:08,Light Rain,12,12,22
14:54:08,Light Rain,12,12,22
14:56:09,Light Rain,12,12,22
14:58:09,Light Rain,12,12,22
15:00:09,Light Rain,12,12,22
15:02:08,Light Rain,12,12,22
15:04:09,Light Rain,12,12,22
15:06:09,Light Rain,12,12,22
15:08:08,Light Rain,12,12,22
15:10:08,Light Rain,12,12,22
15:12:08,Mostly Cloudy,12,12,24
15:14:09,Mostly Cloudy,12,12,24
15:16:09,Mostly Cloudy,12,12,24
15:18:08,Mostly Cloudy,12,12,24
15:20:09,Mostly Cloudy,12,12,24
15:22:09,Mostly Cloudy,12,12,24
15:24:08,Mostly Cloudy,12,12,24
15:26:08,Mostly Cloudy,12,12,24
15:28:09,Mostly Cloudy,12,12,24
15:30:09,Mostly Cloudy,12,12,24
15:32:09,Mostly Cloudy,12,12,24
15:34:09,Mostly Cloudy,12,12,24
15:36:09,Mostly Cloudy,12,12,24
15:38:09,Mostly Cloudy,12,12,24
15:40:09,Mostly Cloudy,12,12,24
15:42:09,Mostly Cloudy,12,12,24
15:44:09,Mostly Cloudy,12,12,24
15:46:08,Mostly Cloudy,12,12,24
15:48:09,Mostly Cloudy,12,12,25
15:50:09,Mostly Cloudy,12,12,25
15:52:08,Mostly Cloudy,12,12,25
15:54:08,Mostly Cloudy,12,12,25
15:56:09,Mostly Cloudy,12,12,25
15:58:09,Mostly Cloudy,12,12,25
16:00:08,Mostly Cloudy,12,12,25
16:02:09,Mostly Cloudy,12,12,25
16:04:09,Mostly Cloudy,12,12,25
16:06:09,Mostly Cloudy,12,12,25
16:08:09,Mostly Cloudy,12,12,25
16:10:08,Mostly Cloudy,12,12,25
16:12:08,Mostly Cloudy,12,12,32
16:14:09,Mostly Cloudy,12,12,32
16:16:09,Mostly Cloudy,12,12,32
16:18:08,Mostly Cloudy,12,12,32
16:20:08,Mostly Cloudy,12,12,32
16:22:09,Mostly Cloudy,12,12,32
16:24:09,Mostly Cloudy,12,12,32
16:26:09,Mostly Cloudy,12,12,32
16:28:09,Mostly Cloudy,12,12,32
16:30:09,Mostly Cloudy,12,12,32
16:32:08,Mostly Cloudy,12,12,32
16:34:08,Mostly Cloudy,12,12,32
16:36:08,Mostly Cloudy,12,12,32
16:38:09,Mostly Cloudy,12,12,32
16:40:09,Mostly Cloudy,12,12,32
16:42:09,Mostly Cloudy,12,12,32
16:44:08,Mostly Cloudy,12,12,32
16:46:09,Mostly Cloudy,12,12,32
16:48:09,Mostly Cloudy,12,12,32
16:50:08,Mostly Cloudy,12,12,32
16:52:09,Mostly Cloudy,12,12,32
16:54:09,Mostly Cloudy,12,12,32
16:56:08,Mostly Cloudy,12,12,32
16:58:09,Mostly Cloudy,12,12,32
17:00:09,Mostly Cloudy,12,12,32
17:02:09,Mostly Cloudy,12,12,32
17:04:08,Mostly Cloudy,12,12,32
17:06:09,Mostly Cloudy,12,12,32
17:08:09,Mostly Cloudy,12,12,32
17:10:08,Mostly Cloudy,12,12,32
17:12:08,Mostly Cloudy,12,12,32
17:14:09,Mostly Cloudy,12,12,32
17:16:09,Mostly Cloudy,12,12,32
17:18:09,Mostly Cloudy,12,12,24
17:20:09,Mostly Cloudy,12,12,24
17:22:09,Mostly Cloudy,12,12,24
17:24:09,Mostly Cloudy,12,12,24
17:26:08,Mostly Cloudy,12,12,24
17:28:09,Mostly Cloudy,12,12,24
17:30:09,Mostly Cloudy,12,12,24
17:32:09,Mostly Cloudy,12,12,24
17:34:09,Mostly Cloudy,12,12,24
17:36:09,Mostly Cloudy,12,12,24
17:38:09,Mostly Cloudy,12,12,24
17:40:08,Mostly Cloudy,12,12,24
17:42:09,Mostly Cloudy,12,12,24
17:44:09,Mostly Cloudy,12,12,24
17:46:09,Mostly Cloudy,12,12,24
17:48:09,Mostly Cloudy,12,12,24
17:50:09,Mostly Cloudy,12,12,24
17:52:09,Mostly Cloudy,12,12,24
17:54:09,Mostly Cloudy,12,12,24
17:56:08,Mostly Cloudy,12,12,24
17:58:09,Mostly Cloudy,12,12,24
18:00:09,Mostly Cloudy,12,12,24
18:02:09,Mostly Cloudy,12,12,24
18:04:08,Mostly Cloudy,12,12,24
18:06:08,Mostly Cloudy,12,12,24
18:08:09,Mostly Cloudy,12,12,24
18:10:09,Mostly Cloudy,12,12,24
18:12:08,Mostly Cloudy,12,12,24
18:14:09,Mostly Cloudy,12,12,24
18:16:09,Mostly Cloudy,12,12,24
18:18:09,Partly Cloudy,12,12,22
18:20:09,Partly Cloudy,12,12,22
18:22:08,Partly Cloudy,12,12,22
18:24:09,Partly Cloudy,12,12,22
18:26:09,Partly Cloudy,12,12,22
18:28:08,Partly Cloudy,12,12,22
18:30:09,Partly Cloudy,12,12,22
18:32:09,Partly Cloudy,12,12,22
18:34:08,Partly Cloudy,12,12,22
18:36:08,Partly Cloudy,12,12,22
18:38:09,Partly Cloudy,12,12,22
18:40:09,Partly Cloudy,12,12,22
18:42:08,Partly Cloudy,12,12,22
18:44:09,Partly Cloudy,12,12,22
18:46:09,Partly Cloudy,12,12,22
18:48:09,Partly Cloudy,12,12,22
18:50:08,Partly Cloudy,12,12,22
18:52:08,Partly Cloudy,12,12,22
18:54:09,Partly Cloudy,12,12,22
18:56:08,Partly Cloudy,12,12,22
18:58:08,Partly Cloudy,12,12,22
19:00:09,Partly Cloudy,12,12,22
19:02:09,Partly Cloudy,12,12,22
19:04:09,Partly Cloudy,12,12,22
19:06:08,Partly Cloudy,12,12,22
19:08:09,Partly Cloudy,12,12,22
19:10:09,Partly Cloudy,12,12,22
19:12:08,Fair,10,10,12
19:14:09,Fair,10,10,12
19:16:09,Fair,10,10,12
19:18:08,Fair,10,10,12
19:20:09,Fair,10,10,12
19:22:09,Fair,10,10,12
19:24:09,Fair,10,10,12
19:26:08,Fair,10,10,12
19:28:09,Fair,10,10,12
19:30:09,Fair,10,10,12
19:32:08,Fair,10,10,12
19:34:08,Fair,10,10,12
19:36:08,Fair,10,10,12
19:38:09,Fair,10,10,12
19:40:09,Fair,10,10,12
19:42:08,Fair,10,10,12
19:44:09,Fair,10,10,12
19:46:09,Fair,10,10,12
19:48:09,Fair,10,10,12
19:50:09,Fair,10,10,12
19:52:09,Fair,10,10,12
19:54:08,Fair,10,10,12
19:56:09,Fair,10,10,12
19:58:09,Fair,10,10,12
20:00:08,Fair,10,10,12
20:02:09,Fair,10,10,12
20:04:09,Fair,10,10,12
20:06:08,Fair,10,10,12
20:08:09,Fair,10,10,12
20:10:09,Fair,10,10,12
20:12:08,Fair,10,10,12
20:14:09,Fair,10,10,12
20:16:09,Fair,10,10,12
20:18:08,Partly Cloudy,10,10,22
20:20:09,Partly Cloudy,10,10,22
20:22:09,Partly Cloudy,10,10,22
20:24:09,Partly Cloudy,10,10,22
20:26:09,Partly Cloudy,10,10,22
20:28:09,Partly Cloudy,10,10,22
20:30:08,Partly Cloudy,10,10,22
20:32:09,Partly Cloudy,10,10,22
20:34:09,Partly Cloudy,10,10,22
20:36:09,Partly Cloudy,10,10,22
20:38:08,Partly Cloudy,10,10,22
20:40:09,Partly Cloudy,10,10,22
20:42:09,Partly Cloudy,10,10,22
20:44:08,Partly Cloudy,10,10,22
20:46:09,Partly Cloudy,10,10,22
20:48:09,Partly Cloudy,10,10,22
20:50:09,Partly Cloudy,10,10,22
20:52:08,Partly Cloudy,10,10,22
20:54:09,Partly Cloudy,10,10,22
20:56:09,Partly Cloudy,10,10,22
20:58:09,Partly Cloudy,10,10,22
21:00:08,Partly Cloudy,10,10,22
21:02:09,Partly Cloudy,10,10,22
21:04:09,Partly Cloudy,10,10,22
21:06:09,Partly Cloudy,10,10,22
21:08:08,Partly Cloudy,10,10,22
21:10:09,Partly Cloudy,10,10,22
21:12:09,Mostly Cloudy,10,10,16
21:14:09,Mostly Cloudy,10,10,16
21:16:08,Mostly Cloudy,10,10,16
21:18:09,Mostly Cloudy,10,10,16
21:20:09,Mostly Cloudy,10,10,16
21:22:08,Mostly Cloudy,10,10,16
21:24:09,Mostly Cloudy,10,10,16
21:26:09,Mostly Cloudy,10,10,16
21:28:08,Mostly Cloudy,10,10,16
21:30:08,Mostly Cloudy,10,10,16
21:32:09,Mostly Cloudy,10,10,16
21:34:09,Mostly Cloudy,10,10,16
21:36:09,Mostly Cloudy,10,10,16
21:38:08,Mostly Cloudy,10,10,16
21:40:09,Mostly Cloudy,10,10,16
21:42:09,Mostly Cloudy,10,10,16
21:44:09,Mostly Cloudy,10,10,16
21:46:09,Mostly Cloudy,10,10,16
21:48:08,Mostly Cloudy,10,10,16
21:50:09,Mostly Cloudy,10,10,16
21:52:09,Mostly Cloudy,10,10,16
21:54:09,Mostly Cloudy,10,10,16
21:56:09,Mostly Cloudy,10,10,16
21:58:09,Mostly Cloudy,10,10,16
22:00:09,Mostly Cloudy,10,10,16
22:02:09,Mostly Cloudy,10,10,16
22:04:08,Mostly Cloudy,10,10,16
22:06:09,Mostly Cloudy,10,10,16
22:08:09,Mostly Cloudy,10,10,16
22:10:09,Mostly Cloudy,10,10,16
22:12:08,Mostly Cloudy,10,10,3
22:14:09,Mostly Cloudy,10,10,3
22:16:09,Mostly Cloudy,10,10,3
22:18:09,Mostly Cloudy,10,10,3
22:20:09,Mostly Cloudy,10,10,3
22:22:08,Mostly Cloudy,10,10,3
22:24:09,Mostly Cloudy,10,10,3
22:26:09,Mostly Cloudy,10,10,3
22:28:09,Mostly Cloudy,10,10,3
22:30:09,Mostly Cloudy,10,10,3
22:32:09,Mostly Cloudy,10,10,3
22:34:08,Mostly Cloudy,10,10,3
22:36:08,Mostly Cloudy,10,10,3
22:38:09,Mostly Cloudy,10,10,3
22:40:09,Mostly Cloudy,10,10,3
22:42:08,Mostly Cloudy,10,10,3
22:44:08,Mostly Cloudy,10,10,3
22:46:09,Mostly Cloudy,10,10,3
22:48:09,Mostly Cloudy,10,10,3
22:50:09,Mostly Cloudy,10,10,3
22:52:08,Mostly Cloudy,10,10,3
22:54:09,Mostly Cloudy,10,10,3
22:56:09,Mostly Cloudy,10,10,3
22:58:09,Mostly Cloudy,10,10,3
23:00:08,Mostly Cloudy,10,10,3
23:02:09,Mostly Cloudy,10,10,3
23:04:09,Mostly Cloudy,10,10,3
23:06:09,Mostly Cloudy,10,10,3
23:08:09,Mostly Cloudy,10,10,3
23:10:09,Mostly Cloudy,10,10,3
23:12:09,Mostly Cloudy,8,8,3
23:14:08,Mostly Cloudy,8,8,3
23:16:09,Mostly Cloudy,8,8,3
23:18:08,Mostly Cloudy,8,8,3
23:20:08,Mostly Cloudy,8,8,3
23:22:09,Mostly Cloudy,8,8,3
23:24:09,Mostly Cloudy,8,8,3
23:26:09,Mostly Cloudy,8,8,3
23:28:08,Mostly Cloudy,8,8,3
23:30:09,Mostly Cloudy,8,8,3
23:32:09,Mostly Cloudy,8,8,3
23:34:09,Mostly Cloudy,8,8,3
23:36:09,Mostly Cloudy,8,8,3
23:38:08,Mostly Cloudy,8,8,3
23:40:09,Mostly Cloudy,8,8,3
23:42:09,Mostly Cloudy,8,8,3
23:44:09,Mostly Cloudy,8,8,3
23:46:08,Mostly Cloudy,8,8,3
23:48:08,Mostly Cloudy,8,8,3
23:50:09,Mostly Cloudy,8,8,3
23:52:09,Mostly Cloudy,8,8,3
23:54:09,Mostly Cloudy,8,8,3
23:56:09,Mostly Cloudy,8,8,3
23:58:08,Mostly Cloudy,8,8,3
