Time,Weather,Temperature,Feels_Like,Wind_Speed
00:00:08,Mostly Cloudy,8,7,12
00:02:09,Mostly Cloudy,8,7,12
00:04:09,Mostly Cloudy,8,7,12
00:06:08,Mostly Cloudy,8,7,12
00:08:08,Mostly Cloudy,8,7,12
00:10:09,Mostly Cloudy,8,7,12
00:12:09,Mostly Cloudy,8,7,12
00:14:09,Mostly Cloudy,8,7,12
00:16:08,Mostly Cloudy,8,7,12
00:18:09,Mostly Cloudy,8,7,12
00:20:08,Mostly Cloudy,8,6,19
00:22:09,Mostly Cloudy,8,6,19
00:24:09,Mostly Cloudy,8,6,19
00:26:08,Mostly Cloudy,8,6,19
00:28:08,Mostly Cloudy,8,6,19
00:30:09,Mostly Cloudy,8,6,19
00:32:09,Mostly Cloudy,8,6,19
00:34:09,Mostly Cloudy,8,6,19
00:36:08,Mostly Cloudy,8,6,19
00:38:08,Mostly Cloudy,8,6,19
00:40:09,Mostly Cloudy,8,6,19
00:42:09,Mostly Cloudy,8,6,19
00:44:09,Mostly Cloudy,8,6,19
00:46:08,Mostly Cloudy,8,6,19
00:48:08,Mostly Cloudy,8,6,19
00:50:08,Mostly Cloudy,8,6,19
00:52:09,Mostly Cloudy,8,6,19
00:54:09,Mostly Cloudy,8,6,19
00:56:09,Mostly Cloudy,8,6,19
00:58:09,Mostly Cloudy,8,6,19
01:00:16,Mostly Cloudy,8,6,19
01:02:09,Mostly Cloudy,8,6,19
01:04:09,Mostly Cloudy,8,6,19
01:06:08,Mostly Cloudy,8,6,19
01:08:09,Mostly Cloudy,8,6,19
01:10:09,Mostly Cloudy,8,6,19
01:12:08,Mostly Cloudy,8,6,19
01:14:09,Mostly Cloudy,8,6,19
01:16:09,Mostly Cloudy,8,6,20
01:18:09,Mostly Cloudy,8,6,20
01:20:08,Mostly Cloudy,8,6,20
01:22:08,Mostly Cloudy,8,6,20
01:24:09,Mostly Cloudy,8,6,20
01:26:09,Mostly Cloudy,8,6,20
01:28:08,Mostly Cloudy,8,6,20
01:30:09,Mostly Cloudy,8,6,20
01:32:09,Mostly Cloudy,8,6,20
01:34:09,Mostly Cloudy,8,6,20
01:36:09,Mostly Cloudy,8,6,20
01:38:08,Mostly Cloudy,8,6,20
01:40:08,Mostly Cloudy,8,6,20
01:42:09,Mostly Cloudy,8,6,20
01:44:09,Mostly Cloudy,8,6,20
01:46:08,Mostly Cloudy,8,6,20
01:48:09,Mostly Cloudy,8,6,20
01:50:09,Mostly Cloudy,8,6,20
01:52:09,Mostly Cloudy,8,6,20
01:54:08,Mostly Cloudy,8,6,20
01:56:08,Mostly Cloudy,8,6,20
01:58:09,Mostly Cloudy,8,6,20
02:00:09,Mostly Cloudy,8,6,20
02:02:08,Mostly Cloudy,8,6,20
02:04:08,Mostly Cloudy,8,6,20
02:06:09,Mostly Cloudy,8,6,20
02:08:09,Mostly Cloudy,8,6,20
02:10:08,Mostly Cloudy,8,6,20
02:12:08,Mostly Cloudy,8,6,20
02:14:09,Mostly Cloudy,8,6,20
02:16:09,Mostly Cloudy,7,5,12
02:18:08,Mostly Cloudy,7,5,12
02:20:09,Mostly Cloudy,7,5,12
02:22:09,Mostly Cloudy,7,5,12
02:24:08,Mostly Cloudy,7,5,12
02:26:08,Mostly Cloudy,7,5,12
02:28:08,Mostly Cloudy,7,5,12
02:30:09,Mostly Cloudy,7,5,12
02:32:09,Mostly Cloudy,7,5,12
02:34:08,Mostly Cloudy,7,5,12
02:36:08,Mostly Cloudy,7,5,12
02:38:09,Mostly Cloudy,7,5,12
02:40:09,Mostly Cloudy,7,5,12
02:42:08,Mostly Cloudy,7,5,12
02:44:08,Mostly Cloudy,7,5,12
02:46:09,Mostly Cloudy,7,5,12
02:48:09,Mostly Cloudy,7,5,12
02:50:09,Mostly Cloudy,7,5,12
02:52:09,Mostly Cloudy,7,5,12
02:54:09,Mostly Cloudy,7,5,12
02:56:09,Mostly Cloudy,7,5,12
02:58:09,Mostly Cloudy,7,5,12
03:00:09,Mostly Cloudy,7,5,12
03:02:09,Mostly Cloudy,7,5,12
03:04:08,Mostly Cloudy,7,5,12
03:06:09,Mostly Cloudy,7,5,12
03:08:09,Mostly Cloudy,7,5,12
03:10:09,Mostly Cloudy,7,5,12
03:12:09,Mostly Cloudy,7,5,12
03:14:09,Partly Cloudy,7,5,14
03:16:09,Partly Cloudy,7,5,14
03:18:09,Partly Cloudy,7,5,14
03:20:09,Partly Cloudy,7,5,14
03:22:09,Partly Cloudy,7,5,14
03:24:08,Partly Cloudy,7,5,14
03:26:08,Partly Cloudy,7,5,14
03:28:09,Partly Cloudy,7,5,14
03:30:09,Partly Cloudy,7,5,14
03:32:09,Partly Cloudy,7,5,14
03:34:08,Partly Cloudy,7,5,14
03:36:09,Partly Cloudy,7,5,14
03:38:09,Partly Cloudy,7,5,14
03:40:09,Partly Cloudy,7,5,14
03:42:08,Partly Cloudy,7,5,14
03:44:08,Partly Cloudy,7,5,14
03:46:09,Partly Cloudy,7,5,14
03:48:09,Partly Cloudy,7,5,14
03:50:09,Partly Cloudy,7,5,14
03:52:09,Partly Cloudy,7,5,14
03:54:09,Partly Cloudy,7,5,14
03:56:09,Partly Cloudy,7,5,14
03:58:08,Partly Cloudy,7,5,14
04:00:08,Partly Cloudy,7,5,14
04:02:09,Partly Cloudy,7,5,14
04:04:09,Partly Cloudy,7,5,14
04:06:09,Partly Cloudy,7,5,14
04:08:09,Partly Cloudy,7,5,14
04:10:09,Partly Cloudy,7,5,14
04:12:08,Fair,7,3,20
04:14:09,Fair,7,3,20
04:16:09,Fair,7,3,20
04:18:08,Fair,7,3,20
04:20:09,Fair,7,3,20
04:22:09,Fair,7,3,20
04:24:09,Fair,7,3,20
04:26:09,Fair,7,3,20
04:28:09,Fair,7,3,20
04:30:09,Fair,7,3,20
04:32:08,Fair,7,3,20
04:34:09,Fair,7,3,20
04:36:09,Fair,7,3,20
04:38:09,Fair,7,3,20
04:40:08,Fair,7,3,20
04:42:09,Fair,7,3,20
04:44:09,Fair,7,3,20
04:46:09,Fair,7,3,20
04:48:09,Fair,7,3,20
04:50:09,Fair,7,3,20
04:52:08,Fair,7,3,20
04:54:09,Fair,7,3,20
04:56:09,Fair,7,3,20
04:58:08,Fair,7,3,20
05:00:09,Fair,7,3,20
05:02:09,Fair,7,3,20
05:04:09,Fair,7,3,20
05:06:09,Fair,7,3,20
05:08:09,Fair,7,3,20
05:10:08,Fair,7,3,20
05:12:09,Fair,7,5,19
05:14:09,Fair,7,5,19
05:16:09,Fair,7,5,19
05:18:09,Fair,7,5,19
05:20:09,Fair,7,5,19
05:22:09,Fair,7,5,19
05:24:09,Fair,7,5,19
05:26:08,Fair,7,5,19
05:28:09,Fair,7,5,19
05:30:09,Fair,7,5,19
05:32:08,Fair,7,5,19
05:34:08,Fair,7,5,19
05:36:09,Fair,7,5,19
05:38:09,Fair,7,5,19
05:40:09,Fair,7,5,19
05:42:09,Fair,7,5,19
05:44:09,Fair,7,5,19
05:46:09,Fair,7,5,19
05:48:08,Fair,7,5,19
05:50:09,Fair,7,5,19
05:52:09,Fair,7,5,19
05:54:08,Fair,7,5,19
05:56:08,Fair,7,5,19
05:58:09,Fair,7,5,19
06:00:09,Fair,7,5,19
06:02:08,Fair,7,5,19
06:04:09,Fair,7,5,19
06:06:09,Fair,7,5,19
06:08:09,Fair,7,5,19
06:10:09,Fair,7,5,19
06:12:09,Fair,7,5,19
06:14:08,Fair,8,5,24
06:16:09,Fair,8,5,24
06:18:09,Fair,8,5,24
06:20:08,Fair,8,5,24
06:22:09,Fair,8,5,24
06:24:09,Fair,8,5,24
06:26:09,Fair,8,5,24
06:28:09,Fair,8,5,24
06:30:08,Fair,8,5,24
06:32:09,Fair,8,5,24
06:34:09,Fair,8,5,24
06:36:09,Fair,8,5,24
06:38:08,Fair,8,5,24
06:40:09,Fair,8,5,24
06:42:09,Fair,8,5,24
06:44:08,Fair,8,5,24
06:46:09,Fair,8,5,24
06:48:08,Fair,8,5,24
06:50:08,Fair,8,5,24
06:52:08,Fair,8,5,24
06:54:09,Fair,8,5,24
06:56:09,Fair,8,5,24
06:58:09,Fair,8,5,24
07:00:08,Fair,8,5,24
07:02:09,Fair,8,5,24
07:04:09,Fair,8,5,24
07:06:08,Fair,8,5,24
07:08:09,Fair,8,5,24
07:10:09,Fair,8,5,24
07:12:08,Fair,10,10,20
07:14:08,Fair,10,10,20
07:16:09,Fair,10,10,20
07:18:09,Fair,10,10,20
07:20:08,Fair,10,10,20
07:22:09,Fair,10,10,20
07:24:09,Fair,10,10,20
07:26:08,Fair,10,10,20
07:28:08,Fair,10,10,20
07:30:08,Fair,10,10,20
07:32:09,Fair,10,10,20
07:34:09,Fair,10,10,20
07:36:09,Fair,10,10,20
07:38:08,Fair,10,10,20
07:40:09,Fair,10,10,20
07:42:09,Fair,10,10,20
07:44:08,Fair,10,10,20
07:46:08,Fair,10,10,20
07:48:08,Fair,10,10,20
07:50:09,Fair,10,10,20
07:52:09,Fair,10,10,20
07:54:09,Fair,10,10,20
07:56:08,Fair,10,10,20
07:58:09,Fair,10,10,20
08:00:09,Fair,10,10,20
08:02:08,Fair,10,10,20
08:04:08,Fair,10,10,20
08:06:09,Fair,10,10,20
08:08:08,Fair,10,10,20
08:10:08,Fair,10,10,20
08:12:09,Fair,10,10,20
08:14:09,Fair,10,10,20
08:16:09,Fair,10,10,20
08:18:09,Fair,11,11,25
08:20:09,Fair,11,11,25
08:22:08,Fair,11,11,25
08:24:09,Fair,11,11,25
08:26:09,Fair,11,11,25
08:28:08,Fair,11,11,25
08:30:08,Fair,11,11,25
08:32:09,Fair,11,11,25
08:34:09,Fair,11,11,25
08:36:08,Fair,11,11,25
08:38:08,Fair,11,11,25
08:40:09,Fair,11,11,25
08:42:09,Fair,11,11,25
08:44:09,Fair,11,11,25
08:46:08,Fair,11,11,25
08:48:08,Fair,11,11,25
08:50:09,Fair,11,11,25
08:52:09,Fair,11,11,25
08:54:08,Fair,11,11,25
08:56:08,Fair,11,11,25
08:58:09,Fair,11,11,25
09:00:09,Fair,11,11,25
09:02:08,Fair,11,11,25
09:04:08,Fair,11,11,25
09:06:09,Fair,11,11,25
09:08:09,Fair,11,11,25
09:10:09,Fair,11,11,25
09:12:08,Fair,11,11,25
09:14:09,Fair,12,12,28
09:16:09,Fair,12,12,28
09:18:09,Fair,12,12,28
09:20:09,Fair,12,12,28
09:22:08,Fair,12,12,28
09:24:08,Fair,12,12,28
09:26:09,Fair,12,12,28
09:28:09,Fair,12,12,28
09:30:09,Fair,12,12,28
09:32:08,Fair,12,12,28
09:34:08,Fair,12,12,28
09:36:09,Fair,12,12,28
09:38:09,Fair,12,12,28
09:40:08,Fair,12,12,28
09:42:09,Fair,12,12,28
09:44:09,Fair,12,12,28
09:46:09,Fair,12,12,28
09:48:08,Fair,12,12,28
09:50:08,Fair,12,12,28
09:52:09,Fair,12,12,28
09:54:09,Fair,12,12,28
09:56:09,Fair,12,12,28
09:58:08,Fair,12,12,28
10:00:08,Fair,12,12,28
10:02:09,Fair,12,12,28
10:04:09,Fair,12,12,28
10:06:09,Fair,12,12,28
10:08:08,Fair,12,12,28
10:10:09,Fair,12,12,28
10:12:09,Fair,12,12,28
10:14:08,Fair,12,12,28
10:16:09,Fair,12,12,28
10:18:09,Partly Cloudy,12,12,27
10:20:08,Partly Cloudy,12,12,27
10:22:09,Partly Cloudy,12,12,27
10:24:09,Partly Cloudy,12,12,27
10:26:08,Partly Cloudy,12,12,27
10:28:08,Partly Cloudy,12,12,27
10:30:09,Partly Cloudy,12,12,27
10:32:09,Partly Cloudy,12,12,27
10:34:08,Partly Cloudy,12,12,27
10:36:09,Partly Cloudy,12,12,27
10:38:09,Partly Cloudy,12,12,27
10:40:09,Partly Cloudy,12,12,27
10:42:08,Partly Cloudy,12,12,27
10:44:08,Partly Cloudy,12,12,27
10:46:09,Partly Cloudy,12,12,27
10:48:09,Partly Cloudy,12,12,27
10:50:08,Partly Cloudy,12,12,27
10:52:09,Partly Cloudy,12,12,27
10:54:09,Partly Cloudy,12,12,27
10:56:08,Partly Cloudy,12,12,27
10:58:09,Partly Cloudy,12,12,27
11:00:09,Partly Cloudy,12,12,27
11:02:08,Partly Cloudy,12,12,27
11:04:08,Partly Cloudy,12,12,27
11:06:09,Partly Cloudy,12,12,27
11:08:09,Partly Cloudy,12,12,27
11:10:09,Partly Cloudy,12,12,27
11:12:08,Partly Cloudy,15,15,32
11:14:09,Partly Cloudy,15,15,32
11:16:08,Partly Cloudy,15,15,32
11:18:09,Partly Cloudy,15,15,32
11:20:09,Partly Cloudy,15,15,32
11:22:09,Partly Cloudy,15,15,32
11:24:08,Partly Cloudy,15,15,32
11:26:09,Partly Cloudy,15,15,32
11:28:09,Partly Cloudy,15,15,32
11:30:09,Partly Cloudy,15,15,32
11:32:09,Partly Cloudy,15,15,32
11:34:09,Partly Cloudy,15,15,32
11:36:09,Partly Cloudy,15,15,32
11:38:08,Partly Cloudy,15,15,32
11:40:08,Partly Cloudy,15,15,32
11:42:08,Partly Cloudy,15,15,32
11:44:09,Partly Cloudy,15,15,32
11:46:09,Partly Cloudy,15,15,32
11:48:08,Partly Cloudy,15,15,32
11:50:09,Partly Cloudy,15,15,32
11:52:09,Partly Cloudy,15,15,32
11:54:08,Partly Cloudy,15,15,32
11:56:08,Partly Cloudy,15,15,32
11:58:09,Partly Cloudy,15,15,32
12:00:09,Partly Cloudy,15,15,32
12:02:08,Partly Cloudy,15,15,32
12:04:09,Partly Cloudy,15,15,32
12:06:09,Partly Cloudy,15,15,32
12:08:09,Partly Cloudy,15,15,32
12:10:08,Partly Cloudy,15,15,32
12:12:09,Partly Cloudy,15,15,32
12:14:09,Partly Cloudy,15,15,32
12:16:08,Partly Cloudy,15,15,32
12:18:09,Partly Cloudy,15,15,32
12:20:09,Partly Cloudy,16,16,27
12:22:08,Partly Cloudy,16,16,27
12:24:09,Partly Cloudy,16,16,27
12:26:09,Partly Cloudy,16,16,27
12:28:09,Partly Cloudy,16,16,27
12:30:08,Partly Cloudy,16,16,27
12:32:08,Partly Cloudy,16,16,27
12:34:09,Partly Cloudy,16,16,27
12:36:09,Partly Cloudy,16,16,27
12:38:09,Partly Cloudy,16,16,27
12:40:08,Partly Cloudy,16,16,27
12:42:09,Partly Cloudy,16,16,27
12:44:09,Partly Cloudy,16,16,27
12:46:09,Partly Cloudy,16,16,27
12:48:08,Partly Cloudy,16,16,27
12:50:08,Partly Cloudy,16,16,27
12:52:09,Partly Cloudy,16,16,27
12:54:09,Partly Cloudy,16,16,27
12:56:09,Partly Cloudy,16,16,27
12:58:09,Partly Cloudy,16,16,27
13:00:08,Partly Cloudy,16,16,27
13:02:09,Partly Cloudy,16,16,27
13:04:08,Partly Cloudy,16,16,27
13:06:08,Partly Cloudy,16,16,27
13:08:09,Partly Cloudy,16,16,27
13:10:09,Partly Cloudy,16,16,27
13:12:09,Fair,13,13,25
13:14:08,Fair,13,13,25
13:16:09,Fair,13,13,25
13:18:09,Fair,13,13,25
13:20:09,Fair,13,13,25
13:22:09,Fair,13,13,25
13:24:09,Fair,13,13,25
13:26:08,Fair,13,13,25
13:28:08,Fair,13,13,25
13:30:08,Fair,13,13,25
13:32:09,Fair,13,13,25
13:34:08,Fair,13,13,25
13:36:09,Fair,13,13,25
13:38:09,Fair,13,13,25
13:40:09,Fair,13,13,25
13:42:09,Fair,13,13,25
13:44:09,Fair,13,13,25
13:46:09,Fair,13,13,25
13:48:09,Fair,13,13,25
13:50:08,Fair,13,13,25
13:52:08,Fair,13,13,25
13:54:09,Fair,13,13,25
13:56:09,Fair,13,13,25
13:58:08,Fair,13,13,25
14:00:08,Fair,13,13,25
14:02:09,Fair,13,13,25
14:04:09,Fair,13,13,25
14:06:09,Fair,13,13,25
14:08:09,Fair,13,13,25
14:10:08,Fair,13,13,25
14:12:08,Fair,13,13,25
14:14:09,Fair,13,13,25
14:16:09,Fair,16,16,27
14:18:08,Fair,16,16,27
14:20:08,Fair,16,16,27
14:22:09,Fair,16,16,27
14:24:09,Fair,16,16,27
14:26:08,Fair,16,16,27
14:28:09,Fair,16,16,27
14:30:09,Fair,16,16,27
14:32:08,Fair,16,16,27
14:34:09,Fair,16,16,27
14:36:09,Fair,16,16,27
14:38:09,Fair,16,16,27
14:40:09,Fair,16,16,27
14:42:08,Fair,16,16,27
14:44:09,Fair,16,16,27
14:46:08,Fair,16,16,27
14:48:09,Fair,16,16,27
14:50:09,Fair,16,16,27
14:52:09,Fair,16,16,27
14:54:08,Fair,16,16,27
14:56:09,Fair,16,16,27
14:58:09,Fair,16,16,27
15:00:09,Fair,16,16,27
15:02:09,Fair,16,16,27
15:04:09,Fair,16,16,27
15:06:09,Fair,16,16,27
15:08:08,Fair,16,16,27
15:10:08,Fair,16,16,27
15:12:09,Light Rain Shower / Windy,13,13,33
15:14:09,Light Rain Shower / Windy,13,13,33
15:16:09,Light Rain Shower / Windy,13,13,33
15:18:08,Light Rain Shower / Windy,13,13,33
15:20:09,Light Rain Shower / Windy,13,13,33
15:22:09,Light Rain Shower / Windy,13,13,33
15:24:08,Light Rain Shower / Windy,13,13,33
15:26:08,Light Rain Shower / Windy,13,13,33
15:28:09,Light Rain Shower / Windy,13,13,33
15:30:09,Light Rain Shower / Windy,13,13,33
15:32:09,Light Rain Shower / Windy,13,13,33
15:34:08,Light Rain Shower / Windy,13,13,33
15:36:08,Light Rain Shower / Windy,13,13,33
15:38:09,Light Rain Shower / Windy,13,13,33
15:40:09,Light Rain Shower / Windy,13,13,33
15:42:08,Light Rain Shower / Windy,13,13,33
15:44:09,Light Rain Shower / Windy,13,13,33
15:46:09,Light Rain Shower / Windy,13,13,33
15:48:09,Light Rain Shower / Windy,13,13,33
15:50:09,Light Rain Shower / Windy,13,13,33
15:52:09,Light Rain Shower / Windy,13,13,33
15:54:08,Light Rain Shower / Windy,13,13,33
15:56:09,Light Rain Shower / Windy,13,13,33
15:58:09,Light Rain Shower / Windy,13,13,33
16:00:09,Light Rain Shower / Windy,13,13,33
16:02:08,Light Rain Shower / Windy,13,13,33
16:04:09,Light Rain Shower / Windy,13,13,33
16:06:09,Light Rain Shower / Windy,13,13,33
16:08:08,Light Rain Shower / Windy,13,13,33
16:10:08,Light Rain Shower / Windy,13,13,33
16:12:09,Mostly Cloudy,12,12,19
16:14:09,Mostly Cloudy,12,12,19
16:16:09,Mostly Cloudy,12,12,19
16:18:08,Mostly Cloudy,12,12,19
16:20:09,Mostly Cloudy,12,12,19
16:22:09,Mostly Cloudy,12,12,19
16:24:09,Mostly Cloudy,12,12,19
16:26:08,Mostly Cloudy,12,12,19
16:28:09,Mostly Cloudy,12,12,19
16:30:09,Mostly Cloudy,12,12,19
16:32:08,Mostly Cloudy,12,12,19
16:34:08,Mostly Cloudy,12,12,19
16:36:09,Mostly Cloudy,12,12,19
16:38:09,Mostly Cloudy,12,12,19
16:40:09,Mostly Cloudy,12,12,19
16:42:09,Mostly Cloudy,12,12,19
16:44:09,Mostly Cloudy,12,12,19
16:46:09,Mostly Cloudy,12,12,19
16:48:08,Mostly Cloudy,12,12,19
16:50:08,Mostly Cloudy,12,12,19
16:52:09,Mostly Cloudy,12,12,19
16:54:09,Mostly Cloudy,12,12,19
16:56:09,Mostly Cloudy,12,12,19
16:58:08,Mostly Cloudy,12,12,19
17:00:09,Mostly Cloudy,12,12,19
17:02:08,Mostly Cloudy,12,12,19
17:04:09,Mostly Cloudy,12,12,19
17:06:09,Mostly Cloudy,12,12,19
17:08:08,Mostly Cloudy,12,12,19
17:10:09,Mostly Cloudy,12,12,19
17:12:09,Mostly Cloudy,12,12,19
17:14:09,Mostly Cloudy,12,12,19
17:16:08,Mostly Cloudy,12,12,24
17:18:09,Mostly Cloudy,12,12,24
17:20:09,Mostly Cloudy,12,12,24
17:22:09,Mostly Cloudy,12,12,24
17:24:08,Mostly Cloudy,12,12,24
17:26:08,Mostly Cloudy,12,12,24
17:28:09,Mostly Cloudy,12,12,24
17:30:09,Mostly Cloudy,12,12,24
17:32:09,Mostly Cloudy,12,12,24
17:34:08,Mostly Cloudy,12,12,24
17:36:08,Mostly Cloudy,12,12,24
17:38:09,Mostly Cloudy,12,12,24
17:40:09,Mostly Cloudy,12,12,24
17:42:09,Mostly Cloudy,12,12,24
17:44:08,Mostly Cloudy,12,12,24
17:46:08,Mostly Cloudy,12,12,24
17:48:09,Mostly Cloudy,12,12,24
17:50:08,Mostly Cloudy,12,12,24
17:52:08,Mostly Cloudy,12,12,24
17:54:09,Mostly Cloudy,12,12,24
17:56:09,Mostly Cloudy,12,12,24
17:58:09,Mostly Cloudy,12,12,24
18:00:09,Mostly Cloudy,12,12,24
18:02:08,Mostly Cloudy,12,12,24
18:04:09,Mostly Cloudy,12,12,24
18:06:09,Mostly Cloudy,12,12,24
18:08:09,Mostly Cloudy,12,12,24
18:10:09,Mostly Cloudy,12,12,24
18:12:09,Mostly Cloudy,12,12,24
18:14:08,Mostly Cloudy,12,12,24
18:16:09,Mostly Cloudy,13,13,27
18:18:09,Mostly Cloudy,13,13,27
18:20:08,Mostly Cloudy,13,13,27
18:22:09,Mostly Cloudy,13,13,27
18:24:09,Mostly Cloudy,13,13,27
18:26:08,Mostly Cloudy,13,13,27
18:28:09,Mostly Cloudy,13,13,27
18:30:09,Mostly Cloudy,13,13,27
18:32:09,Mostly Cloudy,13,13,27
18:34:08,Mostly Cloudy,13,13,27
18:36:08,Mostly Cloudy,13,13,27
18:38:09,Mostly Cloudy,13,13,27
18:40:09,Mostly Cloudy,13,13,27
18:42:08,Mostly Cloudy,13,13,27
18:44:08,Mostly Cloudy,13,13,27
18:46:09,Mostly Cloudy,13,13,27
18:48:09,Mostly Cloudy,13,13,27
18:50:08,Mostly Cloudy,13,13,27
18:52:08,Mostly Cloudy,13,13,27
18:54:09,Mostly Cloudy,13,13,27
18:56:09,Mostly Cloudy,13,13,27
18:58:09,Mostly Cloudy,13,13,27
19:00:08,Mostly Cloudy,13,13,27
19:02:09,Mostly Cloudy,13,13,27
19:04:09,Mostly Cloudy,13,13,27
19:06:09,Mostly Cloudy,13,13,27
19:08:08,Mostly Cloudy,13,13,27
19:10:08,Mostly Cloudy,13,13,27
19:12:09,Mostly Cloudy,13,13,27
19:14:09,Mostly Cloudy,13,13,27
19:16:08,Mostly Cloudy,13,13,27
19:18:09,Mostly Cloudy,12,12,25
19:20:09,Mostly Cloudy,12,12,25
19:22:09,Mostly Cloudy,12,12,25
19:24:09,Mostly Cloudy,12,12,25
19:26:08,Mostly Cloudy,12,12,25
19:28:08,Mostly Cloudy,12,12,25
19:30:09,Mostly Cloudy,12,12,25
19:32:08,Mostly Cloudy,12,12,25
19:34:08,Mostly Cloudy,12,12,25
19:36:09,Mostly Cloudy,12,12,25
19:38:09,Mostly Cloudy,12,12,25
19:40:09,Mostly Cloudy,12,12,25
19:42:09,Mostly Cloudy,12,12,25
19:44:08,Mostly Cloudy,12,12,25
19:46:09,Mostly Cloudy,12,12,25
19:48:09,Mostly Cloudy,12,12,25
19:50:08,Mostly Cloudy,12,12,25
19:52:08,Mostly Cloudy,12,12,25
19:54:09,Mostly Cloudy,12,12,25
19:56:09,Mostly Cloudy,12,12,25
19:58:08,Mostly Cloudy,12,12,25
20:00:09,Mostly Cloudy,12,12,25
20:02:09,Mostly Cloudy,12,12,25
20:04:09,Mostly Cloudy,12,12,25
20:06:08,Mostly Cloudy,12,12,25
20:08:08,Mostly Cloudy,12,12,25
20:10:08,Mostly Cloudy,12,12,25
20:12:09,Mostly Cloudy,12,12,25
20:14:09,Mostly Cloudy,12,12,25
20:16:08,Mostly Cloudy,12,12,20
20:18:09,Mostly Cloudy,12,12,20
20:20:09,Mostly Cloudy,12,12,20
20:22:08,Mostly Cloudy,12,12,20
20:24:09,Mostly Cloudy,12,12,20
20:26:09,Mostly Cloudy,12,12,20
20:28:09,Mostly Cloudy,12,12,20
20:30:09,Mostly Cloudy,12,12,20
20:32:08,Mostly Cloudy,12,12,20
20:34:08,Mostly Cloudy,12,12,20
20:36:09,Mostly Cloudy,12,12,20
20:38:09,Mostly Cloudy,12,12,20
20:40:09,Mostly Cloudy,12,12,20
20:42:08,Mostly Cloudy,12,12,20
20:44:09,Mostly Cloudy,12,12,20
20:46:09,Mostly Cloudy,12,12,20
20:48:09,Mostly Cloudy,12,12,20
20:50:09,Mostly Cloudy,12,12,20
20:52:08,Mostly Cloudy,12,12,20
20:54:08,Mostly Cloudy,12,12,20
20:56:09,Mostly Cloudy,12,12,20
20:58:09,Mostly Cloudy,12,12,20
21:00:09,Mostly Cloudy,12,12,20
21:02:08,Mostly Cloudy,12,12,20
21:04:09,Mostly Cloudy,12,12,20
21:06:09,Mostly Cloudy,12,12,20
21:08:09,Mostly Cloudy,12,12,20
21:10:08,Mostly Cloudy,11,11,24
21:12:08,Mostly Cloudy,11,11,24
21:14:09,Mostly Cloudy,11,11,24
21:16:09,Mostly Cloudy,11,11,24
21:18:08,Mostly Cloudy,11,11,24
21:20:09,Mostly Cloudy,11,11,24
21:22:09,Mostly Cloudy,11,11,24
21:24:09,Mostly Cloudy,11,11,24
21:26:08,Mostly Cloudy,11,11,24
21:28:08,Mostly Cloudy,11,11,24
21:30:08,Mostly Cloudy,11,11,24
21:32:09,Mostly Cloudy,11,11,24
21:34:09,Mostly Cloudy,11,11,24
21:36:09,Mostly Cloudy,11,11,24
21:38:09,Mostly Cloudy,11,11,24
21:40:09,Mostly Cloudy,11,11,24
21:42:08,Mostly Cloudy,11,11,24
21:44:08,Mostly Cloudy,11,11,24
21:46:08,Mostly Cloudy,11,11,24
21:48:09,Mostly Cloudy,11,11,24
21:50:09,Mostly Cloudy,11,11,24
21:52:09,Mostly Cloudy,11,11,24
21:54:08,Mostly Cloudy,11,11,24
21:56:08,Mostly Cloudy,11,11,24
21:58:09,Mostly Cloudy,11,11,24
22:00:09,Mostly Cloudy,11,11,24
22:02:08,Mostly Cloudy,11,11,24
22:04:08,Mostly Cloudy,11,11,24
22:06:09,Mostly Cloudy,11,11,24
22:08:09,Mostly Cloudy,11,11,24
22:10:09,Mostly Cloudy,11,11,24
22:12:08,Mostly Cloudy,11,11,24
22:14:08,Mostly Cloudy,11,11,24
22:16:09,Cloudy,11,11,19
22:18:08,Cloudy,11,11,19
22:20:09,Cloudy,11,11,19
22:22:09,Cloudy,11,11,19
22:24:08,Cloudy,11,11,19
22:26:09,Cloudy,11,11,19
22:28:09,Cloudy,11,11,19
22:30:08,Cloudy,11,11,19
22:32:09,Cloudy,11,11,19
22:34:09,Cloudy,11,11,19
22:36:08,Cloudy,11,11,19
22:38:09,Cloudy,11,11,19
22:40:09,Cloudy,11,11,19
22:42:09,Cloudy,11,11,19
22:44:08,Cloudy,11,11,19
22:46:09,Cloudy,11,11,19
22:48:09,Cloudy,11,11,19
22:50:09,Cloudy,11,11,19
22:52:09,Cloudy,11,11,19
22:54:08,Cloudy,11,11,19
22:56:08,Cloudy,11,11,19
22:58:09,Cloudy,11,11,19
23:00:09,Cloudy,11,11,19
23:02:09,Cloudy,11,11,19
23:04:09,Cloudy,11,11,19
23:06:09,Cloudy,11,11,19
23:08:08,Cloudy,11,11,19
23:10:09,Cloudy,11,11,19
23:12:09,Cloudy,11,11,19
23:14:08,Cloudy,11,11,19
23:16:08,Mostly Cloudy,11,11,11
23:18:09,Mostly Cloudy,11,11,11
23:20:08,Mostly Cloudy,11,11,11
23:22:08,Mostly Cloudy,11,11,11
23:24:09,Mostly Cloudy,11,11,11
23:26:09,Mostly Cloudy,11,11,11
23:28:09,Mostly Cloudy,11,11,11
23:30:08,Mostly Cloudy,11,11,11
23:32:08,Mostly Cloudy,11,11,11
23:34:09,Mostly Cloudy,11,11,11
23:36:08,Mostly Cloudy,11,11,11
23:38:08,Mostly Cloudy,11,11,11
23:40:09,Mostly Cloudy,11,11,11
23:42:09,Mostly Cloudy,11,11,11
23:44:09,Mostly Cloudy,11,11,11
23:46:08,Mostly Cloudy,11,11,11
23:48:09,Mostly Cloudy,11,11,11
23:50:09,Mostly Cloudy,11,11,11
23:52:09,Mostly Cloudy,11,11,11
23:54:08,Mostly Cloudy,11,11,11
23:56:09,Mostly Cloudy,11,11,11
23:58:09,Mostly Cloudy,11,11,11
