Time,Weather,Temperature,Feels_Like,Wind_Speed
00:00:09,Fair,16,16,14
00:02:09,Fair,16,16,14
00:04:08,Fair,16,16,14
00:06:09,Fair,16,16,14
00:08:09,Fair,16,16,14
00:10:08,Fair,15,15,11
00:12:09,Fair,15,15,11
00:14:09,Fair,15,15,11
00:16:08,Fair,15,15,11
00:18:09,Fair,15,15,11
00:20:09,Fair,15,15,11
00:22:08,Fair,15,15,11
00:24:09,Fair,15,15,11
00:26:09,Fair,15,15,11
00:28:08,Fair,15,15,11
00:30:08,Fair,15,15,11
00:32:09,Fair,15,15,11
00:34:09,Fair,15,15,11
00:36:08,Fair,15,15,11
00:38:09,Fair,15,15,11
00:40:09,Fair,15,15,11
00:42:08,Fair,15,15,11
00:44:09,Fair,15,15,11
00:46:09,Fair,15,15,11
00:48:08,Fair,15,15,11
00:50:09,Fair,15,15,11
00:52:09,Fair,15,15,11
00:54:09,Fair,15,15,11
00:56:09,Fair,15,15,11
00:58:09,Fair,15,15,11
01:00:16,Fair,15,15,11
01:02:09,Fair,15,15,11
01:04:09,Fair,15,15,11
01:06:08,Fair,15,15,11
01:08:08,Fair,15,15,11
01:10:09,Fair,15,15,11
01:12:08,Fair,15,15,11
01:14:08,Fair,13,13,3
01:16:09,Fair,13,13,3
01:18:08,Fair,13,13,3
01:20:09,Fair,13,13,3
01:22:09,Fair,13,13,3
01:24:08,Fair,13,13,3
01:26:08,Fair,13,13,3
01:28:09,Fair,13,13,3
01:30:08,Fair,13,13,3
01:32:09,Fair,13,13,3
01:34:09,Fair,13,13,3
01:36:08,Fair,13,13,3
01:38:09,Fair,13,13,3
01:40:09,Fair,13,13,3
01:42:08,Fair,13,13,3
01:44:08,Fair,13,13,3
01:46:09,Fair,13,13,3
01:48:08,Fair,13,13,3
01:50:09,Fair,13,13,3
01:52:09,Fair,13,13,3
01:54:08,Fair,13,13,3
01:56:08,Fair,13,13,3
01:58:09,Fair,13,13,3
02:00:09,Fair,13,13,3
02:02:09,Fair,13,13,3
02:04:08,Fair,13,13,3
02:06:09,Fair,13,13,3
02:08:09,Fair,13,13,3
02:10:09,Fair,13,13,3
02:12:08,Fair,13,13,3
02:14:09,Mostly Cloudy,13,13,3
02:16:09,Mostly Cloudy,13,13,3
02:18:08,Mostly Cloudy,13,13,3
02:20:09,Mostly Cloudy,13,13,3
02:22:09,Mostly Cloudy,13,13,3
02:24:08,Mostly Cloudy,13,13,3
02:26:09,Mostly Cloudy,13,13,3
02:28:09,Mostly Cloudy,13,13,3
02:30:08,Mostly Cloudy,13,13,3
02:32:09,Mostly Cloudy,13,13,3
02:34:09,Mostly Cloudy,13,13,3
02:36:09,Mostly Cloudy,13,13,3
02:38:09,Mostly Cloudy,13,13,3
02:40:09,Mostly Cloudy,13,13,3
02:42:08,Mostly Cloudy,13,13,3
02:44:09,Mostly Cloudy,13,13,3
02:46:09,Mostly Cloudy,13,13,3
02:48:08,Mostly Cloudy,13,13,3
02:50:09,Mostly Cloudy,13,13,3
02:52:09,Mostly Cloudy,13,13,3
02:54:08,Mostly Cloudy,13,13,3
02:56:09,Mostly Cloudy,13,13,3
02:58:09,Mostly Cloudy,13,13,3
03:00:09,Mostly Cloudy,13,13,3
03:02:08,Mostly Cloudy,13,13,3
03:04:09,Mostly Cloudy,13,13,3
03:06:08,Mostly Cloudy,13,13,3
03:08:09,Mostly Cloudy,13,13,3
03:10:09,Mostly Cloudy,13,13,3
03:12:09,Mostly Cloudy,13,13,3
03:14:08,Mostly Cloudy,13,13,3
03:16:09,Mostly Cloudy,15,15,4
03:18:08,Mostly Cloudy,15,15,4
03:20:08,Mostly Cloudy,15,15,4
03:22:09,Mostly Cloudy,15,15,4
03:24:08,Mostly Cloudy,15,15,4
03:26:08,Mostly Cloudy,15,15,4
03:28:09,Mostly Cloudy,15,15,4
03:30:09,Mostly Cloudy,15,15,4
03:32:08,Mostly Cloudy,15,15,4
03:34:09,Mostly Cloudy,15,15,4
03:36:09,Mostly Cloudy,15,15,4
03:38:08,Mostly Cloudy,15,15,4
03:40:09,Mostly Cloudy,15,15,4
03:42:08,Mostly Cloudy,15,15,4
03:44:08,Mostly Cloudy,15,15,4
03:46:08,Mostly Cloudy,15,15,4
03:48:09,Mostly Cloudy,15,15,4
03:50:09,Mostly Cloudy,15,15,4
03:52:08,Mostly Cloudy,15,15,4
03:54:09,Mostly Cloudy,15,15,4
03:56:09,Mostly Cloudy,15,15,4
03:58:08,Mostly Cloudy,15,15,4
04:00:09,Mostly Cloudy,15,15,4
04:02:08,Mostly Cloudy,15,15,4
04:04:09,Mostly Cloudy,15,15,4
04:06:09,Mostly Cloudy,15,15,4
04:08:08,Mostly Cloudy,15,15,4
04:10:09,Light Rain Shower,17,17,8
04:12:09,Light Rain Shower,17,17,8
04:14:08,Light Rain Shower,17,17,8
04:16:09,Light Rain Shower,17,17,8
04:18:09,Light Rain Shower,17,17,8
04:20:08,Light Rain Shower,17,17,8
04:22:09,Light Rain Shower,17,17,8
04:24:08,Light Rain Shower,17,17,8
04:26:09,Light Rain Shower,17,17,8
04:28:09,Light Rain Shower,17,17,8
04:30:08,Light Rain Shower,17,17,8
04:32:09,Light Rain Shower,17,17,8
04:34:08,Light Rain Shower,17,17,8
04:36:09,Light Rain Shower,17,17,8
04:38:09,Light Rain Shower,17,17,8
04:40:09,Light Rain Shower,17,17,8
04:42:09,Light Rain Shower,17,17,8
04:44:08,Light Rain Shower,17,17,8
04:46:09,Light Rain Shower,17,17,8
04:48:09,Light Rain Shower,17,17,8
04:50:09,Light Rain Shower,17,17,8
04:52:08,Light Rain Shower,17,17,8
04:54:09,Light Rain Shower,17,17,8
04:56:09,Light Rain Shower,17,17,8
04:58:08,Light Rain Shower,17,17,8
05:00:08,Light Rain Shower,17,17,8
05:02:09,Light Rain Shower,17,17,8
05:04:08,Light Rain Shower,17,17,8
05:06:09,Light Rain Shower,17,17,8
05:08:09,Light Rain Shower,17,17,8
05:10:08,Light Rain Shower,17,17,8
05:12:08,Mostly Cloudy,21,21,25
05:14:09,Mostly Cloudy,21,21,25
05:16:09,Mostly Cloudy,21,21,25
05:18:09,Mostly Cloudy,21,21,25
05:20:09,Mostly Cloudy,21,21,25
05:22:08,Mostly Cloudy,21,21,25
05:24:09,Mostly Cloudy,21,21,25
05:26:09,Mostly Cloudy,21,21,25
05:28:08,Mostly Cloudy,21,21,25
05:30:09,Mostly Cloudy,21,21,25
05:32:09,Mostly Cloudy,21,21,25
05:34:08,Mostly Cloudy,21,21,25
05:36:09,Mostly Cloudy,21,21,25
05:38:08,Mostly Cloudy,21,21,25
05:40:08,Mostly Cloudy,21,21,25
05:42:09,Mostly Cloudy,21,21,25
05:44:09,Mostly Cloudy,21,21,25
05:46:08,Mostly Cloudy,21,21,25
05:48:09,Mostly Cloudy,21,21,25
05:50:09,Mostly Cloudy,21,21,25
05:52:08,Mostly Cloudy,21,21,25
05:54:08,Mostly Cloudy,21,21,25
05:56:09,Mostly Cloudy,21,21,25
05:58:09,Mostly Cloudy,21,21,25
06:00:09,Mostly Cloudy,21,21,25
06:02:08,Mostly Cloudy,21,21,25
06:04:09,Mostly Cloudy,21,21,25
06:06:09,Mostly Cloudy,21,21,25
06:08:08,Mostly Cloudy,21,21,25
06:10:09,Mostly Cloudy,21,21,25
06:12:09,Mostly Cloudy,21,21,25
06:14:08,Light Rain Shower,20,20,25
06:16:09,Light Rain Shower,20,20,25
06:18:08,Light Rain Shower,20,20,25
06:20:09,Light Rain Shower,20,20,25
06:22:09,Light Rain Shower,20,20,25
06:24:09,Light Rain Shower,20,20,25
06:26:09,Light Rain Shower,20,20,25
06:28:09,Light Rain Shower,20,20,25
06:30:09,Light Rain Shower,20,20,25
06:32:09,Light Rain Shower,20,20,25
06:34:08,Light Rain Shower,20,20,25
06:36:09,Light Rain Shower,20,20,25
06:38:09,Light Rain Shower,20,20,25
06:40:08,Light Rain Shower,20,20,25
06:42:09,Light Rain Shower,20,20,25
06:44:09,Light Rain Shower,20,20,25
06:46:09,Light Rain Shower,20,20,25
06:48:08,Light Rain Shower,20,20,25
06:50:09,Light Rain Shower,20,20,25
06:52:09,Light Rain Shower,20,20,25
06:54:08,Light Rain Shower,20,20,25
06:56:09,Light Rain Shower,20,20,25
06:58:08,Light Rain Shower,20,20,25
07:00:08,Light Rain Shower,20,20,25
07:02:09,Light Rain Shower,20,20,25
07:04:09,Light Rain Shower,20,20,25
07:06:08,Light Rain Shower,20,20,25
07:08:08,Light Rain Shower,20,20,25
07:10:08,Light Rain Shower,20,20,25
07:12:09,Light Rain Shower,20,20,25
07:14:09,Light Rain Shower,20,20,25
07:16:08,Light Rain Shower,20,20,25
07:18:09,Light Rain Shower,21,21,4
07:20:09,Light Rain Shower,21,21,4
07:22:09,Light Rain Shower,21,21,4
07:24:09,Light Rain Shower,21,21,4
07:26:09,Light Rain Shower,21,21,4
07:28:09,Light Rain Shower,21,21,4
07:30:08,Light Rain Shower,21,21,4
07:32:09,Light Rain Shower,21,21,4
07:34:08,Light Rain Shower,21,21,4
07:36:09,Light Rain Shower,21,21,4
07:38:09,Light Rain Shower,21,21,4
07:40:08,Light Rain Shower,21,21,4
07:42:09,Light Rain Shower,21,21,4
07:44:09,Light Rain Shower,21,21,4
07:46:09,Mostly Cloudy,20,20,4
07:48:08,Mostly Cloudy,20,20,4
07:50:08,Mostly Cloudy,20,20,4
07:52:09,Mostly Cloudy,20,20,4
07:54:09,Mostly Cloudy,20,20,4
07:56:08,Mostly Cloudy,20,20,4
07:58:09,Mostly Cloudy,20,20,4
08:00:09,Mostly Cloudy,20,20,4
08:02:08,Mostly Cloudy,20,20,4
08:04:09,Mostly Cloudy,20,20,4
08:06:09,Mostly Cloudy,20,20,4
08:08:08,Mostly Cloudy,20,20,4
08:10:09,Light Rain Shower,20,20,9
08:12:09,Light Rain Shower,20,20,9
08:14:08,Light Rain Shower,20,20,9
08:16:09,Light Rain Shower,20,20,9
08:18:09,Light Rain Shower,20,20,9
08:20:08,Light Rain Shower,20,20,9
08:22:09,Light Rain Shower,20,20,9
08:24:09,Light Rain Shower,20,20,9
08:26:08,Light Rain Shower,20,20,9
08:28:09,Light Rain Shower,20,20,9
08:30:09,Light Rain Shower,20,20,9
08:32:08,Light Rain Shower,20,20,9
08:34:09,Light Rain Shower,20,20,9
08:36:09,Light Rain Shower,20,20,9
08:38:09,Light Rain Shower,20,20,9
08:40:08,Mostly Cloudy,21,21,12
08:42:09,Mostly Cloudy,21,21,12
08:44:09,Mostly Cloudy,21,21,12
08:46:09,Mostly Cloudy,21,21,12
08:48:08,Mostly Cloudy,21,21,12
08:50:08,Mostly Cloudy,21,21,12
08:52:09,Mostly Cloudy,21,21,12
08:54:09,Mostly Cloudy,21,21,12
08:56:09,Mostly Cloudy,21,21,12
08:58:08,Mostly Cloudy,21,21,12
09:00:09,Mostly Cloudy,21,21,12
09:02:09,Mostly Cloudy,21,21,12
09:04:08,Mostly Cloudy,21,21,12
09:06:09,Mostly Cloudy,21,21,12
09:08:09,Mostly Cloudy,21,21,12
09:10:09,Mostly Cloudy,22,22,11
09:12:09,Mostly Cloudy,22,22,11
09:14:09,Mostly Cloudy,22,22,11
09:16:09,Mostly Cloudy,22,22,11
09:18:09,Mostly Cloudy,22,22,11
09:20:09,Mostly Cloudy,22,22,11
09:22:09,Mostly Cloudy,22,22,11
09:24:08,Mostly Cloudy,22,22,11
09:26:09,Mostly Cloudy,22,22,11
09:28:08,Mostly Cloudy,22,22,11
09:30:09,Mostly Cloudy,22,22,11
09:32:09,Mostly Cloudy,22,22,11
09:34:08,Mostly Cloudy,22,22,11
09:36:09,Mostly Cloudy,22,22,11
09:38:09,Mostly Cloudy,22,22,11
09:40:08,Mostly Cloudy,23,23,12
09:42:09,Mostly Cloudy,23,23,12
09:44:09,Mostly Cloudy,23,23,12
09:46:09,Mostly Cloudy,23,23,12
09:48:08,Mostly Cloudy,23,23,12
09:50:09,Mostly Cloudy,23,23,12
09:52:08,Mostly Cloudy,23,23,12
09:54:09,Mostly Cloudy,23,23,12
09:56:09,Mostly Cloudy,23,23,12
09:58:09,Mostly Cloudy,23,23,12
10:00:09,Mostly Cloudy,23,23,12
10:02:08,Mostly Cloudy,23,23,12
10:04:09,Mostly Cloudy,23,23,12
10:06:09,Mostly Cloudy,23,23,12
10:08:09,Mostly Cloudy,23,23,12
10:10:08,Mostly Cloudy,23,23,12
10:12:09,Mostly Cloudy,23,23,12
10:14:09,Mostly Cloudy,23,23,12
10:16:09,Mostly Cloudy,25,26,22
10:18:09,Mostly Cloudy,25,26,22
10:20:08,Mostly Cloudy,25,26,22
10:22:09,Mostly Cloudy,25,26,22
10:24:09,Mostly Cloudy,25,26,22
10:26:09,Mostly Cloudy,25,26,22
10:28:08,Mostly Cloudy,25,26,22
10:30:09,Mostly Cloudy,25,26,22
10:32:09,Mostly Cloudy,25,26,22
10:34:08,Mostly Cloudy,25,26,22
10:36:09,Mostly Cloudy,25,26,22
10:38:09,Mostly Cloudy,25,26,22
10:40:09,Mostly Cloudy,26,26,24
10:42:08,Mostly Cloudy,26,26,24
10:44:08,Mostly Cloudy,26,26,24
10:46:09,Mostly Cloudy,26,26,24
10:48:09,Mostly Cloudy,26,26,24
10:50:08,Mostly Cloudy,26,26,24
10:52:09,Mostly Cloudy,26,26,24
10:54:09,Mostly Cloudy,26,26,24
10:56:08,Mostly Cloudy,26,26,24
10:58:09,Mostly Cloudy,26,26,24
11:00:09,Mostly Cloudy,26,26,24
11:02:09,Mostly Cloudy,26,26,24
11:04:09,Mostly Cloudy,26,26,24
11:06:09,Mostly Cloudy,26,26,24
11:08:08,Mostly Cloudy,26,26,24
11:10:08,Mostly Cloudy,26,26,24
11:12:09,Mostly Cloudy,26,26,24
11:14:09,Mostly Cloudy,25,26,16
11:16:08,Mostly Cloudy,25,26,16
11:18:09,Mostly Cloudy,25,26,16
11:20:09,Mostly Cloudy,25,26,16
11:22:09,Mostly Cloudy,25,26,16
11:24:09,Mostly Cloudy,25,26,16
11:26:08,Mostly Cloudy,25,26,16
11:28:09,Mostly Cloudy,25,26,16
11:30:09,Mostly Cloudy,25,26,16
11:32:09,Mostly Cloudy,25,26,16
11:34:08,Mostly Cloudy,25,26,16
11:36:08,Mostly Cloudy,25,26,16
11:38:09,Mostly Cloudy,25,26,16
11:40:09,Mostly Cloudy,25,26,16
11:42:09,Mostly Cloudy,25,26,16
11:44:09,Mostly Cloudy,27,27,24
11:46:09,Mostly Cloudy,27,27,24
11:48:09,Mostly Cloudy,27,27,24
11:50:08,Mostly Cloudy,27,27,24
11:52:09,Mostly Cloudy,27,27,24
11:54:09,Mostly Cloudy,27,27,24
11:56:09,Mostly Cloudy,27,27,24
11:58:08,Mostly Cloudy,27,27,24
12:00:08,Mostly Cloudy,27,27,24
12:02:09,Mostly Cloudy,27,27,24
12:04:09,Mostly Cloudy,27,27,24
12:06:08,Mostly Cloudy,27,27,24
12:08:09,Mostly Cloudy,27,27,24
12:10:09,Mostly Cloudy,27,27,24
12:12:08,Mostly Cloudy,27,27,24
12:14:08,Mostly Cloudy,27,27,24
12:16:09,Mostly Cloudy,27,27,24
12:18:08,Mostly Cloudy,27,27,24
12:20:09,Mostly Cloudy,27,27,24
12:22:08,Mostly Cloudy,27,27,24
12:24:09,Mostly Cloudy,27,27,24
12:26:09,Mostly Cloudy,27,27,24
12:28:09,Mostly Cloudy,27,27,24
12:30:09,Mostly Cloudy,27,27,24
12:32:09,Mostly Cloudy,27,27,24
12:34:08,Mostly Cloudy,27,27,24
12:36:09,Mostly Cloudy,27,27,24
12:38:09,Mostly Cloudy,27,27,24
12:40:08,Mostly Cloudy,27,27,24
12:42:08,Mostly Cloudy,27,27,24
12:44:09,Mostly Cloudy,27,27,20
12:46:09,Mostly Cloudy,27,27,20
12:48:08,Mostly Cloudy,27,27,20
12:50:09,Mostly Cloudy,27,27,20
12:52:09,Mostly Cloudy,27,27,20
12:54:09,Mostly Cloudy,27,27,20
12:56:08,Mostly Cloudy,27,27,20
12:58:09,Mostly Cloudy,27,27,20
13:00:09,Mostly Cloudy,27,27,20
13:02:09,Mostly Cloudy,27,27,20
13:04:08,Mostly Cloudy,27,27,20
13:06:09,Mostly Cloudy,27,27,20
13:08:09,Mostly Cloudy,27,27,20
13:10:08,Mostly Cloudy,27,27,20
13:12:09,Mostly Cloudy,27,27,20
13:14:09,Mostly Cloudy,26,27,20
13:16:09,Mostly Cloudy,26,27,20
13:18:09,Mostly Cloudy,26,27,20
13:20:09,Mostly Cloudy,26,27,20
13:22:09,Mostly Cloudy,26,27,20
13:24:08,Mostly Cloudy,26,27,20
13:26:09,Mostly Cloudy,26,27,20
13:28:09,Mostly Cloudy,26,27,20
13:30:09,Mostly Cloudy,26,27,20
13:32:08,Mostly Cloudy,26,27,20
13:34:08,Mostly Cloudy,26,27,20
13:36:09,Mostly Cloudy,26,27,20
13:38:09,Mostly Cloudy,26,27,20
13:40:08,Mostly Cloudy,26,27,20
13:42:08,Mostly Cloudy,26,27,20
13:44:09,Mostly Cloudy,26,26,14
13:46:08,Mostly Cloudy,26,26,14
13:48:08,Mostly Cloudy,26,26,14
13:50:08,Mostly Cloudy,26,26,14
13:52:09,Mostly Cloudy,26,26,14
13:54:08,Mostly Cloudy,26,26,14
13:56:09,Mostly Cloudy,26,26,14
13:58:09,Mostly Cloudy,26,26,14
14:00:08,Mostly Cloudy,26,26,14
14:02:09,Mostly Cloudy,26,26,14
14:04:09,Mostly Cloudy,26,26,14
14:06:08,Mostly Cloudy,26,26,14
14:08:09,Mostly Cloudy,26,26,14
14:10:09,Mostly Cloudy,26,26,14
14:12:08,Mostly Cloudy,26,26,14
14:14:09,Mostly Cloudy,26,27,16
14:16:09,Mostly Cloudy,26,27,16
14:18:09,Mostly Cloudy,26,27,16
14:20:09,Mostly Cloudy,26,27,16
14:22:08,Mostly Cloudy,26,27,16
14:24:09,Mostly Cloudy,26,27,16
14:26:09,Mostly Cloudy,26,27,16
14:28:09,Mostly Cloudy,26,27,16
14:30:08,Mostly Cloudy,26,27,16
14:32:09,Mostly Cloudy,26,27,16
14:34:09,Mostly Cloudy,26,27,16
14:36:08,Mostly Cloudy,26,27,16
14:38:09,Mostly Cloudy,26,27,16
14:40:09,Mostly Cloudy,26,27,16
14:42:09,Mostly Cloudy,26,27,16
14:44:09,Mostly Cloudy,26,27,16
14:46:09,Mostly Cloudy,26,27,16
14:48:09,Mostly Cloudy,26,27,16
14:50:09,Mostly Cloudy,25,26,20
14:52:08,Mostly Cloudy,25,26,20
14:54:09,Mostly Cloudy,25,26,20
14:56:09,Mostly Cloudy,25,26,20
14:58:08,Mostly Cloudy,25,26,20
15:00:09,Mostly Cloudy,25,26,20
15:02:09,Mostly Cloudy,25,26,20
15:04:08,Mostly Cloudy,25,26,20
15:06:09,Mostly Cloudy,25,26,20
15:08:09,Mostly Cloudy,25,26,20
15:10:08,Mostly Cloudy,25,26,20
15:12:08,Mostly Cloudy,25,26,20
15:14:09,Mostly Cloudy,25,26,20
15:16:09,Mostly Cloudy,25,26,20
15:18:08,Mostly Cloudy,25,26,20
15:20:09,Mostly Cloudy,25,26,20
15:22:09,Mostly Cloudy,25,26,20
15:24:09,Mostly Cloudy,25,26,20
15:26:09,Mostly Cloudy,25,26,20
15:28:09,Mostly Cloudy,25,26,20
15:30:09,Mostly Cloudy,25,26,20
15:32:08,Mostly Cloudy,25,26,20
15:34:08,Mostly Cloudy,25,26,20
15:36:09,Mostly Cloudy,25,26,20
15:38:09,Mostly Cloudy,25,26,20
15:40:08,Mostly Cloudy,25,26,20
15:42:08,Mostly Cloudy,25,26,19
15:44:09,Mostly Cloudy,25,26,19
15:46:09,Mostly Cloudy,25,26,19
15:48:09,Mostly Cloudy,25,26,19
15:50:08,Mostly Cloudy,25,26,19
15:52:09,Mostly Cloudy,25,26,19
15:54:09,Mostly Cloudy,25,26,19
15:56:08,Mostly Cloudy,25,26,19
15:58:09,Mostly Cloudy,25,26,19
16:00:09,Mostly Cloudy,25,26,19
16:02:08,Mostly Cloudy,25,26,19
16:04:09,Mostly Cloudy,25,26,19
16:06:09,Mostly Cloudy,25,26,19
16:08:09,Mostly Cloudy,25,26,19
16:10:09,Mostly Cloudy,25,26,19
16:12:09,Fair,23,23,20
16:14:08,Fair,23,23,20
16:16:08,Fair,23,23,20
16:18:09,Fair,23,23,20
16:20:08,Fair,23,23,20
16:22:09,Fair,23,23,20
16:24:09,Fair,23,23,20
16:26:08,Fair,23,23,20
16:28:08,Fair,23,23,20
16:30:09,Fair,23,23,20
16:32:08,Fair,23,23,20
16:34:09,Fair,23,23,20
16:36:09,Fair,23,23,20
16:38:08,Fair,23,23,20
16:40:09,Fair,23,23,20
16:42:09,Fair,23,23,20
16:44:09,Fair,23,23,20
16:46:08,Fair,23,23,20
16:48:08,Fair,23,23,20
16:50:08,Fair,23,23,20
16:52:09,Fair,23,23,20
16:54:09,Fair,23,23,20
16:56:09,Fair,23,23,20
16:58:08,Fair,23,23,20
17:00:08,Fair,23,23,20
17:02:09,Fair,23,23,20
17:04:09,Fair,23,23,20
17:06:09,Fair,23,23,20
17:08:08,Fair,23,23,20
17:10:09,Fair,23,23,20
17:12:09,Fair,23,23,20
17:14:09,Fair,23,23,20
17:16:08,Fair,23,23,20
17:18:09,Mostly Cloudy,25,26,22
17:20:09,Mostly Cloudy,25,26,22
17:22:09,Mostly Cloudy,25,26,22
17:24:08,Mostly Cloudy,25,26,22
17:26:09,Mostly Cloudy,25,26,22
17:28:09,Mostly Cloudy,25,26,22
17:30:08,Mostly Cloudy,25,26,22
17:32:09,Mostly Cloudy,25,26,22
17:34:09,Mostly Cloudy,25,26,22
17:36:09,Mostly Cloudy,25,26,22
17:38:09,Mostly Cloudy,25,26,22
17:40:09,Mostly Cloudy,25,26,22
17:42:08,Mostly Cloudy,25,26,22
17:44:09,Mostly Cloudy,25,26,22
17:46:09,Mostly Cloudy,25,26,22
17:48:09,Mostly Cloudy,25,26,22
17:50:09,Mostly Cloudy,25,26,22
17:52:08,Mostly Cloudy,25,26,22
17:54:09,Mostly Cloudy,25,26,22
17:56:09,Mostly Cloudy,25,26,22
17:58:09,Mostly Cloudy,25,26,22
18:00:09,Mostly Cloudy,25,26,22
18:02:08,Mostly Cloudy,25,26,22
18:04:09,Mostly Cloudy,25,26,22
18:06:09,Mostly Cloudy,25,26,22
18:08:09,Mostly Cloudy,25,26,22
18:10:09,Mostly Cloudy,25,26,22
18:12:09,Mostly Cloudy,25,26,22
18:14:08,Mostly Cloudy,25,26,22
18:16:09,Mostly Cloudy,25,26,22
18:18:09,Fair,23,23,16
18:20:08,Fair,23,23,16
18:22:09,Fair,23,23,16
18:24:09,Fair,23,23,16
18:26:09,Fair,23,23,16
18:28:09,Fair,23,23,16
18:30:09,Fair,23,23,16
18:32:08,Fair,23,23,16
18:34:09,Fair,23,23,16
18:36:09,Fair,23,23,16
18:38:09,Fair,23,23,16
18:40:08,Fair,23,23,16
18:42:09,Fair,23,23,16
18:44:09,Fair,23,23,16
18:46:09,Fair,23,23,16
18:48:09,Fair,23,23,16
18:50:09,Fair,23,23,16
18:52:08,Fair,23,23,16
18:54:09,Fair,23,23,16
18:56:09,Fair,23,23,16
18:58:09,Fair,23,23,16
19:00:08,Fair,23,23,16
19:02:09,Fair,23,23,16
19:04:09,Fair,23,23,16
19:06:08,Fair,23,23,16
19:08:09,Fair,23,23,16
19:10:09,Fair,23,23,16
19:12:09,Mostly Cloudy,22,22,20
19:14:09,Mostly Cloudy,22,22,20
19:16:09,Mostly Cloudy,22,22,20
19:18:08,Mostly Cloudy,22,22,20
19:20:09,Mostly Cloudy,22,22,20
19:22:09,Mostly Cloudy,22,22,20
19:24:09,Mostly Cloudy,22,22,20
19:26:09,Mostly Cloudy,22,22,20
19:28:09,Mostly Cloudy,22,22,20
19:30:08,Mostly Cloudy,22,22,20
19:32:09,Mostly Cloudy,22,22,20
19:34:09,Mostly Cloudy,22,22,20
19:36:08,Mostly Cloudy,22,22,20
19:38:09,Mostly Cloudy,22,22,20
19:40:09,Mostly Cloudy,22,22,20
19:42:08,Mostly Cloudy,22,22,20
19:44:09,Mostly Cloudy,22,22,20
19:46:09,Mostly Cloudy,22,22,20
19:48:09,Mostly Cloudy,22,22,20
19:50:09,Mostly Cloudy,22,22,20
19:52:09,Mostly Cloudy,22,22,20
19:54:08,Mostly Cloudy,22,22,20
19:56:09,Mostly Cloudy,22,22,20
19:58:09,Mostly Cloudy,22,22,20
20:00:08,Mostly Cloudy,22,22,20
20:02:09,Mostly Cloudy,22,22,20
20:04:09,Mostly Cloudy,22,22,20
20:06:08,Mostly Cloudy,22,22,20
20:08:09,Mostly Cloudy,22,22,20
20:10:09,Mostly Cloudy,22,22,20
20:12:08,Cloudy,18,18,20
20:14:09,Cloudy,18,18,20
20:16:09,Cloudy,18,18,20
20:18:08,Cloudy,18,18,20
20:20:09,Cloudy,18,18,20
20:22:09,Cloudy,18,18,20
20:24:09,Cloudy,18,18,20
20:26:09,Cloudy,18,18,20
20:28:09,Cloudy,18,18,20
20:30:09,Cloudy,18,18,20
20:32:08,Cloudy,18,18,20
20:34:09,Cloudy,18,18,20
20:36:09,Cloudy,18,18,20
20:38:08,Cloudy,18,18,20
20:40:09,Cloudy,18,18,20
20:42:09,Cloudy,18,18,20
20:44:09,Cloudy,18,18,20
20:46:08,Cloudy,18,18,20
20:48:09,Cloudy,18,18,20
20:50:09,Cloudy,18,18,20
20:52:08,Cloudy,18,18,20
20:54:09,Cloudy,18,18,20
20:56:08,Cloudy,18,18,20
20:58:08,Cloudy,18,18,20
21:00:09,Cloudy,18,18,20
21:02:09,Cloudy,18,18,20
21:04:08,Cloudy,18,18,20
21:06:09,Cloudy,18,18,20
21:08:08,Cloudy,18,18,20
21:10:09,Cloudy,18,18,20
21:12:09,Cloudy,17,17,14
21:14:08,Cloudy,17,17,14
21:16:09,Cloudy,17,17,14
21:18:09,Cloudy,17,17,14
21:20:09,Cloudy,17,17,14
21:22:09,Cloudy,17,17,14
21:24:09,Cloudy,17,17,14
21:26:08,Cloudy,17,17,14
21:28:09,Cloudy,17,17,14
21:30:09,Cloudy,17,17,14
21:32:09,Cloudy,17,17,14
21:34:09,Cloudy,17,17,14
21:36:09,Cloudy,17,17,14
21:38:09,Cloudy,17,17,14
21:40:08,Cloudy,17,17,14
21:42:09,Cloudy,17,17,14
21:44:09,Cloudy,17,17,14
21:46:09,Cloudy,17,17,14
21:48:09,Cloudy,17,17,14
21:50:09,Cloudy,17,17,14
21:52:08,Cloudy,17,17,14
21:54:08,Cloudy,17,17,14
21:56:09,Cloudy,17,17,14
21:58:09,Cloudy,17,17,14
22:00:08,Cloudy,17,17,14
22:02:09,Cloudy,17,17,14
22:04:09,Cloudy,17,17,14
22:06:08,Cloudy,17,17,14
22:08:09,Cloudy,17,17,14
22:10:09,Cloudy,17,17,14
22:12:09,Cloudy,17,17,14
22:14:08,Cloudy,17,17,14
22:16:09,Cloudy,17,17,14
22:18:09,Cloudy,17,17,14
22:20:09,Cloudy,17,17,14
22:22:09,Cloudy,17,17,14
22:24:09,Cloudy,17,17,14
22:26:09,Cloudy,17,17,14
22:28:09,Cloudy,17,17,14
22:30:08,Cloudy,17,17,14
22:32:09,Cloudy,17,17,14
22:34:08,Cloudy,17,17,14
22:36:08,Cloudy,17,17,14
22:38:09,Cloudy,17,17,14
22:40:09,Cloudy,17,17,14
22:42:08,Cloudy,17,17,14
22:44:09,Cloudy,17,17,14
22:46:09,Cloudy,17,17,14
22:48:08,Cloudy,17,17,14
22:50:09,Cloudy,17,17,14
22:52:09,Cloudy,17,17,14
22:54:09,Cloudy,17,17,14
22:56:08,Cloudy,17,17,14
22:58:09,Cloudy,17,17,14
23:00:09,Cloudy,17,17,14
23:02:09,Cloudy,17,17,14
23:04:08,Cloudy,17,17,14
23:06:09,Cloudy,17,17,14
23:08:09,Cloudy,17,17,14
23:10:08,Cloudy,17,17,14
23:12:09,Light Rain,17,17,16
23:14:09,Light Rain,17,17,16
23:16:09,Light Rain,17,17,16
23:18:09,Light Rain,17,17,16
23:20:09,Light Rain,17,17,16
23:22:08,Light Rain,17,17,16
23:24:09,Light Rain,17,17,16
23:26:09,Light Rain,17,17,16
23:28:09,Light Rain,17,17,16
23:30:09,Light Rain,17,17,16
23:32:09,Light Rain,17,17,16
23:34:08,Light Rain,17,17,16
23:36:09,Light Rain,17,17,16
23:38:09,Light Rain,17,17,16
23:40:08,Light Rain,17,17,16
23:42:08,Light Rain,17,17,16
23:44:09,Light Rain,17,17,16
23:46:09,Light Rain,17,17,16
23:48:09,Light Rain,17,17,16
23:50:08,Light Rain,17,17,16
23:52:09,Light Rain,17,17,16
23:54:09,Light Rain,17,17,16
23:56:09,Light Rain,17,17,16
23:58:09,Light Rain,17,17,16
