Time,Weather,Temperature,Feels_Like,Wind_Speed
00:00:09,Mostly Cloudy,3,0,22
00:02:09,Mostly Cloudy,3,0,22
00:04:08,Mostly Cloudy,3,0,22
00:06:09,Mostly Cloudy,3,0,22
00:08:09,Mostly Cloudy,3,0,22
00:10:08,Mostly Cloudy,3,0,22
00:12:09,Mostly Cloudy,3,0,22
00:14:08,Mostly Cloudy,3,0,22
00:16:08,Mostly Cloudy,3,0,24
00:18:09,Mostly Cloudy,3,0,24
00:20:08,Mostly Cloudy,3,0,24
00:22:08,Mostly Cloudy,3,0,24
00:24:09,Mostly Cloudy,3,0,24
00:26:09,Mostly Cloudy,3,0,24
00:28:09,Mostly Cloudy,3,0,24
00:30:08,Mostly Cloudy,3,0,24
00:32:09,Mostly Cloudy,3,0,24
00:34:09,Mostly Cloudy,3,0,24
00:36:09,Mostly Cloudy,3,0,24
00:38:08,Mostly Cloudy,3,0,24
00:40:09,Mostly Cloudy,3,0,24
00:42:09,Mostly Cloudy,3,0,24
00:44:09,Mostly Cloudy,3,0,24
00:46:08,Mostly Cloudy,3,0,24
00:48:08,Mostly Cloudy,3,0,24
00:50:09,Mostly Cloudy,3,0,24
00:52:09,Mostly Cloudy,3,0,24
00:54:08,Mostly Cloudy,3,0,24
00:56:09,Mostly Cloudy,3,0,24
00:58:09,Mostly Cloudy,3,0,24
01:00:17,Mostly Cloudy,3,0,24
01:02:09,Mostly Cloudy,3,0,24
01:04:09,Mostly Cloudy,3,0,24
01:06:09,Mostly Cloudy,3,0,24
01:08:08,Mostly Cloudy,3,0,24
01:10:09,Mostly Cloudy,3,0,24
01:12:09,Mostly Cloudy,3,0,24
01:14:09,Mostly Cloudy,3,0,24
01:16:09,Mostly Cloudy,3,0,24
01:18:09,Mostly Cloudy,3,0,24
01:20:09,Mostly Cloudy,3,0,24
01:22:09,Mostly Cloudy,3,0,24
01:24:08,Mostly Cloudy,3,0,24
01:26:09,Mostly Cloudy,3,0,24
01:28:09,Mostly Cloudy,3,0,24
01:30:08,Mostly Cloudy,3,0,24
01:32:09,Mostly Cloudy,3,0,24
01:34:09,Mostly Cloudy,3,0,24
01:36:09,Mostly Cloudy,3,0,24
01:38:08,Mostly Cloudy,3,0,24
01:40:08,Mostly Cloudy,3,0,24
01:42:09,Mostly Cloudy,3,0,24
01:44:09,Mostly Cloudy,3,0,24
01:46:09,Mostly Cloudy,3,0,24
01:48:08,Mostly Cloudy,3,0,24
01:50:08,Mostly Cloudy,3,0,24
01:52:08,Mostly Cloudy,3,0,24
01:54:09,Mostly Cloudy,3,0,24
01:56:09,Mostly Cloudy,3,0,24
01:58:09,Mostly Cloudy,3,0,24
02:00:08,Mostly Cloudy,3,0,24
02:02:09,Mostly Cloudy,3,0,24
02:04:09,Mostly Cloudy,3,0,24
02:06:08,Mostly Cloudy,3,0,24
02:08:09,Mostly Cloudy,3,0,24
02:10:09,Mostly Cloudy,3,0,24
02:12:09,Mostly Cloudy,3,0,24
02:14:09,Mostly Cloudy,3,0,24
02:16:09,Mostly Cloudy,3,-1,27
02:18:08,Mostly Cloudy,3,-1,27
02:20:09,Mostly Cloudy,3,-1,27
02:22:09,Mostly Cloudy,3,-1,27
02:24:08,Mostly Cloudy,3,-1,27
02:26:08,Mostly Cloudy,3,-1,27
02:28:09,Mostly Cloudy,3,-1,27
02:30:09,Mostly Cloudy,3,-1,27
02:32:08,Mostly Cloudy,3,-1,27
02:34:08,Mostly Cloudy,3,-1,27
02:36:09,Mostly Cloudy,3,-1,27
02:38:09,Mostly Cloudy,3,-1,27
02:40:09,Mostly Cloudy,3,-1,27
02:42:08,Mostly Cloudy,3,-1,27
02:44:09,Mostly Cloudy,3,-1,27
02:46:09,Mostly Cloudy,3,-1,27
02:48:09,Mostly Cloudy,3,-1,27
02:50:08,Mostly Cloudy,3,-1,27
02:52:08,Mostly Cloudy,3,-1,27
02:54:09,Mostly Cloudy,3,-1,27
02:56:09,Mostly Cloudy,3,-1,27
02:58:09,Mostly Cloudy,3,-1,27
03:00:09,Mostly Cloudy,3,-1,27
03:02:08,Mostly Cloudy,3,-1,27
03:04:08,Mostly Cloudy,3,-1,27
03:06:09,Mostly Cloudy,3,-1,27
03:08:09,Mostly Cloudy,3,-1,27
03:10:09,Mostly Cloudy,3,0,14
03:12:08,Mostly Cloudy,3,0,14
03:14:09,Mostly Cloudy,3,0,14
03:16:09,Mostly Cloudy,3,0,14
03:18:08,Mostly Cloudy,3,0,14
03:20:08,Mostly Cloudy,3,0,14
03:22:09,Mostly Cloudy,3,0,14
03:24:09,Mostly Cloudy,3,0,14
03:26:09,Mostly Cloudy,3,0,14
03:28:08,Mostly Cloudy,3,0,14
03:30:09,Mostly Cloudy,3,0,14
03:32:09,Mostly Cloudy,3,0,14
03:34:08,Mostly Cloudy,3,0,14
03:36:08,Mostly Cloudy,3,0,14
03:38:09,Mostly Cloudy,3,0,14
03:40:09,Mostly Cloudy,3,0,14
03:42:09,Mostly Cloudy,3,0,14
03:44:08,Mostly Cloudy,3,0,14
03:46:09,Mostly Cloudy,3,0,14
03:48:09,Mostly Cloudy,3,0,14
03:50:09,Mostly Cloudy,3,0,14
03:52:08,Mostly Cloudy,3,0,14
03:54:08,Mostly Cloudy,3,0,14
03:56:08,Mostly Cloudy,3,0,14
03:58:08,Mostly Cloudy,3,0,14
04:00:09,Mostly Cloudy,3,0,14
04:02:08,Mostly Cloudy,3,0,14
04:04:09,Mostly Cloudy,3,0,14
04:06:09,Mostly Cloudy,3,0,14
04:08:09,Mostly Cloudy,3,0,14
04:10:08,Mostly Cloudy,3,0,20
04:12:08,Mostly Cloudy,3,0,20
04:14:08,Mostly Cloudy,3,0,20
04:16:09,Mostly Cloudy,3,0,20
04:18:08,Mostly Cloudy,3,0,20
04:20:08,Mostly Cloudy,3,0,20
04:22:09,Mostly Cloudy,3,0,20
04:24:09,Mostly Cloudy,3,0,20
04:26:08,Mostly Cloudy,3,0,20
04:28:09,Mostly Cloudy,3,0,20
04:30:09,Mostly Cloudy,3,0,20
04:32:08,Mostly Cloudy,3,0,20
04:34:08,Mostly Cloudy,3,0,20
04:36:09,Mostly Cloudy,3,0,20
04:38:09,Mostly Cloudy,3,0,20
04:40:09,Mostly Cloudy,3,0,20
04:42:08,Mostly Cloudy,3,0,20
04:44:09,Mostly Cloudy,3,0,20
04:46:09,Mostly Cloudy,3,0,20
04:48:09,Mostly Cloudy,3,0,20
04:50:08,Mostly Cloudy,3,0,20
04:52:08,Mostly Cloudy,3,0,20
04:54:09,Mostly Cloudy,3,0,20
04:56:09,Mostly Cloudy,3,0,20
04:58:09,Mostly Cloudy,3,0,20
05:00:08,Mostly Cloudy,3,0,20
05:02:09,Mostly Cloudy,3,0,20
05:04:09,Mostly Cloudy,3,0,20
05:06:09,Mostly Cloudy,3,0,20
05:08:08,Mostly Cloudy,3,0,20
05:10:08,Mostly Cloudy,3,0,20
05:12:08,Mostly Cloudy,3,0,20
05:14:09,Mostly Cloudy,3,0,20
05:16:09,Mostly Cloudy,5,3,8
05:18:09,Mostly Cloudy,5,3,8
05:20:08,Mostly Cloudy,5,3,8
05:22:09,Mostly Cloudy,5,3,8
05:24:09,Mostly Cloudy,5,3,8
05:26:09,Mostly Cloudy,5,3,8
05:28:09,Mostly Cloudy,5,3,8
05:30:08,Mostly Cloudy,5,3,8
05:32:08,Mostly Cloudy,5,3,8
05:34:09,Mostly Cloudy,5,3,8
05:36:09,Mostly Cloudy,5,3,8
05:38:08,Mostly Cloudy,5,3,8
05:40:08,Mostly Cloudy,5,3,8
05:42:09,Mostly Cloudy,5,3,8
05:44:09,Mostly Cloudy,5,3,8
05:46:09,Mostly Cloudy,5,3,8
05:48:08,Mostly Cloudy,5,3,8
05:50:09,Mostly Cloudy,5,3,8
05:52:09,Mostly Cloudy,5,3,8
05:54:08,Mostly Cloudy,5,3,8
05:56:08,Mostly Cloudy,5,3,8
05:58:09,Mostly Cloudy,5,3,8
06:00:09,Mostly Cloudy,5,3,8
06:02:08,Mostly Cloudy,5,3,8
06:04:09,Mostly Cloudy,5,3,8
06:06:09,Mostly Cloudy,5,3,8
06:08:09,Mostly Cloudy,5,3,8
06:10:08,Mostly Cloudy,5,3,8
06:12:08,Mostly Cloudy,5,3,8
06:14:09,Mostly Cloudy,5,3,8
06:16:09,Light Rain,3,1,11
06:18:08,Light Rain,3,1,11
06:20:08,Light Rain,3,1,11
06:22:09,Light Rain,3,1,11
06:24:09,Light Rain,3,1,11
06:26:09,Light Rain,3,1,11
06:28:09,Light Rain,3,1,11
06:30:09,Light Rain,3,1,11
06:32:09,Light Rain,3,1,11
06:34:09,Light Rain,3,1,11
06:36:09,Light Rain,3,1,11
06:38:09,Light Rain,3,1,11
06:40:08,Light Rain,3,1,11
06:42:09,Light Rain,3,1,11
06:44:09,Light Rain,3,1,11
06:46:08,Light Rain,3,1,11
06:48:09,Light Rain,3,1,11
06:50:08,Light Rain,3,1,11
06:52:09,Light Rain,3,1,11
06:54:09,Light Rain,3,1,11
06:56:08,Light Rain,3,1,11
06:58:09,Light Rain,3,1,11
07:00:08,Light Rain,3,1,11
07:02:08,Light Rain,3,1,11
07:04:09,Light Rain,3,1,11
07:06:09,Light Rain,3,1,11
07:08:09,Light Rain,3,1,11
07:10:09,Light Rain,3,1,11
07:12:08,Light Rain,3,1,11
07:14:09,Light Rain,3,1,11
07:16:09,Light Rain,2,2,3
07:18:08,Light Rain,2,2,3
07:20:09,Light Rain,2,2,3
07:22:09,Light Rain,2,2,3
07:24:08,Light Rain,2,2,3
07:26:09,Light Rain,2,2,3
07:28:09,Light Rain,2,2,3
07:30:09,Light Rain,2,2,3
07:32:09,Light Rain,2,2,3
07:34:09,Light Rain,2,2,3
07:36:08,Light Rain,2,2,3
07:38:09,Light Rain,2,2,3
07:40:09,Light Rain,2,2,3
07:42:08,Light Rain,2,2,3
07:44:08,Light Rain,2,2,3
07:46:09,Light Rain,2,2,3
07:48:09,Light Rain,2,2,3
07:50:09,Light Rain,2,2,3
07:52:08,Light Rain,2,2,3
07:54:09,Light Rain,2,2,3
07:56:09,Light Rain,2,2,3
07:58:08,Light Rain,2,2,3
08:00:09,Light Rain,2,2,3
08:02:09,Light Rain,2,2,3
08:04:09,Light Rain,2,2,3
08:06:08,Light Rain,2,2,3
08:08:09,Light Rain,2,2,3
08:10:09,Light Rain,3,3,4
08:12:09,Light Rain,3,3,4
08:14:09,Light Rain,3,3,4
08:16:09,Light Rain,3,3,4
08:18:08,Light Rain,3,3,4
08:20:08,Light Rain,3,3,4
08:22:08,Light Rain,3,3,4
08:24:09,Light Rain,3,3,4
08:26:09,Light Rain,3,3,4
08:28:08,Light Rain,3,3,4
08:30:08,Light Rain,3,3,4
08:32:09,Light Rain,3,3,4
08:34:09,Light Rain,3,3,4
08:36:09,Light Rain,3,3,4
08:38:08,Light Rain,3,3,4
08:40:09,Light Rain,3,3,4
08:42:09,Light Rain,3,3,4
08:44:09,Light Rain,3,3,4
08:46:09,Light Rain,3,3,4
08:48:09,Light Rain,3,3,4
08:50:09,Light Rain,3,3,4
08:52:08,Light Rain,3,3,4
08:54:09,Light Rain,3,3,4
08:56:09,Light Rain,3,3,4
08:58:09,Light Rain,3,3,4
09:00:08,Light Rain,3,3,4
09:02:08,Light Rain,3,3,4
09:04:09,Light Rain,3,3,4
09:06:09,Light Rain,3,3,4
09:08:09,Light Rain,3,3,4
09:10:08,Mostly Cloudy,3,0,14
09:12:08,Mostly Cloudy,3,0,14
09:14:09,Mostly Cloudy,3,0,14
09:16:09,Mostly Cloudy,3,0,14
09:18:08,Mostly Cloudy,3,0,14
09:20:08,Mostly Cloudy,3,0,14
09:22:09,Mostly Cloudy,3,0,14
09:24:09,Mostly Cloudy,3,0,14
09:26:09,Mostly Cloudy,3,0,14
09:28:08,Mostly Cloudy,3,0,14
09:30:09,Mostly Cloudy,3,0,14
09:32:09,Mostly Cloudy,3,0,14
09:34:09,Mostly Cloudy,3,0,14
09:36:09,Mostly Cloudy,3,0,14
09:38:09,Mostly Cloudy,3,0,14
09:40:09,Mostly Cloudy,3,0,14
09:42:09,Mostly Cloudy,3,0,14
09:44:09,Mostly Cloudy,3,0,14
09:46:09,Mostly Cloudy,3,0,14
09:48:08,Mostly Cloudy,3,0,14
09:50:09,Mostly Cloudy,3,0,14
09:52:09,Mostly Cloudy,3,0,14
09:54:08,Mostly Cloudy,3,0,14
09:56:08,Mostly Cloudy,3,0,14
09:58:09,Mostly Cloudy,3,0,14
10:00:09,Mostly Cloudy,3,0,14
10:02:08,Mostly Cloudy,3,0,14
10:04:08,Mostly Cloudy,3,0,14
10:06:09,Mostly Cloudy,3,0,14
10:08:09,Mostly Cloudy,3,0,14
10:10:08,Light Drizzle,5,1,20
10:12:08,Light Drizzle,5,1,20
10:14:09,Light Drizzle,5,1,20
10:16:09,Light Drizzle,5,1,20
10:18:08,Light Drizzle,5,1,20
10:20:08,Light Drizzle,5,1,20
10:22:09,Light Drizzle,5,1,20
10:24:09,Light Drizzle,5,1,20
10:26:08,Light Drizzle,5,1,20
10:28:08,Light Drizzle,5,1,20
10:30:09,Light Drizzle,5,1,20
10:32:08,Light Drizzle,5,1,20
10:34:08,Light Drizzle,5,1,20
10:36:09,Light Drizzle,5,1,20
10:38:09,Light Drizzle,5,1,20
10:40:08,Light Drizzle,5,1,20
10:42:09,Light Drizzle,5,1,20
10:44:09,Light Drizzle,5,1,20
10:46:09,Light Drizzle,5,1,20
10:48:08,Light Drizzle,5,1,20
10:50:09,Light Drizzle,5,1,20
10:52:09,Light Drizzle,5,1,20
10:54:08,Light Drizzle,5,1,20
10:56:09,Light Drizzle,5,1,20
10:58:09,Light Drizzle,5,1,20
11:00:09,Light Drizzle,5,1,20
11:02:09,Light Drizzle,5,1,20
11:04:09,Light Drizzle,5,1,20
11:06:09,Light Drizzle,5,1,20
11:08:08,Light Drizzle,5,1,20
11:10:09,Mostly Cloudy,6,2,20
11:12:08,Mostly Cloudy,6,2,20
11:14:09,Mostly Cloudy,6,2,20
11:16:09,Mostly Cloudy,6,2,20
11:18:09,Mostly Cloudy,6,2,20
11:20:09,Mostly Cloudy,6,2,20
11:22:08,Mostly Cloudy,6,2,20
11:24:08,Mostly Cloudy,6,2,20
11:26:09,Mostly Cloudy,6,2,20
11:28:09,Mostly Cloudy,6,2,20
11:30:08,Mostly Cloudy,6,2,20
11:32:09,Mostly Cloudy,6,2,20
11:34:09,Mostly Cloudy,6,2,20
11:36:08,Mostly Cloudy,6,2,20
11:38:09,Mostly Cloudy,6,2,20
11:40:09,Mostly Cloudy,6,2,20
11:42:08,Mostly Cloudy,6,2,20
11:44:09,Mostly Cloudy,6,2,20
11:46:08,Mostly Cloudy,6,2,20
11:48:08,Mostly Cloudy,6,2,20
11:50:09,Mostly Cloudy,6,2,20
11:52:08,Mostly Cloudy,6,2,20
11:54:09,Mostly Cloudy,6,2,20
11:56:08,Mostly Cloudy,6,2,20
11:58:09,Mostly Cloudy,6,2,20
12:00:09,Mostly Cloudy,6,2,20
12:02:09,Mostly Cloudy,6,2,20
12:04:08,Mostly Cloudy,6,2,20
12:06:09,Mostly Cloudy,6,2,20
12:08:09,Mostly Cloudy,6,2,20
12:10:09,Mostly Cloudy,6,2,20
12:12:08,Mostly Cloudy,6,2,20
12:14:09,Mostly Cloudy,6,2,20
12:16:09,Light Drizzle,6,2,14
12:18:09,Light Drizzle,6,2,14
12:20:09,Light Drizzle,6,2,14
12:22:09,Light Drizzle,6,2,14
12:24:08,Light Drizzle,6,2,14
12:26:08,Light Drizzle,6,2,14
12:28:09,Light Drizzle,6,2,14
12:30:09,Light Drizzle,6,2,14
12:32:09,Light Drizzle,6,2,14
12:34:08,Light Drizzle,6,2,14
12:36:09,Light Drizzle,6,2,14
12:38:09,Light Drizzle,6,2,14
12:40:09,Light Drizzle,6,2,14
12:42:08,Light Drizzle,6,2,14
12:44:09,Light Drizzle,6,2,14
12:46:09,Light Drizzle,6,2,14
12:48:09,Light Drizzle,6,2,14
12:50:08,Light Drizzle,6,2,14
12:52:08,Light Drizzle,6,2,14
12:54:09,Light Drizzle,6,2,14
12:56:09,Light Drizzle,6,2,14
12:58:09,Light Drizzle,6,2,14
13:00:09,Light Drizzle,6,2,14
13:02:09,Light Drizzle,6,2,14
13:04:09,Light Drizzle,6,2,14
13:06:08,Light Drizzle,6,2,14
13:08:09,Light Drizzle,6,2,14
13:10:09,Mostly Cloudy,6,2,22
13:12:08,Mostly Cloudy,6,2,22
13:14:08,Mostly Cloudy,6,2,22
13:16:09,Mostly Cloudy,6,2,22
13:18:08,Mostly Cloudy,6,2,22
13:20:08,Mostly Cloudy,6,2,22
13:22:09,Mostly Cloudy,6,2,22
13:24:09,Mostly Cloudy,6,2,22
13:26:09,Mostly Cloudy,6,2,22
13:28:08,Mostly Cloudy,6,2,22
13:30:09,Mostly Cloudy,6,2,22
13:32:09,Mostly Cloudy,6,2,22
13:34:09,Mostly Cloudy,6,2,22
13:36:08,Mostly Cloudy,6,2,22
13:38:08,Mostly Cloudy,6,2,22
13:40:09,Mostly Cloudy,6,2,22
13:42:09,Mostly Cloudy,6,2,22
13:44:08,Mostly Cloudy,6,2,22
13:46:09,Mostly Cloudy,6,2,22
13:48:09,Mostly Cloudy,6,2,22
13:50:09,Mostly Cloudy,6,2,22
13:52:09,Mostly Cloudy,6,2,22
13:54:09,Mostly Cloudy,6,2,22
13:56:08,Mostly Cloudy,6,2,22
13:58:09,Mostly Cloudy,6,2,22
14:00:09,Mostly Cloudy,6,2,22
14:02:09,Mostly Cloudy,6,2,22
14:04:08,Mostly Cloudy,6,2,22
14:06:09,Mostly Cloudy,6,2,22
14:08:09,Mostly Cloudy,6,2,22
14:10:08,Mostly Cloudy,6,2,22
14:12:09,Mostly Cloudy,6,2,22
14:14:09,Mostly Cloudy,6,2,22
14:16:09,Mostly Cloudy,5,0,22
14:18:08,Mostly Cloudy,5,0,22
14:20:09,Mostly Cloudy,5,0,22
14:22:09,Mostly Cloudy,5,0,22
14:24:08,Mostly Cloudy,5,0,22
14:26:09,Mostly Cloudy,5,0,22
14:28:09,Mostly Cloudy,5,0,22
14:30:08,Mostly Cloudy,5,0,22
14:32:08,Mostly Cloudy,5,0,22
14:34:09,Mostly Cloudy,5,0,22
14:36:09,Mostly Cloudy,5,0,22
14:38:08,Mostly Cloudy,5,0,22
14:40:09,Mostly Cloudy,5,0,22
14:42:09,Mostly Cloudy,5,0,22
14:44:08,Mostly Cloudy,5,0,22
14:46:09,Mostly Cloudy,5,0,22
14:48:09,Mostly Cloudy,5,0,22
14:50:09,Mostly Cloudy,5,0,22
14:52:08,Mostly Cloudy,5,0,22
14:54:08,Mostly Cloudy,5,0,22
14:56:09,Mostly Cloudy,5,0,22
14:58:09,Mostly Cloudy,5,0,22
15:00:09,Mostly Cloudy,5,0,22
15:02:09,Mostly Cloudy,5,0,22
15:04:09,Mostly Cloudy,5,0,22
15:06:09,Mostly Cloudy,5,0,22
15:08:08,Mostly Cloudy,5,0,22
15:10:08,Mostly Cloudy,5,0,27
15:12:09,Mostly Cloudy,5,0,27
15:14:09,Mostly Cloudy,5,0,27
15:16:08,Mostly Cloudy,5,0,27
15:18:09,Mostly Cloudy,5,0,27
15:20:09,Mostly Cloudy,5,0,27
15:22:08,Mostly Cloudy,5,0,27
15:24:09,Mostly Cloudy,5,0,27
15:26:09,Mostly Cloudy,5,0,27
15:28:09,Mostly Cloudy,5,0,27
15:30:09,Mostly Cloudy,5,0,27
15:32:09,Mostly Cloudy,5,0,27
15:34:09,Mostly Cloudy,5,0,27
15:36:08,Mostly Cloudy,5,0,27
15:38:08,Mostly Cloudy,5,0,27
15:40:09,Mostly Cloudy,5,0,27
15:42:09,Mostly Cloudy,5,0,27
15:44:09,Mostly Cloudy,5,0,27
15:46:08,Mostly Cloudy,5,0,27
15:48:09,Mostly Cloudy,5,0,27
15:50:09,Mostly Cloudy,5,0,27
15:52:09,Mostly Cloudy,5,0,27
15:54:09,Mostly Cloudy,5,0,27
15:56:08,Mostly Cloudy,5,0,27
15:58:08,Mostly Cloudy,5,0,27
16:00:09,Mostly Cloudy,5,0,27
16:02:08,Mostly Cloudy,5,0,27
16:04:08,Mostly Cloudy,5,0,27
16:06:09,Mostly Cloudy,5,0,27
16:08:09,Mostly Cloudy,5,0,27
16:10:08,Mostly Cloudy,5,0,27
16:12:09,Mostly Cloudy,5,0,27
16:14:09,Mostly Cloudy,5,0,27
16:16:09,Mostly Cloudy,5,0,27
16:18:09,Mostly Cloudy,5,0,27
16:20:09,Mostly Cloudy,5,0,27
16:22:09,Mostly Cloudy,6,1,25
16:24:08,Mostly Cloudy,6,1,25
16:26:08,Mostly Cloudy,6,1,25
16:28:09,Mostly Cloudy,6,1,25
16:30:09,Mostly Cloudy,6,1,25
16:32:08,Mostly Cloudy,6,1,25
16:34:08,Mostly Cloudy,6,1,25
16:36:09,Mostly Cloudy,6,1,25
16:38:09,Mostly Cloudy,6,1,25
16:40:09,Mostly Cloudy,6,1,25
16:42:09,Mostly Cloudy,6,1,25
16:44:09,Mostly Cloudy,6,1,25
16:46:09,Mostly Cloudy,6,1,25
16:48:08,Mostly Cloudy,6,1,25
16:50:09,Mostly Cloudy,6,1,25
16:52:09,Mostly Cloudy,6,1,25
16:54:09,Mostly Cloudy,6,1,25
16:56:08,Mostly Cloudy,6,1,25
16:58:09,Mostly Cloudy,6,1,25
17:00:09,Mostly Cloudy,6,1,25
17:02:09,Mostly Cloudy,6,1,25
17:04:09,Mostly Cloudy,6,1,25
17:06:09,Mostly Cloudy,6,1,25
17:08:08,Mostly Cloudy,6,1,25
17:10:08,Mostly Cloudy,6,2,22
17:12:09,Mostly Cloudy,6,2,22
17:14:08,Mostly Cloudy,6,2,22
17:16:08,Mostly Cloudy,6,2,22
17:18:09,Mostly Cloudy,6,2,22
17:20:08,Mostly Cloudy,6,2,22
17:22:08,Mostly Cloudy,6,2,22
17:24:09,Mostly Cloudy,6,2,22
17:26:09,Mostly Cloudy,6,2,22
17:28:08,Mostly Cloudy,6,2,22
17:30:09,Mostly Cloudy,6,2,22
17:32:08,Mostly Cloudy,6,2,22
17:34:09,Mostly Cloudy,6,2,22
17:36:09,Mostly Cloudy,6,2,22
17:38:08,Mostly Cloudy,6,2,22
17:40:09,Mostly Cloudy,6,2,22
17:42:09,Mostly Cloudy,6,2,22
17:44:08,Mostly Cloudy,6,2,22
17:46:08,Mostly Cloudy,6,2,22
17:48:09,Mostly Cloudy,6,2,22
17:50:09,Mostly Cloudy,6,2,22
17:52:08,Mostly Cloudy,6,2,22
17:54:09,Mostly Cloudy,6,2,22
17:56:09,Mostly Cloudy,6,2,22
17:58:09,Mostly Cloudy,6,2,22
18:00:08,Mostly Cloudy,6,2,22
18:02:09,Mostly Cloudy,6,2,22
18:04:09,Mostly Cloudy,6,2,22
18:06:09,Mostly Cloudy,6,2,22
18:08:09,Mostly Cloudy,6,2,22
18:10:09,Mostly Cloudy,6,2,22
18:12:09,Mostly Cloudy,6,2,22
18:14:08,Mostly Cloudy,6,2,22
18:16:08,Partly Cloudy,5,2,12
18:18:09,Partly Cloudy,5,2,12
18:20:08,Partly Cloudy,5,2,12
18:22:08,Partly Cloudy,5,2,12
18:24:09,Partly Cloudy,5,2,12
18:26:09,Partly Cloudy,5,2,12
18:28:08,Partly Cloudy,5,2,12
18:30:09,Partly Cloudy,5,2,12
18:32:09,Partly Cloudy,5,2,12
18:34:09,Partly Cloudy,5,2,12
18:36:08,Partly Cloudy,5,2,12
18:38:09,Partly Cloudy,5,2,12
18:40:09,Partly Cloudy,5,2,12
18:42:08,Partly Cloudy,5,2,12
18:44:08,Partly Cloudy,5,2,12
18:46:09,Partly Cloudy,5,2,12
18:48:09,Partly Cloudy,5,2,12
18:50:08,Partly Cloudy,5,2,12
18:52:08,Partly Cloudy,5,2,12
18:54:09,Partly Cloudy,5,2,12
18:56:09,Partly Cloudy,5,2,12
18:58:09,Partly Cloudy,5,2,12
19:00:08,Partly Cloudy,5,2,12
19:02:08,Partly Cloudy,5,2,12
19:04:09,Partly Cloudy,5,2,12
19:06:09,Partly Cloudy,5,2,12
19:08:09,Partly Cloudy,5,2,12
19:10:08,Light Rain Shower,5,1,19
19:12:08,Light Rain Shower,5,1,19
19:14:09,Light Rain Shower,5,1,19
19:16:09,Light Rain Shower,5,1,19
19:18:08,Light Rain Shower,5,1,19
19:20:09,Light Rain Shower,5,1,19
19:22:09,Light Rain Shower,5,1,19
19:24:08,Light Rain Shower,5,1,19
19:26:08,Light Rain Shower,5,1,19
19:28:09,Light Rain Shower,5,1,19
19:30:09,Light Rain Shower,5,1,19
19:32:08,Light Rain Shower,5,1,19
19:34:09,Light Rain Shower,5,1,19
19:36:09,Light Rain Shower,5,1,19
19:38:08,Light Rain Shower,5,1,19
19:40:09,Light Rain Shower,5,1,19
19:42:09,Light Rain Shower,5,1,19
19:44:09,Light Rain Shower,5,1,19
19:46:08,Light Rain Shower,5,1,19
19:48:09,Light Rain Shower,5,1,19
19:50:09,Light Rain Shower,5,1,19
19:52:09,Light Rain Shower,5,1,19
19:54:08,Light Rain Shower,5,1,19
19:56:09,Light Rain Shower,5,1,19
19:58:09,Light Rain Shower,5,1,19
20:00:08,Light Rain Shower,5,1,19
20:02:08,Light Rain Shower,5,1,19
20:04:09,Light Rain Shower,5,1,19
20:06:09,Light Rain Shower,5,1,19
20:08:08,Light Rain Shower,5,1,19
20:10:08,Partly Cloudy,3,0,19
20:12:09,Partly Cloudy,3,0,19
20:14:09,Partly Cloudy,3,0,19
20:16:08,Partly Cloudy,3,0,19
20:18:09,Partly Cloudy,3,0,19
20:20:09,Partly Cloudy,3,0,19
20:22:08,Partly Cloudy,3,0,19
20:24:09,Partly Cloudy,3,0,19
20:26:09,Partly Cloudy,3,0,19
20:28:09,Partly Cloudy,3,0,19
20:30:08,Partly Cloudy,3,0,19
20:32:09,Partly Cloudy,3,0,19
20:34:09,Partly Cloudy,3,0,19
20:36:09,Partly Cloudy,3,0,19
20:38:09,Partly Cloudy,3,0,19
20:40:09,Partly Cloudy,3,0,19
20:42:08,Partly Cloudy,3,0,19
20:44:09,Partly Cloudy,3,0,19
20:46:09,Partly Cloudy,3,0,19
20:48:08,Partly Cloudy,3,0,19
20:50:08,Partly Cloudy,3,0,19
20:52:09,Partly Cloudy,3,0,19
20:54:09,Partly Cloudy,3,0,19
20:56:08,Partly Cloudy,3,0,19
20:58:09,Partly Cloudy,3,0,19
21:00:09,Partly Cloudy,3,0,19
21:02:08,Partly Cloudy,3,0,19
21:04:09,Partly Cloudy,3,0,19
21:06:09,Partly Cloudy,3,0,19
21:08:09,Partly Cloudy,3,0,19
21:10:08,Partly Cloudy,3,0,19
21:12:09,Partly Cloudy,3,0,19
21:14:09,Fair,3,0,22
21:16:08,Fair,3,0,22
21:18:09,Fair,3,0,22
21:20:09,Fair,3,0,22
21:22:08,Fair,3,0,22
21:24:09,Fair,3,0,22
21:26:09,Fair,3,0,22
21:28:08,Fair,3,0,22
21:30:08,Fair,3,0,22
21:32:09,Fair,3,0,22
21:34:09,Fair,3,0,22
21:36:08,Fair,3,0,22
21:38:09,Fair,3,0,22
21:40:09,Fair,3,0,22
21:42:09,Fair,3,0,22
21:44:09,Fair,3,0,22
21:46:09,Fair,3,0,22
21:48:08,Fair,3,0,22
21:50:09,Fair,3,0,22
21:52:08,Fair,3,0,22
21:54:08,Fair,3,0,22
21:56:09,Fair,3,0,22
21:58:08,Fair,3,0,22
22:00:09,Fair,3,0,22
22:02:09,Fair,3,0,22
22:04:08,Fair,3,0,22
22:06:09,Fair,3,0,22
22:08:09,Fair,3,0,22
22:10:08,Fair,3,0,22
22:12:08,Fair,3,0,22
22:14:09,Fair,3,0,24
22:16:09,Fair,3,0,24
22:18:09,Fair,3,0,24
22:20:09,Fair,3,0,24
22:22:08,Fair,3,0,24
22:24:09,Fair,3,0,24
22:26:09,Fair,3,0,24
22:28:08,Fair,3,0,24
22:30:09,Fair,3,0,24
22:32:09,Fair,3,0,24
22:34:09,Fair,3,0,24
22:36:09,Fair,3,0,24
22:38:09,Fair,3,0,24
22:40:09,Fair,3,0,24
22:42:09,Fair,3,0,24
22:44:08,Fair,3,0,24
22:46:09,Fair,3,0,24
22:48:09,Fair,3,0,24
22:50:08,Fair,3,0,24
22:52:09,Fair,3,0,24
22:54:09,Fair,3,0,24
22:56:09,Fair,3,0,24
22:58:08,Fair,3,0,24
23:00:09,Fair,3,0,24
23:02:09,Fair,3,0,24
23:04:08,Fair,3,0,24
23:06:09,Fair,3,0,24
23:08:08,Fair,3,0,24
23:10:09,Fair,3,0,24
23:12:09,Fair,3,0,24
23:14:09,Fair,3,0,22
23:16:08,Fair,3,0,22
23:18:09,Fair,3,0,22
23:20:09,Fair,3,0,22
23:22:08,Fair,3,0,22
23:24:09,Fair,3,0,22
23:26:09,Fair,3,0,22
23:28:09,Fair,3,0,22
23:30:08,Fair,3,0,22
23:32:08,Fair,3,0,22
23:34:09,Fair,3,0,22
23:36:09,Fair,3,0,22
23:38:09,Fair,3,0,22
23:40:08,Fair,3,0,22
23:42:09,Fair,3,0,22
23:44:09,Fair,3,0,22
23:46:09,Fair,3,0,22
23:48:09,Fair,3,0,22
23:50:08,Fair,3,0,22
23:52:08,Fair,3,0,22
23:54:09,Fair,3,0,22
23:56:09,Fair,3,0,22
23:58:09,Fair,3,0,22
