Time,Weather,Temperature,Feels_Like,Wind_Speed
00:00:09,Partly Cloudy,13,13,12
00:02:09,Partly Cloudy,13,13,12
00:04:09,Partly Cloudy,13,13,12
00:06:08,Partly Cloudy,13,13,12
00:08:09,Partly Cloudy,13,13,12
00:10:09,Partly Cloudy,13,13,12
00:12:09,Partly Cloudy,13,13,12
00:14:08,Mostly Cloudy,13,13,11
00:16:09,Mostly Cloudy,13,13,11
00:18:08,Mostly Cloudy,13,13,11
00:20:09,Mostly Cloudy,13,13,11
00:22:09,Mostly Cloudy,13,13,11
00:24:09,Mostly Cloudy,13,13,11
00:26:08,Mostly Cloudy,13,13,11
00:28:09,Mostly Cloudy,13,13,11
00:30:09,Mostly Cloudy,13,13,11
00:32:09,Mostly Cloudy,13,13,11
00:34:08,Mostly Cloudy,13,13,11
00:36:08,Mostly Cloudy,13,13,11
00:38:09,Mostly Cloudy,13,13,11
00:40:09,Mostly Cloudy,13,13,11
00:42:08,Mostly Cloudy,13,13,11
00:44:08,Mostly Cloudy,13,13,11
00:46:09,Mostly Cloudy,13,13,11
00:48:09,Mostly Cloudy,13,13,11
00:50:09,Mostly Cloudy,13,13,11
00:52:08,Mostly Cloudy,13,13,11
00:54:09,Mostly Cloudy,13,13,11
00:56:09,Mostly Cloudy,13,13,11
00:58:08,Mostly Cloudy,13,13,11
01:00:16,Mostly Cloudy,13,13,11
01:02:09,Mostly Cloudy,13,13,11
01:04:08,Mostly Cloudy,13,13,11
01:06:09,Mostly Cloudy,13,13,11
01:08:09,Mostly Cloudy,13,13,11
01:10:09,Mostly Cloudy,13,13,11
01:12:09,Mostly Cloudy,13,13,11
01:14:08,Mostly Cloudy,15,15,14
01:16:09,Mostly Cloudy,15,15,14
01:18:08,Mostly Cloudy,15,15,14
01:20:08,Mostly Cloudy,15,15,14
01:22:09,Mostly Cloudy,15,15,14
01:24:09,Mostly Cloudy,15,15,14
01:26:09,Mostly Cloudy,15,15,14
01:28:09,Mostly Cloudy,15,15,14
01:30:09,Mostly Cloudy,15,15,14
01:32:09,Mostly Cloudy,15,15,14
01:34:09,Mostly Cloudy,15,15,14
01:36:09,Mostly Cloudy,15,15,14
01:38:08,Mostly Cloudy,15,15,14
01:40:09,Mostly Cloudy,15,15,14
01:42:08,Mostly Cloudy,15,15,14
01:44:08,Mostly Cloudy,15,15,14
01:46:09,Mostly Cloudy,15,15,14
01:48:09,Mostly Cloudy,15,15,14
01:50:09,Mostly Cloudy,15,15,14
01:52:09,Mostly Cloudy,15,15,14
01:54:08,Mostly Cloudy,15,15,14
01:56:08,Mostly Cloudy,15,15,14
01:58:09,Mostly Cloudy,15,15,14
02:00:09,Mostly Cloudy,15,15,14
02:02:08,Mostly Cloudy,15,15,14
02:04:09,Mostly Cloudy,15,15,14
02:06:09,Mostly Cloudy,15,15,14
02:08:09,Mostly Cloudy,15,15,14
02:10:08,Mostly Cloudy,15,15,14
02:12:08,Mostly Cloudy,15,15,14
02:14:09,Mostly Cloudy,15,15,14
02:16:09,Mostly Cloudy,15,15,14
02:18:08,Mostly Cloudy,15,15,14
02:20:09,Mostly Cloudy,13,13,16
02:22:09,Mostly Cloudy,13,13,16
02:24:08,Mostly Cloudy,13,13,16
02:26:08,Mostly Cloudy,13,13,16
02:28:09,Mostly Cloudy,13,13,16
02:30:09,Mostly Cloudy,13,13,16
02:32:08,Mostly Cloudy,13,13,16
02:34:09,Mostly Cloudy,13,13,16
02:36:09,Mostly Cloudy,13,13,16
02:38:09,Mostly Cloudy,13,13,16
02:40:08,Mostly Cloudy,13,13,16
02:42:09,Mostly Cloudy,13,13,16
02:44:09,Mostly Cloudy,13,13,16
02:46:08,Mostly Cloudy,13,13,16
02:48:08,Mostly Cloudy,13,13,16
02:50:09,Mostly Cloudy,13,13,16
02:52:09,Mostly Cloudy,13,13,16
02:54:08,Mostly Cloudy,13,13,16
02:56:09,Mostly Cloudy,13,13,16
02:58:09,Mostly Cloudy,13,13,16
03:00:08,Mostly Cloudy,13,13,16
03:08:09,Mostly Cloudy,13,13,19
03:10:09,Mostly Cloudy,13,13,19
03:12:09,Mostly Cloudy,13,13,19
03:14:09,Mostly Cloudy,13,13,19
03:16:09,Mostly Cloudy,13,13,19
03:18:08,Mostly Cloudy,13,13,19
03:20:09,Mostly Cloudy,13,13,19
03:22:08,Mostly Cloudy,13,13,19
03:24:09,Mostly Cloudy,13,13,19
03:26:09,Mostly Cloudy,13,13,19
03:28:09,Mostly Cloudy,13,13,19
03:30:09,Mostly Cloudy,13,13,19
03:32:09,Mostly Cloudy,13,13,19
03:34:09,Mostly Cloudy,13,13,19
03:36:08,Mostly Cloudy,13,13,19
03:38:09,Mostly Cloudy,13,13,19
03:40:09,Mostly Cloudy,13,13,19
03:42:09,Mostly Cloudy,13,13,19
03:44:08,Mostly Cloudy,13,13,19
03:46:08,Mostly Cloudy,13,13,19
03:48:09,Mostly Cloudy,13,13,19
03:50:09,Mostly Cloudy,13,13,19
03:52:09,Mostly Cloudy,13,13,19
03:54:09,Mostly Cloudy,13,13,19
03:56:09,Mostly Cloudy,13,13,19
03:58:09,Mostly Cloudy,13,13,19
04:00:09,Mostly Cloudy,13,13,19
04:02:09,Mostly Cloudy,13,13,19
04:04:09,Mostly Cloudy,13,13,19
04:06:09,Mostly Cloudy,13,13,19
04:08:09,Mostly Cloudy,15,15,19
04:10:08,Mostly Cloudy,15,15,19
04:12:09,Mostly Cloudy,15,15,19
04:14:09,Mostly Cloudy,15,15,19
04:16:09,Mostly Cloudy,15,15,19
04:18:08,Mostly Cloudy,15,15,19
04:20:09,Mostly Cloudy,15,15,19
04:22:08,Mostly Cloudy,15,15,19
04:24:09,Mostly Cloudy,15,15,19
04:26:09,Mostly Cloudy,15,15,19
04:28:08,Mostly Cloudy,15,15,19
04:30:09,Mostly Cloudy,15,15,19
04:32:09,Mostly Cloudy,15,15,19
04:34:09,Mostly Cloudy,15,15,19
04:36:08,Mostly Cloudy,15,15,19
04:38:09,Mostly Cloudy,15,15,19
04:40:09,Mostly Cloudy,15,15,19
04:42:09,Mostly Cloudy,15,15,19
04:44:08,Mostly Cloudy,15,15,19
04:46:09,Mostly Cloudy,15,15,19
04:48:09,Mostly Cloudy,15,15,19
04:50:09,Mostly Cloudy,15,15,19
04:52:09,Mostly Cloudy,15,15,19
04:54:09,Mostly Cloudy,15,15,19
04:56:08,Mostly Cloudy,15,15,19
04:58:09,Mostly Cloudy,15,15,19
05:00:09,Mostly Cloudy,15,15,19
05:02:09,Mostly Cloudy,15,15,19
05:04:09,Mostly Cloudy,15,15,19
05:06:08,Mostly Cloudy,15,15,19
05:08:09,Mostly Cloudy,15,15,19
05:10:09,Mostly Cloudy,15,15,19
05:12:08,Mostly Cloudy,15,15,19
05:14:08,Partly Cloudy,15,15,19
05:16:09,Partly Cloudy,15,15,19
05:18:08,Partly Cloudy,15,15,19
05:20:09,Partly Cloudy,15,15,19
05:22:09,Partly Cloudy,15,15,19
05:24:09,Partly Cloudy,15,15,19
05:26:09,Partly Cloudy,15,15,19
05:28:09,Partly Cloudy,15,15,19
05:30:08,Partly Cloudy,15,15,19
05:32:09,Partly Cloudy,15,15,19
05:34:09,Partly Cloudy,15,15,19
05:36:08,Partly Cloudy,15,15,19
05:38:09,Partly Cloudy,15,15,19
05:40:09,Partly Cloudy,15,15,19
05:42:09,Partly Cloudy,15,15,19
05:44:08,Partly Cloudy,15,15,19
05:46:09,Partly Cloudy,15,15,19
05:48:09,Partly Cloudy,15,15,19
05:50:09,Partly Cloudy,15,15,19
05:52:08,Partly Cloudy,15,15,19
05:54:09,Partly Cloudy,15,15,19
05:56:09,Partly Cloudy,15,15,19
05:58:09,Partly Cloudy,15,15,19
06:00:09,Partly Cloudy,15,15,19
06:02:08,Partly Cloudy,15,15,19
06:04:09,Partly Cloudy,15,15,19
06:06:09,Partly Cloudy,15,15,19
06:08:09,Partly Cloudy,15,15,19
06:10:09,Mostly Cloudy,15,15,20
06:12:09,Partly Cloudy,15,15,19
06:14:08,Mostly Cloudy,15,15,20
06:16:09,Partly Cloudy,15,15,19
06:18:09,Mostly Cloudy,15,15,20
06:20:09,Mostly Cloudy,15,15,20
06:22:09,Mostly Cloudy,15,15,20
06:24:08,Mostly Cloudy,15,15,20
06:26:09,Mostly Cloudy,15,15,20
06:28:08,Mostly Cloudy,15,15,20
06:30:08,Mostly Cloudy,15,15,20
06:32:09,Mostly Cloudy,15,15,20
06:34:09,Mostly Cloudy,15,15,20
06:36:09,Mostly Cloudy,15,15,20
06:38:09,Mostly Cloudy,15,15,20
06:40:08,Mostly Cloudy,15,15,20
06:42:09,Mostly Cloudy,15,15,20
06:44:09,Mostly Cloudy,15,15,20
06:46:08,Mostly Cloudy,15,15,20
06:48:09,Mostly Cloudy,15,15,20
06:50:08,Mostly Cloudy,15,15,20
06:52:08,Mostly Cloudy,15,15,20
06:54:09,Mostly Cloudy,15,15,20
06:56:09,Mostly Cloudy,15,15,20
06:58:08,Mostly Cloudy,15,15,20
07:00:08,Mostly Cloudy,15,15,20
07:02:09,Mostly Cloudy,15,15,20
07:04:08,Mostly Cloudy,15,15,20
07:06:08,Mostly Cloudy,15,15,20
07:08:09,Mostly Cloudy,15,15,20
07:10:09,Mostly Cloudy,15,15,20
07:12:09,Mostly Cloudy,15,15,20
07:14:09,Mostly Cloudy,15,15,20
07:16:08,Mostly Cloudy,15,15,20
07:18:09,Mostly Cloudy,17,17,20
07:20:08,Mostly Cloudy,17,17,20
07:22:09,Mostly Cloudy,17,17,20
07:24:09,Mostly Cloudy,17,17,20
07:26:08,Mostly Cloudy,17,17,20
07:28:09,Mostly Cloudy,17,17,20
07:30:09,Mostly Cloudy,17,17,20
07:32:08,Mostly Cloudy,17,17,20
07:34:09,Mostly Cloudy,17,17,20
07:36:09,Mostly Cloudy,17,17,20
07:38:08,Mostly Cloudy,17,17,20
07:40:09,Mostly Cloudy,17,17,20
07:42:09,Mostly Cloudy,16,16,20
07:44:08,Mostly Cloudy,16,16,20
07:46:09,Mostly Cloudy,16,16,20
07:48:09,Mostly Cloudy,16,16,20
07:50:09,Mostly Cloudy,16,16,20
07:52:09,Mostly Cloudy,16,16,20
07:54:08,Mostly Cloudy,16,16,20
07:56:09,Mostly Cloudy,16,16,20
07:58:08,Mostly Cloudy,16,16,20
08:00:08,Mostly Cloudy,16,16,20
08:02:09,Mostly Cloudy,16,16,20
08:04:09,Mostly Cloudy,16,16,20
08:06:09,Mostly Cloudy,16,16,20
08:08:09,Mostly Cloudy,16,16,20
08:10:08,Mostly Cloudy,16,16,20
08:12:09,Light Drizzle,16,16,16
08:14:09,Light Drizzle,16,16,16
08:16:08,Light Drizzle,16,16,16
08:18:09,Light Drizzle,16,16,16
08:20:08,Light Drizzle,16,16,16
08:22:09,Light Drizzle,16,16,16
08:24:09,Light Drizzle,16,16,16
08:26:08,Light Drizzle,16,16,16
08:28:09,Light Drizzle,16,16,16
08:30:09,Light Drizzle,16,16,16
08:32:08,Light Drizzle,16,16,16
08:34:09,Light Drizzle,16,16,16
08:36:09,Light Drizzle,16,16,16
08:38:08,Light Drizzle,16,16,16
08:40:09,Light Drizzle,16,16,16
08:42:09,Mostly Cloudy,16,16,16
08:44:08,Light Drizzle,16,16,16
08:46:09,Light Drizzle,16,16,16
08:48:09,Light Drizzle,16,16,16
08:50:08,Mostly Cloudy,16,16,16
08:52:09,Mostly Cloudy,16,16,16
08:54:09,Mostly Cloudy,16,16,16
08:56:08,Mostly Cloudy,16,16,16
08:58:09,Mostly Cloudy,16,16,16
09:00:09,Mostly Cloudy,16,16,16
09:02:09,Mostly Cloudy,16,16,16
09:04:09,Mostly Cloudy,16,16,16
09:06:08,Mostly Cloudy,16,16,16
09:08:09,Mostly Cloudy,16,16,16
09:10:08,Mostly Cloudy,16,16,16
09:12:09,Mostly Cloudy,16,16,16
09:14:09,Mostly Cloudy,16,16,16
09:16:08,Mostly Cloudy,16,16,16
09:18:09,Mostly Cloudy,16,16,16
09:20:09,Mostly Cloudy,17,17,19
09:22:09,Mostly Cloudy,17,17,19
09:24:09,Mostly Cloudy,17,17,19
09:26:09,Mostly Cloudy,17,17,19
09:28:09,Mostly Cloudy,17,17,19
09:30:08,Mostly Cloudy,17,17,19
09:32:08,Mostly Cloudy,17,17,19
09:34:09,Mostly Cloudy,17,17,19
09:36:08,Mostly Cloudy,17,17,19
09:38:08,Mostly Cloudy,17,17,19
09:40:09,Mostly Cloudy,17,17,19
09:42:08,Mostly Cloudy,17,17,19
09:44:08,Mostly Cloudy,17,17,20
09:46:09,Mostly Cloudy,17,17,20
09:48:09,Mostly Cloudy,17,17,20
09:50:08,Mostly Cloudy,17,17,20
09:52:09,Mostly Cloudy,17,17,20
09:54:09,Mostly Cloudy,17,17,20
09:56:09,Mostly Cloudy,17,17,20
09:58:08,Mostly Cloudy,17,17,20
10:00:09,Mostly Cloudy,17,17,20
10:02:09,Mostly Cloudy,17,17,20
10:04:08,Mostly Cloudy,17,17,20
10:06:09,Mostly Cloudy,17,17,20
10:08:09,Mostly Cloudy,17,17,20
10:10:08,Mostly Cloudy,17,17,20
10:12:09,Mostly Cloudy,17,17,20
10:14:09,Mostly Cloudy,17,17,19
10:16:08,Mostly Cloudy,17,17,19
10:18:09,Mostly Cloudy,17,17,19
10:20:09,Mostly Cloudy,17,17,19
10:22:08,Mostly Cloudy,17,17,19
10:24:09,Mostly Cloudy,17,17,19
10:26:08,Mostly Cloudy,17,17,19
10:28:08,Mostly Cloudy,17,17,19
10:30:09,Mostly Cloudy,17,17,19
10:32:09,Mostly Cloudy,17,17,19
10:34:08,Mostly Cloudy,17,17,19
10:36:09,Mostly Cloudy,17,17,19
10:38:08,Mostly Cloudy,17,17,19
10:40:09,Mostly Cloudy,17,17,19
10:42:08,Mostly Cloudy,17,17,16
10:44:09,Mostly Cloudy,17,17,16
10:46:09,Mostly Cloudy,17,17,16
10:48:08,Mostly Cloudy,17,17,16
10:50:09,Mostly Cloudy,17,17,16
10:52:09,Mostly Cloudy,17,17,16
10:54:09,Mostly Cloudy,17,17,16
10:56:08,Mostly Cloudy,17,17,16
10:58:09,Mostly Cloudy,17,17,16
11:00:09,Mostly Cloudy,17,17,16
11:02:09,Mostly Cloudy,17,17,16
11:04:08,Mostly Cloudy,17,17,16
11:06:08,Mostly Cloudy,17,17,16
11:08:09,Mostly Cloudy,17,17,16
11:10:09,Mostly Cloudy,17,17,16
11:12:08,Mostly Cloudy,17,17,16
11:14:09,Mostly Cloudy,17,17,16
11:16:09,Mostly Cloudy,17,17,16
11:18:09,Mostly Cloudy,17,17,16
11:20:09,Mostly Cloudy,17,17,16
11:22:08,Mostly Cloudy,17,17,16
11:24:09,Mostly Cloudy,17,17,16
11:26:09,Mostly Cloudy,17,17,16
11:28:08,Mostly Cloudy,17,17,16
11:30:09,Mostly Cloudy,17,17,16
11:32:09,Mostly Cloudy,17,17,16
11:34:08,Mostly Cloudy,17,17,16
11:36:09,Mostly Cloudy,17,17,16
11:38:09,Mostly Cloudy,17,17,16
11:40:09,Mostly Cloudy,17,17,19
11:42:09,Mostly Cloudy,17,17,19
11:44:09,Mostly Cloudy,17,17,19
11:46:09,Mostly Cloudy,17,17,19
11:48:08,Mostly Cloudy,17,17,19
11:50:09,Mostly Cloudy,17,17,19
11:52:08,Mostly Cloudy,17,17,19
11:54:09,Mostly Cloudy,17,17,19
11:56:09,Mostly Cloudy,17,17,19
11:58:08,Mostly Cloudy,17,17,19
12:00:09,Mostly Cloudy,17,17,19
12:02:09,Mostly Cloudy,17,17,19
12:04:08,Mostly Cloudy,17,17,19
12:06:08,Mostly Cloudy,17,17,19
12:08:09,Mostly Cloudy,17,17,19
12:10:09,Mostly Cloudy,17,17,19
12:12:09,Light Drizzle,17,17,19
12:14:08,Light Drizzle,17,17,19
12:16:08,Light Drizzle,17,17,19
12:18:09,Light Drizzle,17,17,19
12:20:08,Light Drizzle,17,17,19
12:22:09,Light Drizzle,17,17,19
12:24:08,Light Drizzle,17,17,19
12:26:09,Light Drizzle,17,17,19
12:28:09,Light Drizzle,17,17,19
12:30:08,Light Drizzle,17,17,19
12:32:09,Light Drizzle,17,17,19
12:34:08,Light Drizzle,17,17,19
12:36:09,Light Drizzle,17,17,19
12:38:09,Light Drizzle,17,17,19
12:40:09,Mostly Cloudy,16,16,16
12:42:09,Mostly Cloudy,16,16,16
12:44:09,Mostly Cloudy,16,16,16
12:46:09,Mostly Cloudy,16,16,16
12:48:08,Mostly Cloudy,16,16,16
12:50:09,Mostly Cloudy,16,16,16
12:52:09,Mostly Cloudy,16,16,16
12:54:09,Mostly Cloudy,16,16,16
12:56:09,Mostly Cloudy,16,16,16
12:58:09,Mostly Cloudy,16,16,16
13:00:09,Mostly Cloudy,16,16,16
13:02:09,Mostly Cloudy,16,16,16
13:04:08,Mostly Cloudy,16,16,16
13:06:09,Mostly Cloudy,16,16,16
13:08:09,Mostly Cloudy,16,16,16
13:10:08,Mostly Cloudy,16,16,16
13:12:08,Mostly Cloudy,16,16,16
13:14:08,Mostly Cloudy,16,16,16
13:16:09,Mostly Cloudy,16,16,16
13:18:08,Mostly Cloudy,16,16,16
13:20:08,Light Rain,16,16,19
13:22:09,Light Rain,16,16,19
13:24:09,Light Rain,16,16,19
13:26:09,Light Rain,16,16,19
13:28:08,Light Rain,16,16,19
13:30:09,Light Rain,16,16,19
13:32:09,Light Rain,16,16,19
13:34:09,Light Rain,16,16,19
13:36:09,Light Rain,16,16,19
13:38:08,Light Rain,16,16,19
13:40:09,Light Rain,16,16,19
13:42:09,Light Rain,16,16,19
13:44:08,Mostly Cloudy,16,16,19
13:46:09,Mostly Cloudy,16,16,19
13:48:09,Mostly Cloudy,16,16,19
13:50:09,Mostly Cloudy,16,16,19
13:52:09,Mostly Cloudy,16,16,19
13:54:08,Mostly Cloudy,16,16,19
13:56:09,Mostly Cloudy,16,16,19
13:58:09,Mostly Cloudy,16,16,19
14:00:08,Mostly Cloudy,16,16,19
14:02:08,Mostly Cloudy,16,16,19
14:04:09,Mostly Cloudy,16,16,19
14:06:09,Mostly Cloudy,16,16,19
14:08:09,Mostly Cloudy,16,16,19
14:10:08,Mostly Cloudy,16,16,19
14:12:09,Mostly Cloudy,16,16,19
14:14:09,Mostly Cloudy,16,16,19
14:16:09,Mostly Cloudy,16,16,19
14:18:09,Mostly Cloudy,16,16,19
14:20:09,Mostly Cloudy,16,16,19
14:22:09,Mostly Cloudy,16,16,19
14:24:08,Mostly Cloudy,16,16,19
14:26:08,Mostly Cloudy,16,16,19
14:28:09,Mostly Cloudy,16,16,19
14:30:09,Mostly Cloudy,16,16,19
14:32:09,Mostly Cloudy,16,16,19
14:34:08,Mostly Cloudy,16,16,19
14:36:09,Mostly Cloudy,16,16,19
14:38:09,Mostly Cloudy,16,16,19
14:40:09,Mostly Cloudy,16,16,19
14:42:08,Mostly Cloudy,16,16,19
14:44:08,Mostly Cloudy,17,17,20
14:46:09,Mostly Cloudy,17,17,20
14:48:09,Mostly Cloudy,17,17,20
14:50:09,Mostly Cloudy,17,17,20
14:52:08,Mostly Cloudy,17,17,20
14:54:08,Mostly Cloudy,17,17,20
14:56:09,Mostly Cloudy,17,17,20
14:58:08,Mostly Cloudy,17,17,20
15:00:09,Mostly Cloudy,17,17,20
15:02:09,Mostly Cloudy,17,17,20
15:04:08,Mostly Cloudy,17,17,20
15:06:08,Mostly Cloudy,17,17,20
15:08:09,Mostly Cloudy,17,17,20
15:10:08,Mostly Cloudy,17,17,24
15:12:09,Mostly Cloudy,17,17,24
15:14:09,Mostly Cloudy,17,17,24
15:16:08,Mostly Cloudy,17,17,24
15:18:09,Mostly Cloudy,17,17,24
15:20:08,Mostly Cloudy,17,17,24
15:22:09,Mostly Cloudy,17,17,24
15:24:09,Mostly Cloudy,17,17,24
15:26:08,Mostly Cloudy,17,17,24
15:28:09,Mostly Cloudy,17,17,24
15:30:08,Mostly Cloudy,17,17,24
15:32:09,Mostly Cloudy,17,17,24
15:34:09,Mostly Cloudy,17,17,24
15:36:09,Mostly Cloudy,17,17,24
15:38:09,Mostly Cloudy,17,17,24
15:40:09,Mostly Cloudy,17,17,24
15:42:09,Mostly Cloudy,17,17,24
15:44:09,Mostly Cloudy,17,17,25
15:46:09,Mostly Cloudy,17,17,25
15:48:09,Mostly Cloudy,17,17,25
15:50:08,Mostly Cloudy,17,17,25
15:52:09,Mostly Cloudy,17,17,25
15:54:08,Mostly Cloudy,17,17,25
15:56:08,Mostly Cloudy,17,17,25
15:58:09,Mostly Cloudy,17,17,25
16:00:09,Mostly Cloudy,17,17,25
16:02:09,Mostly Cloudy,17,17,25
16:04:08,Mostly Cloudy,17,17,25
16:06:09,Mostly Cloudy,17,17,25
16:08:09,Mostly Cloudy,17,17,25
16:10:09,Mostly Cloudy,17,17,25
16:12:09,Mostly Cloudy,17,17,25
16:14:08,Mostly Cloudy,17,17,25
16:16:09,Mostly Cloudy,17,17,25
16:18:08,Mostly Cloudy,17,17,25
16:20:09,Mostly Cloudy,17,17,25
16:22:08,Mostly Cloudy,17,17,25
16:24:09,Mostly Cloudy,17,17,25
16:26:09,Mostly Cloudy,17,17,25
16:28:09,Mostly Cloudy,17,17,25
16:30:08,Mostly Cloudy,17,17,25
16:32:09,Mostly Cloudy,17,17,25
16:34:08,Mostly Cloudy,17,17,25
16:36:09,Mostly Cloudy,17,17,25
16:38:09,Mostly Cloudy,17,17,25
16:40:09,Mostly Cloudy,17,17,25
16:42:09,Mostly Cloudy,17,17,25
16:44:08,Mostly Cloudy,17,17,25
16:46:09,Mostly Cloudy,17,17,25
16:48:09,Mostly Cloudy,17,17,25
16:50:08,Mostly Cloudy,17,17,25
16:52:09,Mostly Cloudy,17,17,25
16:54:09,Mostly Cloudy,17,17,25
16:56:08,Mostly Cloudy,17,17,25
16:58:09,Mostly Cloudy,17,17,25
17:00:09,Mostly Cloudy,17,17,25
17:02:09,Mostly Cloudy,17,17,25
17:04:09,Mostly Cloudy,17,17,25
17:06:09,Mostly Cloudy,17,17,25
17:08:08,Mostly Cloudy,17,17,25
17:10:09,Mostly Cloudy,17,17,25
17:12:09,Mostly Cloudy,17,17,25
17:14:08,Mostly Cloudy,17,17,25
17:16:09,Mostly Cloudy,17,17,25
17:18:08,Partly Cloudy,17,17,24
17:20:09,Partly Cloudy,17,17,24
17:22:09,Partly Cloudy,17,17,24
17:24:08,Partly Cloudy,17,17,24
17:26:09,Partly Cloudy,17,17,24
17:28:09,Partly Cloudy,17,17,24
17:30:08,Partly Cloudy,17,17,24
17:32:09,Partly Cloudy,17,17,24
17:34:09,Partly Cloudy,17,17,24
17:36:09,Partly Cloudy,17,17,24
17:38:08,Partly Cloudy,17,17,24
17:40:09,Partly Cloudy,17,17,24
17:42:09,Partly Cloudy,17,17,24
17:44:08,Partly Cloudy,17,17,24
17:46:08,Partly Cloudy,17,17,24
17:48:09,Partly Cloudy,17,17,24
17:50:09,Partly Cloudy,17,17,24
17:52:08,Partly Cloudy,17,17,24
17:54:09,Partly Cloudy,17,17,24
17:56:09,Partly Cloudy,17,17,24
17:58:08,Partly Cloudy,17,17,24
18:00:09,Partly Cloudy,17,17,24
18:02:09,Partly Cloudy,17,17,24
18:04:08,Partly Cloudy,17,17,24
18:06:09,Partly Cloudy,17,17,24
18:08:08,Partly Cloudy,17,17,24
18:10:09,Partly Cloudy,17,17,22
18:12:09,Partly Cloudy,17,17,22
18:14:09,Partly Cloudy,17,17,22
18:16:08,Partly Cloudy,17,17,22
18:18:09,Partly Cloudy,17,17,22
18:20:08,Partly Cloudy,17,17,22
18:22:09,Partly Cloudy,17,17,22
18:24:08,Partly Cloudy,17,17,22
18:26:09,Partly Cloudy,17,17,22
18:28:09,Partly Cloudy,17,17,22
18:30:08,Partly Cloudy,17,17,22
18:32:09,Partly Cloudy,17,17,22
18:34:09,Partly Cloudy,17,17,22
18:36:08,Partly Cloudy,17,17,22
18:38:09,Partly Cloudy,17,17,22
18:40:09,Partly Cloudy,17,17,22
18:42:08,Partly Cloudy,17,17,22
18:44:09,Partly Cloudy,17,17,22
18:46:09,Partly Cloudy,17,17,22
18:48:08,Partly Cloudy,17,17,22
18:50:09,Partly Cloudy,17,17,22
18:52:08,Partly Cloudy,17,17,22
18:54:09,Partly Cloudy,17,17,22
18:56:08,Partly Cloudy,17,17,22
18:58:09,Partly Cloudy,17,17,22
19:00:08,Partly Cloudy,17,17,22
19:02:09,Partly Cloudy,17,17,22
19:04:09,Partly Cloudy,17,17,22
19:06:09,Partly Cloudy,17,17,22
19:08:09,Partly Cloudy,17,17,22
19:10:09,Mostly Cloudy,16,16,14
19:12:09,Mostly Cloudy,16,16,14
19:14:09,Mostly Cloudy,16,16,14
19:16:09,Mostly Cloudy,16,16,14
19:18:09,Mostly Cloudy,16,16,14
19:20:09,Mostly Cloudy,16,16,14
19:22:09,Mostly Cloudy,16,16,14
19:24:08,Mostly Cloudy,16,16,14
19:26:09,Mostly Cloudy,16,16,14
19:28:09,Mostly Cloudy,16,16,14
19:30:08,Mostly Cloudy,16,16,14
19:32:09,Mostly Cloudy,16,16,14
19:34:09,Mostly Cloudy,17,17,16
19:36:08,Mostly Cloudy,17,17,16
19:38:09,Mostly Cloudy,17,17,16
19:40:09,Mostly Cloudy,16,16,14
19:42:08,Mostly Cloudy,16,16,14
19:44:09,Mostly Cloudy,16,16,14
19:46:09,Mostly Cloudy,16,16,14
19:48:08,Mostly Cloudy,16,16,14
19:50:09,Mostly Cloudy,16,16,14
19:52:09,Mostly Cloudy,16,16,14
19:54:09,Mostly Cloudy,16,16,14
19:56:09,Mostly Cloudy,16,16,14
19:58:09,Mostly Cloudy,16,16,14
20:00:09,Mostly Cloudy,16,16,14
20:02:09,Mostly Cloudy,16,16,14
20:04:08,Mostly Cloudy,16,16,14
20:06:09,Mostly Cloudy,16,16,14
20:08:09,Mostly Cloudy,16,16,14
20:10:08,Mostly Cloudy,16,16,14
20:12:09,Mostly Cloudy,16,16,14
20:14:08,Mostly Cloudy,16,16,14
20:16:08,Mostly Cloudy,16,16,14
20:18:09,Mostly Cloudy,16,16,14
20:20:08,Mostly Cloudy,16,16,14
20:22:09,Mostly Cloudy,16,16,14
20:24:09,Mostly Cloudy,16,16,14
20:26:09,Mostly Cloudy,16,16,14
20:28:09,Mostly Cloudy,16,16,14
20:30:08,Mostly Cloudy,16,16,14
20:32:09,Mostly Cloudy,16,16,14
20:34:09,Mostly Cloudy,16,16,14
20:36:08,Mostly Cloudy,16,16,14
20:38:09,Mostly Cloudy,16,16,14
20:40:09,Mostly Cloudy,16,16,14
20:42:09,Mostly Cloudy,16,16,14
20:44:09,Mostly Cloudy,16,16,14
20:46:09,Mostly Cloudy,16,16,14
20:48:09,Mostly Cloudy,16,16,14
20:50:09,Mostly Cloudy,16,16,14
20:52:09,Mostly Cloudy,16,16,14
20:54:09,Mostly Cloudy,16,16,14
20:56:09,Mostly Cloudy,16,16,14
20:58:08,Mostly Cloudy,16,16,14
21:00:08,Mostly Cloudy,16,16,14
21:02:09,Mostly Cloudy,16,16,14
21:04:09,Mostly Cloudy,16,16,14
21:06:08,Mostly Cloudy,16,16,14
21:08:09,Mostly Cloudy,16,16,14
21:10:09,Mostly Cloudy,16,16,14
21:12:08,Partly Cloudy,12,12,12
21:14:09,Partly Cloudy,12,12,12
21:16:09,Partly Cloudy,12,12,12
21:18:09,Partly Cloudy,12,12,12
21:20:08,Partly Cloudy,12,12,12
21:22:09,Partly Cloudy,12,12,12
21:24:09,Partly Cloudy,12,12,12
21:26:08,Partly Cloudy,12,12,12
21:28:09,Partly Cloudy,12,12,12
21:30:09,Partly Cloudy,12,12,12
21:32:08,Partly Cloudy,12,12,12
21:34:09,Partly Cloudy,12,12,12
21:36:09,Partly Cloudy,12,12,12
21:38:08,Partly Cloudy,12,12,12
21:40:08,Partly Cloudy,12,12,12
21:42:09,Partly Cloudy,12,12,12
21:44:09,Partly Cloudy,12,12,12
21:46:08,Partly Cloudy,12,12,12
21:48:09,Partly Cloudy,12,12,12
21:50:09,Partly Cloudy,12,12,12
21:52:09,Partly Cloudy,12,12,12
21:54:08,Partly Cloudy,12,12,12
21:56:09,Partly Cloudy,12,12,12
21:58:09,Partly Cloudy,12,12,12
22:00:08,Partly Cloudy,12,12,12
22:02:08,Partly Cloudy,12,12,12
22:04:09,Partly Cloudy,12,12,12
22:06:09,Partly Cloudy,12,12,12
22:08:09,Partly Cloudy,12,12,12
22:10:09,Partly Cloudy,12,12,12
22:12:09,Partly Cloudy,12,12,12
22:14:09,Partly Cloudy,12,12,12
22:16:08,Partly Cloudy,12,12,12
22:18:09,Partly Cloudy,12,12,12
22:20:09,Partly Cloudy,12,12,12
22:22:08,Partly Cloudy,12,12,12
22:24:09,Partly Cloudy,12,12,12
22:26:09,Partly Cloudy,12,12,12
22:28:08,Partly Cloudy,12,12,12
22:30:09,Partly Cloudy,12,12,12
22:32:09,Partly Cloudy,12,12,12
22:34:09,Partly Cloudy,12,12,12
22:36:09,Partly Cloudy,12,12,12
22:38:09,Partly Cloudy,12,12,12
22:40:09,Partly Cloudy,12,12,12
22:42:08,Partly Cloudy,12,12,12
22:44:09,Partly Cloudy,12,12,12
22:46:09,Partly Cloudy,12,12,12
22:48:09,Partly Cloudy,12,12,12
22:50:08,Partly Cloudy,12,12,12
22:52:09,Partly Cloudy,12,12,12
22:54:09,Partly Cloudy,12,12,12
22:56:09,Partly Cloudy,12,12,12
22:58:09,Partly Cloudy,12,12,12
23:00:09,Partly Cloudy,12,12,12
23:02:09,Partly Cloudy,12,12,12
23:04:08,Partly Cloudy,12,12,12
23:06:09,Partly Cloudy,12,12,12
23:08:09,Partly Cloudy,11,11,12
23:10:09,Partly Cloudy,11,11,12
23:12:09,Partly Cloudy,11,11,12
23:14:08,Partly Cloudy,11,11,12
23:16:09,Partly Cloudy,11,11,12
23:18:09,Partly Cloudy,11,11,12
23:20:09,Partly Cloudy,11,11,12
23:22:08,Partly Cloudy,11,11,12
23:24:09,Partly Cloudy,11,11,12
23:26:09,Partly Cloudy,11,11,12
23:28:08,Partly Cloudy,11,11,12
23:30:08,Partly Cloudy,11,11,12
23:32:09,Partly Cloudy,11,11,12
23:34:09,Partly Cloudy,11,11,12
23:36:09,Partly Cloudy,11,11,12
23:38:08,Partly Cloudy,11,11,12
23:40:09,Partly Cloudy,11,11,12
23:42:09,Partly Cloudy,11,11,12
23:44:08,Partly Cloudy,11,11,12
23:46:09,Partly Cloudy,11,11,12
23:48:08,Partly Cloudy,11,11,12
23:50:08,Partly Cloudy,11,11,12
23:52:09,Partly Cloudy,11,11,12
23:54:09,Partly Cloudy,11,11,12
23:56:09,Partly Cloudy,11,11,12
23:58:09,Partly Cloudy,11,11,12
