Time,Weather,Temperature,Feels_Like,Wind_Speed
00:00:08,Mostly Cloudy / Windy,15,15,37
00:02:09,Mostly Cloudy / Windy,15,15,37
00:04:09,Mostly Cloudy / Windy,15,15,37
00:06:08,Mostly Cloudy / Windy,15,15,37
00:08:09,Mostly Cloudy / Windy,15,15,37
00:10:09,Mostly Cloudy / Windy,15,15,37
00:12:09,Mostly Cloudy / Windy,15,15,37
00:14:08,Mostly Cloudy / Windy,15,15,37
00:16:09,Mostly Cloudy / Windy,15,15,37
00:18:09,Mostly Cloudy / Windy,15,15,37
00:20:08,Mostly Cloudy / Windy,13,13,35
00:22:08,Mostly Cloudy / Windy,13,13,35
00:24:08,Mostly Cloudy / Windy,13,13,35
00:26:09,Mostly Cloudy / Windy,13,13,35
00:28:09,Mostly Cloudy / Windy,13,13,35
00:30:08,Mostly Cloudy / Windy,13,13,35
00:32:09,Mostly Cloudy / Windy,13,13,35
00:34:09,Mostly Cloudy / Windy,13,13,35
00:36:09,Mostly Cloudy / Windy,13,13,35
00:38:08,Mostly Cloudy / Windy,13,13,35
00:40:08,Mostly Cloudy / Windy,13,13,35
00:42:09,Mostly Cloudy / Windy,13,13,35
00:44:09,Mostly Cloudy / Windy,13,13,35
00:46:09,Mostly Cloudy / Windy,13,13,35
00:48:08,Mostly Cloudy / Windy,13,13,35
00:50:08,Mostly Cloudy / Windy,13,13,35
00:52:09,Mostly Cloudy / Windy,13,13,35
00:54:09,Mostly Cloudy / Windy,13,13,35
00:56:08,Mostly Cloudy / Windy,13,13,35
00:58:09,Mostly Cloudy / Windy,13,13,35
01:00:17,Mostly Cloudy / Windy,13,13,35
01:02:08,Mostly Cloudy / Windy,13,13,35
01:04:09,Mostly Cloudy / Windy,13,13,35
01:06:08,Mostly Cloudy / Windy,13,13,35
01:08:09,Mostly Cloudy / Windy,13,13,35
01:10:09,Mostly Cloudy / Windy,13,13,35
01:12:09,Mostly Cloudy / Windy,13,13,35
01:14:08,Mostly Cloudy / Windy,13,13,35
01:16:09,Mostly Cloudy,13,13,25
01:18:09,Mostly Cloudy,13,13,25
01:20:08,Mostly Cloudy,13,13,25
01:22:08,Mostly Cloudy,13,13,25
01:24:09,Mostly Cloudy,13,13,25
01:26:09,Mostly Cloudy,13,13,25
01:28:08,Mostly Cloudy,13,13,25
01:30:09,Mostly Cloudy,13,13,25
01:32:08,Mostly Cloudy,13,13,25
01:34:09,Mostly Cloudy,13,13,25
01:36:09,Mostly Cloudy,13,13,25
01:38:09,Mostly Cloudy,13,13,25
01:40:09,Mostly Cloudy,13,13,25
01:42:08,Mostly Cloudy,13,13,25
01:44:09,Mostly Cloudy,13,13,25
01:46:09,Mostly Cloudy,13,13,25
01:48:09,Mostly Cloudy,13,13,25
01:50:09,Mostly Cloudy,13,13,25
01:52:08,Mostly Cloudy,13,13,25
01:54:09,Mostly Cloudy,13,13,25
01:56:09,Mostly Cloudy,13,13,25
01:58:08,Mostly Cloudy,13,13,25
02:00:08,Mostly Cloudy,13,13,25
02:02:09,Mostly Cloudy,13,13,25
02:04:08,Mostly Cloudy,13,13,25
02:06:09,Mostly Cloudy,13,13,25
02:08:09,Mostly Cloudy,13,13,25
02:10:09,Mostly Cloudy,13,13,25
02:12:08,Mostly Cloudy,13,13,25
02:14:09,Mostly Cloudy,13,13,25
02:16:08,Mostly Cloudy,15,15,25
02:18:09,Mostly Cloudy,15,15,25
02:20:09,Mostly Cloudy,15,15,25
02:22:08,Mostly Cloudy,15,15,25
02:24:09,Mostly Cloudy,15,15,25
02:26:08,Mostly Cloudy,15,15,25
02:28:09,Mostly Cloudy,15,15,25
02:30:09,Mostly Cloudy,15,15,25
02:32:08,Mostly Cloudy,15,15,25
02:34:09,Mostly Cloudy,15,15,25
02:36:08,Mostly Cloudy,15,15,25
02:38:08,Mostly Cloudy,15,15,25
02:40:09,Mostly Cloudy,15,15,25
02:42:08,Mostly Cloudy,15,15,25
02:44:09,Mostly Cloudy,15,15,25
02:46:09,Mostly Cloudy,15,15,25
02:48:09,Mostly Cloudy,15,15,25
02:50:09,Mostly Cloudy,15,15,25
02:52:08,Mostly Cloudy,15,15,25
02:54:08,Mostly Cloudy,15,15,25
02:56:09,Mostly Cloudy,15,15,25
02:58:09,Mostly Cloudy,15,15,25
03:00:08,Mostly Cloudy,15,15,25
03:02:09,Mostly Cloudy,15,15,25
03:04:08,Mostly Cloudy,15,15,25
03:06:09,Mostly Cloudy,15,15,25
03:08:09,Mostly Cloudy,15,15,25
03:10:09,Mostly Cloudy,15,15,25
03:12:09,Mostly Cloudy,15,15,25
03:14:09,Mostly Cloudy,15,15,25
03:16:09,Mostly Cloudy,15,15,25
03:18:09,Mostly Cloudy,15,15,25
03:20:09,Mostly Cloudy,15,15,25
03:22:09,Mostly Cloudy,15,15,25
03:24:09,Mostly Cloudy,15,15,25
03:26:08,Mostly Cloudy,15,15,25
03:28:09,Mostly Cloudy,15,15,25
03:30:09,Mostly Cloudy,15,15,25
03:32:09,Mostly Cloudy,15,15,25
03:34:09,Mostly Cloudy,15,15,25
03:36:08,Mostly Cloudy,15,15,25
03:38:08,Mostly Cloudy,15,15,25
03:40:09,Mostly Cloudy,15,15,25
03:42:09,Mostly Cloudy,15,15,25
03:44:08,Mostly Cloudy,15,15,25
03:46:09,Mostly Cloudy,15,15,25
03:48:09,Mostly Cloudy,15,15,25
03:50:08,Mostly Cloudy,15,15,25
03:52:09,Mostly Cloudy,15,15,25
03:54:08,Mostly Cloudy,15,15,25
03:56:09,Mostly Cloudy,15,15,25
03:58:08,Mostly Cloudy,15,15,25
04:00:09,Mostly Cloudy,15,15,25
04:02:09,Mostly Cloudy,15,15,25
04:04:08,Mostly Cloudy,15,15,25
04:06:09,Mostly Cloudy,15,15,25
04:08:09,Mostly Cloudy / Windy,13,13,37
04:10:09,Mostly Cloudy / Windy,13,13,37
04:12:08,Mostly Cloudy / Windy,13,13,37
04:14:09,Mostly Cloudy / Windy,13,13,37
04:16:09,Mostly Cloudy / Windy,13,13,37
04:18:08,Mostly Cloudy / Windy,13,13,37
04:20:09,Mostly Cloudy / Windy,13,13,37
04:22:09,Mostly Cloudy / Windy,13,13,37
04:24:08,Mostly Cloudy / Windy,13,13,37
04:26:09,Mostly Cloudy / Windy,13,13,37
04:28:09,Mostly Cloudy / Windy,13,13,37
04:30:09,Mostly Cloudy / Windy,13,13,37
04:32:09,Mostly Cloudy / Windy,13,13,37
04:34:08,Mostly Cloudy / Windy,13,13,37
04:36:08,Mostly Cloudy / Windy,13,13,37
04:38:09,Mostly Cloudy / Windy,13,13,37
04:40:08,Mostly Cloudy / Windy,13,13,37
04:42:09,Mostly Cloudy / Windy,13,13,37
04:44:08,Mostly Cloudy / Windy,13,13,37
04:46:09,Mostly Cloudy / Windy,13,13,37
04:48:09,Mostly Cloudy / Windy,13,13,37
04:50:08,Mostly Cloudy / Windy,13,13,37
04:52:08,Mostly Cloudy / Windy,13,13,37
04:54:09,Mostly Cloudy / Windy,13,13,37
04:56:09,Mostly Cloudy / Windy,13,13,37
04:58:08,Mostly Cloudy / Windy,13,13,37
05:00:09,Mostly Cloudy / Windy,13,13,37
05:02:08,Mostly Cloudy / Windy,13,13,37
05:04:09,Mostly Cloudy / Windy,13,13,37
05:06:09,Mostly Cloudy / Windy,13,13,37
05:08:08,Mostly Cloudy / Windy,13,13,37
05:10:09,Mostly Cloudy / Windy,13,13,37
05:12:09,Mostly Cloudy / Windy,15,15,37
05:14:09,Mostly Cloudy / Windy,15,15,37
05:16:09,Mostly Cloudy / Windy,15,15,37
05:18:08,Mostly Cloudy / Windy,15,15,37
05:20:09,Mostly Cloudy / Windy,15,15,37
05:22:09,Mostly Cloudy / Windy,15,15,37
05:24:08,Mostly Cloudy / Windy,15,15,37
05:26:09,Mostly Cloudy / Windy,15,15,37
05:28:09,Mostly Cloudy / Windy,15,15,37
05:30:08,Mostly Cloudy / Windy,15,15,37
05:32:08,Mostly Cloudy / Windy,15,15,37
05:34:09,Mostly Cloudy / Windy,15,15,37
05:36:08,Mostly Cloudy / Windy,15,15,37
05:38:08,Mostly Cloudy / Windy,15,15,37
05:40:09,Mostly Cloudy / Windy,15,15,37
05:42:09,Mostly Cloudy / Windy,15,15,37
05:44:09,Mostly Cloudy / Windy,15,15,37
05:46:08,Mostly Cloudy / Windy,15,15,37
05:48:09,Mostly Cloudy / Windy,15,15,37
05:50:09,Mostly Cloudy / Windy,15,15,37
05:52:08,Mostly Cloudy / Windy,15,15,37
05:54:09,Mostly Cloudy / Windy,15,15,37
05:56:09,Mostly Cloudy / Windy,15,15,37
05:58:08,Mostly Cloudy / Windy,15,15,37
06:00:09,Mostly Cloudy / Windy,15,15,37
06:02:09,Mostly Cloudy / Windy,15,15,37
06:04:09,Mostly Cloudy / Windy,15,15,37
06:06:08,Mostly Cloudy / Windy,15,15,37
06:08:08,Mostly Cloudy / Windy,15,15,37
06:10:09,Mostly Cloudy,15,15,19
06:12:09,Mostly Cloudy,15,15,19
06:14:08,Mostly Cloudy,15,15,19
06:16:09,Mostly Cloudy,15,15,19
06:18:08,Mostly Cloudy,15,15,19
06:20:08,Mostly Cloudy,15,15,19
06:22:09,Mostly Cloudy,15,15,19
06:24:08,Mostly Cloudy,15,15,19
06:26:09,Mostly Cloudy,15,15,19
06:28:08,Mostly Cloudy,15,15,19
06:30:09,Mostly Cloudy,15,15,19
06:32:08,Mostly Cloudy,15,15,19
06:34:09,Mostly Cloudy,15,15,19
06:36:09,Mostly Cloudy,15,15,19
06:38:09,Mostly Cloudy,15,15,19
06:40:08,Mostly Cloudy,15,15,19
06:42:08,Mostly Cloudy,15,15,19
06:44:09,Mostly Cloudy,15,15,19
06:46:09,Mostly Cloudy,15,15,19
06:48:09,Mostly Cloudy,15,15,19
06:50:08,Mostly Cloudy,15,15,19
06:52:09,Mostly Cloudy,15,15,19
06:54:09,Mostly Cloudy,15,15,19
06:56:09,Mostly Cloudy,15,15,19
06:58:08,Mostly Cloudy,15,15,19
07:00:09,Mostly Cloudy,15,15,19
07:02:09,Mostly Cloudy,15,15,19
07:04:08,Mostly Cloudy,15,15,19
07:06:09,Mostly Cloudy,15,15,19
07:08:09,Mostly Cloudy,15,15,19
07:10:09,Mostly Cloudy,15,15,19
07:12:08,Mostly Cloudy,15,15,19
07:14:09,Mostly Cloudy,15,15,19
07:16:09,Mostly Cloudy / Windy,15,15,37
07:18:08,Mostly Cloudy / Windy,15,15,37
07:20:08,Mostly Cloudy / Windy,15,15,37
07:22:09,Mostly Cloudy / Windy,15,15,37
07:24:09,Mostly Cloudy / Windy,15,15,37
07:26:09,Mostly Cloudy / Windy,15,15,37
07:28:08,Mostly Cloudy / Windy,15,15,37
07:30:09,Mostly Cloudy / Windy,15,15,37
07:32:09,Mostly Cloudy / Windy,15,15,37
07:34:09,Mostly Cloudy / Windy,15,15,37
07:36:08,Mostly Cloudy / Windy,15,15,37
07:38:09,Mostly Cloudy / Windy,15,15,37
07:40:09,Mostly Cloudy / Windy,15,15,37
07:42:08,Mostly Cloudy / Windy,15,15,37
07:44:08,Mostly Cloudy / Windy,15,15,37
07:46:09,Mostly Cloudy / Windy,15,15,37
07:48:09,Mostly Cloudy / Windy,15,15,37
07:50:09,Mostly Cloudy / Windy,15,15,37
07:52:09,Mostly Cloudy / Windy,15,15,37
07:54:08,Mostly Cloudy / Windy,15,15,37
07:56:08,Mostly Cloudy / Windy,15,15,37
07:58:09,Mostly Cloudy / Windy,15,15,37
08:00:09,Mostly Cloudy / Windy,15,15,37
08:02:08,Mostly Cloudy / Windy,15,15,37
08:04:08,Mostly Cloudy / Windy,15,15,37
08:06:09,Mostly Cloudy / Windy,15,15,37
08:08:09,Mostly Cloudy / Windy,15,15,37
08:10:09,Mostly Cloudy / Windy,15,15,37
08:12:08,Mostly Cloudy / Windy,16,16,35
08:14:08,Mostly Cloudy / Windy,16,16,35
08:16:09,Mostly Cloudy / Windy,16,16,35
08:18:08,Mostly Cloudy / Windy,16,16,35
08:20:09,Mostly Cloudy / Windy,16,16,35
08:22:09,Mostly Cloudy / Windy,16,16,35
08:24:09,Mostly Cloudy / Windy,16,16,35
08:26:09,Mostly Cloudy / Windy,16,16,35
08:28:09,Mostly Cloudy / Windy,16,16,35
08:30:08,Mostly Cloudy / Windy,16,16,35
08:32:09,Mostly Cloudy / Windy,16,16,35
08:34:09,Mostly Cloudy / Windy,16,16,35
08:36:09,Mostly Cloudy / Windy,16,16,35
08:38:08,Mostly Cloudy / Windy,16,16,35
08:40:09,Mostly Cloudy / Windy,16,16,35
08:42:09,Mostly Cloudy / Windy,16,16,35
08:44:08,Mostly Cloudy / Windy,16,16,41
08:46:09,Mostly Cloudy / Windy,16,16,41
08:48:09,Mostly Cloudy / Windy,16,16,41
08:50:09,Mostly Cloudy / Windy,16,16,41
08:52:08,Mostly Cloudy / Windy,16,16,41
08:54:09,Mostly Cloudy / Windy,16,16,41
08:56:09,Mostly Cloudy / Windy,16,16,41
08:58:09,Mostly Cloudy / Windy,16,16,41
09:00:08,Mostly Cloudy / Windy,16,16,41
09:02:08,Mostly Cloudy / Windy,16,16,41
09:04:09,Mostly Cloudy / Windy,16,16,41
09:06:09,Mostly Cloudy / Windy,16,16,41
09:08:08,Mostly Cloudy / Windy,16,16,41
09:10:09,Mostly Cloudy / Windy,16,16,41
09:12:09,Mostly Cloudy / Windy,16,16,41
09:14:09,Mostly Cloudy / Windy,16,16,41
09:16:08,Mostly Cloudy / Windy,16,16,41
09:18:09,Partly Cloudy / Windy,17,17,33
09:20:09,Partly Cloudy / Windy,17,17,33
09:22:09,Partly Cloudy / Windy,17,17,33
09:24:09,Partly Cloudy / Windy,17,17,33
09:26:09,Partly Cloudy / Windy,17,17,33
09:28:09,Partly Cloudy / Windy,17,17,33
09:30:09,Partly Cloudy / Windy,17,17,33
09:32:08,Partly Cloudy / Windy,17,17,33
09:34:08,Partly Cloudy / Windy,17,17,33
09:36:08,Partly Cloudy / Windy,17,17,33
09:38:09,Partly Cloudy / Windy,17,17,33
09:40:09,Partly Cloudy / Windy,17,17,33
09:42:08,Partly Cloudy / Windy,17,17,33
09:44:09,Partly Cloudy / Windy,17,17,33
09:46:09,Partly Cloudy / Windy,17,17,33
09:48:08,Partly Cloudy / Windy,17,17,40
09:50:08,Partly Cloudy / Windy,17,17,40
09:52:09,Partly Cloudy / Windy,17,17,40
09:54:09,Partly Cloudy / Windy,17,17,40
09:56:09,Partly Cloudy / Windy,17,17,40
09:58:09,Partly Cloudy / Windy,17,17,40
10:00:09,Partly Cloudy / Windy,17,17,40
10:02:09,Partly Cloudy / Windy,17,17,40
10:04:09,Partly Cloudy / Windy,17,17,40
10:06:09,Partly Cloudy / Windy,17,17,40
10:08:08,Partly Cloudy / Windy,17,17,40
10:10:09,Partly Cloudy / Windy,17,17,40
10:12:09,Partly Cloudy / Windy,17,17,33
10:14:08,Partly Cloudy / Windy,17,17,33
10:16:09,Partly Cloudy / Windy,17,17,33
10:18:09,Partly Cloudy / Windy,17,17,33
10:20:08,Partly Cloudy / Windy,17,17,33
10:22:08,Partly Cloudy / Windy,17,17,33
10:24:08,Partly Cloudy / Windy,17,17,33
10:26:09,Partly Cloudy / Windy,17,17,33
10:28:09,Partly Cloudy / Windy,17,17,33
10:30:09,Partly Cloudy / Windy,17,17,33
10:32:08,Partly Cloudy / Windy,17,17,33
10:34:09,Partly Cloudy / Windy,17,17,33
10:36:09,Partly Cloudy / Windy,17,17,33
10:38:08,Partly Cloudy / Windy,17,17,33
10:40:09,Partly Cloudy / Windy,17,17,33
10:42:08,Partly Cloudy / Windy,17,17,33
10:44:09,Partly Cloudy / Windy,17,17,40
10:46:09,Partly Cloudy / Windy,17,17,40
10:48:08,Partly Cloudy / Windy,17,17,40
10:50:09,Partly Cloudy / Windy,17,17,40
10:52:09,Partly Cloudy / Windy,17,17,40
10:54:09,Partly Cloudy / Windy,17,17,40
10:56:08,Partly Cloudy / Windy,17,17,40
10:58:08,Partly Cloudy / Windy,17,17,40
11:00:09,Partly Cloudy / Windy,17,17,40
11:02:08,Partly Cloudy / Windy,17,17,40
11:04:09,Partly Cloudy / Windy,17,17,40
11:06:09,Partly Cloudy / Windy,17,17,40
11:08:08,Partly Cloudy / Windy,17,17,40
11:10:09,Partly Cloudy / Windy,17,17,40
11:12:09,Partly Cloudy / Windy,17,17,40
11:14:09,Light Rain Shower / Windy,16,16,38
11:16:08,Light Rain Shower / Windy,16,16,38
11:18:09,Light Rain Shower / Windy,16,16,38
11:20:09,Light Rain Shower / Windy,16,16,38
11:22:09,Light Rain Shower / Windy,16,16,38
11:24:08,Light Rain Shower / Windy,16,16,38
11:26:09,Light Rain Shower / Windy,16,16,38
11:28:09,Light Rain Shower / Windy,16,16,38
11:30:09,Light Rain Shower / Windy,16,16,38
11:32:08,Light Rain Shower / Windy,16,16,38
11:34:09,Light Rain Shower / Windy,16,16,38
11:36:09,Light Rain Shower / Windy,16,16,38
11:38:09,Light Rain Shower / Windy,16,16,38
11:40:09,Light Rain Shower / Windy,16,16,38
11:42:09,Mostly Cloudy,16,16,27
11:44:08,Mostly Cloudy,16,16,27
11:46:08,Mostly Cloudy,16,16,27
11:48:08,Light Rain Shower / Windy,16,16,38
11:50:09,Light Rain Shower / Windy,16,16,38
11:52:09,Light Rain Shower / Windy,16,16,38
11:54:08,Mostly Cloudy,16,16,27
11:56:09,Mostly Cloudy,16,16,27
11:58:08,Mostly Cloudy,16,16,27
12:00:08,Mostly Cloudy,16,16,27
12:02:09,Mostly Cloudy,16,16,27
12:04:09,Mostly Cloudy,16,16,27
12:06:08,Mostly Cloudy,16,16,27
12:08:08,Mostly Cloudy,16,16,27
12:10:09,Mostly Cloudy,16,16,27
12:12:08,Mostly Cloudy,16,16,27
12:14:08,Mostly Cloudy,16,16,27
12:16:09,Partly Cloudy / Windy,17,17,37
12:18:08,Partly Cloudy / Windy,17,17,37
12:20:08,Partly Cloudy / Windy,17,17,37
12:22:09,Partly Cloudy / Windy,17,17,37
12:24:09,Partly Cloudy / Windy,17,17,37
12:26:08,Partly Cloudy / Windy,17,17,37
12:28:08,Partly Cloudy / Windy,17,17,37
12:30:09,Partly Cloudy / Windy,17,17,37
12:32:09,Partly Cloudy / Windy,17,17,37
12:34:08,Partly Cloudy / Windy,17,17,37
12:36:09,Partly Cloudy / Windy,17,17,37
12:38:09,Partly Cloudy / Windy,17,17,37
12:40:09,Partly Cloudy / Windy,17,17,33
12:42:08,Partly Cloudy / Windy,17,17,33
12:44:09,Partly Cloudy / Windy,17,17,33
12:46:09,Partly Cloudy / Windy,17,17,33
12:48:08,Partly Cloudy / Windy,17,17,33
12:50:09,Partly Cloudy / Windy,17,17,33
12:52:09,Partly Cloudy / Windy,17,17,33
12:54:09,Partly Cloudy / Windy,17,17,33
12:56:08,Partly Cloudy / Windy,17,17,33
12:58:09,Partly Cloudy / Windy,17,17,33
13:00:09,Partly Cloudy / Windy,17,17,33
13:02:08,Partly Cloudy / Windy,17,17,33
13:04:09,Partly Cloudy / Windy,17,17,33
13:06:09,Partly Cloudy / Windy,17,17,33
13:08:09,Partly Cloudy / Windy,17,17,33
13:10:08,Partly Cloudy,17,17,32
13:12:09,Partly Cloudy,17,17,32
13:14:09,Partly Cloudy,17,17,32
13:16:09,Partly Cloudy / Windy,17,17,33
13:18:08,Partly Cloudy,17,17,32
13:20:09,Partly Cloudy,17,17,32
13:22:09,Partly Cloudy,17,17,32
13:24:09,Partly Cloudy,17,17,32
13:26:08,Partly Cloudy,17,17,32
13:28:09,Partly Cloudy,17,17,32
13:30:09,Partly Cloudy,17,17,32
13:32:09,Partly Cloudy,17,17,32
13:34:08,Partly Cloudy,17,17,32
13:36:08,Partly Cloudy,17,17,32
13:38:09,Partly Cloudy,17,17,32
13:40:09,Partly Cloudy,17,17,32
13:42:09,Partly Cloudy,17,17,32
13:44:09,Partly Cloudy,17,17,32
13:46:08,Partly Cloudy,17,17,32
13:48:09,Partly Cloudy,17,17,32
13:50:09,Partly Cloudy / Windy,17,17,35
13:52:08,Partly Cloudy / Windy,17,17,35
13:54:08,Partly Cloudy / Windy,17,17,35
13:56:09,Partly Cloudy / Windy,17,17,35
13:58:09,Partly Cloudy / Windy,17,17,35
14:00:08,Partly Cloudy / Windy,17,17,35
14:02:08,Partly Cloudy / Windy,17,17,35
14:04:09,Partly Cloudy / Windy,17,17,35
14:06:09,Partly Cloudy / Windy,17,17,35
14:08:09,Partly Cloudy / Windy,17,17,35
14:10:09,Partly Cloudy / Windy,17,17,35
14:12:09,Partly Cloudy / Windy,17,17,35
14:14:09,Partly Cloudy / Windy,17,17,35
14:16:08,Partly Cloudy / Windy,17,17,35
14:18:09,Partly Cloudy / Windy,17,17,35
14:20:09,Partly Cloudy / Windy,17,17,35
14:22:08,Partly Cloudy / Windy,17,17,35
14:24:08,Partly Cloudy / Windy,17,17,35
14:26:09,Partly Cloudy / Windy,17,17,35
14:28:09,Partly Cloudy / Windy,17,17,35
14:30:09,Partly Cloudy / Windy,17,17,35
14:34:09,Partly Cloudy / Windy,17,17,35
14:36:09,Partly Cloudy / Windy,17,17,35
14:38:09,Partly Cloudy / Windy,17,17,35
14:40:09,Partly Cloudy / Windy,17,17,35
14:42:09,Partly Cloudy / Windy,17,17,35
14:44:09,Partly Cloudy / Windy,17,17,35
14:46:08,Partly Cloudy,17,17,32
14:48:08,Partly Cloudy,17,17,32
14:50:09,Partly Cloudy,17,17,32
14:52:09,Partly Cloudy,17,17,32
14:54:08,Partly Cloudy,17,17,32
14:56:09,Partly Cloudy,17,17,32
14:58:09,Partly Cloudy,17,17,32
15:00:09,Partly Cloudy,17,17,32
15:02:08,Partly Cloudy,17,17,32
15:04:09,Partly Cloudy,17,17,32
15:06:09,Partly Cloudy,17,17,32
15:08:08,Partly Cloudy,17,17,32
15:10:09,Partly Cloudy,17,17,32
15:12:09,Partly Cloudy,17,17,32
15:14:09,Partly Cloudy,17,17,32
15:16:08,Partly Cloudy,17,17,28
15:18:09,Partly Cloudy,17,17,28
15:20:08,Partly Cloudy,17,17,28
15:22:09,Partly Cloudy,17,17,28
15:24:08,Partly Cloudy,17,17,28
15:26:09,Partly Cloudy,17,17,28
15:28:09,Partly Cloudy,17,17,28
15:30:09,Partly Cloudy,17,17,28
15:32:09,Partly Cloudy,17,17,28
15:34:09,Partly Cloudy,17,17,28
15:36:08,Partly Cloudy,17,17,28
15:38:08,Partly Cloudy,17,17,28
15:40:09,Partly Cloudy,17,17,28
15:42:09,Partly Cloudy,17,17,28
15:44:08,Partly Cloudy,17,17,28
15:46:09,Partly Cloudy,17,17,28
15:48:09,Partly Cloudy,17,17,28
15:50:08,Partly Cloudy,17,17,28
15:52:09,Partly Cloudy,17,17,28
15:54:09,Partly Cloudy,17,17,28
15:56:08,Partly Cloudy,17,17,28
15:58:08,Partly Cloudy,17,17,28
16:00:09,Partly Cloudy,17,17,28
16:02:09,Partly Cloudy,17,17,28
16:04:09,Partly Cloudy,17,17,28
16:06:08,Partly Cloudy,17,17,28
16:08:08,Partly Cloudy,17,17,28
16:10:09,Partly Cloudy,17,17,28
16:12:09,Partly Cloudy,17,17,22
16:14:08,Partly Cloudy,17,17,22
16:16:09,Partly Cloudy,17,17,22
16:18:09,Partly Cloudy,17,17,22
16:20:09,Partly Cloudy,17,17,22
16:22:09,Partly Cloudy,17,17,22
16:24:09,Partly Cloudy,17,17,22
16:26:08,Partly Cloudy,17,17,22
16:28:08,Partly Cloudy,17,17,22
16:30:09,Partly Cloudy,17,17,22
16:32:09,Partly Cloudy,17,17,22
16:34:09,Partly Cloudy,17,17,22
16:36:08,Partly Cloudy,17,17,22
16:38:09,Partly Cloudy,17,17,22
16:40:09,Partly Cloudy,17,17,22
16:42:09,Partly Cloudy,17,17,22
16:44:09,Partly Cloudy,17,17,22
16:46:09,Partly Cloudy,17,17,22
16:48:09,Partly Cloudy,17,17,22
16:50:09,Partly Cloudy,17,17,22
16:52:08,Partly Cloudy,17,17,22
16:54:09,Partly Cloudy,17,17,22
16:56:09,Partly Cloudy,17,17,22
16:58:09,Partly Cloudy,17,17,22
17:00:08,Partly Cloudy,17,17,22
17:02:09,Partly Cloudy,17,17,22
17:04:09,Partly Cloudy,17,17,22
17:06:09,Partly Cloudy,17,17,22
17:08:08,Partly Cloudy,17,17,22
17:10:08,Partly Cloudy,17,17,22
17:12:09,Partly Cloudy,17,17,22
17:14:09,Partly Cloudy,17,17,22
17:16:09,Partly Cloudy,17,17,22
17:18:08,Partly Cloudy,17,17,22
17:20:09,Partly Cloudy,17,17,22
17:22:09,Partly Cloudy,17,17,22
17:24:09,Partly Cloudy,17,17,22
17:26:09,Partly Cloudy,17,17,22
17:28:08,Partly Cloudy,17,17,22
17:30:09,Partly Cloudy,17,17,22
17:32:09,Partly Cloudy,17,17,22
17:34:09,Partly Cloudy,17,17,22
17:36:09,Partly Cloudy,17,17,22
17:38:09,Partly Cloudy,17,17,22
17:40:09,Partly Cloudy,17,17,22
17:42:08,Partly Cloudy,17,17,22
17:44:08,Partly Cloudy,17,17,22
17:46:08,Partly Cloudy,17,17,22
17:48:09,Partly Cloudy,17,17,22
17:50:08,Partly Cloudy,17,17,22
17:52:08,Partly Cloudy,17,17,22
17:54:09,Partly Cloudy,17,17,22
17:56:09,Partly Cloudy,17,17,22
17:58:09,Partly Cloudy,17,17,22
18:00:08,Partly Cloudy,17,17,22
18:02:09,Partly Cloudy,17,17,22
18:04:09,Partly Cloudy,17,17,22
18:06:08,Partly Cloudy,17,17,22
18:08:08,Partly Cloudy,17,17,22
18:10:09,Fair,17,17,20
18:12:09,Fair,17,17,20
18:14:09,Fair,17,17,20
18:16:09,Fair,17,17,20
18:18:09,Fair,17,17,20
18:20:08,Fair,17,17,20
18:22:09,Fair,17,17,20
18:24:09,Fair,17,17,20
18:26:09,Fair,17,17,20
18:28:08,Fair,17,17,20
18:30:09,Fair,17,17,20
18:32:09,Fair,17,17,20
18:34:09,Fair,17,17,20
18:36:08,Fair,17,17,20
18:38:09,Fair,17,17,20
18:40:09,Fair,17,17,20
18:42:08,Fair,17,17,20
18:44:09,Fair,17,17,20
18:46:09,Fair,17,17,20
18:48:09,Fair,17,17,20
18:50:08,Fair,17,17,20
18:52:09,Fair,17,17,20
18:54:08,Fair,17,17,20
18:56:09,Fair,17,17,20
18:58:09,Fair,17,17,20
19:00:09,Fair,17,17,20
19:02:08,Fair,17,17,20
19:04:08,Fair,17,17,20
19:06:09,Fair,17,17,20
19:08:09,Fair,17,17,20
19:10:09,Fair,17,17,20
19:12:08,Fair,17,17,20
19:14:09,Fair,17,17,20
19:16:09,Fair,16,16,14
19:18:08,Fair,16,16,14
19:20:09,Fair,16,16,14
19:22:09,Fair,16,16,14
19:24:09,Fair,16,16,14
19:26:09,Fair,16,16,14
19:28:08,Fair,16,16,14
19:30:09,Fair,16,16,14
19:32:09,Fair,16,16,14
19:34:08,Fair,16,16,14
19:36:09,Fair,16,16,14
19:38:09,Fair,16,16,14
19:40:09,Fair,16,16,14
19:42:08,Fair,16,16,14
19:44:08,Fair,16,16,14
19:46:09,Fair,16,16,14
19:48:09,Fair,16,16,14
19:50:08,Fair,16,16,14
19:52:09,Fair,16,16,14
19:54:09,Fair,16,16,14
19:56:08,Fair,16,16,14
19:58:08,Fair,16,16,14
20:00:09,Fair,16,16,14
20:02:09,Fair,16,16,14
20:04:09,Fair,16,16,14
20:06:08,Fair,16,16,14
20:08:09,Fair,16,16,14
20:10:09,Fair,16,16,14
20:12:09,Fair,16,16,14
20:14:08,Fair,16,16,14
20:16:08,Fair,12,12,4
20:18:09,Fair,12,12,4
20:20:09,Fair,12,12,4
20:22:08,Fair,12,12,4
20:24:09,Fair,12,12,4
20:26:09,Fair,12,12,4
20:28:09,Fair,12,12,4
20:30:08,Fair,12,12,4
20:32:09,Fair,12,12,4
20:34:09,Fair,12,12,4
20:36:09,Fair,12,12,4
20:38:08,Fair,12,12,4
20:40:08,Fair,12,12,4
20:42:09,Fair,12,12,4
20:44:09,Fair,12,12,4
20:46:08,Fair,12,12,4
20:48:09,Fair,12,12,4
20:50:09,Fair,12,12,4
20:52:09,Fair,12,12,4
20:54:09,Fair,12,12,4
20:56:09,Fair,12,12,4
20:58:09,Fair,12,12,4
21:00:08,Fair,12,12,4
21:02:09,Fair,12,12,4
21:04:09,Fair,12,12,4
21:06:08,Fair,12,12,4
21:08:09,Fair,12,12,4
21:10:09,Fair,12,12,4
21:12:09,Fair,12,12,4
21:14:08,Fair,12,12,4
21:16:09,Fair,12,12,4
21:18:08,Fair,12,12,4
21:20:09,Fair,12,12,4
21:22:09,Fair,12,12,4
21:24:09,Fair,12,12,4
21:26:08,Fair,12,12,4
21:28:08,Fair,12,12,4
21:30:09,Fair,12,12,4
21:32:09,Fair,12,12,4
21:34:08,Fair,12,12,4
21:36:09,Fair,12,12,4
21:38:09,Fair,12,12,4
21:40:08,Fair,12,12,4
21:42:08,Fair,12,12,4
21:44:08,Fair,12,12,4
21:46:09,Fair,12,12,4
21:48:09,Fair,12,12,4
21:50:09,Fair,12,12,4
21:52:08,Fair,12,12,4
21:54:08,Fair,12,12,4
21:56:09,Fair,12,12,4
21:58:09,Fair,12,12,4
22:00:08,Fair,12,12,4
22:02:09,Fair,12,12,4
22:04:09,Fair,12,12,4
22:06:08,Fair,12,12,4
22:08:09,Fair,12,12,4
22:10:09,Fair,12,12,4
22:12:09,Fair,12,12,4
22:14:08,Fair,12,12,4
22:16:08,Fair,12,12,4
22:18:09,Fair,12,12,4
22:20:09,Fair,10,10,11
22:22:08,Fair,10,10,11
22:24:08,Fair,10,10,11
22:26:09,Fair,10,10,11
22:28:09,Fair,10,10,11
22:30:08,Fair,10,10,11
22:32:09,Fair,10,10,11
22:34:09,Fair,10,10,11
22:36:09,Fair,10,10,11
22:38:08,Fair,10,10,11
22:40:08,Fair,10,10,11
22:42:09,Fair,10,10,11
22:44:09,Fair,10,10,11
22:46:08,Fair,10,10,11
22:48:08,Fair,10,10,11
22:50:08,Fair,10,10,11
22:52:09,Fair,10,10,11
22:54:09,Fair,10,10,11
22:56:09,Fair,10,10,11
22:58:08,Fair,10,10,11
23:00:09,Fair,10,10,11
23:02:09,Fair,10,10,11
23:04:09,Fair,10,10,11
23:06:08,Fair,10,10,11
23:08:08,Fair,10,10,11
23:10:09,Fair,10,10,11
23:12:09,Fair,7,6,11
23:14:08,Fair,7,6,11
23:16:08,Fair,7,6,11
23:18:09,Fair,7,6,11
23:20:08,Fair,7,6,11
23:22:09,Fair,7,6,11
23:24:09,Fair,7,6,11
23:26:08,Fair,7,6,11
23:28:09,Fair,7,6,11
23:30:09,Fair,7,6,11
23:32:09,Fair,7,6,11
23:34:09,Fair,7,6,11
23:36:08,Fair,7,6,11
23:38:08,Fair,7,6,11
23:40:09,Fair,7,6,11
23:42:09,Fair,7,6,11
23:44:09,Fair,7,6,11
23:46:09,Fair,7,6,11
23:48:08,Fair,7,6,11
23:50:09,Fair,7,6,11
23:52:09,Fair,7,6,11
23:54:08,Fair,7,6,11
23:56:09,Fair,7,6,11
23:58:09,Fair,7,6,11
