Time,Weather,Temperature,Feels_Like,Wind_Speed
00:00:09,Light Rain,7,4,12
00:02:08,Light Rain,7,4,12
00:04:08,Light Rain,7,4,12
00:06:09,Light Rain,7,4,12
00:08:09,Light Rain,7,4,12
00:10:08,Light Rain,7,4,12
00:12:08,Light Rain,7,4,12
00:14:09,Light Rain,7,4,12
00:16:08,Light Rain,7,4,12
00:18:09,Light Rain,7,4,12
00:20:09,Light Rain,7,4,12
00:22:09,Light Rain,7,4,12
00:24:08,Light Rain,7,4,12
00:26:08,Light Rain,7,4,12
00:28:09,Light Rain,7,4,12
00:30:09,Light Rain,7,4,12
00:32:09,Light Rain,7,4,12
00:34:09,Light Rain,7,4,12
00:36:09,Light Rain,7,4,12
00:38:08,Light Rain,7,4,12
00:40:09,Light Rain,7,4,12
00:42:09,Light Rain,7,4,12
00:44:09,Light Rain,7,4,12
00:46:08,Light Rain,7,4,12
00:48:09,Light Rain,7,4,12
00:50:09,Light Rain,7,4,12
00:52:09,Light Rain,7,4,12
00:54:08,Light Rain,7,4,12
00:56:08,Light Rain,7,4,12
00:58:09,Light Rain,7,4,12
01:00:17,Light Rain,7,4,12
01:02:09,Light Rain,7,4,12
01:04:08,Light Rain,7,4,12
01:06:08,Light Rain,7,4,12
01:08:08,Light Rain,7,4,12
01:10:09,Light Rain,7,4,12
01:12:09,Light Rain,7,4,12
01:14:09,Mostly Cloudy,6,3,9
01:16:08,Mostly Cloudy,6,3,9
01:18:09,Mostly Cloudy,6,3,9
01:20:09,Mostly Cloudy,6,3,9
01:22:09,Mostly Cloudy,6,3,9
01:24:09,Mostly Cloudy,6,3,9
01:26:09,Mostly Cloudy,6,3,9
01:28:09,Mostly Cloudy,6,3,9
01:30:08,Mostly Cloudy,6,3,9
01:32:09,Mostly Cloudy,6,3,9
01:34:09,Mostly Cloudy,6,3,9
01:36:09,Mostly Cloudy,6,3,9
01:38:09,Mostly Cloudy,6,3,9
01:40:09,Mostly Cloudy,6,3,9
01:42:08,Mostly Cloudy,6,3,9
01:44:08,Mostly Cloudy,6,3,9
01:46:09,Mostly Cloudy,6,3,9
01:48:09,Mostly Cloudy,6,3,9
01:50:09,Mostly Cloudy,6,3,9
01:52:08,Mostly Cloudy,6,3,9
01:54:09,Mostly Cloudy,6,3,9
01:56:09,Mostly Cloudy,6,3,9
01:58:09,Mostly Cloudy,6,3,9
02:00:09,Mostly Cloudy,6,3,9
02:02:08,Mostly Cloudy,6,3,9
02:04:09,Mostly Cloudy,6,3,9
02:06:09,Mostly Cloudy,6,3,9
02:08:08,Mostly Cloudy,6,3,9
02:10:08,Mostly Cloudy,6,3,9
02:12:09,Mostly Cloudy,6,3,9
02:14:09,Light Rain,6,2,14
02:16:09,Light Rain,6,2,14
02:18:09,Light Rain,6,2,14
02:20:09,Light Rain,6,2,14
02:22:09,Light Rain,6,2,14
02:24:08,Light Rain,6,2,14
02:26:09,Light Rain,6,2,14
02:28:09,Light Rain,6,2,14
02:30:09,Light Rain,6,2,14
02:32:08,Light Rain,6,2,14
02:34:09,Light Rain,6,2,14
02:36:09,Light Rain,6,2,14
02:38:09,Light Rain,6,2,14
02:40:08,Light Rain,6,2,14
02:42:09,Light Rain,6,2,14
02:44:09,Light Rain,6,2,14
02:46:09,Light Rain,6,2,14
02:48:08,Light Rain,6,2,14
02:50:08,Light Rain,6,2,14
02:52:09,Light Rain,6,2,14
02:54:09,Light Rain,6,2,14
02:56:08,Light Rain,6,2,14
02:58:09,Light Rain,6,2,14
03:00:09,Light Rain,6,2,14
03:02:08,Light Rain,6,2,14
03:04:08,Light Rain,6,2,14
03:06:09,Light Rain,6,2,14
03:08:09,Mostly Cloudy,6,6,3
03:10:08,Mostly Cloudy,6,6,3
03:12:09,Mostly Cloudy,6,6,3
03:14:09,Mostly Cloudy,6,6,3
03:16:09,Mostly Cloudy,6,6,3
03:18:08,Mostly Cloudy,6,6,3
03:20:09,Mostly Cloudy,6,6,3
03:22:09,Mostly Cloudy,6,6,3
03:24:09,Mostly Cloudy,6,6,3
03:26:08,Mostly Cloudy,6,6,3
03:28:08,Mostly Cloudy,6,6,3
03:30:09,Mostly Cloudy,6,6,3
03:32:09,Mostly Cloudy,6,6,3
03:34:08,Mostly Cloudy,6,6,3
03:36:09,Mostly Cloudy,6,6,3
03:38:09,Mostly Cloudy,6,6,3
03:40:09,Mostly Cloudy,6,6,3
03:42:09,Mostly Cloudy,6,6,3
03:44:08,Mostly Cloudy,6,6,3
03:46:09,Mostly Cloudy,6,6,3
03:48:09,Mostly Cloudy,6,6,3
03:50:09,Mostly Cloudy,6,6,3
03:52:09,Mostly Cloudy,6,6,3
03:54:09,Mostly Cloudy,6,6,3
03:56:08,Mostly Cloudy,6,6,3
03:58:09,Mostly Cloudy,6,6,3
04:00:09,Mostly Cloudy,6,6,3
04:02:08,Mostly Cloudy,6,6,3
04:04:09,Mostly Cloudy,6,6,3
04:06:09,Mostly Cloudy,6,6,3
04:08:09,Mostly Cloudy,6,6,3
04:10:08,Mostly Cloudy,6,6,3
04:12:09,Mostly Cloudy,6,6,3
04:14:09,Mostly Cloudy,6,6,3
04:16:09,Mostly Cloudy,6,6,3
04:18:09,Mostly Cloudy,6,6,3
04:20:09,Mostly Cloudy,5,2,11
04:22:08,Mostly Cloudy,5,2,11
04:24:08,Mostly Cloudy,5,2,11
04:26:09,Mostly Cloudy,5,2,11
04:28:09,Mostly Cloudy,5,2,11
04:30:09,Mostly Cloudy,5,2,11
04:32:08,Mostly Cloudy,5,2,11
04:34:09,Mostly Cloudy,5,2,11
04:36:09,Mostly Cloudy,5,2,11
04:38:09,Mostly Cloudy,5,2,11
04:40:08,Mostly Cloudy,5,2,11
04:42:09,Mostly Cloudy,5,2,11
04:44:09,Mostly Cloudy,5,2,11
04:46:09,Mostly Cloudy,5,2,11
04:48:09,Mostly Cloudy,5,2,11
04:50:09,Mostly Cloudy,5,2,11
04:52:08,Mostly Cloudy,5,2,11
04:54:08,Mostly Cloudy,5,2,11
04:56:09,Mostly Cloudy,5,2,11
04:58:09,Mostly Cloudy,5,2,11
05:00:09,Mostly Cloudy,5,2,11
05:02:08,Mostly Cloudy,5,2,11
05:04:09,Mostly Cloudy,5,2,11
05:06:09,Mostly Cloudy,5,2,11
05:08:09,Mostly Cloudy,5,2,11
05:10:08,Mostly Cloudy,5,2,11
05:12:09,Mostly Cloudy,5,2,11
05:14:09,Mostly Cloudy,5,2,9
05:16:08,Mostly Cloudy,5,2,9
05:18:09,Mostly Cloudy,5,2,9
05:20:09,Mostly Cloudy,5,2,9
05:22:08,Mostly Cloudy,5,2,9
05:24:09,Mostly Cloudy,5,2,9
05:26:09,Mostly Cloudy,5,2,9
05:28:09,Mostly Cloudy,5,2,9
05:30:09,Mostly Cloudy,5,2,9
05:32:08,Mostly Cloudy,5,2,9
05:34:09,Mostly Cloudy,5,2,9
05:36:09,Mostly Cloudy,5,2,9
05:38:09,Mostly Cloudy,5,2,9
05:40:08,Mostly Cloudy,5,2,9
05:42:08,Mostly Cloudy,5,2,9
05:44:09,Mostly Cloudy,5,2,9
05:46:09,Mostly Cloudy,5,2,9
05:48:09,Mostly Cloudy,5,2,9
05:50:08,Mostly Cloudy,5,2,9
05:52:08,Mostly Cloudy,5,2,9
05:54:08,Mostly Cloudy,5,2,9
05:56:09,Mostly Cloudy,5,2,9
05:58:09,Mostly Cloudy,5,2,9
06:00:08,Mostly Cloudy,5,2,9
06:02:09,Mostly Cloudy,5,2,9
06:04:09,Mostly Cloudy,5,2,9
06:06:09,Mostly Cloudy,5,2,9
06:08:08,Mostly Cloudy,6,4,8
06:10:09,Mostly Cloudy,6,4,8
06:12:09,Mostly Cloudy,6,4,8
06:14:08,Mostly Cloudy,6,4,8
06:16:08,Mostly Cloudy,6,4,8
06:18:09,Mostly Cloudy,6,4,8
06:20:09,Mostly Cloudy,6,4,8
06:22:09,Mostly Cloudy,6,4,8
06:24:08,Mostly Cloudy,6,4,8
06:26:09,Mostly Cloudy,6,4,8
06:28:09,Mostly Cloudy,6,4,8
06:30:09,Mostly Cloudy,6,4,8
06:32:09,Mostly Cloudy,6,4,8
06:34:08,Mostly Cloudy,6,4,8
06:36:08,Mostly Cloudy,6,4,8
06:38:09,Mostly Cloudy,6,4,8
06:40:09,Mostly Cloudy,6,4,8
06:42:09,Mostly Cloudy,6,4,8
06:44:08,Mostly Cloudy,6,4,8
06:46:09,Mostly Cloudy,6,4,8
06:48:09,Mostly Cloudy,6,4,8
06:50:09,Mostly Cloudy,6,4,8
06:52:08,Mostly Cloudy,6,4,8
06:54:09,Mostly Cloudy,6,4,8
06:56:09,Mostly Cloudy,6,4,8
06:58:08,Mostly Cloudy,6,4,8
07:00:08,Mostly Cloudy,6,4,8
07:02:09,Mostly Cloudy,6,4,8
07:04:09,Mostly Cloudy,6,4,8
07:06:08,Mostly Cloudy,6,4,8
07:08:08,Light Rain,6,3,11
07:10:09,Light Rain,6,3,11
07:12:08,Light Rain,6,3,11
07:14:09,Light Rain,6,3,11
07:16:09,Light Rain,6,3,11
07:18:08,Light Rain,6,3,11
07:20:09,Light Rain,6,3,11
07:22:09,Light Rain,6,3,11
07:24:08,Light Rain,6,3,11
07:26:08,Light Rain,6,3,11
07:28:09,Light Rain,6,3,11
07:30:09,Light Rain,6,3,11
07:32:09,Light Rain,6,3,11
07:34:09,Light Rain,6,3,11
07:36:09,Light Rain,6,3,11
07:38:08,Light Rain,6,3,11
07:40:09,Light Rain,6,3,11
07:42:09,Light Rain,6,3,11
07:44:09,Light Rain,6,3,11
07:46:08,Light Rain,6,3,11
07:48:09,Light Rain,6,3,11
07:50:09,Light Rain,6,3,11
07:52:08,Light Rain,6,3,11
07:54:08,Light Rain,6,3,11
07:56:09,Light Rain,6,3,11
07:58:09,Light Rain,6,3,11
08:00:08,Light Rain,6,3,11
08:02:09,Light Rain,6,3,11
08:04:09,Light Rain,6,3,11
08:06:08,Light Rain,6,3,11
08:08:08,Light Rain,6,3,11
08:10:09,Light Rain,6,3,11
08:12:09,Light Rain,6,3,11
08:14:09,Light Rain,6,3,9
08:16:08,Light Rain,6,3,9
08:18:09,Light Rain,6,3,9
08:20:09,Light Rain,6,3,9
08:22:09,Light Rain,6,3,9
08:24:09,Light Rain,6,3,9
08:26:09,Light Rain,6,3,9
08:28:08,Light Rain,6,3,9
08:30:09,Light Rain,6,3,9
08:32:09,Light Rain,6,3,9
08:34:09,Light Rain,6,3,9
08:36:08,Light Rain,6,3,9
08:38:08,Light Rain,7,5,9
08:40:09,Light Rain,7,5,9
08:42:09,Light Rain,7,5,9
08:44:08,Light Rain,7,5,9
08:46:08,Light Rain,7,5,9
08:48:09,Light Rain,7,5,9
08:50:09,Light Rain,7,5,9
08:52:09,Light Rain,7,5,9
08:54:08,Light Rain,7,5,9
08:56:08,Light Rain,7,5,9
08:58:09,Light Rain,7,5,9
09:00:09,Light Rain,7,5,9
09:02:09,Light Rain,7,5,9
09:04:08,Light Rain,7,5,9
09:06:09,Light Rain,7,5,9
09:08:09,Light Rain,7,5,9
09:10:08,Light Rain,7,5,9
09:12:09,Light Rain,7,5,9
09:14:09,Light Rain,7,4,12
09:16:08,Light Rain,7,4,12
09:18:09,Light Rain,7,4,12
09:20:09,Light Rain,7,4,12
09:22:08,Light Rain,7,4,12
09:24:08,Light Rain,7,4,12
09:26:09,Light Rain,7,4,12
09:28:09,Light Rain,7,4,12
09:30:08,Light Rain,7,4,12
09:32:08,Light Rain,7,4,12
09:34:09,Light Rain,7,4,12
09:36:09,Light Rain,7,4,12
09:38:09,Light Rain,7,4,12
09:40:08,Light Rain,7,4,12
09:42:09,Light Rain,7,4,12
09:44:09,Light Rain,7,4,14
09:46:08,Light Rain,7,4,14
09:48:08,Light Rain,7,4,14
09:50:09,Light Rain,7,4,14
09:52:09,Light Rain,7,4,14
09:54:09,Light Rain,7,4,14
09:56:08,Light Rain,7,4,14
09:58:09,Light Rain,7,4,14
10:00:09,Light Rain,7,4,14
10:02:09,Light Rain,7,4,14
10:04:09,Light Rain,7,4,14
10:06:09,Light Rain,7,4,14
10:08:08,Light Rain,7,4,14
10:10:09,Light Rain,7,4,14
10:12:09,Light Rain,7,4,14
10:14:09,Light Rain,7,4,14
10:16:08,Light Rain,7,4,14
10:18:09,Light Rain,7,4,14
10:20:09,Light Rain,7,3,16
10:22:08,Light Rain,7,3,16
10:24:09,Light Rain,7,3,16
10:26:09,Light Rain,7,3,16
10:28:09,Light Rain,7,3,16
10:30:08,Light Rain,7,3,16
10:32:08,Light Rain,7,3,16
10:34:09,Light Rain,7,3,16
10:36:09,Light Rain,7,3,16
10:38:09,Light Rain,7,3,16
10:40:09,Light Rain,7,3,16
10:42:09,Light Rain,7,3,16
10:44:09,Light Rain,7,3,19
10:46:09,Light Rain,7,3,19
10:48:08,Light Rain,7,3,19
10:50:08,Light Rain,7,3,19
10:52:09,Light Rain,7,3,19
10:54:08,Light Rain,7,3,19
10:56:08,Light Rain,7,3,19
10:58:09,Light Rain,7,3,19
11:00:09,Light Rain,7,3,19
11:02:08,Light Rain,7,3,19
11:04:09,Light Rain,7,3,19
11:06:09,Light Rain,7,3,19
11:08:08,Light Rain,7,3,19
11:10:08,Light Rain,7,3,19
11:12:09,Light Rain,7,3,19
11:14:09,Light Rain,7,3,19
11:16:08,Light Rain,7,3,19
11:18:09,Light Rain,7,3,19
11:20:09,Light Rain,7,3,19
11:22:08,Light Rain,7,3,19
11:24:08,Light Rain,7,3,19
11:26:09,Light Rain,7,3,19
11:28:09,Light Rain,7,3,19
11:30:08,Light Rain,7,3,19
11:32:09,Light Rain,7,3,19
11:34:09,Light Rain,7,3,19
11:36:08,Light Rain,7,3,19
11:38:09,Light Rain,7,3,19
11:40:09,Light Rain,7,3,19
11:42:09,Light Rain,7,3,19
11:44:08,Light Rain,7,3,19
11:46:09,Light Rain,7,3,19
11:48:09,Light Rain,7,3,19
11:50:08,Light Rain,7,3,24
11:52:09,Light Rain,7,3,24
11:54:09,Light Rain,7,3,24
11:56:09,Light Rain,7,3,24
11:58:08,Light Rain,7,3,24
12:00:08,Light Rain,7,3,24
12:02:09,Light Rain,7,3,24
12:04:09,Light Rain,7,3,24
12:06:09,Light Rain,7,3,24
12:08:09,Light Rain,7,3,24
12:10:09,Light Rain,7,3,24
12:12:09,Light Rain,7,3,24
12:14:09,Light Rain,7,3,24
12:16:08,Light Rain,7,3,24
12:18:09,Light Rain,7,3,24
12:20:09,Light Rain,7,2,25
12:22:08,Light Rain,7,2,25
12:24:08,Light Rain,7,2,25
12:26:09,Light Rain,7,2,25
12:28:09,Light Rain,7,2,25
12:30:08,Light Rain,7,2,25
12:32:08,Light Rain,7,2,25
12:34:09,Light Rain,7,2,25
12:36:09,Light Rain,7,2,25
12:38:09,Light Rain,7,2,25
12:40:08,Light Rain,7,2,25
12:42:09,Light Rain,7,2,25
12:44:09,Light Rain,7,2,27
12:46:09,Light Rain,7,2,27
12:48:08,Light Rain,7,2,27
12:50:09,Light Rain,7,2,27
12:52:09,Light Rain,7,2,27
12:54:08,Light Rain,7,2,27
12:56:08,Light Rain,7,2,27
12:58:09,Light Rain,7,2,27
13:00:09,Light Rain,7,2,27
13:02:08,Light Rain,7,2,27
13:04:08,Light Rain,7,2,27
13:06:09,Light Rain,7,2,27
13:08:09,Light Rain,7,2,27
13:10:09,Light Rain,7,2,27
13:12:09,Light Rain,7,2,27
13:14:08,Light Rain,7,3,22
13:16:09,Light Rain,7,3,22
13:18:08,Light Rain,7,3,22
13:20:08,Light Rain,7,3,22
13:22:09,Light Rain,7,3,22
13:24:09,Light Rain,7,3,22
13:26:09,Light Rain,7,3,22
13:28:08,Light Rain,7,3,22
13:30:09,Light Rain,7,3,22
13:32:09,Light Rain,7,3,22
13:34:08,Light Rain,7,3,22
13:36:09,Light Rain,7,3,22
13:38:09,Light Rain,7,3,22
13:40:09,Light Rain,7,3,22
13:42:09,Light Rain,7,3,22
13:44:08,Light Rain,7,3,24
13:46:09,Light Rain,7,3,24
13:48:09,Light Rain,7,3,24
13:50:09,Light Rain,7,3,24
13:52:08,Light Rain,7,3,24
13:54:08,Light Rain,7,3,24
13:56:08,Light Rain,7,3,24
13:58:09,Light Rain,7,3,24
14:00:09,Light Rain,7,3,24
14:02:08,Light Rain,7,3,24
14:04:09,Light Rain,7,3,24
14:06:09,Light Rain,7,3,24
14:08:09,Light Rain,7,3,22
14:10:08,Light Rain,7,3,22
14:12:09,Light Rain,7,3,22
14:14:09,Light Rain,7,3,22
14:16:08,Light Rain,7,3,22
14:18:09,Light Rain,7,3,22
14:20:09,Light Rain,7,3,22
14:22:09,Light Rain,7,3,22
14:24:09,Light Rain,7,3,22
14:26:08,Light Rain,7,3,22
14:28:09,Light Rain,7,3,22
14:30:09,Light Rain,7,3,22
14:32:09,Light Rain,7,3,22
14:34:08,Light Rain,7,3,22
14:36:09,Light Rain,7,3,22
14:38:09,Light Rain,7,3,22
14:40:08,Light Rain,7,3,22
14:42:09,Light Rain,7,3,22
14:44:09,Light Rain,6,1,27
14:46:08,Light Rain,6,1,27
14:48:09,Light Rain,6,1,27
14:50:09,Light Rain,6,1,27
14:52:08,Light Rain,6,1,27
14:54:09,Light Rain,6,1,27
14:56:09,Light Rain,6,1,27
14:58:09,Light Rain,6,1,27
15:00:08,Light Rain,6,1,27
15:02:08,Light Rain,6,1,27
15:04:09,Light Rain,6,1,27
15:06:09,Light Rain,6,1,27
15:08:08,Light Rain,6,1,27
15:10:09,Light Rain,6,1,27
15:12:09,Light Rain,6,1,27
15:14:09,Light Rain,6,1,32
15:16:09,Light Rain,6,1,32
15:18:09,Light Rain,6,1,32
15:20:08,Light Rain,6,1,32
15:22:08,Light Rain,6,1,32
15:24:09,Light Rain,6,1,32
15:26:09,Light Rain,6,1,32
15:28:08,Light Rain,6,1,32
15:30:09,Light Rain,6,1,32
15:32:09,Light Rain,6,1,32
15:34:09,Light Rain,6,1,32
15:36:08,Light Rain,6,1,32
15:38:08,Light Rain,6,1,32
15:40:09,Light Rain,6,1,32
15:42:09,Light Rain,6,1,32
15:44:09,Light Rain,6,1,25
15:46:08,Light Rain,6,1,25
15:48:08,Light Rain,6,1,25
15:50:09,Light Rain,6,1,25
15:52:09,Light Rain,6,1,25
15:54:08,Light Rain,6,1,25
15:56:09,Light Rain,6,1,25
15:58:09,Light Rain,6,1,25
16:00:08,Light Rain,6,1,25
16:02:09,Light Rain,6,1,25
16:04:09,Light Rain,6,1,25
16:06:09,Light Rain,6,1,25
16:08:08,Light Rain,6,2,19
16:10:09,Light Rain,6,2,19
16:12:09,Light Rain,6,2,19
16:14:08,Light Rain,6,2,19
16:16:08,Light Rain,6,2,19
16:18:09,Light Rain,6,2,19
16:20:09,Light Rain,6,2,19
16:22:08,Light Rain,6,2,19
16:24:08,Light Rain,6,2,19
16:26:09,Light Rain,6,2,19
16:28:09,Light Rain,6,2,19
16:30:08,Light Rain,6,2,19
16:32:08,Light Rain,6,2,19
16:34:09,Light Rain,6,2,19
16:36:09,Light Rain,6,2,19
16:38:09,Light Rain,6,2,19
16:40:08,Light Rain,6,2,19
16:42:09,Light Rain,6,2,19
16:44:09,Light Rain,6,2,19
16:46:09,Light Rain,6,2,19
16:48:09,Light Rain,6,2,19
16:50:09,Light Rain,6,2,19
16:52:08,Light Rain,6,2,19
16:54:08,Light Rain,6,2,19
16:56:09,Light Rain,6,2,19
16:58:09,Light Rain,6,2,19
17:00:08,Light Rain,6,2,19
17:02:09,Light Rain,6,2,19
17:04:09,Light Rain,6,2,19
17:06:09,Light Rain,6,2,19
17:08:09,Light Rain,6,2,19
17:10:09,Light Rain,6,2,19
17:12:09,Light Rain,6,2,19
17:14:08,Mostly Cloudy,7,6,11
17:16:09,Mostly Cloudy,7,6,11
17:18:09,Mostly Cloudy,7,6,11
17:20:09,Mostly Cloudy,7,6,11
17:22:08,Mostly Cloudy,7,6,11
17:24:08,Mostly Cloudy,7,6,11
17:26:09,Mostly Cloudy,7,6,11
17:28:09,Mostly Cloudy,7,6,11
17:30:08,Mostly Cloudy,7,6,11
17:32:08,Mostly Cloudy,7,6,11
17:34:09,Mostly Cloudy,7,6,11
17:36:09,Mostly Cloudy,7,6,11
17:38:09,Mostly Cloudy,7,6,11
17:40:08,Mostly Cloudy,7,6,11
17:42:09,Mostly Cloudy,7,6,11
17:44:09,Mostly Cloudy,7,6,11
17:46:09,Mostly Cloudy,7,6,11
17:48:08,Mostly Cloudy,7,6,11
17:50:08,Mostly Cloudy,7,6,11
17:52:09,Mostly Cloudy,7,6,11
17:54:09,Mostly Cloudy,7,6,11
17:56:08,Mostly Cloudy,7,6,11
17:58:09,Mostly Cloudy,7,6,11
18:00:09,Mostly Cloudy,7,6,11
18:08:08,Mostly Cloudy,7,6,11
18:10:09,Mostly Cloudy,7,6,11
18:12:09,Mostly Cloudy,7,6,11
18:14:09,Light Rain,7,5,19
18:16:08,Light Rain,7,5,19
18:18:09,Light Rain,7,5,19
18:20:09,Light Rain,7,5,19
18:22:08,Light Rain,7,5,19
18:24:09,Light Rain,7,5,19
18:26:09,Light Rain,7,5,19
18:28:09,Light Rain,7,5,19
18:30:09,Light Rain,7,5,19
18:32:08,Light Rain,7,5,19
18:34:09,Light Rain,7,5,19
18:36:09,Light Rain,7,5,19
18:38:08,Light Rain,7,5,19
18:40:09,Light Rain,7,5,19
18:42:09,Light Rain,7,5,19
18:44:09,Light Rain,7,5,19
18:46:09,Light Rain,7,5,19
18:48:09,Light Rain,7,5,19
18:50:08,Light Rain,7,5,19
18:52:09,Light Rain,7,5,19
18:54:09,Light Rain,7,5,19
18:56:09,Light Rain,7,5,19
18:58:08,Light Rain,7,5,19
19:00:09,Light Rain,7,5,19
19:02:09,Light Rain,7,5,19
19:04:08,Light Rain,7,5,19
19:06:09,Light Rain,7,5,19
19:08:09,Light Rain,7,5,19
19:10:09,Light Rain,7,5,19
19:12:08,Light Rain,7,5,19
19:14:08,Light Rain,7,5,19
19:16:09,Light Rain,7,5,19
19:18:08,Light Rain,7,5,19
19:20:08,Mostly Cloudy,7,6,11
19:22:09,Mostly Cloudy,7,6,11
19:24:09,Mostly Cloudy,7,6,11
19:26:09,Mostly Cloudy,7,6,11
19:28:08,Mostly Cloudy,7,6,11
19:30:08,Mostly Cloudy,7,6,11
19:32:09,Mostly Cloudy,7,6,11
19:34:08,Mostly Cloudy,7,6,11
19:36:09,Mostly Cloudy,7,6,11
19:38:09,Mostly Cloudy,7,6,11
19:40:08,Mostly Cloudy,7,6,11
19:42:09,Mostly Cloudy,7,6,11
19:44:09,Mostly Cloudy,7,6,11
19:46:09,Mostly Cloudy,7,6,11
19:48:08,Mostly Cloudy,7,6,11
19:50:09,Mostly Cloudy,7,6,11
19:52:09,Mostly Cloudy,7,6,11
19:54:09,Mostly Cloudy,7,6,11
19:56:09,Mostly Cloudy,7,6,11
19:58:09,Mostly Cloudy,7,6,11
20:00:08,Mostly Cloudy,7,6,11
20:02:08,Mostly Cloudy,7,6,11
20:04:09,Mostly Cloudy,7,6,11
20:06:08,Mostly Cloudy,7,6,11
20:08:08,Mostly Cloudy,7,6,11
20:10:09,Mostly Cloudy,7,6,11
20:12:09,Mostly Cloudy,7,6,11
20:14:08,Light Rain,7,5,19
20:16:09,Light Rain,7,5,19
20:18:09,Light Rain,7,5,19
20:20:09,Light Rain,7,5,19
20:22:08,Light Rain,7,5,19
20:24:09,Light Rain,7,5,19
20:26:09,Light Rain,7,5,19
20:28:08,Light Rain,7,5,19
20:30:09,Light Rain,7,5,19
20:32:09,Light Rain,7,5,19
20:34:09,Light Rain,7,5,19
20:36:09,Light Rain,7,5,19
20:38:08,Light Rain,7,5,19
20:40:09,Light Rain,7,5,19
20:42:09,Light Rain,7,5,19
20:44:08,Light Rain,7,5,19
20:46:09,Light Rain,7,5,19
20:48:09,Light Rain,7,5,19
20:50:09,Light Rain,7,5,19
20:52:08,Light Rain,7,5,19
20:54:08,Light Rain,7,5,19
20:56:09,Light Rain,7,5,19
20:58:09,Light Rain,7,5,19
21:00:08,Light Rain,7,5,19
21:02:08,Light Rain,7,5,19
21:04:09,Light Rain,7,5,19
21:06:09,Light Rain,7,5,19
21:08:09,Light Rain,7,5,19
21:10:09,Light Rain,7,5,19
21:12:09,Light Rain,7,5,19
21:14:09,Mostly Cloudy,7,5,14
21:16:09,Mostly Cloudy,7,5,14
21:18:09,Mostly Cloudy,7,5,14
21:20:09,Mostly Cloudy,7,5,14
21:22:08,Mostly Cloudy,7,5,14
21:24:09,Mostly Cloudy,7,5,14
21:26:09,Mostly Cloudy,7,5,14
21:28:09,Mostly Cloudy,7,5,14
21:30:08,Mostly Cloudy,7,5,14
21:32:08,Mostly Cloudy,7,5,14
21:34:09,Mostly Cloudy,7,5,14
21:36:09,Mostly Cloudy,7,5,14
21:38:08,Mostly Cloudy,7,5,14
21:40:09,Mostly Cloudy,7,5,14
21:42:09,Mostly Cloudy,7,5,14
21:44:09,Mostly Cloudy,7,5,14
21:46:08,Mostly Cloudy,7,5,14
21:48:09,Mostly Cloudy,7,5,14
21:50:09,Mostly Cloudy,7,5,14
21:52:08,Mostly Cloudy,7,5,14
21:54:09,Mostly Cloudy,7,5,14
21:56:09,Mostly Cloudy,7,5,14
21:58:08,Mostly Cloudy,7,5,14
22:00:08,Mostly Cloudy,7,5,14
22:02:09,Mostly Cloudy,7,5,14
22:04:08,Mostly Cloudy,7,5,14
22:06:09,Mostly Cloudy,7,5,14
22:08:09,Light Rain,7,4,24
22:10:09,Light Rain,7,4,24
22:12:08,Light Rain,7,4,24
22:14:09,Light Rain,7,4,24
22:16:09,Light Rain,7,4,24
22:18:09,Light Rain,7,4,24
22:20:09,Light Rain,7,4,24
22:22:08,Light Rain,7,4,24
22:24:09,Light Rain,7,4,24
22:26:09,Light Rain,7,4,24
22:28:08,Light Rain,7,4,24
22:30:09,Light Rain,7,4,24
22:32:09,Light Rain,7,4,24
22:34:09,Light Rain,7,4,24
22:36:08,Light Rain,7,4,24
22:38:09,Light Rain,7,4,24
22:40:09,Light Rain,7,4,24
22:42:08,Light Rain,7,4,24
22:44:09,Light Rain,7,4,24
22:46:09,Light Rain,7,4,24
22:48:08,Light Rain,7,4,24
22:50:09,Light Rain,7,4,24
22:52:09,Light Rain,7,4,24
22:54:08,Light Rain,7,4,24
22:56:08,Light Rain,7,4,24
22:58:09,Light Rain,7,4,24
23:00:09,Light Rain,7,4,24
23:02:08,Light Rain,7,4,24
23:04:09,Light Rain,7,4,24
23:06:09,Light Rain,7,4,24
23:08:09,Light Rain,7,4,24
23:10:09,Light Rain,7,4,24
23:12:08,Light Rain,7,4,24
23:14:09,Mostly Cloudy,7,4,25
23:16:09,Mostly Cloudy,7,4,25
23:18:08,Mostly Cloudy,7,4,25
23:20:09,Mostly Cloudy,7,4,25
23:22:08,Mostly Cloudy,7,4,25
23:24:09,Mostly Cloudy,7,4,25
23:26:09,Mostly Cloudy,7,4,25
23:28:09,Mostly Cloudy,7,4,25
23:30:08,Mostly Cloudy,7,4,25
23:32:08,Mostly Cloudy,7,4,25
23:34:09,Mostly Cloudy,7,4,25
23:36:09,Mostly Cloudy,7,4,25
23:38:08,Mostly Cloudy,7,4,25
23:40:09,Mostly Cloudy,7,4,25
23:42:09,Mostly Cloudy,7,4,25
23:44:09,Mostly Cloudy,7,4,25
23:46:09,Mostly Cloudy,7,4,25
23:48:08,Mostly Cloudy,7,4,25
23:50:09,Mostly Cloudy,7,4,25
23:52:09,Mostly Cloudy,7,4,25
23:54:08,Mostly Cloudy,7,4,25
23:56:08,Mostly Cloudy,7,4,25
23:58:09,Mostly Cloudy,7,4,25
