Time,Weather,Temperature,Feels_Like,Wind_Speed
00:00:09,Mostly Cloudy,8,7,9
00:02:09,Mostly Cloudy,8,7,9
00:04:09,Mostly Cloudy,8,7,9
00:06:09,Mostly Cloudy,8,7,9
00:08:08,Mostly Cloudy,8,7,9
00:10:09,Mostly Cloudy,8,7,9
00:12:09,Mostly Cloudy,8,7,8
00:14:09,Mostly Cloudy,8,7,8
00:16:08,Mostly Cloudy,8,7,8
00:18:09,Mostly Cloudy,8,7,8
00:20:09,Mostly Cloudy,8,7,8
00:22:08,Mostly Cloudy,8,7,8
00:24:08,Mostly Cloudy,8,7,8
00:26:09,Mostly Cloudy,8,7,8
00:28:09,Mostly Cloudy,8,7,8
00:30:09,Mostly Cloudy,8,7,8
00:32:09,Mostly Cloudy,8,7,8
00:34:09,Mostly Cloudy,8,7,8
00:36:09,Mostly Cloudy,8,7,8
00:38:08,Mostly Cloudy,8,7,8
00:40:08,Mostly Cloudy,8,7,8
00:42:08,Mostly Cloudy,8,7,8
00:44:09,Mostly Cloudy,8,7,8
00:46:09,Mostly Cloudy,8,7,8
00:48:09,Mostly Cloudy,8,7,8
00:50:08,Mostly Cloudy,8,7,8
00:52:08,Mostly Cloudy,8,7,8
00:54:08,Mostly Cloudy,8,7,8
00:56:09,Mostly Cloudy,8,7,8
00:58:09,Mostly Cloudy,8,7,8
01:00:16,Mostly Cloudy,8,7,8
01:02:08,Mostly Cloudy,8,7,8
01:04:09,Mostly Cloudy,8,7,8
01:06:09,Mostly Cloudy,8,7,8
01:08:09,Mostly Cloudy,8,7,8
01:10:08,Mostly Cloudy,8,7,8
01:12:08,Mostly Cloudy,8,8,4
01:14:09,Mostly Cloudy,8,8,4
01:16:09,Mostly Cloudy,8,8,4
01:18:08,Mostly Cloudy,8,8,4
01:20:09,Mostly Cloudy,8,8,4
01:22:09,Mostly Cloudy,8,8,4
01:24:08,Mostly Cloudy,8,8,4
01:26:09,Mostly Cloudy,8,8,4
01:28:09,Mostly Cloudy,8,8,4
01:30:09,Mostly Cloudy,8,8,4
01:32:09,Mostly Cloudy,8,8,4
01:34:09,Mostly Cloudy,8,8,4
01:36:09,Mostly Cloudy,8,8,4
01:38:08,Mostly Cloudy,8,8,4
01:40:08,Mostly Cloudy,8,8,4
01:42:09,Mostly Cloudy,8,8,4
01:44:09,Mostly Cloudy,8,8,4
01:46:08,Mostly Cloudy,8,8,4
01:48:09,Mostly Cloudy,8,8,4
01:50:09,Mostly Cloudy,8,8,4
01:52:09,Mostly Cloudy,8,8,4
01:54:08,Mostly Cloudy,8,8,4
01:56:09,Mostly Cloudy,8,8,4
01:58:09,Mostly Cloudy,8,8,4
02:00:08,Mostly Cloudy,8,8,4
02:02:09,Mostly Cloudy,8,8,4
02:04:09,Mostly Cloudy,8,8,4
02:06:08,Mostly Cloudy,8,8,4
02:08:09,Mostly Cloudy,8,8,4
02:10:09,Mostly Cloudy,8,8,4
02:12:09,Mostly Cloudy,8,8,3
02:14:08,Mostly Cloudy,8,8,3
02:16:09,Mostly Cloudy,8,8,3
02:18:08,Mostly Cloudy,8,8,3
02:20:09,Mostly Cloudy,8,8,3
02:22:09,Mostly Cloudy,8,8,3
02:24:09,Mostly Cloudy,8,8,3
02:26:08,Mostly Cloudy,8,8,3
02:28:09,Mostly Cloudy,8,8,3
02:30:09,Mostly Cloudy,8,8,3
02:32:08,Mostly Cloudy,8,8,3
02:34:08,Mostly Cloudy,8,8,3
02:36:09,Mostly Cloudy,8,8,3
02:38:09,Mostly Cloudy,8,8,3
02:40:08,Mostly Cloudy,8,8,3
02:42:09,Mostly Cloudy,8,8,3
02:44:09,Mostly Cloudy,8,8,3
02:46:08,Mostly Cloudy,8,8,3
02:48:08,Mostly Cloudy,8,8,3
02:50:09,Mostly Cloudy,8,8,3
02:52:08,Mostly Cloudy,8,8,3
02:54:09,Mostly Cloudy,8,8,3
02:56:08,Mostly Cloudy,8,8,3
02:58:08,Mostly Cloudy,8,8,3
03:00:09,Mostly Cloudy,8,8,3
03:02:09,Mostly Cloudy,8,8,3
03:04:09,Mostly Cloudy,8,8,3
03:06:09,Mostly Cloudy,8,8,3
03:08:09,Mostly Cloudy,8,8,3
03:10:08,Mostly Cloudy,8,8,3
03:12:08,Mostly Cloudy,7,6,8
03:14:09,Mostly Cloudy,7,6,8
03:16:09,Mostly Cloudy,7,6,8
03:18:08,Mostly Cloudy,7,6,8
03:20:09,Mostly Cloudy,7,6,8
03:22:09,Mostly Cloudy,7,6,8
03:24:09,Mostly Cloudy,7,6,8
03:26:08,Mostly Cloudy,7,6,8
03:28:09,Mostly Cloudy,7,6,8
03:30:09,Mostly Cloudy,7,6,8
03:32:09,Mostly Cloudy,7,6,8
03:34:08,Mostly Cloudy,7,6,8
03:36:08,Mostly Cloudy,7,6,8
03:38:09,Mostly Cloudy,7,6,8
03:40:09,Mostly Cloudy,7,6,8
03:42:08,Mostly Cloudy,7,6,8
03:44:09,Mostly Cloudy,7,6,8
03:46:09,Mostly Cloudy,7,6,8
03:48:09,Mostly Cloudy,7,6,8
03:50:08,Mostly Cloudy,7,6,8
03:52:08,Mostly Cloudy,7,6,8
03:54:09,Mostly Cloudy,7,6,8
03:56:09,Mostly Cloudy,7,6,8
03:58:08,Mostly Cloudy,7,6,8
04:00:08,Mostly Cloudy,7,6,8
04:02:09,Mostly Cloudy,7,6,8
04:04:09,Mostly Cloudy,7,6,8
04:06:08,Mostly Cloudy,7,6,8
04:08:08,Mostly Cloudy,7,6,8
04:10:09,Mostly Cloudy,7,6,8
04:12:09,Mostly Cloudy,7,7,1
04:14:09,Mostly Cloudy,7,7,1
04:16:08,Mostly Cloudy,7,7,1
04:18:09,Mostly Cloudy,7,7,1
04:20:09,Mostly Cloudy,7,7,1
04:22:09,Mostly Cloudy,7,7,1
04:24:08,Mostly Cloudy,7,7,1
04:26:09,Mostly Cloudy,7,7,1
04:28:09,Mostly Cloudy,7,7,1
04:30:09,Mostly Cloudy,7,7,1
04:32:08,Mostly Cloudy,7,7,1
04:34:09,Mostly Cloudy,7,7,1
04:36:09,Mostly Cloudy,7,7,1
04:38:08,Mostly Cloudy,7,7,1
04:40:09,Mostly Cloudy,7,7,1
04:42:09,Mostly Cloudy,7,7,1
04:44:08,Mostly Cloudy,7,7,1
04:46:08,Mostly Cloudy,7,7,1
04:48:09,Mostly Cloudy,7,7,1
04:50:09,Mostly Cloudy,7,7,1
04:52:08,Mostly Cloudy,7,7,1
04:54:08,Mostly Cloudy,7,7,1
04:56:09,Mostly Cloudy,7,7,1
04:58:09,Mostly Cloudy,7,7,1
05:00:08,Mostly Cloudy,7,7,1
05:02:09,Mostly Cloudy,7,7,1
05:04:09,Mostly Cloudy,7,7,1
05:06:08,Mostly Cloudy,7,7,1
05:08:09,Mostly Cloudy,7,7,1
05:10:09,Mostly Cloudy,7,7,1
05:12:08,Mostly Cloudy,7,7,4
05:14:09,Mostly Cloudy,7,7,4
05:16:09,Mostly Cloudy,7,7,4
05:18:08,Mostly Cloudy,7,7,4
05:20:09,Mostly Cloudy,7,7,4
05:22:09,Mostly Cloudy,7,7,4
05:24:09,Mostly Cloudy,7,7,4
05:26:08,Mostly Cloudy,7,7,4
05:28:08,Mostly Cloudy,7,7,4
05:30:08,Mostly Cloudy,7,7,4
05:32:09,Mostly Cloudy,7,7,4
05:34:09,Mostly Cloudy,7,7,4
05:36:08,Mostly Cloudy,7,7,4
05:38:09,Mostly Cloudy,7,7,4
05:40:09,Mostly Cloudy,7,7,4
05:42:09,Mostly Cloudy,7,7,4
05:44:09,Mostly Cloudy,7,7,4
05:46:09,Mostly Cloudy,7,7,4
05:48:09,Mostly Cloudy,7,7,4
05:50:08,Mostly Cloudy,7,7,4
05:52:09,Mostly Cloudy,7,7,4
05:54:09,Mostly Cloudy,7,7,4
05:56:08,Mostly Cloudy,7,7,4
05:58:09,Mostly Cloudy,7,7,4
06:00:09,Mostly Cloudy,7,7,4
06:02:09,Mostly Cloudy,7,7,4
06:04:08,Mostly Cloudy,7,7,4
06:06:08,Mostly Cloudy,7,7,4
06:08:09,Mostly Cloudy,7,7,4
06:10:09,Mostly Cloudy,7,7,4
06:12:08,Mostly Cloudy,7,7,3
06:14:09,Mostly Cloudy,7,7,3
06:16:09,Mostly Cloudy,7,7,3
06:18:09,Mostly Cloudy,7,7,3
06:20:09,Mostly Cloudy,7,7,3
06:22:09,Mostly Cloudy,7,7,3
06:24:08,Mostly Cloudy,7,7,3
06:26:09,Mostly Cloudy,7,7,3
06:28:08,Mostly Cloudy,7,7,3
06:30:08,Mostly Cloudy,7,7,3
06:32:09,Mostly Cloudy,7,7,3
06:34:08,Mostly Cloudy,7,7,3
06:36:09,Mostly Cloudy,7,7,3
06:38:09,Mostly Cloudy,7,7,3
06:40:08,Mostly Cloudy,7,7,3
06:42:08,Mostly Cloudy,7,7,3
06:44:09,Mostly Cloudy,7,7,3
06:46:09,Mostly Cloudy,7,7,3
06:48:09,Mostly Cloudy,7,7,3
06:50:08,Mostly Cloudy,7,7,3
06:52:09,Mostly Cloudy,7,7,3
06:54:09,Mostly Cloudy,7,7,3
06:56:09,Mostly Cloudy,7,7,3
06:58:09,Mostly Cloudy,7,7,3
07:00:09,Mostly Cloudy,7,7,3
07:02:09,Mostly Cloudy,7,7,3
07:04:09,Mostly Cloudy,7,7,3
07:06:08,Mostly Cloudy,7,7,3
07:08:09,Mostly Cloudy,7,7,3
07:10:09,Mostly Cloudy,7,7,3
07:12:09,Mostly Cloudy,7,7,1
07:14:08,Mostly Cloudy,7,7,1
07:16:09,Mostly Cloudy,7,7,1
07:18:09,Mostly Cloudy,7,7,1
07:20:08,Mostly Cloudy,7,7,1
07:22:09,Mostly Cloudy,7,7,1
07:24:09,Mostly Cloudy,7,7,1
07:26:09,Mostly Cloudy,7,7,1
07:28:09,Mostly Cloudy,7,7,1
07:30:09,Mostly Cloudy,7,7,1
07:32:09,Mostly Cloudy,7,7,1
07:34:09,Mostly Cloudy,7,7,1
07:36:09,Mostly Cloudy,7,7,1
07:38:08,Mostly Cloudy,7,7,1
07:40:08,Mostly Cloudy,7,7,1
07:42:09,Mostly Cloudy,7,7,1
07:44:09,Mostly Cloudy,7,7,1
07:46:09,Mostly Cloudy,7,7,1
07:48:09,Mostly Cloudy,7,7,1
07:50:08,Mostly Cloudy,7,7,1
07:52:09,Mostly Cloudy,7,7,1
07:54:09,Mostly Cloudy,7,7,1
07:56:09,Mostly Cloudy,7,7,1
07:58:08,Mostly Cloudy,7,7,1
08:00:09,Mostly Cloudy,7,7,1
08:02:09,Mostly Cloudy,7,7,1
08:04:09,Mostly Cloudy,7,7,1
08:06:08,Mostly Cloudy,7,7,1
08:08:08,Mostly Cloudy,7,7,1
08:10:09,Mostly Cloudy,7,7,1
08:12:09,Mostly Cloudy,7,7,1
08:14:09,Mostly Cloudy,7,7,1
08:16:08,Mostly Cloudy,8,8,4
08:18:09,Mostly Cloudy,8,8,4
08:20:09,Mostly Cloudy,8,8,4
08:22:08,Mostly Cloudy,8,8,4
08:24:09,Mostly Cloudy,8,8,4
08:26:09,Mostly Cloudy,8,8,4
08:28:09,Mostly Cloudy,8,8,4
08:30:08,Mostly Cloudy,8,8,4
08:32:09,Mostly Cloudy,8,8,4
08:34:09,Mostly Cloudy,8,8,4
08:36:09,Mostly Cloudy,8,8,4
08:38:09,Mostly Cloudy,8,8,4
08:40:09,Mostly Cloudy,8,8,4
08:42:08,Mostly Cloudy,8,8,4
08:44:09,Mostly Cloudy,8,8,4
08:46:09,Mostly Cloudy,8,8,4
08:48:09,Mostly Cloudy,8,8,4
08:50:09,Mostly Cloudy,8,8,4
08:52:08,Mostly Cloudy,8,8,4
08:54:08,Mostly Cloudy,8,8,4
08:56:09,Mostly Cloudy,8,8,4
08:58:09,Mostly Cloudy,8,8,4
09:00:09,Mostly Cloudy,8,8,4
09:02:08,Mostly Cloudy,8,8,4
09:04:08,Mostly Cloudy,8,8,4
09:06:09,Mostly Cloudy,8,8,4
09:08:09,Mostly Cloudy,8,8,4
09:10:09,Mostly Cloudy,10,10,4
09:12:08,Mostly Cloudy,10,10,4
09:14:08,Mostly Cloudy,10,10,4
09:16:09,Mostly Cloudy,10,10,4
09:18:09,Mostly Cloudy,10,10,4
09:20:08,Mostly Cloudy,10,10,4
09:22:09,Mostly Cloudy,10,10,4
09:24:09,Mostly Cloudy,10,10,4
09:26:09,Mostly Cloudy,10,10,4
09:28:08,Mostly Cloudy,10,10,4
09:30:09,Mostly Cloudy,10,10,4
09:32:09,Mostly Cloudy,10,10,4
09:34:09,Mostly Cloudy,10,10,4
09:36:09,Mostly Cloudy,10,10,4
09:38:08,Mostly Cloudy,10,10,4
09:40:08,Mostly Cloudy,10,10,4
09:42:09,Mostly Cloudy,10,10,4
09:44:09,Mostly Cloudy,10,10,4
09:46:08,Mostly Cloudy,10,10,4
09:48:09,Mostly Cloudy,10,10,4
09:50:09,Mostly Cloudy,10,10,4
09:52:09,Mostly Cloudy,10,10,4
09:54:09,Mostly Cloudy,10,10,4
09:56:08,Mostly Cloudy,10,10,4
09:58:09,Mostly Cloudy,10,10,4
10:00:09,Mostly Cloudy,10,10,4
10:02:09,Mostly Cloudy,10,10,4
10:04:08,Mostly Cloudy,10,10,4
10:06:08,Mostly Cloudy,10,10,4
10:08:09,Mostly Cloudy,10,10,4
10:10:09,Mostly Cloudy,10,10,3
10:12:09,Mostly Cloudy,10,10,3
10:14:09,Mostly Cloudy,10,10,3
10:16:08,Mostly Cloudy,10,10,3
10:18:09,Mostly Cloudy,10,10,3
10:20:08,Mostly Cloudy,10,10,3
10:22:08,Mostly Cloudy,10,10,3
10:24:09,Mostly Cloudy,10,10,3
10:26:09,Mostly Cloudy,10,10,3
10:28:09,Mostly Cloudy,10,10,3
10:30:08,Mostly Cloudy,10,10,3
10:32:09,Mostly Cloudy,10,10,3
10:34:09,Mostly Cloudy,10,10,3
10:36:08,Mostly Cloudy,10,10,3
10:38:08,Mostly Cloudy,10,10,3
10:40:08,Mostly Cloudy,10,10,3
10:42:09,Mostly Cloudy,10,10,3
10:44:09,Mostly Cloudy,10,10,3
10:46:09,Mostly Cloudy,10,10,3
10:48:08,Mostly Cloudy,10,10,3
10:50:09,Mostly Cloudy,10,10,3
10:52:09,Mostly Cloudy,10,10,3
10:54:08,Mostly Cloudy,10,10,3
10:56:08,Mostly Cloudy,10,10,3
10:58:09,Mostly Cloudy,10,10,3
11:00:09,Mostly Cloudy,10,10,3
11:02:09,Mostly Cloudy,10,10,3
11:04:09,Mostly Cloudy,10,10,3
11:06:09,Mostly Cloudy,10,10,3
11:08:09,Mostly Cloudy,10,10,3
11:10:09,Mostly Cloudy,10,10,3
11:12:08,Mostly Cloudy,10,10,3
11:14:09,Mostly Cloudy,10,10,3
11:16:09,Mostly Cloudy,11,11,4
11:18:08,Mostly Cloudy,11,11,4
11:20:08,Mostly Cloudy,11,11,4
11:22:09,Mostly Cloudy,11,11,4
11:24:09,Mostly Cloudy,11,11,4
11:26:08,Mostly Cloudy,11,11,4
11:28:08,Mostly Cloudy,11,11,4
11:30:08,Mostly Cloudy,11,11,4
11:32:09,Mostly Cloudy,11,11,4
11:34:09,Mostly Cloudy,11,11,4
11:36:08,Mostly Cloudy,11,11,4
11:38:08,Mostly Cloudy,11,11,4
11:40:08,Mostly Cloudy,11,11,4
11:42:09,Mostly Cloudy,11,11,4
11:44:09,Mostly Cloudy,11,11,4
11:46:09,Mostly Cloudy,11,11,4
11:48:09,Mostly Cloudy,11,11,4
11:50:09,Mostly Cloudy,11,11,4
11:52:08,Mostly Cloudy,11,11,4
11:54:08,Mostly Cloudy,11,11,4
11:56:09,Mostly Cloudy,11,11,4
11:58:09,Mostly Cloudy,11,11,4
12:00:09,Mostly Cloudy,11,11,4
12:02:08,Mostly Cloudy,11,11,4
12:04:08,Mostly Cloudy,11,11,4
12:06:09,Mostly Cloudy,11,11,4
12:08:09,Mostly Cloudy,11,11,4
12:10:09,Mostly Cloudy,12,12,4
12:12:08,Mostly Cloudy,12,12,4
12:14:09,Mostly Cloudy,12,12,4
12:16:09,Mostly Cloudy,12,12,4
12:18:08,Mostly Cloudy,12,12,4
12:20:08,Mostly Cloudy,12,12,4
12:22:09,Mostly Cloudy,12,12,4
12:24:09,Mostly Cloudy,12,12,4
12:26:08,Mostly Cloudy,12,12,4
12:28:09,Mostly Cloudy,12,12,4
12:30:09,Mostly Cloudy,12,12,4
12:32:08,Mostly Cloudy,12,12,4
12:34:09,Mostly Cloudy,12,12,4
12:36:09,Mostly Cloudy,12,12,4
12:38:09,Mostly Cloudy,12,12,4
12:40:08,Mostly Cloudy,12,12,4
12:42:09,Mostly Cloudy,12,12,4
12:44:09,Mostly Cloudy,12,12,4
12:46:09,Mostly Cloudy,12,12,4
12:48:09,Mostly Cloudy,12,12,4
12:50:08,Mostly Cloudy,12,12,4
12:52:08,Mostly Cloudy,12,12,4
12:54:09,Mostly Cloudy,12,12,4
12:56:09,Mostly Cloudy,12,12,4
12:58:09,Mostly Cloudy,12,12,4
13:00:08,Mostly Cloudy,12,12,4
13:02:09,Mostly Cloudy,12,12,4
13:04:09,Mostly Cloudy,12,12,4
13:06:09,Mostly Cloudy,12,12,4
13:08:09,Mostly Cloudy,12,12,4
13:10:08,Mostly Cloudy,12,12,4
13:12:08,Mostly Cloudy,12,12,4
13:14:09,Mostly Cloudy,12,12,4
13:16:09,Mostly Cloudy,12,12,1
13:18:08,Mostly Cloudy,12,12,1
13:20:08,Mostly Cloudy,12,12,1
13:22:09,Mostly Cloudy,12,12,1
13:24:09,Mostly Cloudy,12,12,1
13:26:09,Mostly Cloudy,12,12,1
13:28:08,Mostly Cloudy,12,12,1
13:30:09,Mostly Cloudy,12,12,1
13:32:09,Mostly Cloudy,12,12,1
13:34:09,Mostly Cloudy,12,12,1
13:36:09,Mostly Cloudy,12,12,1
13:38:08,Mostly Cloudy,12,12,1
13:40:08,Mostly Cloudy,12,12,1
13:42:09,Mostly Cloudy,12,12,1
13:44:09,Mostly Cloudy,12,12,1
13:46:09,Mostly Cloudy,12,12,1
13:48:08,Mostly Cloudy,12,12,1
13:50:09,Mostly Cloudy,12,12,1
13:52:09,Mostly Cloudy,12,12,1
13:54:09,Mostly Cloudy,12,12,1
13:56:08,Mostly Cloudy,12,12,1
13:58:09,Mostly Cloudy,12,12,1
14:00:09,Mostly Cloudy,12,12,1
14:02:08,Mostly Cloudy,12,12,1
14:04:09,Mostly Cloudy,12,12,1
14:06:09,Mostly Cloudy,12,12,1
14:08:09,Mostly Cloudy,12,12,1
14:10:09,Mostly Cloudy,12,12,1
14:12:09,Mostly Cloudy,12,12,1
14:14:08,Mostly Cloudy,12,12,1
14:16:09,Mostly Cloudy,12,12,16
14:18:09,Mostly Cloudy,12,12,16
14:20:08,Mostly Cloudy,12,12,16
14:22:08,Mostly Cloudy,12,12,16
14:24:09,Mostly Cloudy,12,12,16
14:26:09,Mostly Cloudy,12,12,16
14:28:09,Mostly Cloudy,12,12,16
14:30:08,Mostly Cloudy,12,12,16
14:32:08,Mostly Cloudy,12,12,16
14:34:09,Mostly Cloudy,12,12,16
14:36:09,Mostly Cloudy,12,12,16
14:38:09,Mostly Cloudy,12,12,16
14:40:08,Mostly Cloudy,12,12,16
14:42:09,Mostly Cloudy,12,12,16
14:44:09,Mostly Cloudy,12,12,16
14:46:09,Mostly Cloudy,12,12,16
14:48:08,Mostly Cloudy,12,12,16
14:50:09,Mostly Cloudy,12,12,16
14:52:09,Mostly Cloudy,12,12,16
14:54:09,Mostly Cloudy,12,12,16
14:56:09,Mostly Cloudy,12,12,16
14:58:08,Mostly Cloudy,12,12,16
15:00:08,Mostly Cloudy,12,12,16
15:02:09,Mostly Cloudy,12,12,16
15:04:09,Mostly Cloudy,12,12,16
15:06:08,Mostly Cloudy,12,12,16
15:08:08,Mostly Cloudy,12,12,16
15:10:09,Mostly Cloudy,12,12,16
15:12:09,Mostly Cloudy,12,12,16
15:14:09,Mostly Cloudy,12,12,16
15:16:08,Mostly Cloudy,12,12,12
15:18:09,Mostly Cloudy,12,12,12
15:20:08,Mostly Cloudy,12,12,12
15:22:09,Mostly Cloudy,12,12,12
15:24:08,Mostly Cloudy,12,12,12
15:26:08,Mostly Cloudy,12,12,12
15:28:09,Mostly Cloudy,12,12,12
15:30:08,Mostly Cloudy,12,12,12
15:32:09,Mostly Cloudy,12,12,12
15:34:09,Mostly Cloudy,12,12,12
15:36:08,Mostly Cloudy,12,12,12
15:38:08,Mostly Cloudy,12,12,12
15:40:09,Mostly Cloudy,12,12,12
15:42:09,Mostly Cloudy,12,12,12
15:44:08,Mostly Cloudy,12,12,12
15:46:09,Mostly Cloudy,12,12,12
15:48:09,Mostly Cloudy,12,12,12
15:50:09,Mostly Cloudy,12,12,12
15:52:09,Mostly Cloudy,12,12,12
15:54:09,Mostly Cloudy,12,12,12
15:56:08,Mostly Cloudy,12,12,12
15:58:08,Mostly Cloudy,12,12,12
16:00:09,Mostly Cloudy,12,12,12
16:02:09,Mostly Cloudy,12,12,12
16:04:08,Mostly Cloudy,12,12,12
16:06:09,Mostly Cloudy,12,12,12
16:08:09,Mostly Cloudy,12,12,12
16:10:09,Mostly Cloudy,12,12,12
16:12:08,Mostly Cloudy,12,12,12
16:14:09,Mostly Cloudy,12,12,14
16:16:09,Mostly Cloudy,12,12,14
16:18:08,Mostly Cloudy,12,12,14
16:20:08,Mostly Cloudy,12,12,14
16:22:09,Mostly Cloudy,12,12,14
16:24:09,Mostly Cloudy,12,12,14
16:26:09,Mostly Cloudy,12,12,14
16:28:08,Mostly Cloudy,12,12,14
16:30:09,Mostly Cloudy,12,12,14
16:32:09,Mostly Cloudy,12,12,14
16:34:09,Mostly Cloudy,12,12,14
16:36:08,Mostly Cloudy,12,12,14
16:38:09,Mostly Cloudy,12,12,14
16:40:09,Mostly Cloudy,12,12,14
16:42:09,Mostly Cloudy,12,12,14
16:44:08,Mostly Cloudy,12,12,14
16:46:09,Mostly Cloudy,12,12,14
16:48:09,Mostly Cloudy,12,12,14
16:50:09,Mostly Cloudy,12,12,14
16:52:08,Mostly Cloudy,12,12,14
16:54:09,Mostly Cloudy,12,12,14
16:56:09,Mostly Cloudy,12,12,14
16:58:08,Mostly Cloudy,12,12,14
17:00:08,Mostly Cloudy,12,12,14
17:02:09,Mostly Cloudy,12,12,14
17:04:09,Mostly Cloudy,12,12,14
17:06:09,Mostly Cloudy,12,12,14
17:08:08,Mostly Cloudy,12,12,14
17:10:09,Mostly Cloudy,12,12,14
17:12:09,Mostly Cloudy,12,12,14
17:14:09,Mostly Cloudy,12,12,14
17:16:08,Mostly Cloudy,12,12,14
17:18:09,Mostly Cloudy,12,12,14
17:20:09,Mostly Cloudy,12,12,14
17:22:08,Mostly Cloudy,12,12,14
17:24:09,Mostly Cloudy,12,12,14
17:26:09,Mostly Cloudy,12,12,14
17:28:08,Mostly Cloudy,12,12,14
17:30:09,Mostly Cloudy,12,12,14
17:32:09,Mostly Cloudy,12,12,14
17:34:08,Mostly Cloudy,12,12,14
17:36:09,Mostly Cloudy,12,12,14
17:38:09,Mostly Cloudy,12,12,14
17:40:09,Mostly Cloudy,12,12,14
17:42:08,Mostly Cloudy,12,12,14
17:44:08,Mostly Cloudy,12,12,14
17:46:09,Mostly Cloudy,12,12,14
17:48:09,Mostly Cloudy,12,12,14
17:50:09,Mostly Cloudy,12,12,14
17:52:09,Mostly Cloudy,12,12,14
17:54:09,Mostly Cloudy,12,12,14
17:56:09,Mostly Cloudy,12,12,14
17:58:08,Mostly Cloudy,12,12,14
18:00:09,Mostly Cloudy,12,12,14
18:02:09,Mostly Cloudy,12,12,14
18:04:09,Mostly Cloudy,12,12,14
18:06:09,Mostly Cloudy,12,12,14
18:08:08,Mostly Cloudy,12,12,14
18:10:08,Mostly Cloudy,12,12,14
18:12:09,Mostly Cloudy,12,12,14
18:14:08,Mostly Cloudy,12,12,12
18:16:09,Mostly Cloudy,12,12,12
18:18:08,Mostly Cloudy,12,12,12
18:20:08,Mostly Cloudy,12,12,12
18:22:09,Mostly Cloudy,12,12,12
18:24:09,Mostly Cloudy,12,12,12
18:26:08,Mostly Cloudy,12,12,12
18:28:09,Mostly Cloudy,12,12,12
18:30:09,Mostly Cloudy,12,12,12
18:32:08,Mostly Cloudy,12,12,12
18:34:08,Mostly Cloudy,12,12,12
18:36:09,Mostly Cloudy,12,12,12
18:38:09,Mostly Cloudy,12,12,12
18:40:09,Mostly Cloudy,12,12,12
18:42:09,Mostly Cloudy,12,12,12
18:44:08,Mostly Cloudy,12,12,12
18:46:09,Mostly Cloudy,12,12,12
18:48:08,Mostly Cloudy,12,12,12
18:50:08,Mostly Cloudy,12,12,12
18:52:09,Mostly Cloudy,12,12,12
18:54:09,Mostly Cloudy,12,12,12
18:56:09,Mostly Cloudy,12,12,12
18:58:09,Mostly Cloudy,12,12,12
19:00:09,Mostly Cloudy,12,12,12
19:02:09,Mostly Cloudy,12,12,12
19:04:08,Mostly Cloudy,12,12,12
19:06:08,Mostly Cloudy,12,12,12
19:08:08,Mostly Cloudy,12,12,12
19:10:09,Mostly Cloudy,12,12,12
19:12:09,Mostly Cloudy,12,12,12
19:14:09,Mostly Cloudy,11,11,11
19:16:08,Mostly Cloudy,11,11,11
19:18:09,Mostly Cloudy,11,11,11
19:20:09,Mostly Cloudy,11,11,11
19:22:08,Mostly Cloudy,11,11,11
19:24:08,Mostly Cloudy,11,11,11
19:26:09,Mostly Cloudy,11,11,11
19:28:08,Mostly Cloudy,11,11,11
19:30:09,Mostly Cloudy,11,11,11
19:32:09,Mostly Cloudy,11,11,11
19:34:09,Mostly Cloudy,11,11,11
19:36:08,Mostly Cloudy,11,11,11
19:38:08,Mostly Cloudy,11,11,11
19:40:09,Mostly Cloudy,11,11,11
19:42:09,Mostly Cloudy,11,11,11
19:44:09,Mostly Cloudy,11,11,11
19:46:08,Mostly Cloudy,11,11,11
19:48:08,Mostly Cloudy,11,11,11
19:50:08,Mostly Cloudy,11,11,11
19:52:09,Mostly Cloudy,11,11,11
19:54:09,Mostly Cloudy,11,11,11
19:56:08,Mostly Cloudy,11,11,11
19:58:09,Mostly Cloudy,11,11,11
20:00:09,Mostly Cloudy,11,11,11
20:02:09,Mostly Cloudy,11,11,11
20:04:08,Mostly Cloudy,11,11,11
20:06:09,Mostly Cloudy,11,11,11
20:08:09,Mostly Cloudy,11,11,11
20:10:08,Mostly Cloudy,11,11,11
20:12:09,Mostly Cloudy,11,11,11
20:14:09,Mostly Cloudy,11,11,9
20:16:09,Mostly Cloudy,11,11,9
20:18:08,Mostly Cloudy,11,11,9
20:20:09,Mostly Cloudy,11,11,9
20:22:09,Mostly Cloudy,11,11,9
20:24:09,Mostly Cloudy,11,11,9
20:26:09,Mostly Cloudy,11,11,9
20:28:09,Mostly Cloudy,11,11,9
20:30:09,Mostly Cloudy,11,11,9
20:32:08,Mostly Cloudy,11,11,9
20:34:09,Mostly Cloudy,11,11,9
20:36:08,Mostly Cloudy,11,11,9
20:38:08,Mostly Cloudy,11,11,9
20:40:09,Mostly Cloudy,11,11,9
20:42:09,Mostly Cloudy,11,11,9
20:44:09,Mostly Cloudy,11,11,9
20:46:08,Mostly Cloudy,11,11,9
20:48:08,Mostly Cloudy,11,11,9
20:50:09,Mostly Cloudy,11,11,9
20:52:09,Mostly Cloudy,11,11,9
20:54:08,Mostly Cloudy,11,11,9
20:56:09,Mostly Cloudy,11,11,9
20:58:09,Mostly Cloudy,11,11,9
21:00:09,Mostly Cloudy,11,11,9
21:02:08,Mostly Cloudy,11,11,9
21:04:08,Mostly Cloudy,11,11,9
21:06:09,Mostly Cloudy,11,11,9
21:08:09,Mostly Cloudy,11,11,9
21:10:09,Mostly Cloudy,11,11,9
21:12:08,Mostly Cloudy,11,11,9
21:14:08,Cloudy,11,11,11
21:16:09,Cloudy,11,11,11
21:18:09,Cloudy,11,11,11
21:20:08,Cloudy,11,11,11
21:22:09,Cloudy,11,11,11
21:24:09,Cloudy,11,11,11
21:26:08,Cloudy,11,11,11
21:28:08,Cloudy,11,11,11
21:30:09,Cloudy,11,11,11
21:32:09,Cloudy,11,11,11
21:34:08,Cloudy,11,11,11
21:36:09,Cloudy,11,11,11
21:38:09,Cloudy,11,11,11
21:40:09,Cloudy,11,11,11
21:42:09,Cloudy,11,11,11
21:44:08,Cloudy,11,11,11
21:46:08,Cloudy,11,11,11
21:48:09,Cloudy,11,11,11
21:50:09,Cloudy,11,11,11
21:52:09,Cloudy,11,11,11
21:54:08,Cloudy,11,11,11
21:56:09,Cloudy,11,11,11
21:58:09,Cloudy,11,11,11
22:00:09,Cloudy,11,11,11
22:02:09,Cloudy,11,11,11
22:04:09,Cloudy,11,11,11
22:06:09,Cloudy,11,11,11
22:08:09,Cloudy,11,11,11
22:10:08,Cloudy,11,11,11
22:12:09,Cloudy,11,11,11
22:14:09,Cloudy,11,11,11
22:16:09,Mostly Cloudy,11,11,16
22:18:09,Mostly Cloudy,11,11,16
22:20:09,Mostly Cloudy,11,11,16
22:22:09,Mostly Cloudy,11,11,16
22:24:09,Mostly Cloudy,11,11,16
22:26:08,Mostly Cloudy,11,11,16
22:28:08,Mostly Cloudy,11,11,16
22:30:09,Mostly Cloudy,11,11,16
22:32:09,Mostly Cloudy,11,11,16
22:34:08,Mostly Cloudy,11,11,16
22:36:09,Mostly Cloudy,11,11,16
22:38:09,Mostly Cloudy,11,11,16
22:40:08,Mostly Cloudy,11,11,16
22:42:08,Mostly Cloudy,11,11,16
22:44:09,Mostly Cloudy,11,11,16
22:46:09,Mostly Cloudy,11,11,16
22:48:09,Mostly Cloudy,11,11,16
22:50:08,Mostly Cloudy,11,11,16
22:52:08,Mostly Cloudy,11,11,16
22:54:09,Mostly Cloudy,11,11,16
22:56:09,Mostly Cloudy,11,11,16
22:58:08,Mostly Cloudy,11,11,16
23:00:09,Mostly Cloudy,11,11,16
23:02:09,Mostly Cloudy,11,11,16
23:04:09,Mostly Cloudy,11,11,16
23:06:08,Mostly Cloudy,11,11,16
23:08:08,Mostly Cloudy,11,11,16
23:10:09,Mostly Cloudy,11,11,16
23:12:09,Mostly Cloudy,11,11,16
23:14:09,Mostly Cloudy,11,11,16
23:16:08,Mostly Cloudy,8,7,8
23:18:09,Mostly Cloudy,8,7,8
23:20:08,Mostly Cloudy,8,7,8
23:22:08,Mostly Cloudy,8,7,8
23:24:09,Mostly Cloudy,8,7,8
23:26:08,Mostly Cloudy,8,7,8
23:28:08,Mostly Cloudy,8,7,8
23:30:09,Mostly Cloudy,8,7,8
23:32:09,Mostly Cloudy,8,7,8
23:34:09,Mostly Cloudy,8,7,8
23:36:08,Mostly Cloudy,8,7,8
23:38:08,Mostly Cloudy,8,7,8
23:40:08,Mostly Cloudy,8,7,8
23:42:09,Mostly Cloudy,8,7,8
23:44:09,Mostly Cloudy,8,7,8
23:46:09,Mostly Cloudy,8,7,8
23:48:08,Mostly Cloudy,8,7,8
23:50:09,Mostly Cloudy,8,7,8
23:52:09,Mostly Cloudy,8,7,8
23:54:09,Mostly Cloudy,8,7,8
23:56:09,Mostly Cloudy,8,7,8
23:58:09,Mostly Cloudy,8,7,8
